iteration,Episode_Reward/action_rate,Episode_Reward/alignment,Episode_Reward/approach,Episode_Reward/backslide,Episode_Reward/contact,Episode_Reward/failure,Episode_Reward/first_contact,Episode_Reward/progress,Episode_Reward/success,Episode_Termination/failure,Episode_Termination/success,Episode_Termination/time_out,Loss/entropy,Loss/learning_rate,Loss/surrogate,Loss/value,Metrics/target_position/contact_seen,Metrics/target_position/failure,Metrics/target_position/goal_distance_m,Metrics/target_position/push_seen,Metrics/target_position/settled_time_s,Metrics/target_position/side_contact,Metrics/target_position/success,Perf/collection_time,Perf/learning_time,Perf/total_fps,Policy/mean_std,Train/mean_episode_length,Train/mean_reward
0,-3.703109177877195e-05,-3.5007537917408627e-06,4.713034650194459e-05,0.0,0.0,0.0,0.0,0.0,0.0,0.0,0.0,0.0370144322514534,11.3731107711792,0.009999999776482582,-0.0038508730940520763,0.0023668156936764717,0.0,0.0,0.2440250664949417,0.0,0.0,0.0,0.0,8.28509521484375,0.2173447608947754,8671.0,1.0029938220977783,24.969999313354492,3.317809387226589e-05
1,-0.00011307526438031346,-3.234103860449977e-05,8.501627598889172e-05,0.0,0.0,-0.011467237025499344,0.0,0.0,0.0,0.0023600261192768812,0.0,0.1127115860581398,11.498872756958008,0.009999999776482582,-0.0034821995068341494,0.00463864766061306,0.0,0.05733618512749672,0.2546643316745758,0.0,0.0,0.0,0.0,7.063055038452148,0.15234088897705078,10218.0,1.0203090906143188,62.880001068115234,-0.20077958703041077
2,-0.0001901722134789452,-0.00011552264913916588,0.00011024274863302708,0.0,0.0,-0.04068562760949135,0.0,0.0,0.0,0.015367296524345875,0.0,0.1803928017616272,11.623726844787598,0.009999999776482582,-0.004470661748200655,0.009949015453457832,0.0,0.20342813432216644,0.2509441375732422,0.0,0.0,0.0,0.0,7.251976013183594,0.18636584281921387,9911.0,1.0360724925994873,96.93000030517578,-0.4222712218761444
3,-0.0002651209069881588,-0.0002491565828677267,0.00013490607670973986,0.0,0.0,-0.029016757383942604,0.0,0.0,0.0,0.0301649309694767,0.0,0.2479926198720932,11.771456718444824,0.009999999776482582,-0.0036478484980762005,0.006127599626779556,0.0,0.14508378505706787,0.24706418812274933,0.0,0.0,0.0,0.0,7.719015121459961,0.15939879417419434,9358.0,1.056422233581543,133.36000061035156,-0.22442032396793365
4,-0.0003441594890318811,-0.00047098452341742814,0.00013808973017148674,0.0,0.0,-0.01394179929047823,0.0,0.0,0.0,0.0366075299680233,0.0,0.3151991069316864,11.855039596557617,0.009999999776482582,-0.0035491078160703182,0.0021051939111202955,0.0,0.06970899552106857,0.2514035999774933,0.0,0.0,0.0,0.0,8.868596076965332,0.19250845909118652,8136.0,1.0650732517242432,166.66000366210938,-0.08715946972370148
5,-0.0004246079770382494,-0.000951264169998467,0.00016391331155318767,0.0,0.0,-0.0015873017255216837,0.0,0.0,0.0,0.0386149100959301,0.0,0.3834364116191864,11.8961181640625,0.009999999776482582,-0.00214983313344419,0.000732715125195682,0.0,0.007936508394777775,0.24796409904956818,0.0,0.0,0.0,0.0,7.728245735168457,0.1935422420501709,9306.0,1.0701686143875122,202.9600067138672,-0.03327440097928047
6,-0.0005059607210569084,-0.0013175205094739795,0.000213154693483375,0.0,0.0,-0.0176521185785532,0.0,0.0,0.0,0.0426025390625,0.0,0.453179270029068,12.066980361938477,0.009999999776482582,-0.0035849532578140497,0.006357789039611816,0.0,0.08826058357954025,0.2446558177471161,0.0,0.0,0.0,0.0,7.692282676696777,0.15337395668029785,9397.0,1.0942012071609497,241.3699951171875,-0.2976207435131073
7,-0.0005730879493057728,-0.0023011192679405212,0.0001769195223459974,0.0,0.0,-0.07575397193431854,0.0,0.0,0.0,0.0625813826918602,0.0,0.5121120810508728,12.152018547058105,0.009999999776482582,-0.0033083998132497072,0.022527948021888733,0.0,0.3787698447704315,0.24851210415363312,0.0,0.0,0.0,0.0,7.1561760902404785,0.151611328125,10088.0,1.1069185733795166,270.5899963378906,-0.9684251546859741
8,-0.0006469602813012898,-0.002753887325525284,0.00019204404088668525,0.0,0.0,-0.07319886237382889,0.0,0.0,0.0,0.0997314453125,0.0,0.5558539628982544,12.262889862060547,0.009999999776482582,-0.0054620299488306046,0.10397104918956757,0.0,0.36599430441856384,0.24844366312026978,0.0,0.0,0.0,0.0,7.704071521759033,0.17138195037841797,9361.0,1.124152421951294,301.3699951171875,-0.9155377149581909
9,-0.0007109849248081446,-0.0032171697821468115,0.00019755396351683885,0.0,0.0,-0.06422840058803558,0.0,0.0,0.0,0.1343858540058136,0.0,0.6032443642616272,12.281438827514648,0.009999999776482582,-0.003900514915585518,0.08339513838291168,0.0,0.3211419880390167,0.25003379583358765,0.0,0.0,0.0,0.0,7.12744140625,0.15784525871276855,10120.0,1.1230039596557617,318.2300109863281,-0.8762313723564148
10,-0.0007874025614000857,-0.0037429151125252247,0.0002346615947317332,0.0,0.0,-0.050515878945589066,0.0,0.0,0.0,0.1598714143037796,0.0,0.6399604082107544,12.390454292297363,0.009999999776482582,-0.004901933949440718,0.01580420695245266,0.0,0.25257936120033264,0.2504601776599884,0.0,0.0,0.0,0.0,8.102601051330566,0.1576552391052246,8925.0,1.1399712562561035,357.1400146484375,-0.7039268016815186
11,-0.000890134135261178,-0.003944799304008484,0.00019219558453187346,0.0,0.0,-0.025831129401922226,0.0,0.0,0.0,0.1770969033241272,0.0,0.687242329120636,12.49799919128418,0.009999999776482582,-0.003819948760792613,0.007398291025310755,0.0,0.12915563583374023,0.24721165001392365,0.0,0.0,0.0,0.0,7.671509742736816,0.15686988830566406,9418.0,1.1548452377319336,408.95001220703125,-0.32570409774780273
12,-0.0009635526803322136,-0.004588196519762278,0.00021746369020547718,0.0,0.0,-0.022592592984437943,0.0,0.0,0.0,0.1864149272441864,0.0,0.7469075322151184,12.596946716308594,0.009999999776482582,-0.003567454405128956,0.004890946671366692,0.0,0.11296297609806061,0.24875052273273468,0.0,0.0,0.0,0.0,6.9432220458984375,0.15775465965270996,10382.0,1.1671254634857178,437.8699951171875,-0.3005410432815552
13,-0.0010439753532409668,-0.005576691124588251,0.0002381486992817372,0.0,0.0,-0.019814815372228622,0.0,0.0,0.0,0.1929389089345932,0.0,0.7883571982383728,12.637513160705566,0.009999999776482582,-0.0037327094469219446,0.004120041616261005,0.0,0.09907407313585281,0.2479124814271927,0.0,0.0,0.0,0.0,6.557010173797607,0.17121648788452148,10958.0,1.1749074459075928,469.57000732421875,-0.2646852731704712
14,-0.0011163221206516027,-0.006187407299876213,0.00022934483422432095,0.0,0.0,-0.0043981485068798065,0.0,0.0,0.0,0.1964518278837204,0.0,0.8035481572151184,12.687193870544434,0.009999999776482582,-0.002702167024835944,0.0011555477976799011,0.0,0.021990740671753883,0.24992789328098297,0.0,0.0,0.0,0.0,6.834867477416992,0.17342495918273926,10520.0,1.1792476177215576,494.57000732421875,-0.12967142462730408
15,-0.0011262933257967234,-0.006748127285391092,0.00016845582285895944,0.0,0.0,-0.0019047620007768273,0.0,0.0,0.0,0.1951090544462204,0.0,0.8048909306526184,12.71269702911377,0.009999999776482582,-0.0019374205730855465,0.000530842924490571,0.0,0.009523809887468815,0.24938292801380157,0.0,0.0,0.0,0.0,7.3595170974731445,0.18409490585327148,9773.0,1.1832489967346191,497.5899963378906,-0.09215954691171646
16,-0.0011401793453842402,-0.006784954573959112,0.00021871860371902585,0.0,0.0,0.0,0.0,0.0,0.0,0.183498814702034,0.0,0.8165012001991272,12.687536239624023,0.009999999776482582,-0.004117657896131277,2.77178314718185e-05,0.0,0.0,0.2508009374141693,0.0,0.0,0.0,0.0,7.102351188659668,0.15378475189208984,10160.0,1.1810569763183594,500.0,-0.07048430293798447
17,-0.0011403147364035249,-0.006122540682554245,0.0001224997395183891,0.0,0.0,0.0,0.0,0.0,0.0,0.1724717915058136,0.0,0.8275282382965088,12.674091339111328,0.009999999776482582,-0.003950611222535372,1.3804834452457726e-05,0.0,0.0,0.24474181234836578,0.0,0.0,0.0,0.0,7.379993438720703,0.1541461944580078,9785.0,1.1798642873764038,500.0,-0.07268422842025757
18,-0.0011442721588537097,-0.0058314139023423195,0.00013013837451580912,0.0,0.0,0.0,0.0,0.0,0.0,0.1680908203125,0.0,0.8319091796875,12.682535171508789,0.009999999776482582,-0.0041176993399858475,3.721429675351828e-05,0.0,0.0,0.24509967863559723,0.0,0.0,0.0,0.0,7.191980838775635,0.15617966651916504,10033.0,1.1837784051895142,500.0,-0.06919872760772705
19,-0.0011495209764689207,-0.005583724472671747,0.00010216944792773575,0.0,0.0,0.0,0.0,0.0,0.0,0.1669514924287796,0.0,0.8330485224723816,12.706380844116211,0.009999999776482582,-0.005040748510509729,1.0170667337661143e-05,0.0,0.0,0.2451561540365219,0.0,0.0,0.0,0.0,6.873927116394043,0.16416287422180176,10475.0,1.1846210956573486,500.0,-0.06848634779453278
20,-0.0011576893739402294,-0.005623869597911835,0.00013082986697554588,0.0,0.0,0.0,0.0,0.0,0.0,0.1624348908662796,0.0,0.8375651240348816,12.719269752502441,0.009999999776482582,-0.004892928525805473,5.012275869376026e-05,0.0,0.0,0.25209900736808777,0.0,0.0,0.0,0.0,6.817662239074707,0.15908098220825195,10567.0,1.1871246099472046,500.0,-0.06658333539962769
21,-0.001163422828540206,-0.006652622018009424,0.00020482309628278017,0.0,0.0,0.0,0.0,0.0,0.0,0.1395128071308136,0.0,0.8604872226715088,12.742104530334473,0.009999999776482582,-0.005875356961041689,8.880860696081072e-05,0.0,0.0,0.2458096593618393,0.0,0.0,0.0,0.0,7.406466484069824,0.19252514839172363,9702.0,1.1906601190567017,500.0,-0.0786178708076477
22,-0.0011642142198979855,-0.006622698158025742,0.00020244649203959852,0.0,0.0,0.0,0.0,0.0,0.0,0.1010606586933136,0.0,0.8989393711090088,12.764780044555664,0.009999999776482582,-0.005944233853369951,8.481933764414862e-05,0.0,0.0,0.2505737841129303,0.0,0.0,0.0,0.0,8.25481128692627,0.1546614170074463,8767.0,1.1933354139328003,500.0,-0.07376771420240402
23,-0.0011611072113737464,-0.006204386241734028,0.0001729582145344466,0.0,0.0,-0.0021825397852808237,0.0,0.0,0.0,0.0655517578125,0.0,0.9344482421875,12.825887680053711,0.0019753086380660534,-0.0011468793964013457,0.0004336526326369494,0.0,0.010912698693573475,0.24602419137954712,0.0,0.0,0.0,0.0,7.889362335205078,0.1732938289642334,9144.0,1.2112061977386475,500.0,-0.07538514584302902
24,-0.0011472502956166863,-0.006537557579576969,0.0002078738179989159,0.0,0.0,-0.007969577796757221,0.0,0.0,0.0,0.0407443568110466,0.0,0.9592556357383728,12.963997840881348,9.999999747378752e-06,-0.0026157305110245943,0.00228703860193491,0.0,0.03984788432717323,0.2510164976119995,0.0,0.0,0.0,0.0,7.7249250411987305,0.17569780349731445,9331.0,1.2267436981201172,492.0400085449219,-0.1554572433233261
25,-0.001156546059064567,-0.0066755046136677265,0.00017762173956725746,0.0,0.0,-0.004351852461695671,0.0,0.0,0.0,0.0258653424680233,0.0,0.9741346836090088,13.031213760375977,0.0019461950287222862,-0.0022343869786709547,0.001499848673120141,0.0,0.021759260445833206,0.25101375579833984,0.0,0.0,0.0,0.0,7.333915710449219,0.1572864055633545,9841.0,1.248915433883667,491.8399963378906,-0.14466194808483124
26,-0.0011538849212229252,-0.005996628198772669,0.00022261693084146827,0.0,0.0,-0.004351852461695671,0.0,0.0,0.0,0.01864963211119175,0.0,0.9813503623008728,13.208778381347656,0.0012974634300917387,-0.0025172189343720675,0.0009386531892232597,0.0,0.021759260445833206,0.24782027304172516,0.0,0.0,0.0,0.0,7.494505882263184,0.1571657657623291,9635.0,1.2682148218154907,493.1700134277344,-0.11386234313249588
27,-0.0011047940934076905,-0.0064062089659273624,0.0004834603169001639,0.0,0.0,-0.020277777686715126,0.0,0.0,0.0,0.013821071945130825,0.0,0.9861789345741272,13.386566162109375,0.0029192925430834293,-0.00425837654620409,0.0029155586380511522,0.0,0.10138889402151108,0.2504323422908783,0.0,0.0,0.0,0.0,6.67299747467041,0.1930065155029297,10738.0,1.3057301044464111,482.20001220703125,-0.19425128400325775
28,-0.001108703319914639,-0.006684881169348955,0.00043123980867676437,0.0,0.0,-0.018677249550819397,0.0,0.0,0.0,0.01508246548473835,0.0,0.9849175214767456,13.635944366455078,0.0065684085711836815,-0.00433677714318037,0.00520423473790288,0.0,0.09338624775409698,0.2508544921875,0.0,0.0,0.0,0.0,7.476498603820801,0.15166521072387695,9665.0,1.349418044090271,464.57000732421875,-0.3169346749782562
29,-0.0011096071684733033,-0.006752425339072943,0.0005099201225675642,0.0,0.0,-0.021468255668878555,0.0,0.0,0.0,0.02263726107776165,0.0,0.9773627519607544,13.888201713562012,0.0065684085711836815,-0.004638003651052713,0.007367013022303581,0.0,0.10734127461910248,0.2460222840309143,0.0,0.0,0.0,0.0,7.531816482543945,0.15375494956970215,9593.0,1.3921374082565308,469.17999267578125,-0.3235548436641693
30,-0.0010823194170370698,-0.0064725130796432495,0.0006848986959084868,0.0,0.0,-0.03681878745555878,0.0,0.0,0.0,0.0330403633415699,0.0,0.9669596552848816,14.122420310974121,0.004378939047455788,-0.0056580486707389355,0.009975580498576164,0.0,0.1840939223766327,0.2517700791358948,0.0,0.0,0.0,0.0,7.5153398513793945,0.16908907890319824,9594.0,1.4246994256973267,452.7799987792969,-0.42865613102912903
31,-0.0011164346942678094,-0.007647172547876835,0.000689088657964021,0.0,0.0,-0.027837302535772324,0.0,0.0,0.0,0.0443250872194767,0.0,0.955674946308136,14.24543571472168,0.0029192925430834293,-0.005617924965918064,0.0054392023012042046,0.0,0.13918650150299072,0.24791914224624634,0.0,0.0,0.0,0.0,7.282660007476807,0.17547202110290527,9885.0,1.4490516185760498,473.3699951171875,-0.306095153093338
32,-0.001173652708530426,-0.007436620071530342,0.0005635594134218991,0.0,0.0,-0.011574074625968933,0.0,0.0,0.0,0.0503200963139534,0.0,0.9496799111366272,14.407637596130371,0.0029192925430834293,-0.00474519282579422,0.002995446790009737,0.0,0.057870376855134964,0.25084036588668823,0.0,0.0,0.0,0.0,6.8823466300964355,0.1801612377166748,10439.0,1.4762654304504395,483.8299865722656,-0.2535257637500763
33,-0.0011803102679550648,-0.0069142356514930725,0.000775458465795964,0.0,0.0,-0.012129629962146282,0.0,0.0,0.0,0.0546468086540699,0.0,0.9453532099723816,14.536028861999512,0.004378939047455788,-0.0042897486127913,0.0026247838977724314,0.0,0.060648150742053986,0.24815936386585236,0.0,0.0,0.0,0.0,7.502603054046631,0.15410661697387695,9629.0,1.5033608675003052,484.5899963378906,-0.23097288608551025
34,-0.0012070199009031057,-0.008702286519110203,0.0008381737279705703,0.0,0.0,-0.005648148246109486,0.0,0.0,0.0,0.0571967251598835,0.0,0.9428032636642456,14.682662010192871,0.004378939047455788,0.00039829470915719867,0.000780989823397249,0.0,0.028240740299224854,0.2443351298570633,0.0,0.0,0.0,0.0,7.4643235206604,0.14905190467834473,9684.0,1.5237079858779907,497.6499938964844,-0.11105197668075562
35,-0.0012232690351083875,-0.008939268067479134,0.0008294516010209918,0.0,0.0,-0.0077843922190368176,0.0,0.0,0.0,0.0594618059694767,0.0,0.940538227558136,14.738357543945312,9.999999747378752e-06,0.0034390948712825775,0.0014937890227884054,0.0,0.038921959698200226,0.24697142839431763,0.0,0.0,0.0,0.0,7.108420372009277,0.15333199501037598,10152.0,1.5292401313781738,498.25,-0.1564304381608963
36,-0.0012238488998264074,-0.01075087022036314,0.0009443563176319003,0.0,0.0,-0.005291006062179804,0.0,0.0,0.0,0.0620659738779068,0.0,0.9379340410232544,14.76566219329834,0.0012974634300917387,-0.001634704996831715,0.0008396058692596853,0.0,0.026455027982592583,0.2537650167942047,0.0,0.0,0.0,0.0,7.713594436645508,0.17876553535461426,9341.0,1.541030764579773,499.79998779296875,-0.1361033022403717
37,-0.0012530196690931916,-0.011774755083024502,0.0013383834157139063,0.0,0.0,-0.0013888889225199819,0.0,0.0,0.0,0.0627034530043602,0.0,0.9372965693473816,14.892797470092773,0.0065684085711836815,-0.0022793319076299667,0.00037252853508107364,0.0,0.0069444444961845875,0.25102245807647705,0.0,0.0,0.0,0.0,7.9943647384643555,0.1502702236175537,9052.0,1.5660206079483032,499.3399963378906,-0.13666194677352905
38,-0.0012667905539274216,-0.009941677562892437,0.0011435848427936435,0.0,0.0,-0.003703703870996833,0.0,0.0,0.0,0.0619303397834301,0.0,0.9380696415901184,14.964251518249512,9.999999747378752e-06,0.0023614363744854927,0.0008988024201244116,0.0,0.018518518656492233,0.2495362013578415,0.0,0.0,0.0,0.0,7.502166748046875,0.18336081504821777,9593.0,1.5732017755508423,499.5799865722656,-0.11617862433195114
39,-0.0012770002940669656,-0.014084157533943653,0.0013813236728310585,0.0,0.0,-0.0038029104471206665,0.0,0.0,0.0,0.0610894113779068,0.0,0.9389106035232544,15.000638008117676,0.0019461950287222862,-0.0019613876938819885,0.0011485045542940497,0.0,0.019014550372958183,0.2478877156972885,0.0,0.0,0.0,0.0,6.987691402435303,0.1516704559326172,10326.0,1.5908247232437134,499.54998779296875,-0.23876157402992249
40,-0.0012857455294579268,-0.014149765484035015,0.0014484181301668286,0.0,0.0,0.0,0.0,0.0,0.0,0.0604654960334301,0.0,0.9395344853401184,15.104398727416992,0.0065684085711836815,-0.0020432742312550545,2.2431962861446664e-05,0.0,0.0,0.251374214887619,0.0,0.0,0.0,0.0,6.707903861999512,0.152665376663208,10746.0,1.5946117639541626,500.0,-0.15095533430576324
41,-0.0013010903494432569,-0.01240104902535677,0.0013648958411067724,0.0,0.0,-0.003240741090849042,0.0,0.0,0.0,0.0583360455930233,0.0,0.9416639804840088,15.139801979064941,0.0019461950287222862,-0.0017454855842515826,0.0037443009205162525,0.0,0.016203705221414566,0.2473328709602356,0.0,0.0,0.0,0.0,6.7537665367126465,0.1843864917755127,10626.0,1.6173210144042969,499.1600036621094,-0.13707077503204346
42,-0.0013062573270872235,-0.010014076717197895,0.001219266909174621,0.0,0.0,0.0,0.0,0.0,0.0,0.0545383021235466,0.0,0.9454616904258728,15.224108695983887,0.0065684085711836815,-0.0002062379353446886,0.00024839091929607093,0.0,0.0,0.25010809302330017,0.0,0.0,0.0,0.0,6.818408966064453,0.15242791175842285,10576.0,1.6196143627166748,500.0,-0.09752445667982101
43,-0.0013180678943172097,-0.007906345650553703,0.0010606158757582307,0.0,0.0,0.0,0.0,0.0,0.0,0.0453559048473835,0.0,0.9546440839767456,15.224468231201172,0.009852612391114235,-0.00111893261782825,0.0023300263565033674,0.0,0.0,0.2512172758579254,0.0,0.0,0.0,0.0,7.759665489196777,0.15665936470031738,9313.0,1.6245604753494263,500.0,-0.07719849050045013
44,-0.0013222686247900128,-0.007234068587422371,0.0009341880795545876,0.0,0.0,0.0,0.0,0.0,0.0,0.0346408411860466,0.0,0.9653591513633728,15.23055362701416,0.009999999776482582,-0.0027402350679039955,0.001702857669442892,0.0,0.0,0.2510732114315033,0.0,0.0,0.0,0.0,7.389560699462891,0.149338960647583,9779.0,1.6248911619186401,500.0,-0.07438961416482925
45,-0.001317132730036974,-0.007129714824259281,0.0008017089567147195,0.0,0.0,0.0,0.0,0.0,0.0,0.02341037429869175,0.0,0.9765896201133728,15.233606338500977,0.009999999776482582,-0.005517247132956982,9.541741019347683e-05,0.0,0.0,0.24773052334785461,0.0,0.0,0.0,0.0,6.823612213134766,0.1656031608581543,10548.0,1.6249735355377197,500.0,-0.07897462695837021
46,-0.0013287737965583801,-0.007180853746831417,0.0006818872061558068,0.0,0.0,0.0,0.0,0.0,0.0,0.017333984375,0.0,0.982666015625,15.236149787902832,0.009999999776482582,-0.005283075384795666,0.00010656291851773858,0.0,0.0,0.24992400407791138,0.0,0.0,0.0,0.0,6.851685523986816,0.14884614944458008,10531.0,1.6278083324432373,500.0,-0.0829683169722557
47,-0.0013294880045577884,-0.007529863156378269,0.0006110438844189048,0.0,0.0,-0.0013888889225199819,0.0,0.0,0.0,0.0130615234375,0.0,0.9869384765625,15.332941055297852,0.004444444552063942,-0.001422548433765769,0.0003872438974212855,0.0,0.0069444444961845875,0.24560819566249847,0.0,0.0,0.0,0.0,6.969684600830078,0.14856839179992676,10357.0,1.6612093448638916,496.4700012207031,-0.09716489911079407
48,-0.001332094892859459,-0.007644835393875837,0.0005425938870757818,0.0,0.0,0.0,0.0,0.0,0.0,0.0105116106569767,0.0,0.989488422870636,15.418268203735352,0.009999999776482582,-0.008451388217508793,3.084708805545233e-05,0.0,0.0,0.24839486181735992,0.0,0.0,0.0,0.0,7.141124725341797,0.15866613388061523,10100.0,1.6635961532592773,500.0,-0.08036018908023834
49,-0.0013303766027092934,-0.007099395152181387,0.0005194915574975312,0.0,0.0,0.0,0.0,0.0,0.0,0.008083767257630825,0.0,0.9919162392616272,15.426457405090332,0.009999999776482582,-0.007992088794708252,3.622268559411168e-05,0.0,0.0,0.25170785188674927,0.0,0.0,0.0,0.0,6.90933895111084,0.16891694068908691,10416.0,1.6674951314926147,500.0,-0.07746034860610962
50,-0.0013311068760231137,-0.007489529903978109,0.00048227785737253726,0.0,0.0,-0.0015873017255216837,0.0,0.0,0.0,0.0059678819961845875,0.0,0.9940321445465088,15.463236808776855,9.999999747378752e-06,0.0001305323967244476,0.0008201536256819963,0.0,0.007936508394777775,0.2438025027513504,0.0,0.0,0.0,0.0,7.827761650085449,0.18656587600708008,9199.0,1.6747242212295532,497.4200134277344,-0.12712231278419495
51,-0.0013354973634704947,-0.006528986152261496,0.0003759406099561602,0.0,0.0,0.0,0.0,0.0,0.0,0.00604926235973835,0.0,0.9939507246017456,15.475815773010254,0.0065684085711836815,-0.004893959499895573,1.361888280371204e-05,0.0,0.0,0.252935528755188,0.0,0.0,0.0,0.0,7.248878002166748,0.15578031539916992,9956.0,1.6760386228561401,500.0,-0.07742119580507278
52,-0.0013378713047131896,-0.006390194874256849,0.00036944617750123143,0.0,0.0,0.0,0.0,0.0,0.0,0.00482855923473835,0.0,0.9951714277267456,15.486628532409668,0.009852612391114235,-0.0065256571397185326,1.483098640164826e-05,0.0,0.0,0.25625649094581604,0.0,0.0,0.0,0.0,7.403528213500977,0.15180253982543945,9758.0,1.6803162097930908,500.0,-0.06771860271692276
53,-0.0013442240888252854,-0.005993970669806004,0.00032673036912456155,0.0,0.0,0.0,0.0,0.0,0.0,0.003146701492369175,0.0,0.9968532919883728,15.50622844696045,0.009852612391114235,-0.0035109396558254957,0.0002537658147048205,0.0,0.0,0.24445302784442902,0.0,0.0,0.0,0.0,6.880948066711426,0.16552019119262695,10463.0,1.6820580959320068,500.0,-0.07153692841529846
54,-0.001338541740551591,-0.00530710443854332,0.0003656054032035172,0.0,0.0,0.0,0.0,0.0,0.0,0.00244140625,0.0,0.99755859375,15.527654647827148,0.009852612391114235,-0.008904446847736835,0.0005408193101175129,0.0,0.0,0.24627871811389923,0.0,0.0,0.0,0.0,6.3592119216918945,0.15111732482910156,11324.0,1.6871671676635742,500.0,-0.0599994994699955
55,-0.0013339573051780462,-0.005833451170474291,0.00037010200321674347,0.0,0.0,-0.0009259259677492082,0.0,0.0,0.0,0.0023057726211845875,0.0,0.9976942539215088,15.566604614257812,9.999999747378752e-06,0.0010161780519410968,0.0004897353937849402,0.0,0.004629629664123058,0.2500266432762146,0.0,0.0,0.0,0.0,7.496062755584717,0.15022826194763184,9642.0,1.6963012218475342,497.6499938964844,-0.08586367964744568
56,-0.0013423573691397905,-0.005523888859897852,0.00035160346305929124,0.0,0.0,0.0,0.0,0.0,0.0,0.001953125,0.0,0.998046875,15.586700439453125,0.004378939047455788,-0.005982083268463612,4.929181613988476e-06,0.0,0.0,0.25135982036590576,0.0,0.0,0.0,0.0,7.59525728225708,0.15299248695373535,9515.0,1.7016894817352295,500.0,-0.06606395542621613
57,-0.0013203849084675312,-0.005625460762530565,0.0004187521699350327,0.0,0.0,-0.006071428768336773,0.0,0.0,0.0,0.0031602648086845875,0.0,0.9968397617340088,15.624180793762207,9.999999747378752e-06,-0.0003242111124563962,0.0012129759415984154,0.0,0.03035714291036129,0.24866683781147003,0.0,0.0,0.0,0.0,7.458355903625488,0.14977002143859863,9690.0,1.7086637020111084,494.80999755859375,-0.10389181971549988
58,-0.0013363244943320751,-0.005702803377062082,0.0004788878432009369,0.0,0.0,-0.003988095559179783,0.0,0.0,0.0,0.0054117836989462376,0.0,0.9945881962776184,15.662483215332031,1.4999999621068127e-05,-0.0017128067556768656,0.0009441632428206503,0.0,0.01994047500193119,0.2494954615831375,0.0,0.0,0.0,0.0,7.579996585845947,0.14785313606262207,9540.0,1.7229801416397095,497.3500061035156,-0.0894329622387886
59,-0.001315444242209196,-0.005700510460883379,0.0004886419046670198,0.0,0.0,-0.006666666828095913,0.0,0.0,0.0,0.0062662758864462376,0.0,0.9937337040901184,15.725494384765625,0.0019461950287222862,-0.001977333566173911,0.0007087799021974206,0.0,0.03333333507180214,0.24585410952568054,0.0,0.0,0.0,0.0,7.108370304107666,0.15289998054504395,10153.0,1.7405571937561035,493.6300048828125,-0.11291597038507462
60,-0.001334891188889742,-0.006976632867008448,0.0005441642133519053,0.0,0.0,-0.0013888889225199819,0.0,0.0,0.0,0.0070936414413154125,0.0,0.992906391620636,15.8690185546875,0.004378939047455788,-0.002533432561904192,0.00037889290251769125,0.0,0.0069444444961845875,0.24674320220947266,0.0,0.0,0.0,0.0,7.385379791259766,0.17951607704162598,9746.0,1.7750450372695923,495.2300109863281,-0.09241659194231033
61,-0.0013458480825647712,-0.0075837173499166965,0.0005179084255360067,0.0,0.0,0.0,0.0,0.0,0.0,0.0069715711288154125,0.0,0.993028461933136,15.946635246276855,9.999999747378752e-06,0.010937981307506561,1.1606639418459963e-05,0.0,0.0,0.2492259293794632,0.0,0.0,0.0,0.0,7.175797462463379,0.14754509925842285,10067.0,1.7775676250457764,500.0,-0.07905607670545578
62,-0.001347245299257338,-0.006965880747884512,0.0005805115797556937,0.0,0.0,-0.0007936508627608418,0.0,0.0,0.0,0.007256402168422937,0.0,0.9927436113357544,15.9740629196167,0.0019461950287222862,-0.0011738555040210485,0.00015573996643070132,0.0,0.003968254197388887,0.24761120975017548,0.0,0.0,0.0,0.0,6.868539810180664,0.15456533432006836,10497.0,1.7940937280654907,500.0,-0.09003888815641403
63,-0.0013532891171053052,-0.006578644271939993,0.0006746536237187684,0.0,0.0,0.0,0.0,0.0,0.0,0.00732421875,0.0,0.99267578125,16.03516387939453,0.0065684085711836815,-0.01114686019718647,4.91780065203784e-06,0.0,0.0,0.24764686822891235,0.0,0.0,0.0,0.0,7.175004959106445,0.15042448043823242,10064.0,1.7954695224761963,500.0,-0.07418942451477051
64,-0.0013564130058512092,-0.008748720400035381,0.0009182259091176093,0.0,0.0,0.0,0.0,0.0,0.0,0.006890191230922937,0.0,0.9931098222732544,16.053890228271484,0.0065684085711836815,-0.003581298515200615,0.002415848895907402,0.0,0.0,0.25012725591659546,0.0,0.0,0.0,0.0,7.640637397766113,0.14843010902404785,9465.0,1.8035579919815063,500.0,-0.07789549231529236
65,-0.001357005094178021,-0.008743313141167164,0.0009980861796066165,0.0,0.0,0.0,0.0,0.0,0.0,0.00634765625,0.0,0.99365234375,16.073936462402344,0.009852612391114235,-0.0023723789490759373,0.0012929589720442891,0.0,0.0,0.24485360085964203,0.0,0.0,0.0,0.0,7.191123008728027,0.1711587905883789,10014.0,1.80779230594635,500.0,-0.09511512517929077
66,-0.0013547564158216119,-0.008306139148771763,0.0012414377415552735,0.0,0.0,0.0,0.0,0.0,0.0,0.00634765625,0.0,0.99365234375,16.09288787841797,0.009852612391114235,-0.007717200089246035,0.0005004037520848215,0.0,0.0,0.2484467327594757,0.0,0.0,0.0,0.0,7.134725570678711,0.15292692184448242,10116.0,1.807834267616272,500.0,-0.0806909054517746
67,-0.0013509895652532578,-0.007373720407485962,0.001342827919870615,0.0,0.0,0.0,0.0,0.0,0.0,0.00634765625,0.0,0.99365234375,16.098194122314453,0.009852612391114235,-0.004121597856283188,9.985256474465132e-05,0.0,0.0,0.24953678250312805,0.0,0.0,0.0,0.0,6.974556922912598,0.1496586799621582,10348.0,1.8111076354980469,500.0,-0.07262489944696426
68,-0.0013518464984372258,-0.008972544223070145,0.0015527353389188647,0.0,0.0,0.0,0.0,0.0,0.0,0.00634765625,0.0,0.99365234375,16.102670669555664,0.009852612391114235,-0.008931443095207214,1.4936365005269181e-05,0.0,0.0,0.245619535446167,0.0,0.0,0.0,0.0,6.911257743835449,0.15290284156799316,10436.0,1.8115020990371704,500.0,-0.07481269538402557
69,-0.001349103287793696,-0.006295076571404934,0.0013794911792501807,0.0,0.0,0.0,0.0,0.0,0.0,0.0062391492538154125,0.0,0.993760883808136,16.09750747680664,0.009852612391114235,-0.008104044944047928,3.0073560992605053e-06,0.0,0.0,0.25270166993141174,0.0,0.0,0.0,0.0,7.171620845794678,0.15187454223632812,10067.0,1.81315016746521,500.0,-0.06329451501369476
70,-0.0013591343304142356,-0.006058977916836739,0.0012128535890951753,0.0,0.0,0.0,0.0,0.0,0.0,0.0058458116836845875,0.0,0.9941542148590088,16.13068389892578,0.009852612391114235,-0.009699446149170399,3.6479389109445037e-06,0.0,0.0,0.2537141442298889,0.0,0.0,0.0,0.0,7.351436614990234,0.15677356719970703,9819.0,1.8203855752944946,500.0,-0.059946008026599884
71,-0.0013608640292659402,-0.005876448471099138,0.0012356676161289215,0.0,0.0,0.0,0.0,0.0,0.0,0.0044080945663154125,0.0,0.995591938495636,16.14098358154297,0.009852612391114235,-0.010013865306973457,4.103470018890221e-06,0.0,0.0,0.25138092041015625,0.0,0.0,0.0,0.0,7.246096611022949,0.16333580017089844,9950.0,1.8200310468673706,500.0,-0.06058201938867569
72,-0.0013542533852159977,-0.005858214572072029,0.001181205501779914,0.0,0.0,0.0,0.0,0.0,0.0,0.0022243924904614687,0.0,0.9977756142616272,16.140329360961914,0.009999999776482582,-0.012669575400650501,4.196213467366761e-06,0.0,0.0,0.2526252567768097,0.0,0.0,0.0,0.0,7.27622127532959,0.15135812759399414,9926.0,1.8195329904556274,500.0,-0.060678135603666306
73,-0.0013588001020252705,-0.005665978882461786,0.0011892062611877918,0.0,0.0,0.0,0.0,0.0,0.0,0.0014377170009538531,0.0,0.9985622763633728,16.146347045898438,0.009999999776482582,-0.015019038692116737,3.205568646080792e-05,0.0,0.0,0.24869638681411743,0.0,0.0,0.0,0.0,6.810763359069824,0.1503279209136963,10591.0,1.8255674839019775,500.0,-0.06205818057060242
74,-0.0013520080829039216,-0.005397787783294916,0.001245573628693819,0.0,0.0,0.0,0.0,0.0,0.0,0.0006646050605922937,0.0,0.9993354082107544,16.169706344604492,0.009999999776482582,-0.014328980818390846,0.0001128815274569206,0.0,0.0,0.24677467346191406,0.0,0.0,0.0,0.0,7.315219879150391,0.15359878540039062,9871.0,1.828952431678772,500.0,-0.06143622472882271
75,-0.0013465298106893897,-0.0059532225131988525,0.0012747419532388449,0.0,0.0,-0.0013888889225199819,0.0,0.0,0.0,0.0009358723764307797,0.0,0.9990641474723816,16.206100463867188,0.0008779149502515793,0.0003841194265987724,0.00018405333685223013,0.0,0.0069444444961845875,0.2579999566078186,0.0,0.0,0.0,0.0,6.839186668395996,0.1509091854095459,10547.0,1.8417069911956787,500.0,-0.0636030063033104
76,-0.0013589391019195318,-0.006431032903492451,0.0013185710413381457,0.0,0.0,0.0,0.0,0.0,0.0,0.0005018446245230734,0.0,0.999498188495636,16.220439910888672,0.004444444552063942,-0.01782739721238613,3.942732291761786e-06,0.0,0.0,0.2502955496311188,0.0,0.0,0.0,0.0,7.227911949157715,0.15296125411987305,9989.0,1.8370524644851685,500.0,-0.06393730640411377
77,-0.0013416007859632373,-0.006358820013701916,0.0013652332127094269,0.0,0.0,-0.0007936508627608418,0.0,0.0,0.0,0.0006103515625,0.0,0.9993896484375,16.254608154296875,9.999999747378752e-06,-0.00042406434658914804,0.00040084897773340344,0.0,0.003968254197388887,0.25295892357826233,0.0,0.0,0.0,0.0,7.691960334777832,0.16164278984069824,9387.0,1.8497825860977173,495.989990234375,-0.08309920877218246
78,-0.0013421891489997506,-0.006877564825117588,0.001311508589424193,0.0,0.0,-0.0007936508627608418,0.0,0.0,0.0,0.0011528863105922937,0.0,0.9988471269607544,16.29994773864746,1.4999999621068127e-05,-0.001128723262809217,0.00038824090734124184,0.0,0.003968254197388887,0.253046452999115,0.0,0.0,0.0,0.0,7.332987308502197,0.15752744674682617,9842.0,1.8667199611663818,499.2699890136719,-0.08828698843717575
79,-0.0013078092597424984,-0.007508805487304926,0.0013586744898930192,-1.9687013264046982e-05,2.7777778655035945e-07,-0.012883598916232586,5.555555981118232e-05,0.0,0.0,0.0034586589317768812,0.0,0.9965413212776184,16.373517990112305,9.999999747378752e-06,-0.00402482645586133,0.003323568496853113,0.02777777798473835,0.0644179955124855,0.2518112063407898,0.0,0.0,0.0,0.0,7.689248085021973,0.17302560806274414,9377.0,1.8828266859054565,479.0799865722656,-0.22643928229808807
80,-0.0013052044669166207,-0.006391767878085375,0.001379302004352212,0.0,0.0,-0.008428331464529037,0.0,0.0,0.0,0.009114583022892475,0.0,0.9908854365348816,16.432035446166992,0.0002562890585977584,-0.0021426475141197443,0.001531864982098341,0.0,0.04214165732264519,0.24808529019355774,0.0,0.0,0.0,0.0,7.338266849517822,0.16636061668395996,9824.0,1.8972508907318115,492.19000244140625,-0.1031956821680069
81,-0.0013042669743299484,-0.0071215322241187096,0.0014328171964734793,-3.1306246484064104e-08,1.1111111319905831e-07,-0.009188713505864143,1.1111112144135404e-05,0.0,0.0,0.011216905899345875,0.0,0.9887831211090088,16.529937744140625,9.999999747378752e-06,-0.004222516436129808,0.002639754442498088,0.0055555556900799274,0.04594356194138527,0.2518293559551239,0.0,0.0,0.0,0.0,7.574383735656738,0.16484713554382324,9526.0,1.918010950088501,481.4599914550781,-0.19092556834220886
82,-0.0013384579215198755,-0.007433752063661814,0.0015014463569968939,0.0,0.0,-0.0018518519354984164,0.0,0.0,0.0,0.013264973647892475,0.0,0.9867350459098816,16.586210250854492,0.0019461950287222862,-0.0022788746282458305,0.0003932675754185766,0.0,0.009259259328246117,0.2450028508901596,0.0,0.0,0.0,0.0,7.007540702819824,0.16272759437561035,10282.0,1.939655065536499,497.1000061035156,-0.08860985189676285
83,-0.0012968792580068111,-0.006574669387191534,0.0016159864608198404,-9.397884781492394e-08,2.0833333280734223e-07,-0.010648148134350777,1.388888995279558e-05,0.0,0.0,0.0145399309694767,0.0,0.985460102558136,16.717620849609375,9.999999747378752e-06,-0.0022743961308151484,0.001191452145576477,0.0069444444961845875,0.053240738809108734,0.25040698051452637,0.0,0.0,0.0,0.0,7.337688446044922,0.17995548248291016,9807.0,1.9616661071777344,493.9100036621094,-0.10189855843782425
84,-0.001333125401288271,-0.007948854006826878,0.001915430068038404,-1.8163466393161798e-06,2.5297617867181543e-07,-0.0056547620333731174,1.4880953131068964e-05,0.0,0.0,0.01656087301671505,0.0,0.9834391474723816,16.74970054626465,1.4999999621068127e-05,-0.00343801430426538,0.0018976996652781963,0.0074404762126505375,0.02827381156384945,0.24845749139785767,0.0,0.0,0.0,0.0,7.73640251159668,0.17882299423217773,9314.0,1.9696481227874756,492.6199951171875,-0.15932080149650574
85,-0.001361102913506329,-0.0069322302006185055,0.0018555340357124805,-3.4397967851873545e-07,1.5873015968281834e-07,0.0,7.936508154671174e-06,0.0,0.0,0.01806640625,0.0,0.98193359375,16.77584457397461,0.0019461950287222862,-0.009028797969222069,1.610868093848694e-05,0.003968254197388887,0.0,0.2488502413034439,0.0,0.0,0.0,0.0,7.742247581481934,0.1513516902923584,9340.0,1.974119782447815,500.0,-0.05573081597685814
86,-0.0013583701802417636,-0.008123413659632206,0.001997418701648712,-1.5159783117724146e-07,1.234568003383174e-07,0.0,6.172839675855357e-06,1.0845597131492468e-07,0.0,0.01806640625,0.0,0.98193359375,16.797771453857422,0.004378939047455788,-0.012647434137761593,1.2166885426267982e-05,0.003086419776082039,0.0,0.24728642404079437,0.0,0.0,0.0,0.0,7.688970565795898,0.1509876251220703,9404.0,1.9755463600158691,500.0,-0.07826248556375504
87,-0.0013515522005036473,-0.00864107720553875,0.0020834931638091803,-1.468323489461909e-06,3.9682541341790056e-07,-0.005423280876129866,1.5873016309342347e-05,0.0,0.0,0.0189480260014534,0.0,0.9810519814491272,16.800235748291016,9.999999747378752e-06,0.0003257542266510427,0.0009425293537788093,0.007936508394777775,0.027116402983665466,0.2548891305923462,0.0,0.0,0.0,0.0,7.570930004119873,0.14826703071594238,9551.0,1.978488564491272,497.9700012207031,-0.0975295826792717
88,-0.0013497397303581238,-0.008432753384113312,0.0021353038027882576,-3.583790658012731e-06,4.6296295863612613e-07,-0.0027777780778706074,1.8518519937060773e-05,0.0,0.0,0.0205349400639534,0.0,0.9794650673866272,16.83450698852539,0.0019461950287222862,-0.0018906068289652467,0.0008061765693128109,0.009259259328246117,0.013888888992369175,0.24885055422782898,0.0,0.0,0.0,0.0,7.869182586669922,0.14577960968017578,9198.0,2.0007176399230957,495.04998779296875,-0.11436854302883148
89,-0.0013595231575891376,-0.007791685406118631,0.0021801914554089308,-3.6631108741858043e-06,3.1481482665185467e-07,0.0,2.0370373022160493e-05,0.0,0.0,0.0205078125,0.0,0.9794921875,16.910188674926758,0.004378939047455788,-0.01612469181418419,1.0866921002161689e-05,0.010185185819864273,0.0,0.2524217665195465,0.0,0.0,0.0,0.0,7.350552082061768,0.1483757495880127,9831.0,2.000983476638794,500.0,-0.06346510350704193
90,-0.0013453129213303328,-0.010751291178166866,0.0025273964274674654,-9.953412700269837e-06,2.623456794026424e-06,-0.0055555556900799274,7.098765490809456e-05,3.9110375382733764e-08,0.0,0.0206570103764534,0.0,0.9793429970741272,16.924579620361328,0.0008649755618534982,-0.0005551872309297323,0.00040851454832591116,0.03549382835626602,0.02777777798473835,0.251119464635849,0.0,0.0,0.0,0.0,7.451421737670898,0.1498854160308838,9699.0,2.014439582824707,499.4200134277344,-0.11438202112913132
91,-0.0013400906464084983,-0.008991014212369919,0.002605837769806385,-5.6171243159042206e-06,2.3074494492902886e-06,-0.004261664114892483,2.3106062144506723e-05,5.4969763851886455e-08,0.0,0.021728515625,0.0,0.978271484375,16.988798141479492,9.999999747378752e-06,-0.002990388311445713,0.0014088250463828444,0.011553031392395496,0.021308323368430138,0.2508889436721802,0.0,0.0,0.0,0.0,7.9910173416137695,0.15715575218200684,9048.0,2.0290002822875977,495.489990234375,-0.13498620688915253
92,-0.0013476114254444838,-0.009422168135643005,0.002534416038542986,-5.799824975838419e-06,1.944444420587388e-06,-0.004351852461695671,3.5714288969757035e-05,0.0,0.0,0.0231797955930233,0.0,0.9768202304840088,17.021766662597656,0.0019461950287222862,-0.002111974870786071,0.0009450252400711179,0.01785714365541935,0.021759260445833206,0.24426312744617462,0.0,0.0,0.0,0.0,7.615381240844727,0.1494770050048828,9495.0,2.0447287559509277,495.9599914550781,-0.09590242803096771
93,-0.0013508968986570835,-0.007547845598310232,0.002503269352018833,-2.3162549211974692e-07,3.240740795718011e-07,-0.0022222225088626146,2.4074075554381125e-05,0.0,0.0,0.02141655795276165,0.0,0.9785834550857544,17.134246826171875,9.999999747378752e-06,-0.0019493646686896682,0.0011736084707081318,0.012037036940455437,0.011111111380159855,0.2468053549528122,0.0,0.0,0.0,0.0,7.883201599121094,0.15018057823181152,9177.0,2.0664639472961426,487.3800048828125,-0.1255779266357422
94,-0.001357793458737433,-0.00827985443174839,0.0024264075327664614,-1.8160072556838713e-07,4.3650788938975893e-07,-0.002500000176951289,7.936508154671174e-06,4.010408645171992e-07,0.0,0.0172254778444767,0.0,0.982774555683136,17.170528411865234,0.0019461950287222862,-0.0022458790335804224,0.0007925514946691692,0.003968254197388887,0.012500000186264515,0.24756379425525665,0.0,0.0,0.0,0.0,7.454058647155762,0.15052342414855957,9695.0,2.0833773612976074,495.04998779296875,-0.11333498358726501
95,-0.0013304587919265032,-0.008675465360283852,0.002232631901279092,-9.044671969604678e-06,1.2301586593821412e-06,-0.009497355669736862,4.9603178922552615e-05,2.206768954238214e-07,0.0,0.017822265625,0.0,0.982177734375,17.254528045654297,9.999999747378752e-06,-0.004031664226204157,0.0027990294620394707,0.02480158768594265,0.04748677462339401,0.24808229506015778,0.0,0.0,0.0,0.0,8.099321365356445,0.1512436866760254,8936.0,2.095778226852417,483.32000732421875,-0.1639983355998993
96,-0.0013467936078086495,-0.006979556754231453,0.002312681172043085,-3.9414022268147164e-08,2.7777778655035945e-07,-0.010515873320400715,2.777777990559116e-05,2.402812171453661e-08,0.0,0.02011447586119175,0.0,0.9798855185508728,17.294069290161133,0.0019461950287222862,-0.003318783361464739,0.002334924880415201,0.013888888992369175,0.052579365670681,0.24660693109035492,0.0,0.0,0.0,0.0,7.271546363830566,0.1496732234954834,9934.0,2.1200101375579834,483.25,-0.19751080870628357
97,-0.0013547682901844382,-0.007079469505697489,0.002170553198084235,0.0,0.0,-0.0069444444961845875,0.0,0.0,0.0,0.02118598110973835,0.0,0.9788140058517456,17.41827964782715,9.999999747378752e-06,-0.0024112246464937925,0.0012415623059496284,0.0,0.0347222238779068,0.24833011627197266,0.0,0.0,0.0,0.0,7.507260322570801,0.1633472442626953,9611.0,2.141296625137329,493.19000244140625,-0.12687423825263977
98,-0.0013713695807382464,-0.007391930557787418,0.0021570243407040834,-7.119829206203576e-07,1.001984173853998e-06,-0.0013888889225199819,4.9603178922552615e-05,0.0,0.0,0.0202501080930233,0.0,0.9797499179840088,17.46160888671875,0.004378939047455788,-0.00184603629168123,0.00014531228225678205,0.02480158768594265,0.0069444444961845875,0.25101104378700256,0.0,0.0,0.0,0.0,7.9300336837768555,0.17316770553588867,9098.0,2.1626038551330566,500.0,-0.06668569147586823
99,-0.0013854282442480326,-0.00718837883323431,0.0022355886176228523,0.0,0.0,0.0,0.0,0.0,0.0,0.01904296875,0.0,0.98095703125,17.550813674926758,0.004378939047455788,-0.007401752285659313,0.05891934782266617,0.0,0.0,0.25220006704330444,0.0,0.0,0.0,0.0,7.785846710205078,0.15419530868530273,9285.0,2.172494411468506,500.0,-0.0575389638543129
100,-0.0013646486913785338,-0.006564836949110031,0.002353714546188712,-4.943639808629996e-08,3.240740511500917e-07,-0.003703703870996833,1.8518519937060773e-05,0.0,0.0,0.01924641989171505,0.0,0.9807536005973816,17.5761775970459,0.0065684085711836815,-0.008224369958043098,0.007056250236928463,0.009259259328246117,0.018518518656492233,0.2524891495704651,0.0,0.0,0.0,0.0,7.644750595092773,0.15167546272277832,9456.0,2.1766457557678223,491.95001220703125,-0.09113887697458267
101,-0.0013813653495162725,-0.007856722921133041,0.002509613521397114,-1.5712669210188324e-06,3.922948963008821e-06,-0.004327601287513971,7.383156480500475e-05,0.0,0.0,0.0206163190305233,0.0,0.9793837070465088,17.591093063354492,9.999999747378752e-06,0.0005860170349478722,0.002694305730983615,0.03691578656435013,0.02163800783455372,0.24759404361248016,0.0,0.0,0.0,0.0,7.078095436096191,0.15100502967834473,10198.0,2.185274124145508,497.07000732421875,-0.12618739902973175
102,-0.0013881410704925656,-0.006709194276481867,0.0026179722044616938,-2.396614490862703e-06,8.88888678218791e-07,-0.0015873017255216837,1.1111112144135404e-05,3.040551064259489e-07,0.0,0.0203993059694767,0.0,0.979600727558136,17.62041473388672,0.0019461950287222862,-0.0021188664250075817,0.0007305131875909865,0.0055555556900799274,0.007936508394777775,0.2557804584503174,0.0,0.0,0.0,0.0,7.543476104736328,0.15375089645385742,9578.0,2.2049427032470703,495.0899963378906,-0.09946228563785553
103,-0.0013760249130427837,-0.005564451217651367,0.002651812508702278,-3.334569385060604e-07,1.8518517208576668e-06,-0.0033333334140479565,4.814815110876225e-05,1.6636008126624802e-07,0.0,0.02094184048473835,0.0,0.9790581464767456,17.729185104370117,5.062499985797331e-05,-0.0030228090472519398,0.0011430939193814993,0.024074073880910873,0.01666666753590107,0.2501010298728943,0.0,0.0,0.0,0.0,7.693580627441406,0.15026021003723145,9399.0,2.2262587547302246,487.92999267578125,-0.1082829087972641
104,-0.0013905968517065048,-0.00699930964037776,0.002839159220457077,-4.72884238433835e-07,4.6466038838843815e-06,-0.004675926174968481,6.080247476347722e-05,4.759405953791429e-07,0.0,0.0229763463139534,0.0,0.9770236611366272,17.780834197998047,0.0005766503745689988,-0.0029446177650243044,0.00180801039095968,0.030401237308979034,0.023379631340503693,0.2490825206041336,0.0,0.0,0.0,0.0,8.161202430725098,0.15147757530212402,8869.0,2.2452168464660645,498.04998779296875,-0.11877623200416565
105,-0.0013977565104141831,-0.006404973566532135,0.002763973083347082,-1.5086731082192273e-06,2.592592181827058e-06,-0.003240741090849042,3.935185304726474e-05,4.2165888203271606e-07,0.0,0.0235460065305233,0.0,0.9764540195465088,17.882577896118164,0.004378939047455788,-0.003068378195166588,0.0005695854197256267,0.019675927236676216,0.016203705221414566,0.24904312193393707,0.0,0.0,0.0,0.0,7.6800665855407715,0.19280195236206055,9364.0,2.283031463623047,500.0,-0.050544846802949905
106,-0.0014090619515627623,-0.009374512359499931,0.0027624063659459352,-2.639793456182815e-05,1.3351190318644512e-05,-0.0035714288242161274,0.00013346561172511429,8.108083420665935e-06,0.0,0.0223388671875,0.0,0.9776611328125,17.97810935974121,9.999999747378752e-06,0.0064025260508060455,0.0011314963921904564,0.06673280149698257,0.01785714365541935,0.2467413991689682,0.0,0.0,0.0,0.0,8.233203887939453,0.18337130546569824,8759.0,2.293785572052002,498.30999755859375,-0.11993402987718582
107,-0.001412288169376552,-0.010369784198701382,0.0027701568324118853,-3.961703987442888e-05,1.6962960216915235e-05,-0.0009259259677492082,0.00020555556693580002,4.6902439976292953e-07,0.0,0.02240668423473835,0.0,0.9775933027267456,18.01697540283203,0.004378939047455788,-0.001458645099774003,0.00041279970901086926,0.10277777165174484,0.004629629664123058,0.24694104492664337,0.0,0.0,0.0,0.0,7.861604690551758,0.15014195442199707,9202.0,2.3241076469421387,499.3699951171875,-0.1052187979221344
108,-0.001374902087263763,-0.007589846849441528,0.0025934698060154915,-1.9215547581552528e-05,1.2764547818733263e-06,-0.008571428246796131,1.7195769032696262e-05,0.0,0.0,0.02377658523619175,0.0,0.9762234091758728,18.15012550354004,9.999999747378752e-06,-0.002697388408705592,0.002215970540419221,0.008597884327173233,0.04285714030265808,0.25008058547973633,0.0,0.0,0.0,0.0,7.90576171875,0.3483564853668213,8932.0,2.344686985015869,492.5400085449219,-0.10600379854440689
109,-0.0014127141330391169,-0.009771340526640415,0.002465474186465144,-1.4028875739313662e-05,8.564813470002264e-06,0.0,9.281305392505601e-05,5.025300424676971e-07,0.0,0.0222032330930233,0.0,0.9777967929840088,18.16210174560547,0.0019461950287222862,-0.007563653867691755,1.9473989596008323e-05,0.04640652611851692,0.0,0.25009194016456604,0.0,0.0,0.0,0.0,7.513437747955322,0.15302538871765137,9616.0,2.3460114002227783,500.0,-0.07465806603431702
110,-0.0014093294739723206,-0.008114379830658436,0.002401279052719474,-2.037885678873863e-05,4.351851202955004e-06,-0.007407407741993666,0.00011111111962236464,5.016103159505292e-07,0.0,0.01889377273619175,0.0,0.9811062216758728,18.193655014038086,0.0019461950287222862,-0.001640462432987988,0.0007621343829669058,0.0555555559694767,0.03703703731298447,0.2511303126811981,0.0,0.0,0.0,0.0,7.4494524002075195,0.1526780128479004,9698.0,2.365365505218506,497.739990234375,-0.11539404094219208
111,-0.0014069037279114127,-0.015440723858773708,0.0023413102608174086,-2.9498802177840844e-05,1.494808111601742e-05,-0.004629629664123058,0.0002065476292045787,9.088024626180413e-07,0.0,0.0170762799680233,0.0,0.9829237461090088,18.306991577148438,0.004378939047455788,-0.0033337711356580257,0.0011424999684095383,0.10327380895614624,0.023148149251937866,0.25211620330810547,0.0,0.0,0.0,0.0,7.510746002197266,0.1797804832458496,9586.0,2.408423900604248,495.3999938964844,-0.17605406045913696
112,-0.0014158474514260888,-0.009391558356583118,0.002605150220915675,-2.585558468126692e-05,1.427939878340112e-05,-0.0029040405061095953,0.00014369891141541302,3.1782059522811323e-05,0.0,0.01801215298473835,0.0,0.9819878339767456,18.409067153930664,9.999999747378752e-06,-0.00286210048943758,0.0012959599262103438,0.07184944301843643,0.014520201832056046,0.24855418503284454,0.0,0.0,0.0,0.0,7.574799537658691,0.15616869926452637,9536.0,2.421032667160034,492.3599853515625,-0.15516425669193268
113,-0.0014205197803676128,-0.013281739316880703,0.002552096964791417,-1.4441860912484117e-05,1.591181535331998e-05,-0.002006172901019454,0.00021049383212812245,8.881642315827776e-06,0.0,0.01935492642223835,0.0,0.9806450605392456,18.430944442749023,0.0019461950287222862,-0.0021231984719634056,0.00079871725756675,0.10524691641330719,0.010030863806605339,0.24685637652873993,0.0,0.0,0.0,0.0,7.304136276245117,0.1500837802886963,9890.0,2.436279773712158,495.1499938964844,-0.15588106215000153
114,-0.001425477210432291,-0.012578188441693783,0.0026709516532719135,-7.853629540477414e-06,1.0426916560390964e-05,-0.0007936508627608418,0.00013269401097204536,1.89640400094504e-06,0.0,0.0198838971555233,0.0,0.9801161289215088,18.508106231689453,9.999999747378752e-06,-0.0005667876685038209,0.0003994678263552487,0.06634700298309326,0.003968254197388887,0.2509594261646271,0.0,0.0,0.0,0.0,7.484917640686035,0.16141700744628906,9642.0,2.4523794651031494,495.8500061035156,-0.13051247596740723
115,-0.0014249864034354687,-0.011504036374390125,0.0027084541507065296,-9.820189916354138e-06,9.091598258237354e-06,0.0,0.00015945767518132925,4.778407401317963e-06,0.0,0.0175916887819767,0.0,0.982408344745636,18.509431838989258,0.0029192925430834293,-0.0075070420280098915,1.2846933714172337e-05,0.07972884178161621,0.0,0.25128111243247986,0.0,0.0,0.0,0.0,6.70036506652832,0.17049503326416016,10730.0,2.446721315383911,500.0,-0.09792747348546982
116,-0.0013988805003464222,-0.009210757911205292,0.0025747271720319986,-3.041659056179924e-06,7.015873052296229e-06,-0.005608465988188982,0.00011679894669214264,4.09208132623462e-06,0.0,0.01718478836119175,0.0,0.9828152060508728,18.507335662841797,9.999999747378752e-06,-0.002663535298779607,0.0019400001037865877,0.05839947238564491,0.028042329475283623,0.251432329416275,0.0,0.0,0.0,0.0,7.26675271987915,0.15191340446472168,9938.0,2.450450897216797,480.3800048828125,-0.17631572484970093
117,-0.0014227767242118716,-0.011043833568692207,0.0027213937137275934,-7.928818376967683e-06,1.1133816769870464e-05,-0.0009259259677492082,0.0002333994780201465,3.1804586342332186e-06,0.0,0.0180799700319767,0.0,0.981920063495636,18.525867462158203,0.0019461950287222862,-0.0015946044586598873,0.00040482438635081053,0.11669973284006119,0.004629629664123058,0.2437135875225067,0.0,0.0,0.0,0.0,8.249430656433105,0.15130400657653809,8776.0,2.4669106006622314,496.1499938964844,-0.10351689904928207
118,-0.0014318851754069328,-0.0073134517297148705,0.0024810873437672853,-2.59973398897273e-06,4.104276740690693e-06,0.0,9.581128688296303e-05,7.634516805410385e-07,0.0,0.0160997174680233,0.0,0.9839003086090088,18.565013885498047,0.0065684085711836815,-0.014022289775311947,8.676513061800506e-06,0.04790564253926277,0.0,0.2473863810300827,0.0,0.0,0.0,0.0,7.4651336669921875,0.1510467529296875,9680.0,2.4648633003234863,500.0,-0.054527103900909424
119,-0.0014258385635912418,-0.006584786809980869,0.00267431465908885,-3.43392201784809e-07,1.1607140777414315e-06,0.0,2.9761906262137927e-05,0.0,0.0,0.0142822265625,0.0,0.9857177734375,18.57294464111328,0.004378939047455788,-0.009304480627179146,0.04929307848215103,0.014880952425301075,0.0,0.25118839740753174,0.0,0.0,0.0,0.0,7.708829879760742,0.15140914916992188,9379.0,2.469482183456421,500.0,-0.0526043176651001
120,-0.0014310808619484305,-0.006530996412038803,0.002416191389784217,-6.420144131880079e-07,1.578042088112852e-06,0.0,2.8306880267336965e-05,2.436091506297089e-07,0.0,0.013427734375,0.0,0.986572265625,18.569459915161133,0.004378939047455788,-0.006175613962113857,0.0011383048258721828,0.014153439551591873,0.0,0.2494564652442932,0.0,0.0,0.0,0.0,7.592051982879639,0.15656638145446777,9514.0,2.469871997833252,500.0,-0.06230461224913597
121,-0.0014246830251067877,-0.00559082068502903,0.0025554001331329346,-3.4212259834021097e-06,1.4814814619512617e-07,-0.0009259259677492082,2.962963299069088e-05,0.0,0.0,0.012736002914607525,0.0,0.9872639775276184,18.59030532836914,9.999999747378752e-06,0.0015739662339910865,0.000413565372582525,0.014814815483987331,0.004629629664123058,0.25319910049438477,0.0,0.0,0.0,0.0,7.192122459411621,0.15065860748291016,10040.0,2.4768645763397217,495.3999938964844,-0.06174619495868683
122,-0.0014217408606782556,-0.006003846880048513,0.002519069006666541,0.0,0.0,0.0,0.0,0.0,0.0,0.010158962570130825,0.0,0.9898410439491272,18.604887008666992,0.0029192925430834293,-0.008843617513775826,6.216976180439815e-05,0.0,0.0,0.24933457374572754,0.0,0.0,0.0,0.0,7.665408134460449,0.16543316841125488,9415.0,2.4818246364593506,500.0,-0.05270475521683693
123,-0.001433387165889144,-0.006273170467466116,0.002564291702583432,-4.242172906288033e-07,4.6296295863612613e-07,0.0,1.8518519937060773e-05,0.0,0.0,0.00927734375,0.0,0.99072265625,18.621875762939453,0.009852612391114235,-0.011484849266707897,0.03408224880695343,0.009259259328246117,0.0,0.2477855235338211,0.0,0.0,0.0,0.0,7.025326728820801,0.15236115455627441,10271.0,2.48795747756958,500.0,-0.0483134388923645
124,-0.0014284307835623622,-0.0054686968214809895,0.0025869777891784906,-2.1202328071012744e-07,5.370369763113558e-06,0.0,5.555555981118232e-05,9.678562946646707e-07,0.0,0.0086669921875,0.0,0.9913330078125,18.63074493408203,0.0065684085711836815,-0.003711914410814643,0.0006030882941558957,0.02777777798473835,0.0,0.24846151471138,0.0,0.0,0.0,0.0,6.854780673980713,0.15037751197814941,10524.0,2.4877188205718994,500.0,-0.04202122613787651
125,-0.0014327425742521882,-0.006344080902636051,0.002520378213375807,-1.2943394267495023e-07,1.185184942187334e-06,0.0,2.0370373022160493e-05,0.0,0.0,0.0076497397385537624,0.0,0.9923502802848816,18.647642135620117,0.0065684085711836815,-0.010654081590473652,0.0004726163169834763,0.010185185819864273,0.0,0.24674899876117706,0.0,0.0,0.0,0.0,6.835718154907227,0.15047287940979004,10553.0,2.492418050765991,500.0,-0.05776894837617874
126,-0.0014277230948209763,-0.005128903780132532,0.002799260662868619,-3.000231885152971e-08,2.5252525404084736e-08,0.0,5.050505478720879e-06,0.0,0.0,0.0057373046875,0.0,0.9942626953125,18.64659309387207,0.0065684085711836815,-0.012362301349639893,0.00048635524581186473,0.0025252525229007006,0.0,0.25107282400131226,0.0,0.0,0.0,0.0,6.997864723205566,0.18581175804138184,10263.0,2.492264747619629,500.0,-0.040976665914058685
127,-0.0014251089887693524,-0.0059718540869653225,0.002828763099387288,0.0,0.0,0.0,0.0,0.0,0.0,0.00446234829723835,0.0,0.9955376386642456,18.650453567504883,0.009852612391114235,-0.014246908016502857,0.00036029217881150544,0.0,0.0,0.2529260814189911,0.0,0.0,0.0,0.0,6.906708240509033,0.16384625434875488,10427.0,2.4943175315856934,500.0,-0.048389337956905365
128,-0.0014241765020415187,-0.00583170261234045,0.0028275588992983103,-5.325870233718888e-08,1.851851862966214e-07,0.0,6.172839675855357e-06,0.0,0.0,0.0036485460586845875,0.0,0.9963514804840088,18.659988403320312,0.009852612391114235,-0.01172275748103857,0.0007806255598552525,0.003086419776082039,0.0,0.24736785888671875,0.0,0.0,0.0,0.0,7.531139373779297,0.15124297142028809,9597.0,2.4991204738616943,500.0,-0.047502387315034866
129,-0.0014314419822767377,-0.0048464033752679825,0.0027988976798951626,-1.8214078023603975e-09,3.703703725932428e-07,0.0,1.8518519937060773e-05,0.0,0.0,0.00341796875,0.0,0.99658203125,18.6771183013916,0.0065684085711836815,-0.006173364352434874,0.0007769461954012513,0.009259259328246117,0.0,0.25330790877342224,0.0,0.0,0.0,0.0,6.88801908493042,0.15677762031555176,10465.0,2.504159927368164,500.0,-0.034874849021434784
130,-0.0014176416443660855,-0.006025268696248531,0.0028600874356925488,0.0,0.0,0.0,0.0,0.0,0.0,0.002414279617369175,0.0,0.9975857138633728,18.68309211730957,0.0065684085711836815,-0.013568433932960033,2.1429543267004192e-05,0.0,0.0,0.25051984190940857,0.0,0.0,0.0,0.0,7.129317283630371,0.15273308753967285,10124.0,2.5037648677825928,500.0,-0.04438314214348793
131,-0.0014207471394911408,-0.004997537471354008,0.0026395400054752827,0.0,0.0,0.0,0.0,0.0,0.0,0.0008002387476153672,0.0,0.9991997480392456,18.685091018676758,0.009852612391114235,-0.012878418900072575,3.553757778718136e-05,0.0,0.0,0.2485545426607132,0.0,0.0,0.0,0.0,7.464808464050293,0.1521756649017334,9679.0,2.5087730884552,500.0,-0.034999024122953415
132,-0.0014212751993909478,-0.005304052960127592,0.002824998926371336,0.0,0.0,0.0,0.0,0.0,0.0,0.00048828125,0.0,0.99951171875,18.70387077331543,0.0065684085711836815,-0.00875153113156557,4.673773582908325e-05,0.0,0.0,0.25534704327583313,0.0,0.0,0.0,0.0,7.477053642272949,0.15876150131225586,9655.0,2.5143513679504395,500.0,-0.037204720079898834
133,-0.0014238960575312376,-0.004182728938758373,0.002749943407252431,0.0,0.0,0.0,0.0,0.0,0.0,0.00048828125,0.0,0.99951171875,18.717561721801758,0.009852612391114235,-0.016035545617341995,2.4905815735110082e-05,0.0,0.0,0.25360479950904846,0.0,0.0,0.0,0.0,7.988286972045898,0.16476702690124512,9042.0,2.518461227416992,500.0,-0.028804756700992584
134,-0.001432860386557877,-0.00389890861697495,0.0026451977901160717,0.0,0.0,0.0,0.0,0.0,0.0,0.00048828125,0.0,0.99951171875,18.733156204223633,0.009852612391114235,-0.011443644762039185,7.630741311004385e-05,0.0,0.0,0.2565345764160156,0.0,0.0,0.0,0.0,7.198570728302002,0.15123748779296875,10031.0,2.5214951038360596,500.0,-0.0329933688044548
135,-0.0014305920340120792,-0.0036635291762650013,0.0025980030186474323,0.0,0.0,0.0,0.0,0.0,0.0,0.00016276042151730508,0.0,0.9998372197151184,18.73459815979004,0.004378939047455788,-0.012579396367073059,0.00012144475476816297,0.0,0.0,0.25139304995536804,0.0,0.0,0.0,0.0,7.215567111968994,0.15246796607971191,10006.0,2.519773483276367,500.0,-0.02574095129966736
136,-0.0014142087893560529,-0.00413542240858078,0.0024941610172390938,0.0,0.0,-0.003194444812834263,0.0,0.0,0.0,0.0009087456855922937,0.0,0.9990912675857544,18.737123489379883,9.999999747378752e-06,-0.0009848899208009243,0.000835062877740711,0.0,0.01597222127020359,0.2481023520231247,0.0,0.0,0.0,0.0,7.350210189819336,0.15977048873901367,9817.0,2.524794816970825,491.6300048828125,-0.06608390063047409
137,-0.001428445102646947,-0.0043265544809401035,0.002702319296076894,0.0,0.0,-0.0027777778450399637,0.0,0.0,0.0,0.0016276041278615594,0.0,0.9983723759651184,18.762042999267578,1.4999999621068127e-05,-0.0018132409313693643,0.00040473384433425963,0.0,0.013888888992369175,0.24973003566265106,0.0,0.0,0.0,0.0,7.715362071990967,0.15347814559936523,9369.0,2.5392541885375977,499.70001220703125,-0.04921279475092888
138,-0.0014298566384240985,-0.0035125405993312597,0.002677732380107045,0.0,0.0,0.0,0.0,0.0,0.0,0.001953125,0.0,0.998046875,18.79639434814453,0.0019461950287222862,-0.010029359720647335,3.760243771466776e-06,0.0,0.0,0.25233185291290283,0.0,0.0,0.0,0.0,6.7155351638793945,0.15797638893127441,10726.0,2.5444254875183105,500.0,-0.02386275678873062
139,-0.0014283579075708985,-0.003139182925224304,0.0024684711825102568,0.0,0.0,0.0,0.0,0.0,0.0,0.001953125,0.0,0.998046875,18.80094337463379,0.0065684085711836815,-0.017939569428563118,3.369378191564465e-06,0.0,0.0,0.252092570066452,0.0,0.0,0.0,0.0,7.471184730529785,0.15161776542663574,9672.0,2.542325496673584,500.0,-0.020530622452497482
140,-0.0014436619821935892,-0.003510988550260663,0.0024213483557105064,0.0,3.282827947259648e-07,0.0,5.050505478720879e-06,0.0,0.0,0.001953125,0.0,0.998046875,18.808801651000977,0.004378939047455788,-0.015729427337646484,0.0002017403458012268,0.0025252525229007006,0.0,0.24917013943195343,0.0,0.0,0.0,0.0,7.417289733886719,0.1712946891784668,9715.0,2.5409317016601562,500.0,-0.02791450172662735
141,-0.0014256939757615328,-0.0032432125881314278,0.0025862986221909523,0.0,0.0,0.0,0.0,0.0,0.0,0.001953125,0.0,0.998046875,18.78313636779785,0.004378939047455788,-0.017178405076265335,0.001211641589179635,0.0,0.0,0.24893289804458618,0.0,0.0,0.0,0.0,7.676361083984375,0.15000200271606445,9420.0,2.536411762237549,500.0,-0.021860085427761078
142,-0.001431821146979928,-0.0035337747540324926,0.00259162369184196,-9.297766467852853e-08,2.2222220650292e-06,0.0,1.8518519937060773e-05,0.0,0.0,0.001953125,0.0,0.998046875,18.76819610595703,0.0065684085711836815,-0.015191582031548023,0.0008901273831725121,0.009259259328246117,0.0,0.24956266582012177,0.0,0.0,0.0,0.0,7.716457366943359,0.15314078330993652,9368.0,2.5327043533325195,500.0,-0.0260707288980484
143,-0.0014146367320790887,-0.003345542587339878,0.0025963718071579933,0.0,0.0,-0.0013888889225199819,0.0,0.0,0.0,0.0021430121269077063,0.0,0.9978569746017456,18.765750885009766,9.999999747378752e-06,0.001409474527463317,0.00045106266043148935,0.0,0.0069444444961845875,0.25132688879966736,0.0,0.0,0.0,0.0,7.4163970947265625,0.15182900428771973,9741.0,2.5350050926208496,495.7300109863281,-0.0440780408680439
144,-0.00142079743091017,-0.00371842784807086,0.0027368690352886915,0.0,0.0,0.0,0.0,0.0,0.0,0.00244140625,0.0,0.99755859375,18.771240234375,0.0019461950287222862,-0.009642394259572029,6.033634235791396e-06,0.0,0.0,0.25146299600601196,0.0,0.0,0.0,0.0,7.573460578918457,0.15353870391845703,9541.0,2.535771369934082,500.0,-0.02630077861249447
145,-0.001416846178472042,-0.0034523820504546165,0.0026370068080723286,0.0,0.0,0.0,0.0,0.0,0.0,0.00244140625,0.0,0.99755859375,18.75973129272461,0.0065684085711836815,-0.015516942366957664,5.293746198731242e-06,0.0,0.0,0.2524237036705017,0.0,0.0,0.0,0.0,7.794783592224121,0.15294718742370605,9276.0,2.5301785469055176,500.0,-0.024113940075039864
146,-0.0014052451588213444,-0.003093064995482564,0.002718245144933462,0.0,0.0,0.0,0.0,0.0,0.0,0.00244140625,0.0,0.99755859375,18.76392936706543,0.0019461950287222862,-0.010209827683866024,4.92648541694507e-06,0.0,0.0,0.2508775293827057,0.0,0.0,0.0,0.0,7.146735191345215,0.15493226051330566,10097.0,2.532038927078247,500.0,-0.01630651019513607
147,-0.0014104793081060052,-0.003336142050102353,0.002762220101431012,0.0,0.0,0.0,0.0,0.0,0.0,0.00244140625,0.0,0.99755859375,18.75955581665039,0.0002562890585977584,-0.00967474840581417,4.734602498501772e-06,0.0,0.0,0.24546881020069122,0.0,0.0,0.0,0.0,7.9316816329956055,0.1512618064880371,9121.0,2.534865140914917,500.0,-0.019769566133618355
148,-0.0014056373620405793,-0.003939805086702108,0.002775003435090184,0.0,0.0,0.0,0.0,0.0,0.0,0.00244140625,0.0,0.99755859375,18.77431869506836,9.999999747378752e-06,-0.0001878314942587167,4.211650957586244e-05,0.0,0.0,0.25264060497283936,0.0,0.0,0.0,0.0,7.0865936279296875,0.15021896362304688,10187.0,2.5405688285827637,500.0,-0.019096026197075844
149,-0.0013862022897228599,-0.004864383023232222,0.0025679366663098335,-5.225463794999996e-08,1.1111111462014378e-06,-0.0055555556900799274,5.555555981118232e-05,0.0,0.0,0.002536349929869175,0.0,0.9974636435508728,18.811128616333008,3.3749998692655936e-05,-0.0017611244693398476,0.00041582706035114825,0.02777777798473835,0.02777777798473835,0.25119927525520325,0.0,0.0,0.0,0.0,7.440069198608398,0.16428232192993164,9695.0,2.5628280639648438,498.45001220703125,-0.04179076477885246
150,-0.0014085812726989388,-0.0026497121434658766,0.0026668133214116096,0.0,0.0,0.0,0.0,0.0,0.0,0.0019124349346384406,0.0,0.9980875849723816,18.849103927612305,0.0029192925430834293,-0.011281261220574379,3.6953165363229346e-06,0.0,0.0,0.25133565068244934,0.0,0.0,0.0,0.0,7.35980224609375,0.2004680633544922,9752.0,2.55666446685791,500.0,-0.015336479991674423
151,-0.001386623247526586,-0.003076990135014057,0.002743779681622982,0.0,0.0,-0.003240741090849042,0.0,0.0,0.0,0.0018988715019077063,0.0,0.9981011152267456,18.836767196655273,9.999999747378752e-06,-0.0008297433378174901,0.00045477005187422037,0.0,0.016203705221414566,0.2496732920408249,0.0,0.0,0.0,0.0,7.306463718414307,0.18105387687683105,9846.0,2.5596256256103516,497.69000244140625,-0.03839436173439026
152,-0.0013964014360681176,-0.0026527277659624815,0.002793456893414259,0.0,0.0,0.0,0.0,0.0,0.0,0.001953125,0.0,0.998046875,18.845016479492188,0.0019461950287222862,-0.010028095915913582,3.7295715173968347e-06,0.0,0.0,0.25006046891212463,0.0,0.0,0.0,0.0,7.079874515533447,0.15249013900756836,10194.0,2.5611679553985596,500.0,-0.009826729074120522
153,-0.0013932558940723538,-0.0022975739557296038,0.002770027844235301,0.0,0.0,0.0,0.0,0.0,0.0,0.001953125,0.0,0.998046875,18.847402572631836,0.0019461950287222862,-0.01679283194243908,3.8010118714737473e-06,0.0,0.0,0.24813540279865265,0.0,0.0,0.0,0.0,7.360716819763184,0.150634765625,9815.0,2.5613861083984375,500.0,-0.009730083867907524
154,-0.001375619787722826,-0.0026092599146068096,0.002890063216909766,-3.546391837971896e-07,2.8703705083898967e-06,-0.003240741090849042,1.8518519937060773e-05,0.0,0.0,0.0024820964317768812,0.0,0.9975178837776184,18.849082946777344,9.999999747378752e-06,-0.0012656314065679908,0.0007283972227014601,0.009259259328246117,0.016203705221414566,0.24580222368240356,0.0,0.0,0.0,0.0,7.927081108093262,0.16545939445495605,9110.0,2.5638461112976074,495.739990234375,-0.030160102993249893
155,-0.001382277230732143,-0.002777193672955036,0.0030117619317024946,0.0,0.0,-0.003240741090849042,0.0,0.0,0.0,0.0034586589317768812,0.0,0.9965413212776184,18.877723693847656,0.00011390625149942935,-0.0019722215365618467,0.0006969217793084681,0.0,0.016203705221414566,0.24963660538196564,0.0,0.0,0.0,0.0,7.422422409057617,0.15663862228393555,9727.0,2.5823607444763184,496.5799865722656,-0.02972773090004921
156,-0.001374678686261177,-0.0029942814726382494,0.003027281491085887,-8.88371687324252e-08,1.1111111319905831e-07,-0.009629630483686924,1.1111112144135404e-05,0.0,0.0,0.0048692491836845875,0.0,0.9951307773590088,18.947134017944336,9.999999747378752e-06,-0.0032759096939116716,0.0013744814787060022,0.0055555556900799274,0.04814814776182175,0.2473866194486618,0.0,0.0,0.0,0.0,7.682458877563477,0.1534287929534912,9409.0,2.600803852081299,492.0400085449219,-0.07307124137878418
157,-0.0014050605241209269,-0.002689007669687271,0.002958372002467513,0.0,0.0,0.0,0.0,0.0,0.0,0.005615234375,0.0,0.994384765625,18.9799861907959,0.0019461950287222862,-0.009141293354332447,7.669867045478895e-06,0.0,0.0,0.2500757575035095,0.0,0.0,0.0,0.0,7.413609981536865,0.15005135536193848,9747.0,2.6073150634765625,500.0,-0.010631329379975796
158,-0.0013903352664783597,-0.003386572003364563,0.003005484351888299,-3.0468502245639684e-06,2.175925601477502e-06,-0.008101852610707283,5.092592982691713e-05,0.0,0.0,0.00665961392223835,0.0,0.9933403730392456,19.000638961791992,9.999999747378752e-06,-0.002236762782558799,0.0016517959302291274,0.025462964549660683,0.040509261190891266,0.25232818722724915,0.0,0.0,0.0,0.0,7.58136510848999,0.16085577011108398,9522.0,2.611280918121338,494.0299987792969,-0.09665710479021072
159,-0.0013916409807279706,-0.0024548268411308527,0.002967181848362088,0.0,0.0,-0.0034722222480922937,0.0,0.0,0.0,0.008287218399345875,0.0,0.9917128086090088,19.021162033081055,9.999999747378752e-06,-0.0024933391250669956,0.0011627937201410532,0.0,0.0173611119389534,0.24773158133029938,0.0,0.0,0.0,0.0,7.551632404327393,0.16144061088562012,9558.0,2.623628616333008,494.1499938964844,-0.049665600061416626
160,-0.0014047835720703006,-0.0030966843478381634,0.003092944622039795,0.0,0.0,-0.002006172901019454,0.0,0.0,0.0,0.0096571184694767,0.0,0.990342915058136,19.052770614624023,9.999999747378752e-06,-0.002541088033467531,0.0007884618826210499,0.0,0.010030863806605339,0.24952881038188934,0.0,0.0,0.0,0.0,7.632709503173828,0.1637122631072998,9456.0,2.6313397884368896,493.1300048828125,-0.0567660816013813
161,-0.0014038481749594212,-0.003171125892549753,0.0030118338763713837,0.0,0.0,-0.0011111112544313073,0.0,0.0,0.0,0.010579426772892475,0.0,0.9894205927848816,19.07661247253418,9.999999747378752e-06,-0.0014010440791025758,0.000352835952071473,0.0,0.0055555556900799274,0.244070366024971,0.0,0.0,0.0,0.0,7.87779426574707,0.16429662704467773,9167.0,2.6392440795898438,500.0,-0.015154196880757809
162,-0.0013986073900014162,-0.004503302741795778,0.003073341678828001,-4.105450443603331e-06,3.972222202719422e-06,-0.0055555556900799274,4.7222227294696495e-05,3.7649799651262583e-06,0.0,0.01093207485973835,0.0,0.9890679121017456,19.11697769165039,0.0029192925430834293,-0.0019014551071450114,0.00040333400829695165,0.02361110970377922,0.02777777798473835,0.25541916489601135,0.0,0.0,0.0,0.0,7.770652770996094,0.1532585620880127,9304.0,2.6676459312438965,499.4100036621094,-0.04361657798290253
163,-0.0014039280358701944,-0.005090212915092707,0.0031748199835419655,-3.5863261018675985e-06,2.33333298638172e-06,-0.003888888983055949,3.888889114023186e-05,0.0,0.0,0.01166449673473835,0.0,0.9883354902267456,19.23481559753418,9.999999747378752e-06,-0.0012371562188491225,0.0008880436653271317,0.01944444514811039,0.01944444514811039,0.24868978559970856,0.0,0.0,0.0,0.0,7.774441719055176,0.15016746520996094,9303.0,2.6914970874786377,497.8800048828125,-0.06412267684936523
164,-0.0013965701218694448,-0.004205205477774143,0.00313101545907557,-1.013366158986173e-06,8.928571446631395e-07,-0.0029761907644569874,3.5714288969757035e-05,0.0,0.0,0.01274956576526165,0.0,0.9872504472732544,19.255592346191406,9.999999747378752e-06,-0.0022441421169787645,0.0009844994638115168,0.01785714365541935,0.014880952425301075,0.24841637909412384,0.0,0.0,0.0,0.0,7.655470848083496,0.15198063850402832,9443.0,2.697118043899536,491.7300109863281,-0.057284072041511536
165,-0.0014238065341487527,-0.004785817116498947,0.00308182998560369,-1.6647911706968443e-06,5.314812824508408e-06,-0.0035714288242161274,8.05555609986186e-05,0.0,0.0,0.013997395522892475,0.0,0.9860026240348816,19.28370475769043,9.999999747378752e-06,-0.001821913756430149,0.0009961200412362814,0.04027777910232544,0.01785714365541935,0.2522481679916382,0.0,0.0,0.0,0.0,7.174467086791992,0.18358135223388672,10020.0,2.711113929748535,496.9599914550781,-0.08876337110996246
166,-0.0014182693557813764,-0.005515500903129578,0.0030943802557885647,-1.0619986596793751e-06,4.287036517780507e-06,-0.00296296295709908,5.7407411077292636e-05,0.0,0.0,0.014512804336845875,0.0,0.9854872226715088,19.31519889831543,9.999999747378752e-06,-0.0023504735436290503,0.0007899279007688165,0.028703706339001656,0.014814815483987331,0.24724796414375305,0.0,0.0,0.0,0.0,8.013261795043945,0.14998817443847656,9031.0,2.717670440673828,496.69000244140625,-0.07888774573802948
167,-0.0014269475359469652,-0.004088429268449545,0.0032696567941457033,-5.089307251182618e-07,9.040403483595583e-07,0.0,3.9730643038637936e-05,0.0,0.0,0.01513671875,0.0,0.98486328125,19.333049774169922,0.0019461950287222862,-0.009048736654222012,5.325475285644643e-06,0.01986531913280487,0.0,0.2527972459793091,0.0,0.0,0.0,0.0,7.755537986755371,0.15316390991210938,9322.0,2.7232322692871094,500.0,-0.0203552208840847
168,-0.0014234547270461917,-0.004837757907807827,0.0031898166052997112,-6.00462135480484e-06,2.9259256280056434e-06,-0.0018518519354984164,3.888889114023186e-05,0.0,0.0,0.014512804336845875,0.0,0.9854872226715088,19.345855712890625,9.999999747378752e-06,0.0013959932839497924,0.0004089048888999969,0.01944444514811039,0.009259259328246117,0.24769242107868195,0.0,0.0,0.0,0.0,7.686639785766602,0.14992213249206543,9408.0,2.725900650024414,497.5400085449219,-0.053372837603092194
169,-0.0014243688201531768,-0.003008156083524227,0.003142785746604204,0.0,0.0,-0.0006172839784994721,0.0,0.0,0.0,0.014133029617369175,0.0,0.9858669638633728,19.37459945678711,7.593750342493877e-05,-0.0015341686084866524,0.00041027195402421057,0.0,0.003086419776082039,0.24717102944850922,0.0,0.0,0.0,0.0,7.152540683746338,0.1486039161682129,10098.0,2.7467663288116455,498.2900085449219,-0.034020233899354935
170,-0.0014237596187740564,-0.0037046049255877733,0.0032481858506798744,0.0,0.0,-0.0055555556900799274,0.0,0.0,0.0,0.013047960586845875,0.0,0.9869520664215088,19.456266403198242,0.0029192925430834293,-0.002187747973948717,0.00040753622306510806,0.0,0.02777777798473835,0.25053659081459045,0.0,0.0,0.0,0.0,7.492967128753662,0.1534581184387207,9642.0,2.786249876022339,497.80999755859375,-0.037313297390937805
171,-0.001439218525774777,-0.0036475800443440676,0.00332063902169466,-7.478932388949033e-07,6.250000410545908e-07,-0.007407407741993666,1.388888995279558e-05,0.0,0.0,0.0133192278444767,0.0,0.986680805683136,19.55465316772461,9.999999747378752e-06,-0.0014383934903889894,0.000862312619574368,0.0069444444961845875,0.03703703731298447,0.25442108511924744,0.0,0.0,0.0,0.0,6.802762985229492,0.15192294120788574,10601.0,2.799604892730713,497.20001220703125,-0.059350524097681046
172,-0.0014425265835598111,-0.003114217659458518,0.003235462587326765,0.0,0.0,-0.0046913581900298595,0.0,0.0,0.0,0.013644748367369175,0.0,0.9863552451133728,19.570133209228516,9.999999747378752e-06,-0.00314142438583076,0.0014307488454505801,0.0,0.023456791415810585,0.24989189207553864,0.0,0.0,0.0,0.0,6.999448776245117,0.1520991325378418,10309.0,2.8065240383148193,494.07000732421875,-0.06917096674442291
173,-0.0014539171243086457,-0.003107176860794425,0.0031920354813337326,0.0,0.0,-0.0013888889225199819,0.0,0.0,0.0,0.013156467117369175,0.0,0.9868435263633728,19.591304779052734,9.999999747378752e-06,-0.0015236755134537816,0.0004082780214957893,0.0,0.0069444444961845875,0.2520059049129486,0.0,0.0,0.0,0.0,7.1857218742370605,0.15120315551757812,10048.0,2.8148434162139893,496.9800109863281,-0.03360065072774887
174,-0.0014388234121724963,-0.003364887088537216,0.0032604599837213755,-2.0843104664436396e-07,1.9444445342742256e-07,-0.0034722222480922937,5.555556072067702e-06,0.0,0.0,0.013142903335392475,0.0,0.9868571162223816,19.6185245513916,9.999999747378752e-06,-0.0031678297091275454,0.0015113442204892635,0.0027777778450399637,0.0173611119389534,0.251141756772995,0.0,0.0,0.0,0.0,7.669197082519531,0.15352702140808105,9424.0,2.8249199390411377,495.7799987792969,-0.07386333495378494
175,-0.0014516577357426286,-0.0031956247985363007,0.003269950160756707,0.0,0.0,-0.003293650923296809,0.0,0.0,0.0,0.013943142257630825,0.0,0.9860568642616272,19.65021514892578,5.062499985797331e-05,-0.002604970009997487,0.0011564369779080153,0.0,0.01646825298666954,0.24759918451309204,0.0,0.0,0.0,0.0,7.457781791687012,0.15276837348937988,9687.0,2.8373279571533203,490.29998779296875,-0.07431785017251968
176,-0.001456894795410335,-0.003289955435320735,0.003216174431145191,-2.6015632670350897e-07,2.0555557966872584e-06,-0.0018518519354984164,1.1111112144135404e-05,2.277030944242142e-06,0.0,0.014485676772892475,0.0,0.9855143427848816,19.693355560302734,1.4999999621068127e-05,-0.0014778317417949438,0.0004016663588117808,0.0055555556900799274,0.009259259328246117,0.24904394149780273,0.0,0.0,0.0,0.0,7.308832168579102,0.18143367767333984,9843.0,2.852407932281494,495.75,-0.0345558263361454
177,-0.001490825554355979,-0.004073743242770433,0.0032197036780416965,-2.3693370110322576e-07,3.4722222608252196e-07,-0.0013888889225199819,1.388888995279558e-05,9.096615372072847e-07,0.0,0.01416015625,0.0,0.98583984375,19.73750877380371,0.0029192925430834293,-0.0016618543304502964,0.0003765948349609971,0.0069444444961845875,0.0069444444961845875,0.25436142086982727,0.0,0.0,0.0,0.0,7.492376327514648,0.1518104076385498,9644.0,2.880852222442627,497.739990234375,-0.047356873750686646
178,-0.0015064666513353586,-0.004220230970531702,0.0031108553521335125,-9.999857866205275e-07,1.8055555983664817e-06,-0.0007936508627608418,2.5462964913458563e-05,0.0,0.0,0.0130615234375,0.0,0.9869384765625,19.815919876098633,9.999999747378752e-06,-0.0009493149700574577,0.00041832239367067814,0.012731482274830341,0.003968254197388887,0.24627095460891724,0.0,0.0,0.0,0.0,6.8195881843566895,0.1504061222076416,10577.0,2.891537666320801,498.9599914550781,-0.04309052601456642
179,-0.0014848806895315647,-0.003317698137834668,0.0029275433626025915,0.0,0.0,-0.00296296295709908,0.0,0.0,0.0,0.011949327774345875,0.0,0.9880506992340088,19.84285545349121,0.00017085937724914402,-0.001808202126994729,0.0007599863456562161,0.0,0.014814815483987331,0.247964009642601,0.0,0.0,0.0,0.0,6.940512180328369,0.15269756317138672,10394.0,2.911264419555664,490.7799987792969,-0.05684501677751541
180,-0.001483636791817844,-0.003052338259294629,0.002845197916030884,-3.6887755072712025e-09,4.629629657415535e-08,-0.0009259259677492082,9.259259968530387e-06,0.0,0.0,0.012003581039607525,0.0,0.9879963994026184,19.889659881591797,9.999999747378752e-06,-0.001942114089615643,0.0003782287531066686,0.004629629664123058,0.004629629664123058,0.24884240329265594,0.0,0.0,0.0,0.0,7.0798139572143555,0.15528321266174316,10190.0,2.919471502304077,495.9599914550781,-0.03750533238053322
181,-0.0014669556403532624,-0.0035189043264836073,0.0030278414487838745,-6.187433996274194e-07,6.944444521650439e-07,-0.0050925929099321365,4.6296296204673126e-05,0.0,0.0,0.012315538711845875,0.0,0.9876844882965088,19.908784866333008,9.999999747378752e-06,-0.0032536194194108248,0.0015034839743748307,0.023148149251937866,0.025462964549660683,0.25096237659454346,0.0,0.0,0.0,0.0,6.961519241333008,0.1503746509552002,10366.0,2.9277501106262207,493.1300048828125,-0.07987374812364578
182,-0.0014874583575874567,-0.003970197401940823,0.0030737039633095264,0.0,0.0,-0.0016666667070239782,0.0,0.0,0.0,0.014377170242369175,0.0,0.9856228232383728,19.938644409179688,1.4999999621068127e-05,-0.0015954265836626291,0.0005612233653664589,0.0,0.008333333767950535,0.2509777247905731,0.0,0.0,0.0,0.0,7.190272331237793,0.1526956558227539,10040.0,2.9421896934509277,500.0,-0.027647579088807106
183,-0.0014819217612966895,-0.0036271505523473024,0.0032377555035054684,0.0,0.0,-0.0015432100044563413,0.0,0.0,0.0,0.01470269076526165,0.0,0.9852973222732544,19.9703369140625,7.593750342493877e-05,-0.001554687973111868,0.0006247321725822985,0.0,0.0077160499058663845,0.2473583221435547,0.0,0.0,0.0,0.0,6.919198513031006,0.15274286270141602,10425.0,2.9500298500061035,500.0,-0.030266866087913513
184,-0.001481479499489069,-0.00455106096342206,0.003246062435209751,0.0,0.0,0.0,0.0,0.0,0.0,0.01447211392223835,0.0,0.9855278730392456,19.985807418823242,0.0019461950287222862,-0.012153222225606441,4.81353526993189e-06,0.0,0.0,0.24992556869983673,0.0,0.0,0.0,0.0,6.918041229248047,0.1540207862854004,10425.0,2.950077533721924,500.0,-0.03025674633681774
185,-0.0014611739898100495,-0.003616542788222432,0.0031613085884600878,0.0,0.0,-0.0058862436562776566,0.0,0.0,0.0,0.01447211392223835,0.0,0.9855278730392456,19.984071731567383,9.999999747378752e-06,-0.0016453347634524107,0.0013341394951567054,0.0,0.029431218281388283,0.25239506363868713,0.0,0.0,0.0,0.0,7.312813758850098,0.15315961837768555,9875.0,2.9525766372680664,497.07000732421875,-0.060148391872644424
186,-0.0014326587552204728,-0.003965531010180712,0.00321432133205235,0.0,0.0,-0.014074074104428291,0.0,0.0,0.0,0.0138075090944767,0.0,0.986192524433136,20.00023078918457,9.999999747378752e-06,-0.002685876563191414,0.0011964685982093215,0.0,0.07037036865949631,0.2484160214662552,0.0,0.0,0.0,0.0,7.30145263671875,0.1608562469482422,9880.0,2.9629013538360596,495.70001220703125,-0.07682587206363678
187,-0.0014669729862362146,-0.003899991512298584,0.0031738916877657175,0.0,0.0,-0.0036111113149672747,0.0,0.0,0.0,0.014241536147892475,0.0,0.9857584834098816,20.024187088012695,9.999999747378752e-06,-0.002499429974704981,0.0008063397835940123,0.0,0.01805555447936058,0.24845123291015625,0.0,0.0,0.0,0.0,7.221324920654297,0.1524982452392578,9998.0,2.9701905250549316,496.70001220703125,-0.0640246570110321
188,-0.0014679270097985864,-0.004529463592916727,0.00306434347294271,0.0,0.0,-0.007645502686500549,0.0,0.0,0.0,0.015489366836845875,0.0,0.9845106601715088,20.04266929626465,9.999999747378752e-06,-0.004017224535346031,0.002612105570733547,0.0,0.03822751343250275,0.25157901644706726,0.0,0.0,0.0,0.0,7.377144813537598,0.16062355041503906,9781.0,2.976487636566162,496.9700012207031,-0.11020465195178986
189,-0.0014773344155400991,-0.004278814885765314,0.0030232928693294525,0.0,0.0,-0.007087742444127798,0.0,0.0,0.0,0.01763237826526165,0.0,0.9823676347732544,20.060649871826172,9.999999747378752e-06,-0.004245340824127197,0.002616503508761525,0.0,0.03543871268630028,0.24972815811634064,0.0,0.0,0.0,0.0,7.281246185302734,0.15430283546447754,9915.0,2.9830055236816406,491.8500061035156,-0.13088908791542053
190,-0.0014852022286504507,-0.004406891297549009,0.0031599642243236303,0.0,0.0,-0.008353175595402718,0.0,0.0,0.0,0.0213487409055233,0.0,0.9786512851715088,20.079591751098633,9.999999747378752e-06,-0.00417554285377264,0.002734006382524967,0.0,0.04176587611436844,0.25545448064804077,0.0,0.0,0.0,0.0,7.685005187988281,0.15149569511413574,9408.0,2.9907076358795166,498.3699951171875,-0.109087735414505
191,-0.0014659448061138391,-0.00390861788764596,0.0029477637726813555,0.0,7.936507984140917e-08,-0.006216931622475386,7.936508154671174e-06,0.0,0.0,0.02384440042078495,0.0,0.9761555790901184,20.099868774414062,9.999999747378752e-06,-0.0034456979483366013,0.0020891984459012747,0.003968254197388887,0.031084656715393066,0.2503901720046997,0.0,0.0,0.0,0.0,7.800264358520508,0.14975619316101074,9273.0,2.998709201812744,483.3399963378906,-0.12089785933494568
192,-0.0015090069500729442,-0.0038205343298614025,0.003052018815651536,0.0,0.0,0.0,0.0,0.0,0.0,0.02520073764026165,0.0,0.9747992753982544,20.116680145263672,0.0012974634300917387,-0.00914168544113636,9.03009913599817e-06,0.0,0.0,0.25132402777671814,0.0,0.0,0.0,0.0,7.423331260681152,0.16342568397521973,9717.0,3.003200054168701,500.0,-0.021093076094985008
193,-0.0015095403650775552,-0.004471919033676386,0.0030630577821284533,0.0,0.0,0.0,0.0,0.0,0.0,0.02434624545276165,0.0,0.9756537675857544,20.131744384765625,0.0029192925430834293,-0.01045274455100298,1.4624029063270427e-05,0.0,0.0,0.2529832422733307,0.0,0.0,0.0,0.0,6.872285842895508,0.18308424949645996,10449.0,3.007338762283325,500.0,-0.031038153916597366
194,-0.001498525612987578,-0.00395657354965806,0.0030441556591540575,-4.933777404403372e-07,2.579365059318661e-07,-0.0055555556900799274,2.1825397197972052e-05,0.0,0.0,0.0238308385014534,0.0,0.9761691689491272,20.137758255004883,9.999999747378752e-06,-0.00017239067528862506,0.0011998683912679553,0.010912698693573475,0.02777777798473835,0.2506803572177887,0.0,0.0,0.0,0.0,7.359957695007324,0.1499948501586914,9817.0,3.009838104248047,496.9599914550781,-0.0811089426279068
195,-0.001522672944702208,-0.004446542821824551,0.002970827044919133,-3.017943939198631e-08,1.1111111319905831e-07,-0.0009259259677492082,1.1111112144135404e-05,0.0,0.0,0.02402072586119175,0.0,0.9759792685508728,20.151220321655273,0.0012974634300917387,-0.0017154072411358356,0.0003781056439038366,0.0055555556900799274,0.004629629664123058,0.25454097986221313,0.0,0.0,0.0,0.0,7.246738433837891,0.1605820655822754,9953.0,3.023843765258789,499.25,-0.0532311275601387
196,-0.0015203614020720124,-0.0036874236539006233,0.0030328715220093727,0.0,0.0,0.0,0.0,0.0,0.0,0.02255588211119175,0.0,0.9774441123008728,20.17827606201172,0.0019461950287222862,-0.013220425695180893,0.0002100718702422455,0.0,0.0,0.25223076343536377,0.0,0.0,0.0,0.0,6.87007999420166,0.14888787269592285,10504.0,3.020381212234497,500.0,-0.022943859919905663
197,-0.0015203963266685605,-0.00343159306794405,0.0029329380486160517,0.0,0.0,0.0,0.0,0.0,0.0,0.0216335728764534,0.0,0.9783664345741272,20.168476104736328,0.004378939047455788,-0.0128757543861866,0.00010173145710723475,0.0,0.0,0.2453276365995407,0.0,0.0,0.0,0.0,8.307365417480469,0.15018081665039062,8717.0,3.0203511714935303,500.0,-0.017893072217702866
198,-0.0015062295133247972,-0.003063463605940342,0.0028831891249865294,0.0,0.0,-0.0009259259677492082,0.0,0.0,0.0,0.02189127542078495,0.0,0.9781087040901184,20.17300033569336,9.999999747378752e-06,0.0023110774345695972,0.001375121995806694,0.0,0.004629629664123058,0.24621568620204926,0.0,0.0,0.0,0.0,7.296283721923828,0.1777951717376709,9864.0,3.025235652923584,500.0,-0.02403256483376026
199,-0.0014967006864026189,-0.0027213406283408403,0.00292353262193501,0.0,0.0,0.0,0.0,0.0,0.0,0.02068413607776165,0.0,0.9793158769607544,20.182035446166992,0.0019461950287222862,-0.009085604920983315,0.00010313050006516278,0.0,0.0,0.24708601832389832,0.0,0.0,0.0,0.0,7.603011131286621,0.15641164779663086,9501.0,3.029820442199707,500.0,-0.015148513950407505
200,-0.001495866570621729,-0.0025889526586979628,0.0027756590861827135,0.0,0.0,-0.0055555556900799274,0.0,0.0,0.0,0.0195448137819767,0.0,0.980455219745636,20.204051971435547,9.999999747378752e-06,-0.0010536910267546773,0.001209707697853446,0.0,0.02777777798473835,0.25271159410476685,0.0,0.0,0.0,0.0,7.085247039794922,0.17648673057556152,10152.0,3.03908109664917,499.489990234375,-0.03188217058777809
201,-0.0014722268097102642,-0.002314362209290266,0.002680760808289051,-2.598016806132364e-07,1.2962962046003668e-06,-0.002314814832061529,9.259259968530387e-06,3.968468931248026e-08,0.0,0.019287109375,0.0,0.980712890625,20.2254695892334,1.4999999621068127e-05,-0.0018732290482148528,0.0006657959893345833,0.004629629664123058,0.011574074625968933,0.2503995895385742,0.0,0.0,0.0,0.0,7.261916637420654,0.1612849235534668,9932.0,3.051788330078125,499.9599914550781,-0.02967292256653309
202,-0.0014929183525964618,-0.0021654360461980104,0.0029417185578495264,0.0,0.0,-0.0011111112544313073,0.0,0.0,0.0,0.01691352017223835,0.0,0.9830864667892456,20.251516342163086,9.999999747378752e-06,-0.0014085768489167094,0.00036163022741675377,0.0,0.0055555556900799274,0.252242773771286,0.0,0.0,0.0,0.0,7.161150932312012,0.14896917343139648,10085.0,3.0574235916137695,500.0,-0.0062700179405510426
203,-0.001487464178353548,-0.0023379093036055565,0.0029170785564929247,0.0,0.0,-0.0027777780778706074,0.0,0.0,0.0,0.014024523086845875,0.0,0.9859755039215088,20.26410675048828,9.999999747378752e-06,-0.0028251411858946085,0.0011009392328560352,0.0,0.013888888992369175,0.2552802264690399,0.0,0.0,0.0,0.0,7.666186809539795,0.14990496635437012,9432.0,3.061630964279175,496.9599914550781,-0.04961966350674629
204,-0.001487568486481905,-0.0027011705096811056,0.0028691645711660385,0.0,0.0,-0.0034259259700775146,0.0,0.0,0.0,0.01068793423473835,0.0,0.9893120527267456,20.279451370239258,9.999999747378752e-06,-0.003108219476416707,0.0010630517499521375,0.0,0.017129629850387573,0.247505322098732,0.0,0.0,0.0,0.0,7.737558364868164,0.1887357234954834,9301.0,3.0688796043395996,499.55999755859375,-0.05675223842263222
205,-0.0014761273050680757,-0.002711337059736252,0.0026981148403137922,0.0,0.0,-0.005555556155741215,0.0,0.0,0.0,0.009426540695130825,0.0,0.9905734658241272,20.293437957763672,9.999999747378752e-06,-0.004013110883533955,0.00162778259254992,0.0,0.02777777798473835,0.24815872311592102,0.0,0.0,0.0,0.0,7.1856536865234375,0.1484081745147705,10052.0,3.072519540786743,497.6700134277344,-0.09117912501096725
206,-0.0014765826053917408,-0.0029128273017704487,0.0026188348419964314,-4.784537850355264e-07,1.435185026821273e-06,-0.011712963692843914,2.5462964913458563e-05,2.8080413017050887e-07,0.0,0.0113525390625,0.0,0.9886474609375,20.3084716796875,9.999999747378752e-06,-0.0046620918437838554,0.00303348689340055,0.012731482274830341,0.058564815670251846,0.24886628985404968,0.0,0.0,0.0,0.0,7.214718818664551,0.15238595008850098,10007.0,3.0803627967834473,497.0299987792969,-0.13235197961330414
207,-0.0014527682214975357,-0.002352891257032752,0.002413871930912137,-5.2376100256879e-07,1.9444441932137124e-06,-0.027222225442528725,1.8518519937060773e-05,0.0,0.0,0.01668294332921505,0.0,0.9833170771598816,20.331707000732422,9.999999747378752e-06,-0.004614942707121372,0.005366910248994827,0.009259259328246117,0.13611111044883728,0.24235683679580688,0.0,0.0,0.0,0.0,7.111413478851318,0.15998101234436035,10139.0,3.090343475341797,489.9100036621094,-0.29477381706237793
208,-0.0014762433711439371,-0.0027888657059520483,0.002413942711427808,-1.0272536883348948e-06,1.8055553709928063e-06,-0.01935185305774212,3.703703987412155e-05,0.0,0.0,0.0236952044069767,0.0,0.976304829120636,20.358070373535156,9.999999747378752e-06,-0.004170622676610947,0.004268340300768614,0.018518518656492233,0.09675926715135574,0.2518618106842041,0.0,0.0,0.0,0.0,6.684723377227783,0.15738940238952637,10775.0,3.10124135017395,494.8500061035156,-0.2153925746679306
209,-0.0014684484340250492,-0.0020089850295335054,0.0022746147587895393,0.0,0.0,-0.0154629647731781,0.0,0.0,0.0,0.0273573137819767,0.0,0.972642719745636,20.382793426513672,9.999999747378752e-06,-0.003774742828682065,0.003246103413403034,0.0,0.0773148164153099,0.25313058495521545,0.0,0.0,0.0,0.0,7.924599647521973,0.19102239608764648,9084.0,3.1090919971466064,494.739990234375,-0.1709347665309906
210,-0.001468512462452054,-0.0019691288471221924,0.002366115339100361,0.0,0.0,-0.009646927006542683,0.0,0.0,0.0,0.0318196602165699,0.0,0.9681803584098816,20.400434494018555,9.999999747378752e-06,-0.003391752252355218,0.0024776451755315065,0.0,0.04823463410139084,0.25535884499549866,0.0,0.0,0.0,0.0,7.98924446105957,0.15064501762390137,9057.0,3.1145384311676025,494.9800109863281,-0.13105037808418274
211,-0.001451120711863041,-0.003089683363214135,0.002336645731702447,-1.717287290148306e-07,1.1111111319905831e-07,-0.0027777778450399637,1.1111112144135404e-05,0.0,0.0,0.0338812954723835,0.0,0.9661186933517456,20.415590286254883,0.0012974634300917387,-0.002315595280379057,0.0003922833129763603,0.0055555556900799274,0.013888888992369175,0.25094014406204224,0.0,0.0,0.0,0.0,7.481446266174316,0.15124130249023438,9659.0,3.12412428855896,499.29998779296875,-0.03431842103600502
212,-0.0014616252155974507,-0.001921112765558064,0.002657931065186858,0.0,0.0,0.0,0.0,0.0,0.0,0.0337185338139534,0.0,0.9662814736366272,20.44162368774414,0.0019461950287222862,-0.004381333012133837,2.1734324036515318e-05,0.0,0.0,0.24763372540473938,0.0,0.0,0.0,0.0,6.857897758483887,0.14987921714782715,10520.0,3.1261978149414062,500.0,-0.005340616684406996
213,-0.001448790542781353,-0.0028760426212102175,0.002588404342532158,-5.441764372449143e-08,3.240740795718011e-07,-0.006790123414248228,1.8518519937060773e-05,0.0,0.0,0.0348714180290699,0.0,0.9651286005973816,20.436979293823242,9.999999747378752e-06,-0.0017965380102396011,0.0016939991619437933,0.009259259328246117,0.03395061567425728,0.2487880438566208,0.0,0.0,0.0,0.0,7.140130996704102,0.1595008373260498,10100.0,3.1276581287384033,495.5,-0.0973876342177391
214,-0.0014444725820794702,-0.0033976128324866295,0.002755535999312997,0.0,0.0,-0.0013888889225199819,0.0,0.0,0.0,0.0363227017223835,0.0,0.9636772871017456,20.464183807373047,0.0029192925430834293,-0.0013427820522338152,0.000336528493789956,0.0,0.0069444444961845875,0.2528649866580963,0.0,0.0,0.0,0.0,7.393891334533691,0.15758728981018066,9763.0,3.158306121826172,500.0,-0.01836201548576355
215,-0.001431500306352973,-0.003764928551390767,0.0025418298318982124,0.0,0.0,-0.004682539962232113,0.0,0.0,0.0,0.0362006314098835,0.0,0.9637993574142456,20.543315887451172,9.999999747378752e-06,-0.002618309808894992,0.001456133439205587,0.0,0.02341269887983799,0.24794445931911469,0.0,0.0,0.0,0.0,7.444063186645508,0.14879679679870605,9710.0,3.1705024242401123,498.2099914550781,-0.08773569762706757
216,-0.0014296327717602253,-0.004085693974047899,0.0026655958499759436,0.0,0.0,0.0,0.0,0.0,0.0,0.0367567278444767,0.0,0.963243305683136,20.55219841003418,0.0019461950287222862,-0.007948335260152817,9.795222467801068e-06,0.0,0.0,0.2509601414203644,0.0,0.0,0.0,0.0,7.143343925476074,0.15468430519104004,10102.0,3.1719167232513428,500.0,-0.02618522383272648
217,-0.0014090511249378324,-0.0031855441629886627,0.002651605987921357,0.0,0.0,-0.00296296295709908,0.0,0.0,0.0,0.0363498255610466,0.0,0.9636501669883728,20.553546905517578,9.999999747378752e-06,-0.00033761566737666726,0.0006079236627556384,0.0,0.014814815483987331,0.2469768077135086,0.0,0.0,0.0,0.0,6.97410774230957,0.16193103790283203,10331.0,3.174172878265381,495.6700134277344,-0.036514610052108765
218,-0.001406532246619463,-0.004082831554114819,0.002908354392275214,0.0,0.0,-0.0027777778450399637,0.0,0.0,0.0,0.03564453125,0.0,0.96435546875,20.571731567382812,1.4999999621068127e-05,-0.001855471869930625,0.0003491110692266375,0.0,0.013888888992369175,0.24919982254505157,0.0,0.0,0.0,0.0,7.95442008972168,0.159562349319458,9086.0,3.1879477500915527,499.44000244140625,-0.04843877628445625
219,-0.0014115518424659967,-0.003897598246112466,0.0027483664453029633,0.0,0.0,-0.0027777778450399637,0.0,0.0,0.0,0.0343967005610466,0.0,0.9656032919883728,20.60246467590332,9.999999747378752e-06,-0.0024404863361269236,0.0007659982657060027,0.0,0.013888888992369175,0.25216272473335266,0.0,0.0,0.0,0.0,7.505373001098633,0.15093755722045898,9629.0,3.197178840637207,498.4200134277344,-0.06225814297795296
220,-0.0013963824603706598,-0.0035496007185429335,0.0027681547217071056,0.0,0.0,0.0,0.0,0.0,0.0,0.0315890833735466,0.0,0.9684109091758728,20.6151065826416,0.0012974634300917387,-0.008137728087604046,7.619342795806006e-06,0.0,0.0,0.24682879447937012,0.0,0.0,0.0,0.0,6.83082389831543,0.15111589431762695,10559.0,3.1966967582702637,500.0,-0.019889047369360924
221,-0.001386916497722268,-0.004032930824905634,0.002815899206325412,0.0,0.0,-0.00296296295709908,0.0,0.0,0.0,0.02621799148619175,0.0,0.9737820029258728,20.616790771484375,9.999999747378752e-06,-0.0006605081143788993,0.0007974814507178962,0.0,0.014814815483987331,0.25486427545547485,0.0,0.0,0.0,0.0,7.349340915679932,0.19645023345947266,9770.0,3.199936866760254,494.8699951171875,-0.07104073464870453
222,-0.0014068955788388848,-0.004283068235963583,0.0025523900985717773,-5.407393999234955e-08,6.944443384782062e-07,0.0,9.259259968530387e-06,2.8224247827779436e-08,0.0,0.01962619461119175,0.0,0.9803737998008728,20.62586784362793,0.0019461950287222862,-0.008844778873026371,4.492901553021511e-06,0.004629629664123058,0.0,0.24872705340385437,0.0,0.0,0.0,0.0,6.392024517059326,0.15104365348815918,11268.0,3.2048449516296387,500.0,-0.03224505856633186
223,-0.0014018977526575327,-0.004255041480064392,0.002505461685359478,0.0,0.0,0.0,0.0,0.0,0.0,0.014756944961845875,0.0,0.9852430820465088,20.631790161132812,9.999999747378752e-06,-0.0015896742697805166,4.93428797199158e-06,0.0,0.0,0.24902643263339996,0.0,0.0,0.0,0.0,7.328775405883789,0.17078518867492676,9830.0,3.2063636779785156,500.0,-0.029130294919013977
224,-0.0013891889248043299,-0.003861283650621772,0.0025846774224191904,0.0,0.0,0.0,0.0,0.0,0.0,0.010281032882630825,0.0,0.9897189736366272,20.636661529541016,9.999999747378752e-06,-0.0034969053231179714,5.757563940278487e-06,0.0,0.0,0.25057291984558105,0.0,0.0,0.0,0.0,7.1988911628723145,0.15218305587768555,10029.0,3.2090280055999756,500.0,-0.032027579843997955
225,-0.0013785676565021276,-0.003434588899835944,0.002629878232255578,0.0,0.0,0.0,0.0,0.0,0.0,0.008544921875,0.0,0.991455078125,20.651535034179688,0.0019461950287222862,-0.007556898985058069,5.257381417322904e-06,0.0,0.0,0.24581217765808105,0.0,0.0,0.0,0.0,7.435488700866699,0.15250062942504883,9716.0,3.2188098430633545,500.0,-0.02201164700090885
226,-0.001364343916065991,-0.003294534282758832,0.0025768312625586987,-4.1793526861511054e-08,1.1111109188277624e-06,0.0,1.388888995279558e-05,6.982591571613739e-08,0.0,0.008287218399345875,0.0,0.9917128086090088,20.658241271972656,9.999999747378752e-06,-0.00891688372939825,5.355866960599087e-06,0.0069444444961845875,0.0,0.2513503134250641,0.0,0.0,0.0,0.0,7.266719818115234,0.1535167694091797,9936.0,3.2172188758850098,500.0,-0.01960679702460766
227,-0.0013757215347141027,-0.003096633590757847,0.002800083952024579,0.0,0.0,0.0,0.0,0.0,0.0,0.006863064132630825,0.0,0.9931369423866272,20.658580780029297,0.0019461950287222862,-0.008177990093827248,2.827270691341255e-06,0.0,0.0,0.25105783343315125,0.0,0.0,0.0,0.0,6.954885959625244,0.15395379066467285,10371.0,3.217294692993164,500.0,-0.020075250416994095
228,-0.0013607932487502694,-0.002742870943620801,0.002770800609141588,0.0,0.0,0.0,0.0,0.0,0.0,0.0054796007461845875,0.0,0.9945204257965088,20.652456283569336,9.999999747378752e-06,-0.006078853737562895,4.328143404563889e-06,0.0,0.0,0.24661922454833984,0.0,0.0,0.0,0.0,7.837396621704102,0.15009546279907227,9230.0,3.216468095779419,500.0,-0.014273606240749359
229,-0.001336722751148045,-0.002871402772143483,0.0026178392581641674,-1.6236461419794068e-07,7.291664587683044e-07,-0.0013888889225199819,2.0833333110203966e-05,0.0,0.0,0.0047471788711845875,0.0,0.9952528476715088,20.66536521911621,5.062499985797331e-05,-0.0012760008685290813,0.0002249985554954037,0.010416666977107525,0.0069444444961845875,0.24770471453666687,0.0,0.0,0.0,0.0,7.515305995941162,0.15213322639465332,9615.0,3.229574203491211,500.0,-0.016981538385152817
230,-0.0013340582372620702,-0.002546886680647731,0.002675094874575734,0.0,0.0,-0.0007936508627608418,0.0,0.0,0.0,0.004082574043422937,0.0,0.9959174394607544,20.718185424804688,0.0029192925430834293,-0.0019330219365656376,0.00039650683174841106,0.0,0.003968254197388887,0.2462577521800995,0.0,0.0,0.0,0.0,7.1506452560424805,0.1507861614227295,10097.0,3.2648813724517822,495.67999267578125,-0.03302053362131119
231,-0.0013526311377063394,-0.002609027549624443,0.0026021082885563374,0.0,3.9682539920704585e-08,0.0,7.936508154671174e-06,0.0,0.0,0.0037027995567768812,0.0,0.9962971806526184,20.778257369995117,9.999999747378752e-06,-0.009438549168407917,0.004942525178194046,0.003968254197388887,0.0,0.2482960969209671,0.0,0.0,0.0,0.0,7.270341873168945,0.15308761596679688,9931.0,3.266541004180908,500.0,-0.013836544938385487
232,-0.0013016723096370697,-0.0021263929083943367,0.0025896287988871336,0.0,0.0,-0.003240741090849042,0.0,0.0,0.0,0.0037434895057231188,0.0,0.9962565302848816,20.784875869750977,9.999999747378752e-06,-0.001805739477276802,0.0006108551169745624,0.0,0.016203705221414566,0.25210222601890564,0.0,0.0,0.0,0.0,7.364553928375244,0.1505744457244873,9810.0,3.2739877700805664,497.82000732421875,-0.03262758255004883
233,-0.001326681231148541,-0.0024196747690439224,0.00280468980781734,0.0,0.0,0.0,0.0,0.0,0.0,0.0036214191932231188,0.0,0.9963786005973816,20.798072814941406,0.0019461950287222862,-0.007517973892390728,4.229087608109694e-06,0.0,0.0,0.25243324041366577,0.0,0.0,0.0,0.0,6.788790702819824,0.15058088302612305,10624.0,3.2748472690582275,500.0,-0.010180337354540825
234,-0.001322570606134832,-0.00227932957932353,0.002598367165774107,0.0,0.0,0.0,0.0,0.0,0.0,0.0029296875,0.0,0.9970703125,20.7852783203125,0.004378939047455788,-0.01351619977504015,0.20194421708583832,0.0,0.0,0.2502395212650299,0.0,0.0,0.0,0.0,7.275216102600098,0.16413211822509766,9910.0,3.267866611480713,500.0,-0.011637465097010136
235,-0.0013188525335863233,-0.002321655163541436,0.002522338880226016,-9.900161046516587e-08,4.1666666561468446e-07,-0.0018518519354984164,3.703703987412155e-05,0.0,0.0,0.0026177300605922937,0.0,0.9973822832107544,20.795133590698242,0.0019461950287222862,-0.0029961031395941973,0.004061214625835419,0.018518518656492233,0.009259259328246117,0.24970705807209015,0.0,0.0,0.0,0.0,6.555704116821289,0.1483910083770752,10997.0,3.27998423576355,497.239990234375,-0.0295040775090456
236,-0.0013277126708999276,-0.0021832482889294624,0.002513003069907427,-5.673561886965217e-08,1.0416666640367112e-07,0.0,6.94444497639779e-06,2.6117197649000445e-07,0.0,0.00244140625,0.0,0.99755859375,20.819969177246094,0.004378939047455788,-0.008623980917036533,0.004938506055623293,0.0034722222480922937,0.0,0.2503625452518463,0.0,0.0,0.0,0.0,7.6599860191345215,0.1463465690612793,9444.0,3.2859857082366943,500.0,-0.0087745301425457
237,-0.001307077007368207,-0.002459217794239521,0.0025294162333011627,-3.728319200035912e-07,2.7777778655035945e-07,-0.0011111112544313073,2.777777990559116e-05,0.0,0.0,0.0025634765625,0.0,0.9974365234375,20.84101676940918,0.0065684085711836815,-0.0077489265240728855,0.0013095078757032752,0.013888888992369175,0.0055555556900799274,0.2520964443683624,0.0,0.0,0.0,0.0,7.281124114990234,0.18694233894348145,9872.0,3.296358108520508,497.95001220703125,-0.03177395462989807
238,-0.00131415284704417,-0.002214534906670451,0.0027053682133555412,0.0,0.0,0.0,0.0,0.0,0.0,0.0029296875,0.0,0.9970703125,20.849252700805664,0.0012974634300917387,-0.008437310345470905,0.00035799399483948946,0.0,0.0,0.2508663237094879,0.0,0.0,0.0,0.0,7.734671592712402,0.1500558853149414,9350.0,3.298246145248413,500.0,-0.00919255893677473
239,-0.0013034837320446968,-0.0021025778260082006,0.0025840550661087036,0.0,0.0,0.0,0.0,0.0,0.0,0.0029296875,0.0,0.9970703125,20.858415603637695,0.0065684085711836815,-0.012462172657251358,0.000507129414472729,0.0,0.0,0.2498505413532257,0.0,0.0,0.0,0.0,7.3466010093688965,0.15426421165466309,9829.0,3.3017325401306152,500.0,-0.008881833404302597
240,-0.0012966409558430314,-0.002375601092353463,0.002447297563776374,0.0,0.0,0.0,0.0,0.0,0.0,0.0029296875,0.0,0.9970703125,20.87076759338379,0.0065684085711836815,-0.008676114492118359,0.00018229271518066525,0.0,0.0,0.24880965054035187,0.0,0.0,0.0,0.0,7.088033676147461,0.1939527988433838,10124.0,3.3055248260498047,500.0,-0.0102115822955966
241,-0.0012899041175842285,-0.0021416053641587496,0.002675674855709076,0.0,0.0,-0.0018518519354984164,0.0,0.0,0.0,0.0029703776817768812,0.0,0.9970296025276184,20.893653869628906,0.0019461950287222862,-0.0008937334059737623,0.0005013096961192787,0.0,0.009259259328246117,0.24958950281143188,0.0,0.0,0.0,0.0,7.651336193084717,0.17769598960876465,9417.0,3.325007915496826,495.25,-0.027211138978600502
242,-0.0012909902725368738,-0.002391799818724394,0.0024680504575371742,-1.9023995889710932e-07,8.796296242508106e-07,0.0,2.3148148102336563e-05,1.5439776746006828e-07,0.0,0.00341796875,0.0,0.99658203125,20.94658660888672,0.0029192925430834293,-0.013459117151796818,0.00012282190436962992,0.011574074625968933,0.0,0.24672895669937134,0.0,0.0,0.0,0.0,7.482894420623779,0.1639997959136963,9641.0,3.3374381065368652,500.0,-0.010500702075660229
243,-0.0012887133052572608,-0.002329521579667926,0.0024829667527228594,0.0,3.7037034417153336e-07,0.0,6.172839675855357e-06,0.0,0.0,0.0029432508163154125,0.0,0.997056782245636,20.948110580444336,9.999999747378752e-06,-0.007652881555259228,4.726554834633134e-05,0.003086419776082039,0.0,0.24917417764663696,0.0,0.0,0.0,0.0,6.868122577667236,0.15169239044189453,10502.0,3.340597629547119,500.0,-0.012776708230376244
244,-0.0012937715509906411,-0.0022777430713176727,0.0026352256536483765,-1.6795284807358257e-07,7.539682087553956e-07,0.0,3.293650661362335e-05,4.579002954585576e-09,0.0,0.0026991101913154125,0.0,0.997300922870636,20.954347610473633,0.0019461950287222862,-0.00887882150709629,9.98401446850039e-05,0.01646825298666954,0.0,0.24881114065647125,0.0,0.0,0.0,0.0,7.270790100097656,0.15035319328308105,9934.0,3.343799114227295,500.0,-0.01090006809681654
245,-0.0013013366842642426,-0.0022222113329917192,0.002656026044860482,-5.696164606661114e-08,4.03439173624065e-07,0.0,1.7195769032696262e-05,0.0,0.0,0.00244140625,0.0,0.99755859375,20.95905113220215,9.999999747378752e-06,0.007756315637379885,3.5834102163789794e-05,0.008597884327173233,0.0,0.2478940188884735,0.0,0.0,0.0,0.0,7.239377975463867,0.15165019035339355,9975.0,3.3456389904022217,500.0,-0.00905345194041729
246,-0.0012882848968729377,-0.00220772554166615,0.002671406604349613,0.0,0.0,0.0,0.0,0.0,0.0,0.0018174913711845875,0.0,0.9981825351715088,20.96323013305664,0.0019461950287222862,-0.007875693030655384,3.0069983040448278e-05,0.0,0.0,0.24797487258911133,0.0,0.0,0.0,0.0,7.543031215667725,0.1506636142730713,9582.0,3.348202705383301,500.0,-0.010778073221445084
247,-0.0012862900039181113,-0.002622097497805953,0.0027578361332416534,0.0,0.0,0.0,0.0,0.0,0.0,0.00146484375,0.0,0.99853515625,20.972307205200195,0.004378939047455788,-0.015526565723121166,1.2500187949626707e-05,0.0,0.0,0.2498166561126709,0.0,0.0,0.0,0.0,7.524552822113037,0.18959355354309082,9557.0,3.3491575717926025,500.0,-0.008394129574298859
248,-0.0012733574258163571,-0.0025856192223727703,0.002679729601368308,0.0,0.0,0.0,0.0,0.0,0.0,0.00146484375,0.0,0.99853515625,20.96902847290039,0.0019461950287222862,-0.014093240723013878,0.0003837854019366205,0.0,0.0,0.2516119182109833,0.0,0.0,0.0,0.0,7.559636116027832,0.14963412284851074,9563.0,3.349616527557373,500.0,-0.011427384801208973
249,-0.0012849400518462062,-0.0023379302583634853,0.002800092101097107,-1.4880163234920474e-06,9.25925931483107e-08,-0.0007936508627608418,1.8518519937060773e-05,0.0,0.0,0.0013834635028615594,0.0,0.9986165165901184,20.96872329711914,9.999999747378752e-06,-0.0007809962844476104,0.000411077868193388,0.009259259328246117,0.003968254197388887,0.25527510046958923,0.0,0.0,0.0,0.0,7.065237998962402,0.15296363830566406,10214.0,3.3510494232177734,496.2699890136719,-0.027737624943256378
250,-0.0012855954701080918,-0.002675049938261509,0.0027893364895135164,0.0,0.0,0.0,0.0,0.0,0.0,0.00146484375,0.0,0.99853515625,20.9752254486084,0.0019461950287222862,-0.008460109122097492,4.230269041727297e-06,0.0,0.0,0.25431135296821594,0.0,0.0,0.0,0.0,7.396077632904053,0.17212772369384766,9741.0,3.3539154529571533,500.0,-0.008751715533435345
251,-0.0013031280832365155,-0.0024740775115787983,0.0028128589037805796,-7.708855065402531e-08,1.1574073965903153e-07,0.0,2.3148149921325967e-05,0.0,0.0,0.0012885199394077063,0.0,0.9987114667892456,20.967098236083984,0.00017085937724914402,-0.012087020091712475,3.4865556699514855e-06,0.011574074625968933,0.0,0.25073379278182983,0.0,0.0,0.0,0.0,7.617311477661133,0.15073895454406738,9491.0,3.3507702350616455,500.0,-0.011707019992172718
252,-0.0012920517474412918,-0.002287068637087941,0.002808978548273444,0.0,0.0,-0.0013888889225199819,0.0,0.0,0.0,0.0010986328125,0.0,0.9989013671875,20.971649169921875,9.999999747378752e-06,-0.0017305820947512984,0.0004015783779323101,0.0,0.0069444444961845875,0.2522388696670532,0.0,0.0,0.0,0.0,7.084626197814941,0.1811666488647461,10147.0,3.3546738624572754,495.7099914550781,-0.02793923020362854
253,-0.0012834272347390652,-0.002248497446998954,0.002920836675912142,0.0,0.0,0.0,0.0,0.0,0.0,0.00146484375,0.0,0.99853515625,20.974451065063477,0.0029192925430834293,-0.008166956715285778,3.544595074345125e-06,0.0,0.0,0.25152233242988586,0.0,0.0,0.0,0.0,7.290089130401611,0.1615304946899414,9894.0,3.34873628616333,500.0,-0.005701038986444473
254,-0.001296455622650683,-0.0022566572297364473,0.0029061539098620415,0.0,0.0,-0.0006944444612599909,0.0,0.0,0.0,0.0018988715019077063,0.0,0.9981011152267456,20.961761474609375,9.999999747378752e-06,0.0015838239341974258,0.00021077257406432182,0.0,0.0034722222480922937,0.24497747421264648,0.0,0.0,0.0,0.0,6.7862114906311035,0.15183687210083008,10626.0,3.3489105701446533,500.0,-0.007042249199002981
255,-0.0013086773687973619,-0.0021519113797694445,0.002844797680154443,-2.75743616384716e-07,6.944444663758986e-08,0.0,1.388888995279558e-05,0.0,0.0,0.0018581814365461469,0.0,0.9981418251991272,20.967546463012695,0.0019461950287222862,-0.008459844626486301,3.0529877221852075e-06,0.0069444444961845875,0.0,0.2509644627571106,0.0,0.0,0.0,0.0,6.862727165222168,0.15141892433166504,10511.0,3.3513994216918945,500.0,-0.003191688796505332
256,-0.0013119025388732553,-0.0019870975520461798,0.0028407552745193243,-2.9289287795108976e-07,5.555555731007189e-07,0.0,1.1111112144135404e-05,0.0,0.0,0.00146484375,0.0,0.99853515625,20.980506896972656,0.0029192925430834293,-0.013791944831609726,3.14939006784698e-06,0.0055555556900799274,0.0,0.2501858174800873,0.0,0.0,0.0,0.0,7.193495750427246,0.15194344520568848,10037.0,3.356109380722046,500.0,-0.0046393293887376785
257,-0.0013008713722229004,-0.0020109692122787237,0.0029302756302058697,0.0,0.0,-0.0027777778450399637,0.0,0.0,0.0,0.0017632378730922937,0.0,0.9982367753982544,20.99017333984375,9.999999747378752e-06,-0.000994581845588982,0.0003621677460614592,0.0,0.013888888992369175,0.2511040270328522,0.0,0.0,0.0,0.0,7.2880706787109375,0.14793181419372559,9915.0,3.3637001514434814,496.54998779296875,-0.024350563064217567
258,-0.001305537298321724,-0.00208045425824821,0.0029903848189860582,0.0,0.0,-0.0013888889225199819,0.0,0.0,0.0,0.0023735894355922937,0.0,0.9976264238357544,21.0147762298584,0.0029192925430834293,-0.0007410348625853658,0.0002376425254624337,0.0,0.0069444444961845875,0.2487259954214096,0.0,0.0,0.0,0.0,7.884655952453613,0.16428685188293457,9159.0,3.3910887241363525,500.0,-0.0040375362150371075
259,-0.0012632848229259253,-0.002046236302703619,0.002932508708909154,-6.925135380697611e-07,2.407407237114967e-06,-0.0027777778450399637,3.703703987412155e-05,0.0,0.0,0.0025227863807231188,0.0,0.9974772334098816,21.083221435546875,9.999999747378752e-06,0.0007168097654357553,0.00040464187623001635,0.018518518656492233,0.013888888992369175,0.25018829107284546,0.0,0.0,0.0,0.0,7.260695457458496,0.14836692810058594,9951.0,3.402177333831787,495.6600036621094,-0.0206389669328928
260,-0.0012928502401337028,-0.002038939855992794,0.003010496962815523,-5.737522812410134e-08,6.018518092787417e-07,0.0,9.259259968530387e-06,0.0,0.0,0.0029296875,0.0,0.9970703125,21.094398498535156,0.0019461950287222862,-0.008653745986521244,3.1223362384480424e-06,0.004629629664123058,0.0,0.24847255647182465,0.0,0.0,0.0,0.0,7.221859931945801,0.15083956718444824,10000.0,3.406912088394165,500.0,-0.004496138077229261
261,-0.0012748936424031854,-0.002310005249455571,0.00305303861387074,-1.1275066214011531e-07,1.9841270670895028e-07,-0.0007936508627608418,7.936508154671174e-06,0.0,0.0,0.00341796875,0.0,0.99658203125,21.102495193481445,9.999999747378752e-06,0.00039242030470632017,5.815257827634923e-05,0.003968254197388887,0.003968254197388887,0.24799887835979462,0.0,0.0,0.0,0.0,7.025856971740723,0.1509265899658203,10273.0,3.409634828567505,500.0,-0.005172409117221832
262,-0.0012833263026550412,-0.002657803939655423,0.0029502378311008215,-2.2882597150442052e-08,1.851851862966214e-07,-0.0021825397852808237,1.8518519937060773e-05,0.0,0.0,0.0037027995567768812,0.0,0.9962971806526184,21.115585327148438,9.999999747378752e-06,-0.002287926385179162,0.0007773911347612739,0.009259259328246117,0.010912698693573475,0.25212517380714417,0.0,0.0,0.0,0.0,7.200247287750244,0.1739516258239746,9998.0,3.4185585975646973,494.2699890136719,-0.04789132624864578
263,-0.00126504001673311,-0.002456152578815818,0.0030071809887886047,0.0,0.0,-0.0027777778450399637,0.0,0.0,0.0,0.0043809679336845875,0.0,0.9956190586090088,21.138792037963867,9.999999747378752e-06,-0.0017184154130518436,0.0004054295422974974,0.0,0.013888888992369175,0.250226765871048,0.0,0.0,0.0,0.0,7.053244590759277,0.1507105827331543,10234.0,3.4288899898529053,496.3900146484375,-0.028390811756253242
264,-0.0012640373315662146,-0.0021909167990088463,0.0031146046239882708,0.0,0.0,-0.0018518519354984164,0.0,0.0,0.0,0.0048692491836845875,0.0,0.9951307773590088,21.162710189819336,0.0012974634300917387,-0.0008146353648044169,0.00010413796553621069,0.0,0.009259259328246117,0.25260892510414124,0.0,0.0,0.0,0.0,7.484957695007324,0.15113091468811035,9655.0,3.443830728530884,500.0,-0.004480344243347645
265,-0.0012735244818031788,-0.0023410089779645205,0.0030028477776795626,0.0,0.0,-0.0018518519354984164,0.0,0.0,0.0,0.0053304038010537624,0.0,0.9946696162223816,21.25717544555664,0.004378939047455788,-0.0015262477099895477,0.00018082775932271034,0.0,0.009259259328246117,0.25240734219551086,0.0,0.0,0.0,0.0,7.57905912399292,0.18637371063232422,9494.0,3.5020148754119873,500.0,-0.008484775200486183
266,-0.0012730287853628397,-0.002349225804209709,0.0029362067580223083,-2.4252148023151676e-07,8.68055508362886e-07,-0.0011111112544313073,2.5462964913458563e-05,0.0,0.0,0.005588107742369175,0.0,0.9944118857383728,21.355464935302734,9.999999747378752e-06,0.002082661259919405,0.00028058685711584985,0.012731482274830341,0.0055555556900799274,0.2486271858215332,0.0,0.0,0.0,0.0,7.343828201293945,0.1540994644165039,9833.0,3.519435167312622,500.0,-0.006898614577949047
267,-0.0012455484829843044,-0.002345324493944645,0.002911541610956192,-4.839374057041823e-08,9.25925931483107e-08,-0.0032627868931740522,1.8518519937060773e-05,0.0,0.0,0.005886501632630825,0.0,0.9941135048866272,21.37055778503418,9.999999747378752e-06,-0.0032391471322625875,0.0015956551069393754,0.009259259328246117,0.016313934698700905,0.24897930026054382,0.0,0.0,0.0,0.0,7.601386070251465,0.15482664108276367,9505.0,3.5272059440612793,487.1600036621094,-0.08774837106466293
268,-0.001236148877069354,-0.0021136398427188396,0.0030479610431939363,0.0,0.0,-0.004351851996034384,0.0,0.0,0.0,0.007744683418422937,0.0,0.9922553300857544,21.386383056640625,9.999999747378752e-06,-0.002269483869895339,0.0008657875005155802,0.0,0.021759260445833206,0.251212477684021,0.0,0.0,0.0,0.0,7.208135604858398,0.15252423286437988,10016.0,3.533073902130127,492.2200012207031,-0.04376351460814476
269,-0.0012673578457906842,-0.0023107409942895174,0.002985829720273614,0.0,0.0,0.0,0.0,0.0,0.0,0.00830078125,0.0,0.99169921875,21.396745681762695,0.0012974634300917387,-0.008774928748607635,3.31256455865514e-06,0.0,0.0,0.24723264575004578,0.0,0.0,0.0,0.0,7.1577348709106445,0.15370893478393555,10083.0,3.534325122833252,500.0,-0.00878763385117054
270,-0.0012562422780320048,-0.0020807620603591204,0.002923456719145179,-8.378732729852345e-08,2.0138888601195504e-07,0.0,1.8055558030027896e-05,0.0,0.0,0.00830078125,0.0,0.99169921875,21.381349563598633,0.0008649755618534982,-0.01384525652974844,3.06417223328026e-06,0.00902777723968029,0.0,0.2532936930656433,0.0,0.0,0.0,0.0,7.531197547912598,0.15065908432006836,9597.0,3.5275614261627197,500.0,-0.004963766783475876
271,-0.0012320998357608914,-0.0025935289449989796,0.003063370706513524,0.0,0.0,-0.0006172839784994721,0.0,0.0,0.0,0.00798882357776165,0.0,0.9920111894607544,21.390424728393555,9.999999747378752e-06,-0.0021447469480335712,0.00040648417780175805,0.0,0.003086419776082039,0.2472122311592102,0.0,0.0,0.0,0.0,6.972075462341309,0.1499180793762207,10352.0,3.5354206562042236,496.94000244140625,-0.02890174463391304
272,-0.0012528544757515192,-0.0025611303281039,0.0029956900980323553,-2.3428977158346243e-07,4.6296295863612613e-07,0.0,2.3148148102336563e-05,0.0,0.0,0.0078260637819767,0.0,0.992173969745636,21.39028549194336,0.0019461950287222862,-0.008520017378032207,3.399534762138501e-06,0.011574074625968933,0.0,0.2540869116783142,0.0,0.0,0.0,0.0,7.754664421081543,0.15245580673217773,9324.0,3.527484178543091,500.0,-0.008195572532713413
273,-0.0012594524305313826,-0.0024856580421328545,0.0029971301555633545,-9.97409230762969e-08,3.7477951764230966e-07,-0.0011111112544313073,1.410934783052653e-05,6.930813611916165e-08,0.0,0.00786675326526165,0.0,0.9921332597732544,21.378767013549805,9.999999747378752e-06,0.00018075706611853093,0.00039279175689443946,0.007054673973470926,0.0055555556900799274,0.24828386306762695,0.0,0.0,0.0,0.0,7.183465003967285,0.15482449531555176,10047.0,3.529297351837158,495.55999755859375,-0.024120649322867393
274,-0.001253914670087397,-0.002392740221694112,0.002893247874453664,-2.1241369267954724e-06,3.6111107419856125e-06,0.0,5.555555981118232e-05,0.0,0.0,0.00775824673473835,0.0,0.9922417402267456,21.384523391723633,0.0012974634300917387,-0.009263237938284874,3.144136599075864e-06,0.02777777798473835,0.0,0.25155356526374817,0.0,0.0,0.0,0.0,7.6519951820373535,0.16596627235412598,9430.0,3.532193899154663,500.0,-0.0020478747319430113
275,-0.0012559723109006882,-0.0027140979655086994,0.0028861851897090673,-3.128230616766814e-07,2.7777778655035945e-07,-0.0009259259677492082,1.8518519937060773e-05,0.0,0.0,0.0077311196364462376,0.0,0.9922688603401184,21.393423080444336,9.999999747378752e-06,-0.0005268392851576209,0.0002604092878755182,0.009259259328246117,0.004629629664123058,0.24786196649074554,0.0,0.0,0.0,0.0,7.273811340332031,0.14966368675231934,9931.0,3.5368294715881348,500.0,-0.013139703311026096
276,-0.0012432185467332602,-0.002812743652611971,0.002807637443765998,0.0,0.0,0.0,0.0,0.0,0.0,0.007419162429869175,0.0,0.9925808310508728,21.40097999572754,0.0012974634300917387,-0.008849943056702614,3.1168221994448686e-06,0.0,0.0,0.2468092143535614,0.0,0.0,0.0,0.0,7.232883930206299,0.1505749225616455,9985.0,3.539371967315674,500.0,-0.013724169693887234
277,-0.001234017894603312,-0.0030714047607034445,0.0029868881683796644,-3.602325762130931e-07,9.72222210293694e-07,0.0,3.611111606005579e-05,7.220272379981907e-08,0.0,0.0066731772385537624,0.0,0.9933268427848816,21.392057418823242,9.999999747378752e-06,-0.008049411699175835,2.814474783008336e-06,0.01805555447936058,0.0,0.2523565888404846,0.0,0.0,0.0,0.0,7.014019966125488,0.1499776840209961,10291.0,3.535115957260132,500.0,-0.015196727588772774
278,-0.0012426999164745212,-0.002910926705226302,0.0027148877270519733,-2.6520814344621613e-07,6.111110906203976e-07,0.0,1.1111112144135404e-05,0.0,0.0,0.0058458116836845875,0.0,0.9941542148590088,21.391590118408203,0.0012974634300917387,-0.00875748973339796,3.147870529573993e-06,0.0055555556900799274,0.0,0.24899591505527496,0.0,0.0,0.0,0.0,7.917848110198975,0.15150809288024902,9136.0,3.5358312129974365,500.0,-0.016230439767241478
279,-0.0012350676115602255,-0.0028524952940642834,0.002824164927005768,0.0,0.0,0.0,0.0,0.0,0.0,0.00537109375,0.0,0.99462890625,21.389265060424805,9.999999747378752e-06,-0.0014079194515943527,5.083538781036623e-06,0.0,0.0,0.24556711316108704,0.0,0.0,0.0,0.0,7.283217906951904,0.1636800765991211,9900.0,3.535571336746216,500.0,-0.010605568997561932
280,-0.0012420150451362133,-0.0023946005385369062,0.0029255077242851257,-6.265383234449473e-08,2.0833333280734223e-07,-0.0009259259677492082,2.777777990559116e-05,0.0,0.0,0.0052083334885537624,0.0,0.9947916865348816,21.401290893554688,9.999999747378752e-06,-0.0014535265509039164,0.0003691694000735879,0.013888888992369175,0.004629629664123058,0.24895639717578888,0.0,0.0,0.0,0.0,7.279948711395264,0.15122103691101074,9921.0,3.546682834625244,496.30999755859375,-0.02742108516395092
281,-0.0012548413360491395,-0.002725637285038829,0.0028181718662381172,-1.2772825641604868e-07,4.1358023850079917e-07,-0.0006172839784994721,1.728395181999076e-05,1.661065596181288e-07,0.0,0.004787868820130825,0.0,0.9952121376991272,21.427818298339844,0.0012974634300917387,-0.001803361577913165,0.00039498545811511576,0.008641975931823254,0.003086419776082039,0.25358834862709045,0.0,0.0,0.0,0.0,7.201023101806641,0.1592710018157959,10016.0,3.5634825229644775,495.8699951171875,-0.03209380805492401
282,-0.0012505660997703671,-0.0031752444338053465,0.0028040295001119375,-3.9721194866615406e-07,6.003086127748247e-06,0.0,6.172839493956417e-05,4.802520336966154e-08,0.0,0.0028754340019077063,0.0,0.9971245527267456,21.472084045410156,9.999999747378752e-06,-0.0006949035450816154,3.694873612403171e-06,0.030864199623465538,0.0,0.2466728687286377,0.0,0.0,0.0,0.0,7.255345344543457,0.16115355491638184,9941.0,3.5734667778015137,500.0,-0.01266722846776247
283,-0.0012490341905504465,-0.0029119844548404217,0.002783979522064328,-1.0648375337041216e-07,2.2222218376555247e-06,0.0,2.777777990559116e-05,0.0,0.0,0.00244140625,0.0,0.99755859375,21.4774227142334,0.0012974634300917387,-0.009682642295956612,3.979352186433971e-06,0.013888888992369175,0.0,0.24737289547920227,0.0,0.0,0.0,0.0,6.8724365234375,0.14663052558898926,10503.0,3.574672222137451,500.0,-0.012384464964270592
284,-0.0012338119558990002,-0.0027296007610857487,0.0026980487164109945,0.0,0.0,0.0,0.0,0.0,0.0,0.00244140625,0.0,0.99755859375,21.477933883666992,9.999999747378752e-06,-0.003847734536975622,4.1253074414271396e-06,0.0,0.0,0.2515387535095215,0.0,0.0,0.0,0.0,7.575695991516113,0.14941811561584473,9543.0,3.5749926567077637,500.0,-0.012514370493590832
285,-0.0012224981328472495,-0.003065163502469659,0.0027446879539638758,0.0,0.0,0.0,0.0,0.0,0.0,0.0023464628029614687,0.0,0.9976535439491272,21.48030662536621,1.4999999621068127e-05,-0.007742015179246664,4.540398094832199e-06,0.0,0.0,0.25243252515792847,0.0,0.0,0.0,0.0,7.156100749969482,0.14551472663879395,10097.0,3.5768094062805176,500.0,-0.018724553287029266
286,-0.0012220825301483274,-0.00309807644225657,0.0026693858671933413,-1.3948680077646713e-07,9.490739785178448e-07,0.0,2.3148148102336563e-05,0.0,0.0,0.001953125,0.0,0.998046875,21.48881721496582,0.0012974634300917387,-0.01011749543249607,5.279538527247496e-06,0.011574074625968933,0.0,0.2521320581436157,0.0,0.0,0.0,0.0,7.3454670906066895,0.17074799537658691,9809.0,3.583287477493286,500.0,-0.020013630390167236
287,-0.001221229205839336,-0.002809060038998723,0.0026651869993656874,-7.490334041904134e-08,2.7777778655035945e-07,-0.0018518519354984164,1.8518519937060773e-05,0.0,0.0,0.0018853081855922937,0.0,0.9981147050857544,21.495643615722656,9.999999747378752e-06,-0.0004504355019889772,0.00039690014091320336,0.009259259328246117,0.009259259328246117,0.25188112258911133,0.0,0.0,0.0,0.0,7.759840965270996,0.14958429336547852,9321.0,3.584129810333252,495.54998779296875,-0.03511657938361168
288,-0.0012212299043312669,-0.0027751002926379442,0.002659800462424755,-2.473360360966126e-08,6.216931183189445e-07,-0.0027777778450399637,2.6455027182237245e-05,0.0,0.0,0.0022243924904614687,0.0,0.9977756142616272,21.505245208740234,9.999999747378752e-06,-0.0017953877104446292,0.0003751157782971859,0.013227513991296291,0.013888888992369175,0.2494557946920395,0.0,0.0,0.0,0.0,7.230541229248047,0.1499791145324707,9989.0,3.591675281524658,497.8299865722656,-0.03359636664390564
289,-0.0012116074794903398,-0.002853171667084098,0.0025584616232663393,-1.9580255639084498e-07,3.43915331768585e-07,-0.0018518519354984164,2.6455027182237245e-05,0.0,0.0,0.0022108289413154125,0.0,0.997789204120636,21.52311897277832,9.999999747378752e-06,-0.0018090794328600168,0.00038765143835917115,0.013227513991296291,0.009259259328246117,0.2529333531856537,0.0,0.0,0.0,0.0,7.549162864685059,0.15186476707458496,9573.0,3.5998353958129883,495.9599914550781,-0.034153688699007034
290,-0.0011991964420303702,-0.0026113337371498346,0.0026165987364947796,0.0,0.0,-0.0013888889225199819,0.0,0.0,0.0,0.0024956597480922937,0.0,0.9975043535232544,21.537052154541016,0.0005766503745689988,-0.0018071889644488692,0.00040573536534793675,0.0,0.0069444444961845875,0.24718014895915985,0.0,0.0,0.0,0.0,7.355512619018555,0.16014790534973145,9809.0,3.606900930404663,495.6600036621094,-0.03148948401212692
291,-0.0011748630786314607,-0.003139770356938243,0.0028139811474829912,-6.489373305385016e-08,2.7777778655035945e-07,-0.0018518519354984164,9.259259968530387e-06,0.0,0.0,0.0033772785682231188,0.0,0.9966227412223816,21.570295333862305,9.999999747378752e-06,-0.0010379187297075987,0.00018099223962053657,0.004629629664123058,0.009259259328246117,0.2506292760372162,0.0,0.0,0.0,0.0,7.368683815002441,0.14966702461242676,9806.0,3.619865894317627,500.0,-0.01382819190621376
292,-0.0011841872474178672,-0.002699541626498103,0.0027801457326859236,0.0,0.0,0.0,0.0,0.0,0.0,0.00341796875,0.0,0.99658203125,21.585407257080078,9.999999747378752e-06,-0.007531555835157633,4.889357114734594e-06,0.0,0.0,0.25163212418556213,0.0,0.0,0.0,0.0,6.9242658615112305,0.17416119575500488,10386.0,3.6274654865264893,500.0,-0.011997483670711517
293,-0.0011493638157844543,-0.0032995417714118958,0.0028437236323952675,0.0,0.0,0.0,0.0,0.0,0.0,0.00341796875,0.0,0.99658203125,21.59905242919922,0.00038443360244855285,-0.008820955641567707,4.579674168780912e-06,0.0,0.0,0.24829472601413727,0.0,0.0,0.0,0.0,7.436205863952637,0.15474581718444824,9712.0,3.632887125015259,500.0,-0.012575758621096611
294,-0.0011776112951338291,-0.0026288367807865143,0.002717989031225443,-1.1603957261741016e-07,4.484126634451968e-07,0.0,2.8306880267336965e-05,0.0,0.0,0.0030788846779614687,0.0,0.9969211220741272,21.60895538330078,0.00017085937724914402,-0.013898517936468124,4.42131840827642e-06,0.014153439551591873,0.0,0.2488124966621399,0.0,0.0,0.0,0.0,7.836419105529785,0.15397334098815918,9227.0,3.63624906539917,500.0,-0.014092056080698967
295,-0.001172165502794087,-0.0025190794840455055,0.00286418991163373,0.0,0.0,0.0,0.0,0.0,0.0,0.002685546875,0.0,0.997314453125,21.62013816833496,0.0019461950287222862,-0.012939472682774067,4.534726940619294e-06,0.0,0.0,0.24815016984939575,0.0,0.0,0.0,0.0,7.125304222106934,0.1611783504486084,10118.0,3.6453754901885986,500.0,-0.01048253569751978
296,-0.001155142206698656,-0.0029559119138866663,0.002815490821376443,-2.0588022664469463e-07,1.1111111462014378e-06,0.0,2.777777990559116e-05,0.0,0.0,0.00244140625,0.0,0.99755859375,21.631319046020508,9.999999747378752e-06,-0.004170754924416542,4.968168468622025e-06,0.013888888992369175,0.0,0.2467510998249054,0.0,0.0,0.0,0.0,6.756692886352539,0.15067362785339355,10673.0,3.647454261779785,500.0,-0.01292572170495987
297,-0.0011537737445905805,-0.0030656452290713787,0.002850544871762395,0.0,0.0,-0.0018518519354984164,0.0,0.0,0.0,0.0027398003730922937,0.0,0.9972602128982544,21.651227951049805,0.0019461950287222862,-0.0011823930544778705,0.00036346717388369143,0.0,0.009259259328246117,0.25253555178642273,0.0,0.0,0.0,0.0,7.9178876876831055,0.15239882469177246,9135.0,3.6726036071777344,495.6199951171875,-0.036211781203746796
298,-0.001142030581831932,-0.003736781654879451,0.0027575038839131594,-3.734673015287626e-08,9.25925931483107e-08,-0.0009259259677492082,9.259259968530387e-06,0.0,0.0,0.00341796875,0.0,0.99658203125,21.714784622192383,0.0005766503745689988,-0.0006210710271261632,5.975653402856551e-05,0.004629629664123058,0.004629629664123058,0.2515343725681305,0.0,0.0,0.0,0.0,7.236813545227051,0.15517091751098633,9974.0,3.6897380352020264,500.0,-0.02038048580288887
299,-0.0011341635836288333,-0.004022906068712473,0.002915853401646018,0.0,0.0,0.0,0.0,0.0,0.0,0.00341796875,0.0,0.99658203125,21.734590530395508,9.999999747378752e-06,-0.005891562905162573,4.788847945746966e-06,0.0,0.0,0.24830351769924164,0.0,0.0,0.0,0.0,7.515420913696289,0.15096807479858398,9617.0,3.694049119949341,500.0,-0.02081942744553089
300,-0.0011593407252803445,-0.0032950465101748705,0.0028923482168465853,-2.567766728134302e-07,4.960317596669483e-07,0.0,1.7195769032696262e-05,0.0,0.0,0.00341796875,0.0,0.99658203125,21.74080467224121,0.00038443360244855285,-0.008962122723460197,4.563382844935404e-06,0.008597884327173233,0.0,0.25019583106040955,0.0,0.0,0.0,0.0,7.412064552307129,0.1599569320678711,9736.0,3.699061632156372,500.0,-0.015038881450891495
301,-0.0011491246987134218,-0.0035829064436256886,0.0028446970973163843,-3.301810238554026e-07,1.930555299622938e-06,0.0,4.537037602858618e-05,1.37245912412709e-08,0.0,0.0031873914413154125,0.0,0.996812641620636,21.762195587158203,0.0019461950287222862,-0.01211680006235838,5.331935881258687e-06,0.022685185074806213,0.0,0.2471618950366974,0.0,0.0,0.0,0.0,6.990074157714844,0.15181231498718262,10323.0,3.71246600151062,500.0,-0.015183684416115284
302,-0.0011406955309212208,-0.003931505139917135,0.0025930586270987988,-6.546372901539144e-07,1.7037034467648482e-06,0.0,4.8148154746741056e-05,4.0332477624360763e-07,0.0,0.0026041667442768812,0.0,0.9973958134651184,21.77475929260254,9.999999747378752e-06,-0.009613447822630405,4.4206281017977744e-06,0.024074073880910873,0.0,0.2531404495239258,0.0,0.0,0.0,0.0,7.412164688110352,0.14586758613586426,9754.0,3.713623523712158,500.0,-0.018491631373763084
303,-0.0011319225886836648,-0.00380224478431046,0.0026816208846867085,-2.0588508675700723e-07,7.870370382079273e-07,0.0,2.777777990559116e-05,0.0,0.0,0.0021565754432231188,0.0,0.9978434443473816,21.779308319091797,0.0012974634300917387,-0.008744245395064354,3.876947630487848e-06,0.013888888992369175,0.0,0.24757926166057587,0.0,0.0,0.0,0.0,6.969717025756836,0.14972472190856934,10355.0,3.7186126708984375,500.0,-0.01596907339990139
304,-0.001142154331319034,-0.002752888249233365,0.0026055551134049892,-4.2927663912450953e-07,3.33333360913457e-07,-0.002645503031089902,2.222222428827081e-05,0.0,0.0,0.0022108289413154125,0.0,0.997789204120636,21.797061920166016,9.999999747378752e-06,-0.002434191294014454,0.0007845513755455613,0.011111111380159855,0.013227513991296291,0.24761782586574554,0.0,0.0,0.0,0.0,7.356527328491211,0.17701101303100586,9786.0,3.727257251739502,490.8399963378906,-0.05263246223330498
305,-0.0011523053981363773,-0.003022207412868738,0.0026362750213593245,-1.3633834328174999e-07,1.3888889327517973e-07,-0.0013888889225199819,1.388888995279558e-05,3.1927677923704323e-07,0.0,0.0023328992538154125,0.0,0.997667133808136,21.814340591430664,9.999999747378752e-06,-0.001008608378469944,0.000298243947327137,0.0069444444961845875,0.0069444444961845875,0.24685093760490417,0.0,0.0,0.0,0.0,7.4572906494140625,0.14982199668884277,9691.0,3.739555835723877,500.0,-0.0131391491740942
306,-0.0011490641627460718,-0.0021554140839725733,0.002838808810338378,-2.8891157910493348e-08,1.3888889327517973e-07,-0.0018162394408136606,1.388888995279558e-05,0.0,0.0,0.0028754340019077063,0.0,0.9971245527267456,21.839862823486328,9.999999747378752e-06,-0.0019740706775337458,0.0007148520089685917,0.0069444444961845875,0.00908119697123766,0.24690675735473633,0.0,0.0,0.0,0.0,7.369574546813965,0.15649795532226562,9796.0,3.750249147415161,492.8500061035156,-0.04657699912786484
307,-0.0011366126127541065,-0.002967383014038205,0.0026849727146327496,0.0,0.0,0.0,0.0,0.0,0.0,0.00341796875,0.0,0.99658203125,21.856605529785156,0.0008649755618534982,-0.00897910725325346,3.5794935229205294e-06,0.0,0.0,0.2499770075082779,0.0,0.0,0.0,0.0,7.23422384262085,0.15090537071228027,9983.0,3.756725311279297,500.0,-0.015579286962747574
308,-0.0010951594449579716,-0.003111501457169652,0.0025822706520557404,0.0,0.0,0.0,0.0,0.0,0.0,0.00341796875,0.0,0.99658203125,21.861745834350586,9.999999747378752e-06,-0.009099086746573448,3.8093680814199615e-06,0.0,0.0,0.25403204560279846,0.0,0.0,0.0,0.0,7.482805252075195,0.1521151065826416,9656.0,3.7571704387664795,500.0,-0.012290559709072113
309,-0.0011173698585480452,-0.0023296023719012737,0.0028970998246222734,0.0,0.0,0.0,0.0,0.0,0.0,0.00341796875,0.0,0.99658203125,21.863500595092773,0.0002562890585977584,-0.00677295308560133,4.301391982153291e-06,0.0,0.0,0.2525552213191986,0.0,0.0,0.0,0.0,7.658007621765137,0.1516251564025879,9440.0,3.760028839111328,500.0,-0.005803406238555908
310,-0.0011226496426388621,-0.002510075457394123,0.0029178084805607796,-4.03757923095327e-07,3.703703725932428e-07,0.0,3.703703987412155e-05,0.0,0.0,0.00341796875,0.0,0.99658203125,21.866220474243164,0.00038443360244855285,-0.012519785203039646,3.601157914090436e-06,0.018518518656492233,0.0,0.2530805170536041,0.0,0.0,0.0,0.0,6.875759601593018,0.17237043380737305,10460.0,3.75970721244812,500.0,-0.010151498019695282
311,-0.0010982670355588198,-0.0025103443767875433,0.0027359728701412678,-7.277313329723256e-08,2.8273811381041014e-07,-0.0006944444612599909,1.4880953131068964e-05,1.685219928049264e-07,0.0,0.0030788846779614687,0.0,0.9969211220741272,21.879457473754883,0.00038443360244855285,-0.0019047197420150042,0.00040306837763637304,0.0074404762126505375,0.0034722222480922937,0.24784016609191895,0.0,0.0,0.0,0.0,7.578107833862305,0.16248226165771484,9524.0,3.7721660137176514,495.5799865722656,-0.02881532534956932
312,-0.0011183494934812188,-0.0023946440778672695,0.002796236891299486,0.0,0.0,-0.0007936508627608418,0.0,0.0,0.0,0.0029839409980922937,0.0,0.9970160722732544,21.947328567504883,0.004378939047455788,-0.0025221784599125385,0.062147356569767,0.0,0.003968254197388887,0.25024542212486267,0.0,0.0,0.0,0.0,7.635941505432129,0.15044021606445312,9468.0,3.831328868865967,495.5400085449219,-0.026808304712176323
313,-0.0010843247873708606,-0.0024935996625572443,0.0028383152093738317,-3.476365861843078e-08,3.749999848423613e-07,-0.0009259259677492082,1.944444557011593e-05,0.0,0.0,0.0036892362404614687,0.0,0.9963107705116272,22.046672821044922,0.0019461950287222862,-0.0033772196620702744,0.0055200569331645966,0.009722222574055195,0.004629629664123058,0.25259965658187866,0.0,0.0,0.0,0.0,7.639190673828125,0.14861297607421875,9467.0,3.8424808979034424,495.8299865722656,-0.02292904071509838
314,-0.0011065948056057096,-0.00237114354968071,0.002840117784217,-5.766223054592956e-08,2.430555525734235e-07,-0.0014880953822284937,6.94444497639779e-06,0.0,0.0,0.004665798507630825,0.0,0.9953342080116272,22.05236053466797,0.0065684085711836815,-0.006961890496313572,0.010371474549174309,0.0034722222480922937,0.0074404762126505375,0.2464146912097931,0.0,0.0,0.0,0.0,7.686496257781982,0.15404534339904785,9403.0,3.844632148742676,495.54998779296875,-0.027406945824623108
315,-0.0011005643755197525,-0.002175151603296399,0.002949596382677555,-4.97583357628173e-07,8.217592721848632e-07,-0.0006944444612599909,3.4722226700978354e-05,0.0,0.0,0.0049641928635537624,0.0,0.9950358271598816,22.053382873535156,0.004378939047455788,-0.007731845136731863,0.001820012112148106,0.0173611119389534,0.0034722222480922937,0.24510322511196136,0.0,0.0,0.0,0.0,7.533912658691406,0.15108013153076172,9593.0,3.846602201461792,497.9800109863281,-0.02495543658733368
316,-0.001102856476791203,-0.0027185070794075727,0.0029323589988052845,0.0,0.0,0.0,0.0,0.0,0.0,0.00537109375,0.0,0.99462890625,22.042747497558594,0.0029192925430834293,-0.009956499561667442,0.0016722714062780142,0.0,0.0,0.25245344638824463,0.0,0.0,0.0,0.0,7.301743507385254,0.14997076988220215,9894.0,3.841252326965332,500.0,-0.010575962252914906
317,-0.0010999065125361085,-0.00274121412076056,0.0028841893654316664,-1.4992066610375332e-07,1.1904762686754111e-07,-0.0007936508627608418,7.936508154671174e-06,3.473522838248755e-07,0.0,0.0056016710586845875,0.0,0.9943983554840088,22.045263290405273,0.004378939047455788,-0.008485345169901848,0.0012616696767508984,0.003968254197388887,0.003968254197388887,0.24698805809020996,0.0,0.0,0.0,0.0,7.777996063232422,0.15143895149230957,9298.0,3.847132444381714,498.2799987792969,-0.03153549134731293
318,-0.0010910223936662078,-0.002391674555838108,0.002911426592618227,-5.842584869242273e-07,2.0701056655525463e-06,-0.0009259259677492082,8.201058517443016e-05,4.024237796329544e-07,0.0,0.005615234375,0.0,0.994384765625,22.053247451782227,9.999999747378752e-06,-0.00015674355381634086,0.0010167487198486924,0.041005294770002365,0.004629629664123058,0.256385862827301,0.0,0.0,0.0,0.0,6.924229621887207,0.1533803939819336,10417.0,3.850724935531616,496.2099914550781,-0.0255979523062706
319,-0.0010810213861986995,-0.0026325376238673925,0.002892774064093828,-2.311664637488775e-09,2.7777778655035945e-07,0.0,1.8518519937060773e-05,0.0,0.0,0.004937066230922937,0.0,0.9950629472732544,22.058326721191406,0.0019461950287222862,-0.009550374932587147,0.0007937742630019784,0.009259259328246117,0.0,0.2520069479942322,0.0,0.0,0.0,0.0,7.695804595947266,0.15288686752319336,9393.0,3.8517680168151855,500.0,-0.007908801548182964
320,-0.0010770447552204132,-0.0024072767700999975,0.0027895846869796515,-4.7161944394247257e-07,1.3888889327517973e-07,0.0,9.259259968530387e-06,0.0,0.0,0.00434027798473835,0.0,0.9956597089767456,22.076656341552734,0.0019461950287222862,-0.007080276031047106,0.0006133367423899472,0.004629629664123058,0.0,0.25360530614852905,0.0,0.0,0.0,0.0,7.2866692543029785,0.15138769149780273,9912.0,3.862330198287964,500.0,-0.007352218963205814
321,-0.0010849414393305779,-0.002467640209943056,0.002888000337406993,-7.661350309717818e-07,5.555555731007189e-07,-0.0007936508627608418,2.777777990559116e-05,0.0,0.0,0.0041097006760537624,0.0,0.9958903193473816,22.09952735900879,0.0029192925430834293,-0.002917352830991149,0.0005750595009885728,0.013888888992369175,0.003968254197388887,0.24677713215351105,0.0,0.0,0.0,0.0,7.094998359680176,0.16489505767822266,10155.0,3.8825175762176514,495.9800109863281,-0.0244798194617033
322,-0.001084327232092619,-0.0028551514260470867,0.002985202008858323,-4.925767598251696e-07,6.398808523044863e-07,0.0,1.4880953131068964e-05,0.0,0.0,0.00439453125,0.0,0.99560546875,22.129512786865234,0.0005766503745689988,-0.011817350052297115,6.896996637806296e-05,0.0074404762126505375,0.0,0.25001260638237,0.0,0.0,0.0,0.0,7.270975112915039,0.1515791416168213,9932.0,3.8864855766296387,500.0,-0.009537095203995705
323,-0.0010669347830116749,-0.0030062601435929537,0.0027830509934574366,-4.153660171368756e-08,7.222221825031738e-07,-0.0018518519354984164,1.1111112144135404e-05,0.0,0.0,0.004421657882630825,0.0,0.9955783486366272,22.13697052001953,0.00038443360244855285,-0.0017136664828285575,0.0004918352933600545,0.0055555556900799274,0.009259259328246117,0.2458474338054657,0.0,0.0,0.0,0.0,7.528867721557617,0.17513799667358398,9570.0,3.895846128463745,498.0299987792969,-0.032653626054525375
324,-0.0010630718898028135,-0.002856688341125846,0.002808606717735529,0.0,6.944444663758986e-08,-0.0013888889225199819,1.388888995279558e-05,0.0,0.0,0.0053575304336845875,0.0,0.9946424961090088,22.176401138305664,0.004378939047455788,-0.003445923328399658,0.00017050383030436933,0.0069444444961845875,0.0069444444961845875,0.24618999660015106,0.0,0.0,0.0,0.0,7.4972357749938965,0.14589309692382812,9646.0,3.919358968734741,500.0,-0.011172924190759659
325,-0.0010544819524511695,-0.003083657007664442,0.0027920508291572332,0.0,0.0,-0.003395061707124114,0.0,0.0,0.0,0.0056966147385537624,0.0,0.9943034052848816,22.212793350219727,9.999999747378752e-06,-0.0003256855416111648,0.0008059152169153094,0.0,0.01697530783712864,0.2574545443058014,0.0,0.0,0.0,0.0,7.129895210266113,0.16292834281921387,10109.0,3.9304020404815674,499.1000061035156,-0.03273694962263107
326,-0.001062277122400701,-0.0033590984530746937,0.0028224014677107334,-6.575929774044198e-07,1.444444592380023e-06,-0.0011111112544313073,6.666666740784422e-05,0.0,0.0,0.006130642257630825,0.0,0.9938693642616272,22.236351013183594,0.0029192925430834293,-0.0014900733949616551,0.00034559034975245595,0.03333333507180214,0.0055555556900799274,0.25181901454925537,0.0,0.0,0.0,0.0,7.584036827087402,0.15107297897338867,9531.0,3.9594743251800537,500.0,-0.010784921236336231
327,-0.0010840200120583177,-0.002860159846022725,0.0029403353109955788,-3.352267299305822e-07,5.902778070776549e-07,-0.0006944444612599909,1.8055558030027896e-05,3.8320042250461483e-08,0.0,0.0056559243239462376,0.0,0.9943440556526184,22.294675827026367,9.999999747378752e-06,0.0035950352903455496,0.0004263767914380878,0.00902777723968029,0.0034722222480922937,0.24948354065418243,0.0,0.0,0.0,0.0,7.450697898864746,0.14639997482299805,9704.0,3.9697773456573486,499.6499938964844,-0.02995549701154232
328,-0.0010766343912109733,-0.0026368973776698112,0.0028703745920211077,-6.455786660808371e-08,3.9947090613168257e-07,-0.0006944444612599909,3.7566136597888544e-05,0.0,0.0,0.00537109375,0.0,0.99462890625,22.30929946899414,0.0012974634300917387,-0.0013278109254315495,0.00033495217212475836,0.018783070147037506,0.0034722222480922937,0.251394122838974,0.0,0.0,0.0,0.0,7.465512275695801,0.15120720863342285,9679.0,3.9859917163848877,500.0,-0.00694376602768898
329,-0.001024301745928824,-0.003270223503932357,0.0028425820637494326,-5.323188645434129e-08,4.1666666561468446e-07,-0.007182540372014046,1.388888995279558e-05,0.0,0.0,0.006930881179869175,0.0,0.9930691123008728,22.34914779663086,9.999999747378752e-06,-0.0035736991558223963,0.0020949963945895433,0.0069444444961845875,0.03591269999742508,0.24887683987617493,0.0,0.0,0.0,0.0,7.193608283996582,0.15302157402038574,10035.0,3.996577024459839,486.2300109863281,-0.09049054980278015
330,-0.0010651613119989634,-0.0026404995005577803,0.0027377717196941376,-4.419296999458311e-07,3.174603193656367e-07,-0.004120370838791132,2.1825397197972052e-05,5.766439130638901e-07,0.0,0.008531359024345875,0.0,0.9914686679840088,22.363895416259766,9.999999747378752e-06,-0.002764890668913722,0.00150162389036268,0.010912698693573475,0.020601851865649223,0.2525973916053772,0.0,0.0,0.0,0.0,7.889510154724121,0.1507422924041748,9169.0,4.0067853927612305,488.7099914550781,-0.06742500513792038
331,-0.0010852342238649726,-0.0035549236927181482,0.002632211660966277,-3.3011369282576197e-07,9.259259172722523e-07,0.0,2.777777990559116e-05,0.0,0.0,0.009480793960392475,0.0,0.9905192255973816,22.384056091308594,0.0012974634300917387,-0.009385855868458748,7.777213795634452e-06,0.013888888992369175,0.0,0.2528180181980133,0.0,0.0,0.0,0.0,7.934511661529541,0.15106701850891113,9118.0,4.016341209411621,500.0,-0.014654156751930714
332,-0.001061895047314465,-0.002654517302289605,0.00292171910405159,0.0,0.0,-0.0011111112544313073,0.0,0.0,0.0,0.009358723647892475,0.0,0.9906412959098816,22.40447235107422,9.999999747378752e-06,-9.689216676633805e-05,0.0003024397592525929,0.0,0.0055555556900799274,0.24752770364284515,0.0,0.0,0.0,0.0,7.277193546295166,0.15021324157714844,9926.0,4.023550510406494,495.9800109863281,-0.025633452460169792
333,-0.001050086342729628,-0.0031677058432251215,0.00268956390209496,-1.748577886928615e-07,2.2089949425208033e-07,0.0,2.8306880267336965e-05,0.0,0.0,0.00927734375,0.0,0.99072265625,22.41473388671875,0.0012974634300917387,-0.008813800290226936,5.9509075072128326e-06,0.014153439551591873,0.0,0.2516956925392151,0.0,0.0,0.0,0.0,6.786736488342285,0.14986443519592285,10628.0,4.0306901931762695,500.0,-0.014630766585469246
334,-0.0010914813028648496,-0.003065303433686495,0.00270149577409029,-6.272565400422536e-08,4.4444445279623324e-07,0.0,1.1111112144135404e-05,0.0,0.0,0.00927734375,0.0,0.99072265625,22.4108829498291,0.0029192925430834293,-0.014724601991474628,4.665064807340968e-06,0.0055555556900799274,0.0,0.2424839287996292,0.0,0.0,0.0,0.0,7.1890411376953125,0.14612126350402832,10051.0,4.020388603210449,500.0,-0.010052778758108616
335,-0.0010933018056675792,-0.0027241127099841833,0.002840076107531786,-1.3102958007493726e-07,3.9682541341790056e-07,-0.0007936508627608418,7.936508154671174e-06,0.0,0.0,0.00946723110973835,0.0,0.9905327558517456,22.40067481994629,9.999999747378752e-06,0.005315838381648064,0.00018206593813374639,0.003968254197388887,0.003968254197388887,0.2538920044898987,0.0,0.0,0.0,0.0,8.103422164916992,0.14582490921020508,8937.0,4.021544933319092,500.0,-0.011611574329435825
336,-0.0010926526738330722,-0.0025534159503877163,0.0028133627492934465,-6.933621676807888e-08,6.944444663758986e-08,-0.0011111112544313073,1.388888995279558e-05,0.0,0.0,0.009629991836845875,0.0,0.9903700351715088,22.425334930419922,0.0029192925430834293,-0.000967512431088835,0.000328302092384547,0.0069444444961845875,0.0055555556900799274,0.2528637647628784,0.0,0.0,0.0,0.0,7.983491897583008,0.1850581169128418,9025.0,4.0585126876831055,500.0,-0.009099786169826984
337,-0.001079073059372604,-0.0027054392267018557,0.0028670483734458685,-8.177498216355161e-07,1.8148145954910433e-06,0.0,5.185185727896169e-05,0.0,0.0,0.0096435546875,0.0,0.9903564453125,22.50333595275879,5.062499985797331e-05,-0.013065061531960964,4.271708803571528e-06,0.025925928726792336,0.0,0.2511941194534302,0.0,0.0,0.0,0.0,7.485353469848633,0.15600037574768066,9648.0,4.074575901031494,500.0,-0.00888089369982481
338,-0.0011013536714017391,-0.002860560780391097,0.002840097527951002,-3.373806123363465e-08,3.174603193656367e-07,-0.0007936508627608418,7.936508154671174e-06,0.0,0.0,0.0089111328125,0.0,0.9910888671875,22.511423110961914,9.999999747378752e-06,-0.0018230431014671922,0.00040496262954548,0.003968254197388887,0.003968254197388887,0.2508240044116974,0.0,0.0,0.0,0.0,7.203575134277344,0.15239405632019043,10022.0,4.078895092010498,496.92999267578125,-0.030803892761468887
339,-0.0010961280204355717,-0.003144466318190098,0.002959946170449257,-1.3491683148458833e-07,6.481481591436022e-07,0.0,2.3148148102336563e-05,0.0,0.0,0.00872124545276165,0.0,0.9912787675857544,22.513391494750977,0.0019461950287222862,-0.009622077457606792,4.7115463530644774e-06,0.011574074625968933,0.0,0.2525821626186371,0.0,0.0,0.0,0.0,7.371646881103516,0.15874433517456055,9790.0,4.074169158935547,500.0,-0.012725193053483963
340,-0.001098322100006044,-0.0028240487445145845,0.0028597277123481035,-1.1361963458966784e-07,1.6388887615903514e-06,0.0,3.888889114023186e-05,2.0605511963367462e-08,0.0,0.00786675326526165,0.0,0.9921332597732544,22.502582550048828,0.0019461950287222862,-0.016477465629577637,4.5146484808356036e-06,0.01944444514811039,0.0,0.248672217130661,0.0,0.0,0.0,0.0,7.389242172241211,0.16514205932617188,9759.0,4.074621677398682,500.0,-0.01127054076641798
341,-0.0010983900865539908,-0.0032544205896556377,0.002870257943868637,-4.4857077341475815e-07,1.8227510736323893e-06,0.0,8.253968553617597e-05,2.4408774379480747e-07,0.0,0.007622613105922937,0.0,0.9923774003982544,22.500492095947266,9.999999747378752e-06,-0.011232640594244003,4.8934316509985365e-06,0.04126984253525734,0.0,0.2524900436401367,0.0,0.0,0.0,0.0,7.253761291503906,0.15114140510559082,9956.0,4.075754165649414,500.0,-0.016327843070030212
342,-0.0011038354132324457,-0.0032578532118350267,0.00295423436909914,-1.6664494069118518e-06,2.00925933313556e-06,-0.0013888889225199819,7.777778955642134e-05,0.0,0.0,0.007052951492369175,0.0,0.9929470419883728,22.510841369628906,0.0019461950287222862,-0.001576541573740542,0.00040099097532220185,0.03888889029622078,0.0069444444961845875,0.25385865569114685,0.0,0.0,0.0,0.0,7.886109828948975,0.15572881698608398,9168.0,4.092807292938232,495.69000244140625,-0.03456001728773117
343,-0.0011153455125167966,-0.003191550960764289,0.00314372219145298,-9.591223033567076e-07,2.8888887300126953e-06,0.0,9.16666685952805e-05,1.7397105978034233e-07,0.0,0.005303277168422937,0.0,0.9946967363357544,22.547645568847656,0.0012974634300917387,-0.015151637606322765,4.648930371331517e-06,0.04583333432674408,0.0,0.2477540522813797,0.0,0.0,0.0,0.0,8.05151653289795,0.15281343460083008,8986.0,4.096609592437744,500.0,-0.013321690261363983
344,-0.0011008005822077394,-0.0029643289744853973,0.0028225556015968323,-1.8656025986274472e-06,1.0648147963365773e-06,-0.004166666883975267,6.0185189795447513e-05,0.0,0.0,0.0038113065529614687,0.0,0.9961887001991272,22.545560836791992,9.999999747378752e-06,-0.0016840973403304815,0.000776658533141017,0.030092593282461166,0.02083333395421505,0.2523558437824249,0.0,0.0,0.0,0.0,7.893223762512207,0.1513664722442627,9164.0,4.1007161140441895,493.82000732421875,-0.048504963517189026
345,-0.001124217757023871,-0.0031785666942596436,0.0028761625289916992,-1.7238610894310114e-07,3.410052613617154e-06,-0.0011111112544313073,0.00010886244126595557,0.0,0.0,0.0038113065529614687,0.0,0.9961887001991272,22.56119728088379,0.0012974634300917387,-0.0012866639299318194,0.0002816579944919795,0.05443121865391731,0.0055555556900799274,0.2492304891347885,0.0,0.0,0.0,0.0,7.458105087280273,0.15787744522094727,9680.0,4.119337558746338,500.0,-0.015318517573177814
346,-0.0011641709133982658,-0.002859649481251836,0.0028485984075814486,-3.221590247903805e-07,3.958332854381297e-06,0.0,8.333333244081587e-05,0.0,0.0,0.0034722222480922937,0.0,0.9965277910232544,22.596664428710938,0.004378939047455788,-0.0162151250988245,4.015765171061503e-06,0.0416666679084301,0.0,0.24825197458267212,0.0,0.0,0.0,0.0,7.104850769042969,0.14923620223999023,10163.0,4.1131720542907715,500.0,-0.008088749833405018
347,-0.0011581091675907373,-0.003523669671267271,0.002989043714478612,-1.6632102983749064e-07,2.499999993688107e-07,0.0,2.0370373022160493e-05,0.0,0.0,0.00341796875,0.0,0.99658203125,22.570714950561523,9.999999747378752e-06,-0.010289902798831463,3.6533026559482096e-06,0.010185185819864273,0.0,0.25407811999320984,0.0,0.0,0.0,0.0,7.272315979003906,0.15229272842407227,9930.0,4.111520290374756,500.0,-0.020720144733786583
348,-0.0011340320343151689,-0.003482555039227009,0.0028478512540459633,-4.282466363747517e-07,2.361111000936944e-06,0.0,5.092592982691713e-05,0.0,0.0,0.0034044054336845875,0.0,0.9965956211090088,22.573015213012695,0.0012974634300917387,-0.00895751640200615,3.649203563327319e-06,0.025462962687015533,0.0,0.24842257797718048,0.0,0.0,0.0,0.0,7.293473243713379,0.15662360191345215,9896.0,4.113224029541016,500.0,-0.01765388436615467
349,-0.0011239330051466823,-0.0032325792126357555,0.002989004598930478,-5.395709194999654e-07,1.9166664060321636e-06,0.0,5.2777777455048636e-05,0.0,0.0,0.0029296875,0.0,0.9970703125,22.56393051147461,0.0012974634300917387,-0.013993713073432446,3.6035262382938527e-06,0.02638888917863369,0.0,0.24872250854969025,0.0,0.0,0.0,0.0,7.1736040115356445,0.15166831016540527,10064.0,4.109271049499512,500.0,-0.01464243046939373
350,-0.001151076052337885,-0.0032046642154455185,0.0028768733609467745,-2.0558527467073873e-06,3.3518515465402743e-06,0.0,0.00012870371574535966,0.0,0.0,0.0025227863807231188,0.0,0.9974772334098816,22.56970977783203,9.999999747378752e-06,-0.012033987790346146,3.830717560049379e-06,0.06435184925794601,0.0,0.24842749536037445,0.0,0.0,0.0,0.0,7.378484725952148,0.14984965324401855,9793.0,4.113443374633789,500.0,-0.011595599353313446
351,-0.0011393289314582944,-0.0029276825953274965,0.0030423221178352833,-4.598277030254394e-07,2.6172835987381404e-06,-0.002645503031089902,6.049383227946237e-05,7.859090374040534e-07,0.0,0.0027398003730922937,0.0,0.9972602128982544,22.579444885253906,9.999999747378752e-06,-0.0022140564396977425,0.0007886308012530208,0.03024691343307495,0.013227513991296291,0.2510477602481842,0.0,0.0,0.0,0.0,7.110232353210449,0.15109491348266602,10153.0,4.121234893798828,494.9599914550781,-0.04947903752326965
352,-0.001127705560065806,-0.002858200343325734,0.002990019042044878,-3.804410084740084e-07,8.256172350229463e-07,0.0,2.799823778332211e-05,0.0,0.0,0.0032416449394077063,0.0,0.9967583417892456,22.588150024414062,0.0019461950287222862,-0.00921755749732256,3.7964141483826097e-06,0.01399911753833294,0.0,0.2477256953716278,0.0,0.0,0.0,0.0,6.816751956939697,0.14916706085205078,10584.0,4.1177496910095215,500.0,-0.011169598437845707
353,-0.0011395012261345983,-0.002777797868475318,0.003065995406359434,-1.8602229090447508e-07,1.6666666624587378e-07,0.0,1.1111112144135404e-05,6.491225690297142e-07,0.0,0.0029296875,0.0,0.9970703125,22.570446014404297,0.0029192925430834293,-0.014616685919463634,3.511396926114685e-06,0.0055555556900799274,0.0,0.24750879406929016,0.0,0.0,0.0,0.0,7.04133415222168,0.1561107635498047,10243.0,4.110260963439941,500.0,-0.012616974301636219
354,-0.001129009062424302,-0.0025400700978934765,0.0030854407232254744,-8.539853979527834e-07,1.4980157629906898e-06,-0.0037566141691058874,5.114638770464808e-05,2.371138663193051e-07,0.0,0.003933376632630825,0.0,0.9960666298866272,22.574304580688477,9.999999747378752e-06,-0.0013227128656581044,0.0008570807985961437,0.025573192164301872,0.018783070147037506,0.24855375289916992,0.0,0.0,0.0,0.0,7.547725677490234,0.14838337898254395,9579.0,4.115365028381348,495.3800048828125,-0.025009075179696083
355,-0.001160789281129837,-0.002623871900141239,0.003067781450226903,-6.973230938456254e-06,3.882936198351672e-06,0.0,0.00014589946658816189,1.557792330686425e-07,0.0,0.00439453125,0.0,0.99560546875,22.56780433654785,0.0019461950287222862,-0.009095564484596252,3.7015640828030882e-06,0.07294973731040955,0.0,0.25112825632095337,0.0,0.0,0.0,0.0,7.801890850067139,0.14958548545837402,9272.0,4.100078582763672,500.0,-0.004103502724319696
356,-0.001150083146058023,-0.0021049778442829847,0.002968199085444212,-1.0390261877546436e-06,3.7268514461175073e-06,-0.0027777778450399637,0.00010158730583498254,5.789813144474465e-07,0.0,0.00434027798473835,0.0,0.9956597089767456,22.54050636291504,9.999999747378752e-06,-0.0004601209075190127,0.00040077048470266163,0.05079365149140358,0.013888888992369175,0.24726343154907227,0.0,0.0,0.0,0.0,7.167281150817871,0.14854812622070312,10077.0,4.098494529724121,497.2099914550781,-0.023237308487296104
357,-0.001139384345151484,-0.002100565703585744,0.0030295599717646837,-1.1684779792631161e-06,3.138888587272959e-06,-0.0009259259677492082,6.388888868968934e-05,1.37098439267902e-07,0.0,0.004665798507630825,0.0,0.9953342080116272,22.54825782775879,0.0012974634300917387,-0.0016513419104740024,0.00037518248427659273,0.03194444254040718,0.004629629664123058,0.25111499428749084,0.0,0.0,0.0,0.0,7.571588516235352,0.15175294876098633,9546.0,4.110573768615723,495.8699951171875,-0.02122507616877556
358,-0.0011524773435667157,-0.0023212810046970844,0.002959819044917822,-2.2537271604505804e-07,3.0555552257283125e-06,0.0,5.555555981118232e-05,0.0,0.0,0.004421657882630825,0.0,0.9955783486366272,22.580677032470703,0.0029192925430834293,-0.01552839856594801,3.41358008881798e-06,0.02777777798473835,0.0,0.24613597989082336,0.0,0.0,0.0,0.0,7.7655029296875,0.17525362968444824,9284.0,4.111151218414307,500.0,-0.0027387351728975773
359,-0.0011406446574255824,-0.0022844532504677773,0.003023069119080901,-3.070569576379967e-08,2.2222222639811662e-07,-0.0013888889225199819,1.1111112144135404e-05,0.0,0.0,0.0037299261894077063,0.0,0.9962700605392456,22.564796447753906,9.999999747378752e-06,-0.0002216808934463188,0.00037383055314421654,0.0055555556900799274,0.0069444444961845875,0.24704551696777344,0.0,0.0,0.0,0.0,7.525792121887207,0.15055084228515625,9604.0,4.111870765686035,495.5899963378906,-0.02399366721510887
360,-0.0011529844487085938,-0.0017223875038325787,0.0029677196871489286,-3.8202946939236426e-07,1.1111110325146e-06,-0.0011111112544313073,1.8518519937060773e-05,0.0,0.0,0.004123263992369175,0.0,0.9958767294883728,22.578716278076172,0.0019461950287222862,-0.001432214048691094,0.00038873491575941443,0.009259259328246117,0.0055555556900799274,0.2468540221452713,0.0,0.0,0.0,0.0,7.06711483001709,0.15231847763061523,10212.0,4.132524490356445,495.30999755859375,-0.018146103248000145
361,-0.001143423025496304,-0.0020608697086572647,0.0029761737678200006,-7.755172646284336e-07,2.119047394444351e-06,-0.002645503031089902,3.7566136597888544e-05,0.0,0.0,0.0051133898086845875,0.0,0.9948866367340088,22.624746322631836,9.999999747378752e-06,-0.0009749732562340796,0.0005200198502279818,0.018783070147037506,0.013227513991296291,0.24804683029651642,0.0,0.0,0.0,0.0,7.621648788452148,0.16663742065429688,9466.0,4.143021583557129,495.7099914550781,-0.020129287615418434
362,-0.0011423352407291532,-0.0018844968872144818,0.003062199568375945,-2.985933988952638e-08,4.86111105146847e-07,-0.0009259259677492082,2.777777990559116e-05,0.0,0.0,0.0054524741135537624,0.0,0.9945475459098816,22.632251739501953,9.999999747378752e-06,-0.001962769776582718,0.00040471533429808915,0.013888888992369175,0.004629629664123058,0.24947325885295868,0.0,0.0,0.0,0.0,7.479246139526367,0.15132665634155273,9662.0,4.147186279296875,497.8800048828125,-0.021637480705976486
363,-0.001146579277701676,-0.0019090446876361966,0.0030593592673540115,-6.486646952907904e-08,8.234126767092675e-07,0.0,1.4880953131068964e-05,0.0,0.0,0.005859375,0.0,0.994140625,22.63901710510254,0.0012974634300917387,-0.009827745147049427,3.3883200103446143e-06,0.0074404762126505375,0.0,0.25054362416267395,0.0,0.0,0.0,0.0,8.054195404052734,0.1675426959991455,8967.0,4.147544860839844,500.0,0.0008203807519748807
364,-0.0011318830074742436,-0.0018582514021545649,0.0030546789057552814,-3.928136322883802e-07,5.555555731007189e-07,0.0,2.777777990559116e-05,0.0,0.0,0.005859375,0.0,0.994140625,22.632335662841797,0.0029192925430834293,-0.015544464811682701,3.664192718133563e-06,0.013888888992369175,0.0,0.251675009727478,0.0,0.0,0.0,0.0,7.465760231018066,0.15423989295959473,9675.0,4.143786430358887,500.0,0.0026490623131394386
365,-0.0011249006493017077,-0.001756254001520574,0.003098670393228531,-3.081481168010214e-07,2.12962982004683e-06,0.0,6.481481977971271e-05,0.0,0.0,0.0054524741135537624,0.0,0.9945475459098816,22.633745193481445,0.0029192925430834293,-0.014669856987893581,3.6870624171569943e-06,0.032407406717538834,0.0,0.2507549822330475,0.0,0.0,0.0,0.0,7.86861515045166,0.15113472938537598,9193.0,4.1436567306518555,500.0,0.002989203901961446
366,-0.001120130647905171,-0.0018593032145872712,0.003131035016849637,-8.219263349928951e-07,4.537036602414446e-06,0.0,5.555555981118232e-05,9.762330677176578e-08,0.0,0.0048828125,0.0,0.9951171875,22.626018524169922,0.0019461950287222862,-0.01424693688750267,0.00042170198867097497,0.02777777798473835,0.0,0.25375083088874817,0.0,0.0,0.0,0.0,8.09317398071289,0.18818259239196777,8902.0,4.144534587860107,500.0,0.0015683301026001573
367,-0.0011262635234743357,-0.002028985181823373,0.0030752758029848337,-6.813066306676774e-07,2.270832965223235e-06,-0.0011111112544313073,0.00010787037172121927,7.499268690480676e-07,0.0,0.005032009445130825,0.0,0.9949679970741272,22.630048751831055,9.999999747378752e-06,-0.0012589107500389218,0.0004105841217096895,0.05393518507480621,0.0055555556900799274,0.2496214210987091,0.0,0.0,0.0,0.0,7.209355354309082,0.1598196029663086,10004.0,4.146971225738525,497.25,-0.020579896867275238
368,-0.001097164349630475,-0.0020426444243639708,0.003068622900173068,-1.5258822259056615e-06,4.907407742393843e-07,-0.0011111112544313073,2.8703705538646318e-05,0.0,0.0,0.00458441860973835,0.0,0.9954155683517456,22.641952514648438,9.999999747378752e-06,-0.0011761158239096403,0.00032612806535325944,0.014351853169500828,0.0055555556900799274,0.25044283270835876,0.0,0.0,0.0,0.0,7.839559555053711,0.1638486385345459,9212.0,4.158205032348633,500.0,-0.001474536838941276
369,-0.0010827742516994476,-0.0018211150309070945,0.0030352878384292126,-3.881938937411178e-06,1.9328701910126256e-06,-0.0021825397852808237,7.870370609452948e-05,0.0,0.0,0.0052083334885537624,0.0,0.9947916865348816,22.660831451416016,9.999999747378752e-06,-0.0011319391196593642,0.00040103093488141894,0.03935185447335243,0.010912698693573475,0.25113606452941895,0.0,0.0,0.0,0.0,7.495067596435547,0.14980125427246094,9644.0,4.165907382965088,500.0,0.003965491894632578
370,-0.0011073885252699256,-0.0023674352560192347,0.003026197664439678,-1.184280336019583e-07,1.3333332162801526e-06,0.0,2.698412754398305e-05,6.988467760038475e-08,0.0,0.0051676430739462376,0.0,0.9948323369026184,22.680511474609375,0.0012974634300917387,-0.009557022713124752,4.505838205659529e-06,0.01349206455051899,0.0,0.25083935260772705,0.0,0.0,0.0,0.0,7.352047920227051,0.15078520774841309,9826.0,4.1809234619140625,500.0,-0.009209906682372093
371,-0.0010852832347154617,-0.0024702921509742737,0.002914496697485447,-2.116264340656926e-06,2.0833333564951317e-06,0.0,8.51851946208626e-05,0.0,0.0,0.0045572915114462376,0.0,0.9954426884651184,22.70330810546875,0.0019461950287222862,-0.014422663487493992,4.278156666259747e-06,0.042592596262693405,0.0,0.25207245349884033,0.0,0.0,0.0,0.0,7.995110511779785,0.1503763198852539,9051.0,4.182528972625732,500.0,-0.003793782787397504
372,-0.001094651292078197,-0.004166455939412117,0.002784560201689601,-1.6466652596136555e-05,3.127645413769642e-06,-0.0006944444612599909,0.00015886244364082813,0.0,0.0,0.004448784980922937,0.0,0.9955512285232544,22.717975616455078,0.0019461950287222862,-0.002345361979678273,0.0004074395401403308,0.0794312134385109,0.0034722222480922937,0.2470608353614807,0.0,0.0,0.0,0.0,7.464585304260254,0.1470193862915039,9686.0,4.208394527435303,496.0299987792969,-0.034941576421260834
373,-0.001050074934028089,-0.0030741312075406313,0.0028072537388652563,-1.0688385145840584e-06,8.994707627607568e-07,0.0,3.4391538065392524e-05,4.834673461573402e-08,0.0,0.0045572915114462376,0.0,0.9954426884651184,22.774808883666992,9.999999747378752e-06,-0.011086472310125828,0.0002126898179994896,0.017195768654346466,0.0,0.2559073865413666,0.0,0.0,0.0,0.0,7.300701141357422,0.15048694610595703,9894.0,4.224554538726807,500.0,-0.00932574924081564
374,-0.0010653352364897728,-0.0032850285060703754,0.002774119609966874,-2.8397839741955977e-06,1.1706348459483706e-06,0.0,8.108466136036441e-05,0.0,0.0,0.00409613735973835,0.0,0.9959038496017456,22.774147033691406,0.0012974634300917387,-0.00885447021573782,1.1216259736102074e-05,0.04054233059287071,0.0,0.2457938939332962,0.0,0.0,0.0,0.0,7.38834810256958,0.1483907699584961,9782.0,4.215770244598389,500.0,-0.008693292737007141
375,-0.0010721979197114706,-0.0026442392263561487,0.0026662510354071856,-1.1223797855564044e-06,2.916666517194244e-06,-0.0007936508627608418,6.0185189795447513e-05,0.0,0.0,0.0032823351211845875,0.0,0.9967176914215088,22.76483154296875,9.999999747378752e-06,-0.0013908558757975698,0.0003965362557210028,0.030092593282461166,0.003968254197388887,0.25178825855255127,0.0,0.0,0.0,0.0,7.353652477264404,0.1488807201385498,9827.0,4.21764612197876,498.8500061035156,-0.02667507901787758
376,-0.0010413655545562506,-0.0025329659692943096,0.0026585625018924475,-5.739678954341798e-07,3.0046296615182655e-06,-0.0003968254313804209,0.00010555556218605489,0.0,0.0,0.0036214191932231188,0.0,0.9963786005973816,22.77707862854004,1.4999999621068127e-05,-0.0013859447790309787,0.0003357968234922737,0.05277777835726738,0.0019841270986944437,0.25351959466934204,0.0,0.0,0.0,0.0,7.068012714385986,0.14834070205688477,10216.0,4.229587078094482,500.0,-0.007020672783255577
377,-0.0010696270037442446,-0.002254019258543849,0.002692594425752759,-5.691855449185823e-07,4.174933110334678e-06,0.0,4.7288362111430615e-05,2.769481852737954e-07,0.0,0.00341796875,0.0,0.99658203125,22.788820266723633,0.0019461950287222862,-0.009552966803312302,3.559231345207081e-06,0.023644179105758667,0.0,0.24887534976005554,0.0,0.0,0.0,0.0,7.905679702758789,0.1498870849609375,9152.0,4.225149631500244,500.0,-0.004091255366802216
378,-0.0010511326836422086,-0.002273938385769725,0.0026870286092162132,-8.556501711609599e-07,9.821427511269576e-07,0.0,3.5714288969757035e-05,0.0,0.0,0.00341796875,0.0,0.99658203125,22.7760066986084,0.0012974634300917387,-0.013780494220554829,4.136707957513863e-06,0.01785714365541935,0.0,0.24984212219715118,0.0,0.0,0.0,0.0,7.523232460021973,0.15873336791992188,9597.0,4.224409580230713,500.0,-0.005174677353352308
379,-0.0010537132620811462,-0.002680818550288677,0.0028415576089173555,-1.3218797221270506e-06,2.05357127924799e-06,-0.0011111112544313073,0.00010052910511149094,2.768460092283931e-07,0.0,0.0035942925605922937,0.0,0.9964057207107544,22.779735565185547,9.999999747378752e-06,-0.0006971405819058418,0.0003969562239944935,0.05026455223560333,0.0055555556900799274,0.2502066493034363,0.0,0.0,0.0,0.0,7.312314987182617,0.15260863304138184,9876.0,4.228883266448975,495.79998779296875,-0.029311081394553185
380,-0.0010466647800058126,-0.0022269142791628838,0.002715157577767968,-3.21969537253608e-07,1.1105599924121634e-06,-0.0018518519354984164,4.728835847345181e-05,0.0,0.0,0.004367404617369175,0.0,0.9956325888633728,22.796405792236328,0.0019461950287222862,-0.0008116113604046404,0.00014557057875208557,0.023644180968403816,0.009259259328246117,0.25413230061531067,0.0,0.0,0.0,0.0,7.165553092956543,0.1493840217590332,10079.0,4.251129150390625,500.0,-0.010838118381798267
381,-0.0010320344008505344,-0.0030332740861922503,0.0026114254724234343,-2.0188090843475948e-07,9.444442525818886e-07,-0.0018518519354984164,1.1111112144135404e-05,0.0,0.0,0.004611545242369175,0.0,0.9953884482383728,22.838964462280273,9.999999747378752e-06,0.0009418830159120262,0.00018065345648210496,0.0055555556900799274,0.009259259328246117,0.24835345149040222,0.0,0.0,0.0,0.0,7.656015872955322,0.1486363410949707,9446.0,4.259406089782715,500.0,-0.009929186664521694
382,-0.0010420511243864894,-0.0024109589867293835,0.002683957340195775,-3.599017190936138e-07,1.1851851695610094e-06,-0.0013888889225199819,5.277778109302744e-05,1.136239475840739e-07,0.0,0.0042317709885537624,0.0,0.9957682490348816,22.85679817199707,0.0019461950287222862,-0.0014087391318753362,0.0003619584604166448,0.02638889104127884,0.0069444444961845875,0.25166019797325134,0.0,0.0,0.0,0.0,6.939843654632568,0.14962339401245117,10399.0,4.284498691558838,495.5,-0.0260061826556921
383,-0.0010562633397057652,-0.0023255012929439545,0.0029705159831792116,-1.3693524181235261e-07,9.027779128700786e-07,0.0,3.869047577609308e-05,0.0,0.0,0.0035264757461845875,0.0,0.9964735507965088,22.90398597717285,9.999999747378752e-06,-0.006173832342028618,4.213118700135965e-06,0.0193452388048172,0.0,0.2506685256958008,0.0,0.0,0.0,0.0,7.421699047088623,0.1617140769958496,9722.0,4.295194149017334,500.0,-0.003801722778007388
384,-0.0010510877473279834,-0.0023344263900071383,0.0029056568164378405,-2.717651739203575e-07,5.645944156640326e-07,0.0,4.704585808212869e-05,0.0,0.0,0.00341796875,0.0,0.99658203125,22.910032272338867,0.0012974634300917387,-0.008698387071490288,4.698140855907695e-06,0.02352292835712433,0.0,0.2448924332857132,0.0,0.0,0.0,0.0,7.327892303466797,0.14960718154907227,9859.0,4.300057888031006,500.0,-0.0031884151976555586
385,-0.0010323902824893594,-0.0027397931553423405,0.0028565998654812574,-5.503425768438319e-07,1.013888891066017e-06,-0.0013888889225199819,4.814815110876225e-05,0.0,0.0,0.0034993488807231188,0.0,0.9965006709098816,22.92232322692871,9.999999747378752e-06,-0.001038454007357359,0.0004063736414536834,0.024074073880910873,0.0069444444961845875,0.24561142921447754,0.0,0.0,0.0,0.0,7.768185615539551,0.15068650245666504,9310.0,4.305983543395996,496.05999755859375,-0.024573914706707
386,-0.001054262975230813,-0.002009595977142453,0.0028946218080818653,-1.330985696768039e-06,2.7962960302829742e-06,0.0,0.00010740741709014401,4.054305975387251e-07,0.0,0.0037977430038154125,0.0,0.996202290058136,22.929397583007812,0.0012974634300917387,-0.00977801252156496,4.083370185981039e-06,0.053703706711530685,0.0,0.24811536073684692,0.0,0.0,0.0,0.0,8.217092514038086,0.17818951606750488,8782.0,4.309920310974121,500.0,-0.00041658320697024465
387,-0.0010377251310274005,-0.0023899823427200317,0.002968758810311556,-5.012835799789173e-07,1.2500000821091817e-06,-0.0018518519354984164,2.777777990559116e-05,0.0,0.0,0.003512912429869175,0.0,0.9964870810508728,22.9317684173584,9.999999747378752e-06,-0.0013557211495935917,0.0004057890037074685,0.013888888992369175,0.009259259328246117,0.2518656551837921,0.0,0.0,0.0,0.0,7.215932369232178,0.14889025688171387,10010.0,4.3106818199157715,496.79998779296875,-0.023674458265304565
388,-0.0010560071095824242,-0.0024622876662760973,0.0030076424591243267,0.0,0.0,0.0,0.0,0.0,0.0,0.00390625,0.0,0.99609375,22.93376922607422,0.0012974634300917387,-0.009384586475789547,3.741213504326879e-06,0.0,0.0,0.24620835483074188,0.0,0.0,0.0,0.0,7.374940872192383,0.1452174186706543,9804.0,4.311832904815674,500.0,-0.005176405422389507
389,-0.0010475435992702842,-0.0025944486260414124,0.002907202811911702,-2.0355057586129988e-06,2.9497350624296814e-06,-0.0018518519354984164,0.00011534391524037346,1.0892439661347453e-07,0.0,0.0037841796875,0.0,0.9962158203125,22.930612564086914,9.999999747378752e-06,-0.0014032163890078664,0.00040440846350975335,0.05767195671796799,0.009259259328246117,0.24322451651096344,0.0,0.0,0.0,0.0,7.185342788696289,0.15043258666992188,10050.0,4.3123273849487305,497.5299987792969,-0.024245956912636757
390,-0.0010383262997493148,-0.002421316923573613,0.002918615471571684,-2.395910030372761e-07,1.365740558867401e-06,0.0,2.3148148102336563e-05,0.0,0.0,0.003512912429869175,0.0,0.9964870810508728,22.932476043701172,0.0012974634300917387,-0.008826378732919693,4.117599019082263e-06,0.011574074625968933,0.0,0.24965010583400726,0.0,0.0,0.0,0.0,7.390755653381348,0.16295337677001953,9760.0,4.310831546783447,500.0,-0.003906059777364135
391,-0.0010174104245379567,-0.0024452193174511194,0.0029981033876538277,-1.3963361311652989e-07,3.2738094546402863e-07,-0.0006944444612599909,2.1825397197972052e-05,0.0,0.0,0.0035807292442768812,0.0,0.9964192509651184,22.926109313964844,9.999999747378752e-06,-0.0013638284290209413,0.0004006284289062023,0.010912698693573475,0.0034722222480922937,0.250794380903244,0.0,0.0,0.0,0.0,7.5042338371276855,0.14932870864868164,9633.0,4.310372352600098,497.20001220703125,-0.02182302251458168
392,-0.0010257959365844727,-0.002451216336339712,0.0030553319957107306,-2.5310196178907063e-06,1.4616402950196061e-06,-0.004166666883975267,8.439154044026509e-05,2.4749898130949077e-08,0.0,0.0043538413010537624,0.0,0.9956461787223816,22.932538986206055,0.0002562890585977584,-0.0023929320741444826,0.0007389934617094696,0.04219576716423035,0.02083333395421505,0.2451818287372589,0.0,0.0,0.0,0.0,7.791033744812012,0.17220067977905273,9258.0,4.317615509033203,495.92999267578125,-0.024405306205153465
393,-0.001018914976157248,-0.002522440394386649,0.003064075717702508,-1.0658820883691078e-06,1.512345761511824e-06,-0.0020833334419876337,6.172839493956417e-05,0.0,0.0,0.005276150070130825,0.0,0.9947238564491272,22.94968032836914,9.999999747378752e-06,-0.0018146579386666417,0.0006069900118745863,0.030864199623465538,0.010416666977107525,0.25170019268989563,0.0,0.0,0.0,0.0,7.114519119262695,0.1531994342803955,10144.0,4.323805809020996,497.1600036621094,-0.026517221704125404
394,-0.0010052017169073224,-0.002503901720046997,0.0029744564089924097,-2.816817357143009e-07,9.728834129418829e-07,-0.003240741090849042,5.3306885092752054e-05,3.401988735163286e-08,0.0,0.005642361007630825,0.0,0.9943576455116272,22.956958770751953,9.999999747378752e-06,-0.0018516667187213898,0.0010871111880987883,0.026653438806533813,0.016203705221414566,0.25073739886283875,0.0,0.0,0.0,0.0,6.9131011962890625,0.15070199966430664,10437.0,4.328001499176025,493.44000244140625,-0.04427589848637581
395,-0.001020147348754108,-0.0040239496156573296,0.002861595479771495,-7.684317893108528e-07,2.8877864224341465e-06,0.0,0.00014096121594775468,2.169115020933532e-07,0.0,0.005859375,0.0,0.994140625,22.96456527709961,0.0008649755618534982,-0.008893443271517754,5.038693871028954e-06,0.07048060745000839,0.0,0.24937544763088226,0.0,0.0,0.0,0.0,7.628079414367676,0.17032122611999512,9454.0,4.332339286804199,500.0,-0.01250410359352827
396,-0.0010012827115133405,-0.002925775945186615,0.0028929871041327715,-4.7311752382483974e-07,3.3749997783161234e-06,-0.0055555556900799274,7.345679478021339e-05,5.768674213868508e-07,0.0,0.0056287976913154125,0.0,0.994371235370636,22.968873977661133,9.999999747378752e-06,-0.0007233297801576555,0.0004060907813254744,0.0367283970117569,0.02777777798473835,0.2522977888584137,0.0,0.0,0.0,0.0,7.482945442199707,0.18357133865356445,9616.0,4.333521842956543,496.489990234375,-0.027825437486171722
397,-0.0010020250920206308,-0.0030050829518586397,0.0029532595071941614,-3.410483031984768e-06,5.967922788840951e-06,0.0,0.00015793651982676238,5.414865000830105e-08,0.0,0.005859375,0.0,0.994140625,22.975173950195312,0.0012974634300917387,-0.008595563471317291,5.7472575463179965e-06,0.07896825671195984,0.0,0.25253793597221375,0.0,0.0,0.0,0.0,7.520146369934082,0.17294692993164062,9583.0,4.336793899536133,500.0,-0.008800627663731575
398,-0.001002122531645,-0.0037042435724288225,0.002774900523945689,-1.32028401367279e-06,3.5912696603190852e-06,-0.0018518519354984164,0.00011772486323025078,6.559072289746837e-07,0.0,0.00617133267223835,0.0,0.9938286542892456,22.98097038269043,0.0002562890585977584,-0.0009905685437843204,0.0003570210246834904,0.058862436562776566,0.009259259328246117,0.2505090534687042,0.0,0.0,0.0,0.0,6.977765083312988,0.1479628086090088,10346.0,4.34057092666626,495.2099914550781,-0.03497016429901123
399,-0.0009623877704143524,-0.003714208723977208,0.0028886047657579184,-7.408815463350038e-07,1.5740739627290168e-06,-0.0009259259677492082,4.6296296204673126e-05,0.0,0.0,0.0062255859375,0.0,0.9937744140625,22.9942684173584,9.999999747378752e-06,-0.0006209201528690755,0.0004116669297218323,0.023148149251937866,0.004629629664123058,0.25276270508766174,0.0,0.0,0.0,0.0,7.764214515686035,0.15014362335205078,9315.0,4.346709728240967,496.489990234375,-0.03725679591298103
400,-0.000966896302998066,-0.003473655553534627,0.0030743202660232782,-6.784939614590257e-07,9.920635193338967e-07,-0.0006944444612599909,3.015873153344728e-05,0.0,0.0,0.006374782882630825,0.0,0.9936252236366272,23.004066467285156,9.999999747378752e-06,-0.0017608958296477795,0.00041744604823179543,0.01507936604321003,0.0034722222480922937,0.25386926531791687,0.0,0.0,0.0,0.0,7.168312072753906,0.16918063163757324,10048.0,4.353733062744141,497.010009765625,-0.03734831511974335
401,-0.0009849925991147757,-0.003731395583599806,0.0031674366910010576,-1.500651620744975e-07,1.4444443650063477e-06,0.0,3.888889477821067e-05,0.0,0.0,0.006686740554869175,0.0,0.9933132529258728,23.0167236328125,0.0012974634300917387,-0.009222546592354774,5.275245257507777e-06,0.01944444514811039,0.0,0.25283393263816833,0.0,0.0,0.0,0.0,7.1983962059021,0.17703533172607422,9996.0,4.359009265899658,500.0,-0.022709429264068604
402,-0.0009734723716974258,-0.003356174100190401,0.003027352737262845,-1.0974417818943039e-06,2.5740739602042595e-06,0.0,9.074075205717236e-05,0.0,0.0,0.00634765625,0.0,0.99365234375,23.016483306884766,0.0008649755618534982,-0.012638534419238567,4.169202384218806e-06,0.04537037014961243,0.0,0.25157418847084045,0.0,0.0,0.0,0.0,7.444728851318359,0.15131139755249023,9706.0,4.352587699890137,500.0,-0.009218789637088776
403,-0.0009731745813041925,-0.0032315775752067566,0.002895805984735489,-3.5426961630946607e-07,2.339285401831148e-06,0.0,5.476190926856361e-05,0.0,0.0,0.0061848959885537624,0.0,0.9938151240348816,23.00686264038086,0.00017085937724914402,-0.012859037145972252,4.362249001133023e-06,0.02738095261156559,0.0,0.24549709260463715,0.0,0.0,0.0,0.0,7.840299606323242,0.15769433975219727,9218.0,4.351291656494141,500.0,-0.01311143022030592
404,-0.0009708933648653328,-0.0028399263974279165,0.0029546492733061314,-1.4349001276059425e-07,8.849205528349557e-07,-0.0018518519354984164,6.071429015719332e-05,0.0,0.0,0.006279839668422937,0.0,0.9937201738357544,23.029394149780273,0.0029192925430834293,-0.001278067589737475,0.00023849507851991802,0.03035714291036129,0.009259259328246117,0.24784152209758759,0.0,0.0,0.0,0.0,7.13266658782959,0.15020751953125,10123.0,4.384552955627441,500.0,-0.013503653928637505
405,-0.0009882599115371704,-0.0026092722546309233,0.002911024959757924,-3.806999302469194e-07,1.3468915085468325e-06,0.0,5.562169462791644e-05,9.431193603859356e-08,0.0,0.006130642257630825,0.0,0.9938693642616272,23.095205307006836,9.999999747378752e-06,-0.00850161537528038,0.003644732292741537,0.027810849249362946,0.0,0.24770797789096832,0.0,0.0,0.0,0.0,7.783604621887207,0.1502976417541504,9292.0,4.401341438293457,500.0,-0.007308805827051401
406,-0.0009905919432640076,-0.003403970506042242,0.0029573626816272736,-1.4674918702439754e-06,1.2711640238194377e-06,0.0,6.402117287507281e-05,0.0,0.0,0.005303277168422937,0.0,0.9946967363357544,23.10232162475586,0.0012974634300917387,-0.008036106824874878,1.914424865390174e-05,0.032010581344366074,0.0,0.24982984364032745,0.0,0.0,0.0,0.0,6.781156539916992,0.15252351760864258,10633.0,4.405939102172852,500.0,-0.013932506553828716
407,-0.0010030536213889718,-0.0023051865864545107,0.0029895042534917593,-7.369715717686631e-07,6.250000410545908e-07,0.0,2.777777990559116e-05,0.0,0.0,0.004123263992369175,0.0,0.9958767294883728,23.103036880493164,9.999999747378752e-06,-0.005499320570379496,5.398090252128895e-06,0.013888888992369175,0.0,0.24656039476394653,0.0,0.0,0.0,0.0,7.31728458404541,0.15193414688110352,9870.0,4.404144287109375,500.0,-0.0035595358349382877
408,-0.000993772060610354,-0.0022302232682704926,0.0030370980966836214,-1.47505019754135e-07,9.259259172722523e-07,-0.0011111112544313073,3.703703987412155e-05,0.0,0.0,0.0032552082557231188,0.0,0.9967448115348816,23.109569549560547,9.999999747378752e-06,-0.00099523039534688,0.00036901849671266973,0.018518518656492233,0.0055555556900799274,0.2498217225074768,0.0,0.0,0.0,0.0,7.149849891662598,0.15649175643920898,10090.0,4.412430763244629,495.42999267578125,-0.021514391526579857
409,-0.0009915472473949194,-0.0022453698329627514,0.003065928351134062,-4.541318787687487e-08,4.1975309272856975e-07,0.0,2.6543211788521148e-05,0.0,0.0,0.0029296875,0.0,0.9970703125,23.121728897094727,0.0012974634300917387,-0.00860324315726757,5.100335329188965e-06,0.013271604664623737,0.0,0.24251236021518707,0.0,0.0,0.0,0.0,7.514148712158203,0.15268588066101074,9616.0,4.41531229019165,500.0,-0.0026656005065888166
410,-0.0009869966888800263,-0.002509031444787979,0.003038983792066574,-1.1023801249621101e-07,4.4753087991011853e-07,0.0,1.5432098734891042e-05,0.0,0.0,0.0027533636894077063,0.0,0.9972466230392456,23.12056541442871,0.0012974634300917387,-0.012770507484674454,7.213758181023877e-06,0.0077160499058663845,0.0,0.25215986371040344,0.0,0.0,0.0,0.0,7.446909427642822,0.1510777473449707,9703.0,4.413957595825195,500.0,-0.005403044167906046
411,-0.0009804563596844673,-0.00220299675129354,0.0029563482385128736,0.0,9.25925931483107e-08,-0.0009259259677492082,9.259259968530387e-06,0.0,0.0,0.002658420242369175,0.0,0.9973415732383728,23.12892723083496,9.999999747378752e-06,-0.0011242562904953957,0.0003900964802596718,0.004629629664123058,0.004629629664123058,0.24819310009479523,0.0,0.0,0.0,0.0,7.341876029968262,0.15152883529663086,9839.0,4.421186923980713,495.6099853515625,-0.02351941540837288
412,-0.000990710104815662,-0.00224971491843462,0.0030709567945450544,0.0,0.0,0.0,0.0,0.0,0.0,0.0025634765625,0.0,0.9974365234375,23.139230728149414,0.0012974634300917387,-0.008673829026520252,5.463534307637019e-06,0.0,0.0,0.2526950240135193,0.0,0.0,0.0,0.0,7.2461323738098145,0.14837884902954102,9970.0,4.428513526916504,500.0,-0.0029153565410524607
413,-0.0009641930810175836,-0.00239052576944232,0.002991836052387953,0.0,0.0,0.0,0.0,0.0,0.0,0.0023735894355922937,0.0,0.9976264238357544,23.139087677001953,9.999999747378752e-06,-0.011206383816897869,4.591565812006593e-06,0.0,0.0,0.2556005120277405,0.0,0.0,0.0,0.0,7.437935829162598,0.15050792694091797,9715.0,4.426166534423828,500.0,-0.0029564762953668833
414,-0.000958255201112479,-0.002828915836289525,0.0029728549998253584,0.0,0.0,0.0,0.0,0.0,0.0,0.0018717447528615594,0.0,0.9981282353401184,23.14112091064453,0.0012974634300917387,-0.00920504704117775,4.572639227262698e-06,0.0,0.0,0.2496391385793686,0.0,0.0,0.0,0.0,7.1540727615356445,0.15652203559875488,10085.0,4.430527687072754,500.0,-0.005435568280518055
415,-0.0009551239782012999,-0.002090402878820896,0.003109716111794114,0.0,0.0,-0.0027777778450399637,0.0,0.0,0.0,0.0018581814365461469,0.0,0.9981418251991272,23.144248962402344,9.999999747378752e-06,0.0006699943915009499,0.00028090341947972775,0.0,0.013888888992369175,0.24984121322631836,0.0,0.0,0.0,0.0,7.266547203063965,0.15016627311706543,9940.0,4.43125581741333,495.5199890136719,-0.01614290289580822
416,-0.0009810652118176222,-0.0017392411828041077,0.0030826828442513943,0.0,0.0,0.0,0.0,0.0,0.0,0.001953125,0.0,0.998046875,23.145774841308594,0.0012974634300917387,-0.00867469422519207,3.4478464385756524e-06,0.0,0.0,0.24803410470485687,0.0,0.0,0.0,0.0,7.452474594116211,0.1665809154510498,9676.0,4.430466651916504,500.0,0.0049041155725717545
417,-0.0009554769494570792,-0.00210243696346879,0.0031214028131216764,0.0,0.0,0.0,0.0,0.0,0.0,0.001953125,0.0,0.998046875,23.133407592773438,0.0019461950287222862,-0.012515384703874588,0.0005606659105978906,0.0,0.0,0.24605713784694672,0.0,0.0,0.0,0.0,7.428248882293701,0.1521296501159668,9726.0,4.424525260925293,500.0,0.0005351991858333349
418,-0.0009643749217502773,-0.0016808891668915749,0.0031500463373959064,0.0,0.0,0.0,0.0,0.0,0.0,0.0014784071827307343,0.0,0.998521625995636,23.112077713012695,0.0019461950287222862,-0.013191286474466324,0.00034281000262126327,0.0,0.0,0.2552100419998169,0.0,0.0,0.0,0.0,7.125604629516602,0.14928293228149414,10134.0,4.413627624511719,500.0,0.0026748250238597393
419,-0.0009592170245014131,-0.0019258029060438275,0.003033675020560622,0.0,0.0,0.0,0.0,0.0,0.0,0.00146484375,0.0,0.99853515625,23.107694625854492,9.999999747378752e-06,-0.011331349611282349,4.367780275060795e-05,0.0,0.0,0.24430455267429352,0.0,0.0,0.0,0.0,7.205455780029297,0.16501188278198242,10003.0,4.41530704498291,500.0,-0.0020499553065747023
420,-0.0009669850114732981,-0.001434906735084951,0.0032423355150967836,0.0,0.0,0.0,0.0,0.0,0.0,0.00146484375,0.0,0.99853515625,23.108409881591797,0.0012974634300917387,-0.008617558516561985,4.269399596523726e-06,0.0,0.0,0.2550736367702484,0.0,0.0,0.0,0.0,7.311651229858398,0.1489548683166504,9882.0,4.415170192718506,500.0,0.009195201098918915
421,-0.0009277398930862546,-0.0016092245932668447,0.0031262405682355165,-1.8090943854076613e-08,8.333333880727878e-07,-0.004074074327945709,1.8518519937060773e-05,0.0,0.0,0.0022108289413154125,0.0,0.997789204120636,23.114347457885742,9.999999747378752e-06,-0.0020912496838718653,0.0008463429403491318,0.009259259328246117,0.020370371639728546,0.24910855293273926,0.0,0.0,0.0,0.0,6.99626350402832,0.1490006446838379,10318.0,4.420461177825928,491.1000061035156,-0.03298506885766983
422,-0.000936846889089793,-0.001476920093409717,0.003166401060298085,-2.8179591993193753e-08,1.7361111304126098e-07,-0.003703703870996833,6.94444497639779e-06,0.0,0.0,0.0026991101913154125,0.0,0.997300922870636,23.123266220092773,9.999999747378752e-06,-0.002279217354953289,0.0008068694733083248,0.0034722222480922937,0.018518518656492233,0.2517131567001343,0.0,0.0,0.0,0.0,7.324502944946289,0.14879250526428223,9865.0,4.426836013793945,493.8599853515625,-0.034279804676771164
423,-0.0009300849633291364,-0.0018683382077142596,0.003026900114491582,-8.046665556094013e-09,1.5873015968281834e-07,0.0,7.936508154671174e-06,0.0,0.0,0.00341796875,0.0,0.99658203125,23.132123947143555,0.0012974634300917387,-0.008803392760455608,3.842662863462465e-06,0.003968254197388887,0.0,0.2477235049009323,0.0,0.0,0.0,0.0,7.5969085693359375,0.17859315872192383,9482.0,4.429333686828613,500.0,-0.001099885324947536
424,-0.0009532434050925076,-0.0014994976809248328,0.0031685365829616785,-1.3213181091487058e-06,4.867724783252925e-07,0.0,5.6084660172928125e-05,4.4715903868564055e-07,0.0,0.00341796875,0.0,0.99658203125,23.119909286499023,0.0029192925430834293,-0.013675954192876816,3.864762220473494e-06,0.028042329475283623,0.0,0.2520379424095154,0.0,0.0,0.0,0.0,7.321923732757568,0.1591796875,9855.0,4.417289733886719,500.0,0.007691571023315191
425,-0.0009458369459025562,-0.0015336745418608189,0.0030780918896198273,-4.5819186311746307e-07,8.333333312293689e-07,-0.0011111112544313073,5.555555981118232e-05,0.0,0.0,0.0033772785682231188,0.0,0.9966227412223816,23.10750961303711,9.999999747378752e-06,0.0009883519960567355,0.0003853722882922739,0.02777777798473835,0.0055555556900799274,0.2493850141763687,0.0,0.0,0.0,0.0,7.971170425415039,0.18086910247802734,9044.0,4.417593479156494,495.67999267578125,-0.016088521108031273
426,-0.0009422359289601445,-0.0014819602947682142,0.0031788316555321217,0.0,0.0,0.0,0.0,0.0,0.0,0.00341796875,0.0,0.99658203125,23.110429763793945,0.0012974634300917387,-0.009065426886081696,4.422579877427779e-06,0.0,0.0,0.253566175699234,0.0,0.0,0.0,0.0,7.217556476593018,0.15094566345214844,10005.0,4.4184770584106445,500.0,0.0054193767718970776
427,-0.0009378702961839736,-0.0018073376268148422,0.0030348640866577625,-1.6889582354906452e-07,1.3888889327517973e-07,0.0,1.388888995279558e-05,0.0,0.0,0.00341796875,0.0,0.99658203125,23.102497100830078,0.0029192925430834293,-0.014225910417735577,3.7438567233039066e-06,0.0069444444961845875,0.0,0.24596524238586426,0.0,0.0,0.0,0.0,7.44965934753418,0.15078067779541016,9700.0,4.413628578186035,500.0,0.00377245363779366
428,-0.0009388056350871921,-0.002077604876831174,0.0030250060372054577,-1.999697332166761e-07,4.6296295863612613e-07,0.0,1.8518519937060773e-05,5.569205541178235e-07,0.0,0.00341796875,0.0,0.99658203125,23.09207534790039,0.00038443360244855285,-0.009987173601984978,4.048263690492604e-06,0.009259259328246117,0.0,0.25613608956336975,0.0,0.0,0.0,0.0,7.5405049324035645,0.1759047508239746,9554.0,4.411045551300049,500.0,0.0028032020200043917
429,-0.0009478727006353438,-0.0017370280111208558,0.0031926308292895555,0.0,0.0,0.0,0.0,0.0,0.0,0.0029703776817768812,0.0,0.9970296025276184,23.078754425048828,0.0029192925430834293,-0.012410554103553295,3.399940169401816e-06,0.0,0.0,0.25509119033813477,0.0,0.0,0.0,0.0,7.174524307250977,0.15211176872253418,10063.0,4.3978376388549805,500.0,0.004281783476471901
430,-0.0009382822318002582,-0.0019457468297332525,0.0030517273116856813,0.0,0.0,0.0,0.0,0.0,0.0,0.0029296875,0.0,0.9970703125,23.0627384185791,0.0019461950287222862,-0.012147711589932442,3.2417224247183185e-06,0.0,0.0,0.2450481802225113,0.0,0.0,0.0,0.0,7.358669757843018,0.14890098571777344,9820.0,4.394984722137451,500.0,0.003320106538012624
431,-0.0009373768116347492,-0.00199452368542552,0.003191182157024741,-1.0415229922955405e-07,2.136752215164961e-07,0.0,8.547008292225655e-06,6.443796962685155e-08,0.0,0.0029296875,0.0,0.9970703125,23.0555419921875,0.0012974634300917387,-0.012104189023375511,4.222387815389084e-06,0.004273504484444857,0.0,0.2510070204734802,0.0,0.0,0.0,0.0,7.380472183227539,0.1834719181060791,9747.0,4.3912739753723145,500.0,0.0007579295779578388
432,-0.0009267831337638199,-0.0019731500651687384,0.003210551105439663,0.0,0.0,-0.0009259259677492082,0.0,0.0,0.0,0.0029568143654614687,0.0,0.9970431923866272,23.045610427856445,9.999999747378752e-06,-0.0017476213397458196,0.0004075797332916409,0.0,0.004629629664123058,0.2500000298023224,0.0,0.0,0.0,0.0,7.78571891784668,0.1598978042602539,9279.0,4.389717102050781,495.8699951171875,-0.017584754154086113
433,-0.0009350979817099869,-0.002059093676507473,0.0031561823561787605,-2.351558379132257e-07,8.333333312293689e-07,0.0,4.6296296204673126e-05,0.0,0.0,0.00341796875,0.0,0.99658203125,23.046735763549805,0.0019461950287222862,-0.009100260213017464,3.4022073123196606e-06,0.023148149251937866,0.0,0.25270503759384155,0.0,0.0,0.0,0.0,7.530627250671387,0.1520681381225586,9596.0,4.389291763305664,500.0,0.0016686575254425406
434,-0.000920644321013242,-0.0020652366802096367,0.003121364861726761,-2.563798773280723e-07,5.555555731007189e-07,-0.0009259259677492082,1.388888995279558e-05,0.0,0.0,0.0035400390625,0.0,0.9964599609375,23.041107177734375,9.999999747378752e-06,-0.0013680066913366318,0.0003969034005422145,0.0069444444961845875,0.004629629664123058,0.24926795065402985,0.0,0.0,0.0,0.0,6.920297622680664,0.16295456886291504,10408.0,4.390059947967529,499.6499938964844,-0.01797996275126934
435,-0.0009283034596592188,-0.0018087561475113034,0.002924371510744095,-4.6198525183172023e-07,4.999999987376214e-07,0.0,1.1111112144135404e-05,0.0,0.0,0.0030517578125,0.0,0.9969482421875,23.041767120361328,0.0012974634300917387,-0.009577170014381409,3.107582415395882e-06,0.0055555556900799274,0.0,0.25324931740760803,0.0,0.0,0.0,0.0,7.088122367858887,0.14852166175842285,10188.0,4.388573169708252,500.0,0.0002819649234879762
436,-0.0009286816348321736,-0.0022635525092482567,0.00280945491977036,-2.2427434487326536e-06,2.0347222289274214e-06,0.0,7.361111784121022e-05,0.0,0.0,0.0022243924904614687,0.0,0.9977756142616272,23.02851676940918,0.0012974634300917387,-0.013892291113734245,3.3678948057058733e-06,0.03680555894970894,0.0,0.25280293822288513,0.0,0.0,0.0,0.0,7.272832870483398,0.16554951667785645,9911.0,4.384560585021973,500.0,-0.0006702773389406502
437,-0.000914691248908639,-0.0019246177980676293,0.002827612217515707,-1.1733269502656185e-06,1.717372015264118e-06,0.0,7.660935079911724e-05,0.0,0.0,0.00146484375,0.0,0.99853515625,23.02387237548828,0.0002562890585977584,-0.011525397188961506,3.4674421840463765e-06,0.03830467537045479,0.0,0.2500245273113251,0.0,0.0,0.0,0.0,7.051705360412598,0.16101884841918945,10221.0,4.381573677062988,500.0,-0.0017789959674701095
438,-0.000899679958820343,-0.001945500960573554,0.0027925297617912292,-2.1914992487381824e-07,1.1732804523489904e-06,0.0,6.402117287507281e-05,6.548396527250588e-07,0.0,0.00146484375,0.0,0.99853515625,23.018163681030273,0.0019461950287222862,-0.012725694105029106,3.630752871686127e-06,0.032010581344366074,0.0,0.24965061247348785,0.0,0.0,0.0,0.0,7.690241813659668,0.1664290428161621,9384.0,4.379138469696045,500.0,-0.0017344990046694875
439,-0.0008926960872486234,-0.0018355947686359286,0.002818291774019599,-1.9200112433281902e-07,7.685184755246155e-07,0.0,2.0370373022160493e-05,0.0,0.0,0.0011800130596384406,0.0,0.9988200068473816,23.011293411254883,0.0012974634300917387,-0.012167704291641712,0.001838036230765283,0.010185185819864273,0.0,0.2473876178264618,0.0,0.0,0.0,0.0,7.892605781555176,0.18264460563659668,9130.0,4.375576972961426,500.0,0.0009041381999850273
440,-0.0008879652596078813,-0.001802685554139316,0.0028919971082359552,-4.983570534022874e-07,1.714285531306814e-06,0.0,5.1984130550408736e-05,0.0,0.0,0.0009765625,0.0,0.9990234375,22.997495651245117,0.0019461950287222862,-0.010695644654333591,1.577720104251057e-05,0.02599206194281578,0.0,0.24890072643756866,0.0,0.0,0.0,0.0,6.990820407867432,0.16627931594848633,10301.0,4.368553161621094,500.0,0.0006629466661252081
441,-0.0008665905916132033,-0.0019669511821120977,0.002694701077416539,0.0,3.240740511500917e-07,0.0,9.259259968530387e-06,0.0,0.0,0.0009765625,0.0,0.9990234375,22.986011505126953,0.0029192925430834293,-0.011974828317761421,1.6223419152083807e-05,0.004629629664123058,0.0,0.25325828790664673,0.0,0.0,0.0,0.0,7.144932270050049,0.16000843048095703,10092.0,4.361861228942871,500.0,-0.0014273428823798895
442,-0.0008621980668976903,-0.0018607804086059332,0.002873377176001668,-4.4777112861993373e-07,1.4583331449102843e-06,0.0,2.777777990559116e-05,2.9713072891013326e-08,0.0,0.0009765625,0.0,0.9990234375,22.969005584716797,0.0019461950287222862,-0.010316118597984314,9.555434189678635e-06,0.013888888992369175,0.0,0.2520281970500946,0.0,0.0,0.0,0.0,7.628334999084473,0.1521143913269043,9476.0,4.349475860595703,500.0,0.0018177221063524485
443,-0.0008577504777349532,-0.0017338494071736932,0.0028898390009999275,0.0,0.0,0.0,0.0,0.0,0.0,0.0009765625,0.0,0.9990234375,22.949302673339844,0.0005766503745689988,-0.014653719030320644,4.271667421562597e-06,0.0,0.0,0.24804025888442993,0.0,0.0,0.0,0.0,6.790783882141113,0.15361309051513672,10616.0,4.3460283279418945,500.0,0.0027459077537059784
444,-0.000862336193677038,-0.00176628225017339,0.002908729948103428,0.0,0.0,0.0,0.0,0.0,0.0,0.0009765625,0.0,0.9990234375,22.94066047668457,0.004378939047455788,-0.013171941973268986,5.784305812994717e-06,0.0,0.0,0.2549862265586853,0.0,0.0,0.0,0.0,7.658434867858887,0.15245461463928223,9439.0,4.340139865875244,500.0,0.0036152638494968414
445,-0.0008501137490384281,-0.00178727216552943,0.002857484854757786,-6.630174631538921e-09,2.7777778655035945e-07,0.0,1.8518519937060773e-05,0.0,0.0,0.0009765625,0.0,0.9990234375,22.944761276245117,0.0008649755618534982,-0.01179940439760685,1.0405080502096098e-05,0.009259259328246117,0.0,0.24869993329048157,0.0,0.0,0.0,0.0,7.631826400756836,0.15116453170776367,9472.0,4.345284461975098,500.0,0.0009313984191976488
446,-0.0008157864212989807,-0.0020352446008473635,0.002725424012169242,-1.8053965789022186e-07,2.0833333280734223e-07,-0.0013888889225199819,1.388888995279558e-05,0.0,0.0,0.0009494357509538531,0.0,0.9990505576133728,22.940412521362305,9.999999747378752e-06,-0.0006344344583339989,0.00041025009704753757,0.0069444444961845875,0.0069444444961845875,0.24983379244804382,0.0,0.0,0.0,0.0,7.304378509521484,0.14973902702331543,9890.0,4.34415340423584,496.9599914550781,-0.022862477228045464
447,-0.0008448799489997327,-0.0017144011799246073,0.0028681412804871798,0.0,0.0,0.0,0.0,0.0,0.0,0.0009765625,0.0,0.9990234375,22.940399169921875,0.0019461950287222862,-0.009664252400398254,4.177846221864456e-06,0.0,0.0,0.2534169852733612,0.0,0.0,0.0,0.0,7.685450553894043,0.1531381607055664,9405.0,4.338559150695801,500.0,0.002714947797358036
448,-0.0008311307756230235,-0.0017847229028120637,0.002888541202992201,-5.490859678047855e-08,5.277777859191701e-07,0.0,2.5000001187436283e-05,0.0,0.0,0.0007459852495230734,0.0,0.999254047870636,22.92355728149414,9.999999747378752e-06,-0.010629774071276188,6.899356321810046e-06,0.012500000186264515,0.0,0.24992291629314423,0.0,0.0,0.0,0.0,7.44100284576416,0.15273118019104004,9709.0,4.335494041442871,500.0,0.0010831387480720878
449,-0.0008355571771971881,-0.001967094372957945,0.002893410623073578,0.0,0.0,0.0,0.0,0.0,0.0,0.00048828125,0.0,0.99951171875,22.921852111816406,0.0012974634300917387,-0.00967885460704565,3.5740754356083926e-06,0.0,0.0,0.25151094794273376,0.0,0.0,0.0,0.0,7.73817253112793,0.15020751953125,9346.0,4.333178997039795,500.0,0.0012565815122798085
450,-0.0008253157138824463,-0.0019700475968420506,0.0029187321197241545,0.0,0.0,0.0,0.0,0.0,0.0,0.00048828125,0.0,0.99951171875,22.91031265258789,9.999999747378752e-06,-0.01073156576603651,3.5444270451989723e-06,0.0,0.0,0.25119733810424805,0.0,0.0,0.0,0.0,7.5337018966674805,0.18096613883972168,9556.0,4.330915927886963,500.0,0.0007560415542684495
451,-0.0008432000759057701,-0.0019072716822847724,0.002944579580798745,-1.5262723707110126e-07,2.0833333280734223e-07,0.0,1.388888995279558e-05,0.0,0.0,0.00048828125,0.0,0.99951171875,22.906679153442383,0.0008649755618534982,-0.00909335259348154,3.6648689274443313e-06,0.0069444444961845875,0.0,0.2500700354576111,0.0,0.0,0.0,0.0,7.680159568786621,0.155350923538208,9409.0,4.3265275955200195,500.0,0.0008863848051987588
452,-0.0008072319906204939,-0.001814217888750136,0.003032627748325467,-4.981416736882238e-07,1.9841270670895028e-07,0.0,1.5873016309342347e-05,0.0,0.0,0.00048828125,0.0,0.99951171875,22.893686294555664,0.0029192925430834293,-0.013480945490300655,3.9893070606922265e-06,0.007936508394777775,0.0,0.24841901659965515,0.0,0.0,0.0,0.0,7.693255424499512,0.15045785903930664,9399.0,4.321950435638428,500.0,0.005842485465109348
453,-0.0008155251271091402,-0.0019035788718611002,0.00298499152995646,-6.478384193542297e-07,4.6296295863612613e-07,0.0,2.3148148102336563e-05,0.0,0.0,0.00048828125,0.0,0.99951171875,22.881513595581055,0.0019461950287222862,-0.013834231533110142,0.0026114957872778177,0.011574074625968933,0.0,0.2543346583843231,0.0,0.0,0.0,0.0,7.709393501281738,0.15012454986572266,9380.0,4.314516067504883,500.0,0.0027532505337148905
454,-0.0008338268962688744,-0.0018255457980558276,0.0031105438247323036,-8.790448191575706e-07,9.027776854964031e-07,-0.0007936508627608418,3.611111606005579e-05,7.326094220161394e-08,0.0,0.0009629991254769266,0.0,0.9990370273590088,22.89908218383789,0.004378939047455788,-0.003060536691918969,0.0010397667065262794,0.01805555447936058,0.003968254197388887,0.2511362135410309,0.0,0.0,0.0,0.0,7.301408767700195,0.15865135192871094,9883.0,4.3443803787231445,500.0,0.005288947839289904
455,-0.0008098885882645845,-0.0017743948847055435,0.002967360895127058,-3.8769556454099074e-07,1.097222025236988e-06,0.0,2.5000001187436283e-05,0.0,0.0,0.0009765625,0.0,0.9990234375,22.93517303466797,9.999999747378752e-06,-0.008337115868926048,1.743062966852449e-05,0.012500000186264515,0.0,0.253159761428833,0.0,0.0,0.0,0.0,7.969161033630371,0.14950084686279297,9081.0,4.347425937652588,500.0,0.0029652889352291822
456,-0.0007984136464074254,-0.0020865178667008877,0.0029851580038666725,-2.1827072771429812e-07,2.2222222639811662e-07,0.0,2.222222428827081e-05,0.0,0.0,0.0009765625,0.0,0.9990234375,22.9376277923584,0.0012974634300917387,-0.009515059180557728,1.1228637049498502e-05,0.011111111380159855,0.0,0.2529537081718445,0.0,0.0,0.0,0.0,7.862456321716309,0.14571905136108398,9206.0,4.349099159240723,500.0,-0.0018718891078606248
457,-0.0008229755330830812,-0.0020153033547103405,0.003053575986996293,-8.722203688193986e-07,1.3194444363762159e-06,0.0,4.166666622040793e-05,0.0,0.0,0.0009765625,0.0,0.9990234375,22.936702728271484,9.999999747378752e-06,-0.009232290089130402,5.941931249253685e-06,0.02083333395421505,0.0,0.2560843825340271,0.0,0.0,0.0,0.0,7.237906455993652,0.14951872825622559,9980.0,4.349165439605713,500.0,0.002938717370852828
458,-0.000786927412264049,-0.0020725149661302567,0.0030109654180705547,-1.5586127233291336e-07,3.7070105918246554e-07,0.0,4.4510587031254545e-05,4.110889051389677e-07,0.0,0.0009765625,0.0,0.9990234375,22.938220977783203,0.0012974634300917387,-0.009163614362478256,6.4504311012569815e-06,0.022255292162299156,0.0,0.2530239522457123,0.0,0.0,0.0,0.0,7.3575897216796875,0.15059494972229004,9819.0,4.3488335609436035,500.0,0.003111168509349227
459,-0.0008148970082402229,-0.001825978746637702,0.0030011150520294905,-1.8553364498075098e-06,2.4797006972221425e-06,0.0,0.00013482906797435135,0.0,0.0,0.0009765625,0.0,0.9990234375,22.9320068359375,9.999999747378752e-06,-0.009231467731297016,5.197884547669673e-06,0.0674145296216011,0.0,0.25086238980293274,0.0,0.0,0.0,0.0,7.077735424041748,0.1505117416381836,10199.0,4.347178936004639,500.0,0.0051236990839242935
460,-0.0007916577160358429,-0.0025203258264809847,0.003161882283166051,-3.6647531942435307e-06,1.9973545022367034e-06,0.0,7.645503501407802e-05,5.456086427102491e-08,0.0,0.0008680555620230734,0.0,0.999131977558136,22.93604278564453,0.0012974634300917387,-0.009079454466700554,5.554955805564532e-06,0.03822751343250275,0.0,0.25342708826065063,0.0,0.0,0.0,0.0,7.908949851989746,0.16708159446716309,9129.0,4.352181434631348,500.0,0.004068347625434399
461,-0.0007843844941817224,-0.001969441771507263,0.0030004822183400393,-7.221736808560308e-08,1.097222025236988e-06,0.0,2.5000001187436283e-05,0.0,0.0,0.00048828125,0.0,0.99951171875,22.933116912841797,0.0002562890585977584,-0.013090294785797596,5.218661044636974e-06,0.012500000186264515,0.0,0.2528199851512909,0.0,0.0,0.0,0.0,7.242853164672852,0.1497342586517334,9973.0,4.349717140197754,500.0,0.002593826502561569
462,-0.0007766514318063855,-0.0018656698521226645,0.0029736431315541267,-1.5645138091713306e-06,9.351851986139081e-07,0.0,8.981482096714899e-05,3.4756958200432564e-08,0.0,0.00048828125,0.0,0.99951171875,22.937320709228516,0.0019461950287222862,-0.01099549513310194,4.681070095102768e-06,0.04490740969777107,0.0,0.2522909939289093,0.0,0.0,0.0,0.0,7.261997222900391,0.17982077598571777,9907.0,4.352069854736328,500.0,-0.00044548846199177206
463,-0.0007859667530283332,-0.0016656432999297976,0.0030481230933219194,-2.2778340280638076e-06,3.333332415422774e-06,-0.002006172901019454,6.481481977971271e-05,4.7285318771628226e-08,0.0,0.0009494357509538531,0.0,0.9990505576133728,22.936260223388672,9.999999747378752e-06,-0.0012566191144287586,0.000725671008694917,0.03240741044282913,0.010030863806605339,0.24960565567016602,0.0,0.0,0.0,0.0,7.578425884246826,0.14949917793273926,9540.0,4.352151870727539,496.8399963378906,-0.010479293763637543
464,-0.0007838784949854016,-0.001730517135001719,0.0029854443855583668,-7.877957131086077e-08,7.754629791634216e-07,-0.0011111112544313073,2.5462964913458563e-05,3.631123206560005e-07,0.0,0.0019395616836845875,0.0,0.9980604648590088,22.954557418823242,0.0029192925430834293,-0.0012059137225151062,0.0001056846376741305,0.012731482274830341,0.0055555556900799274,0.247275248169899,0.0,0.0,0.0,0.0,7.835247039794922,0.15180659294128418,9230.0,4.380499362945557,500.0,0.0040893652476370335
465,-0.0007791671087034047,-0.0015540990279987454,0.0031542496290057898,0.0,0.0,-0.0007936508627608418,0.0,0.0,0.0,0.0021565754432231188,0.0,0.9978434443473816,23.00960350036621,9.999999747378752e-06,-0.0016470598056912422,0.0003932315157726407,0.0,0.003968254197388887,0.2518191635608673,0.0,0.0,0.0,0.0,7.0474934577941895,0.1504197120666504,10242.0,4.392422199249268,499.1300048828125,-0.01512086670845747
466,-0.0007637144299224019,-0.0018817523960024118,0.0032560648396611214,-5.576226271841733e-07,1.2502204072006862e-06,-0.0031481485348194838,5.762786895502359e-05,6.15328303865681e-08,0.0,0.0030924479942768812,0.0,0.9969075322151184,23.02241325378418,9.999999747378752e-06,-0.0028029410168528557,0.0011528502218425274,0.028813932090997696,0.015740741044282913,0.25594690442085266,0.0,0.0,0.0,0.0,8.151443481445312,0.15123796463012695,8880.0,4.4019927978515625,492.1600036621094,-0.03454817458987236
467,-0.0007694294326938689,-0.0017642519669607282,0.0030631343834102154,-3.9097972148738336e-07,6.111111474638165e-07,-0.0069444444961845875,2.962963299069088e-05,3.646386517175415e-07,0.0,0.0045301648788154125,0.0,0.995469868183136,23.03725814819336,9.999999747378752e-06,-0.0019016513833776116,0.0006805964512750506,0.014814815483987331,0.0347222238779068,0.2511734068393707,0.0,0.0,0.0,0.0,7.247439861297607,0.15186691284179688,9964.0,4.407203674316406,500.0,0.005408918485045433
468,-0.0007578463992103934,-0.001600945251993835,0.003178955288603902,-1.995556999645487e-07,7.129629580049368e-07,-0.003240741090849042,3.14814860757906e-05,8.512598981269548e-08,0.0,0.0054117836989462376,0.0,0.9945881962776184,23.049705505371094,9.999999747378752e-06,-0.0021783916745334864,0.0007231919444166124,0.015740741044282913,0.016203705221414566,0.25617972016334534,0.0,0.0,0.0,0.0,7.490601539611816,0.15643310546875,9641.0,4.414649963378906,496.42999267578125,-0.013292004354298115
469,-0.0007776827551424503,-0.001525582862086594,0.0030995351262390614,-3.985400667261274e-07,7.222222393465927e-07,-0.0007936508627608418,4.0740746044320986e-05,1.2821208095203929e-08,0.0,0.006646050605922937,0.0,0.9933539628982544,23.06696891784668,9.999999747378752e-06,-0.0016902770148590207,0.0005584893515333533,0.020370371639728546,0.003968254197388887,0.25024107098579407,0.0,0.0,0.0,0.0,7.419172286987305,0.17161035537719727,9712.0,4.425343036651611,500.0,0.008357026614248753
470,-0.0007718343986198306,-0.0019249104661867023,0.003218528814613819,-6.620654176003882e-07,9.56349254011002e-07,0.0,4.404762148624286e-05,0.0,0.0,0.0068359375,0.0,0.9931640625,23.088577270507812,0.0019461950287222862,-0.00795389711856842,4.670484941016184e-06,0.02202380821108818,0.0,0.2523960471153259,0.0,0.0,0.0,0.0,7.228963851928711,0.15206265449523926,9988.0,4.440718650817871,500.0,0.007200535852462053
471,-0.0007681405986659229,-0.0021567430812865496,0.003232529852539301,-1.1882522130690631e-06,5.357142640605161e-07,-0.0007936508627608418,2.9761906262137927e-05,9.148914870138469e-08,0.0,0.006985134445130825,0.0,0.9930148720741272,23.106487274169922,9.999999747378752e-06,-0.0008244747878052294,0.00040148355765268207,0.014880952425301075,0.003968254197388887,0.25238272547721863,0.0,0.0,0.0,0.0,7.259566307067871,0.18224740028381348,9907.0,4.444205284118652,499.010009765625,-0.015449443832039833
472,-0.0007506341789849102,-0.0024939582217484713,0.0033483230508863926,-9.56797180151625e-07,5.787036911897303e-07,0.0,4.6296296204673126e-05,2.6205478320662223e-07,0.0,0.00732421875,0.0,0.99267578125,23.113588333129883,0.0012974634300917387,-0.006771845743060112,5.356761903385632e-06,0.023148149251937866,0.0,0.24588081240653992,0.0,0.0,0.0,0.0,7.611954689025879,0.1521308422088623,9496.0,4.450316429138184,500.0,0.0014855342451483011
473,-0.0007543095271103084,-0.0027669963892549276,0.0032453432213515043,-9.760533714597841e-08,6.031745556356327e-07,0.0,1.9047620298806578e-05,0.0,0.0,0.00732421875,0.0,0.99267578125,23.121868133544922,0.0005766503745689988,-0.008869756013154984,6.2899898694013245e-06,0.009523809887468815,0.0,0.24900786578655243,0.0,0.0,0.0,0.0,7.387998104095459,0.14960885047912598,9781.0,4.450340270996094,500.0,-0.004638057202100754
474,-0.000758805894292891,-0.002786407247185707,0.0033297166228294373,-1.1133002999486052e-06,6.018518661221606e-07,-0.0027777778450399637,2.0370373022160493e-05,0.0,0.0,0.007500542793422937,0.0,0.9924994707107544,23.124530792236328,9.999999747378752e-06,-0.0013664924772456288,0.0003986324300058186,0.010185185819864273,0.013888888992369175,0.25139790773391724,0.0,0.0,0.0,0.0,7.7090349197387695,0.15073394775390625,9380.0,4.452732086181641,495.7900085449219,-0.021648475900292397
475,-0.0007537464844062924,-0.003387079108506441,0.0032533544581383467,-8.254824592768273e-07,3.333332870170125e-06,0.0,3.4722226700978354e-05,3.2478322964379913e-07,0.0,0.0078125,0.0,0.9921875,23.129579544067383,0.0012974634300917387,-0.007216968573629856,6.996694992267294e-06,0.0173611119389534,0.0,0.25091320276260376,0.0,0.0,0.0,0.0,7.636224269866943,0.15034890174865723,9468.0,4.457759857177734,500.0,-0.01040684338659048
476,-0.0007504968671128154,-0.0032237458508461714,0.0032780312467366457,-3.558983863172216e-08,9.999999974752427e-07,-0.0013888889225199819,3.888889114023186e-05,0.0,0.0,0.0079481340944767,0.0,0.992051899433136,23.13273811340332,9.999999747378752e-06,-0.0009434291278012097,0.00039622795884497464,0.01944444514811039,0.0069444444961845875,0.2530125081539154,0.0,0.0,0.0,0.0,7.53898286819458,0.15026545524597168,9588.0,4.4596757888793945,495.2300109863281,-0.029394811019301414
477,-0.0007665483863092959,-0.0038948978763073683,0.003169481409713626,-7.322014994315396e-07,1.8888887325374526e-06,0.0,2.962963299069088e-05,0.0,0.0,0.0076904296875,0.0,0.9923095703125,23.143308639526367,0.0012974634300917387,-0.008318476378917694,5.347088062990224e-06,0.014814815483987331,0.0,0.24419096112251282,0.0,0.0,0.0,0.0,7.434103965759277,0.1826775074005127,9679.0,4.472347259521484,500.0,-0.01691427081823349
478,-0.0007363462937064469,-0.0032151213381439447,0.003212378593161702,-4.398218322876346e-07,5.608465585282829e-07,-0.0027777780778706074,5.145503018866293e-05,0.0,0.0,0.007256402168422937,0.0,0.9927436113357544,23.173662185668945,0.0008649755618534982,-0.0025193607434630394,0.0006625869427807629,0.025727514177560806,0.013888888992369175,0.24919253587722778,0.0,0.0,0.0,0.0,7.288995742797852,0.15099620819091797,9909.0,4.491477012634277,495.3900146484375,-0.026277439668774605
479,-0.000798313703853637,-0.002571073593571782,0.003183337626978755,-3.452779822055163e-07,1.0158730674447725e-06,0.0,3.8095240597613156e-05,2.998765467054909e-07,0.0,0.0075547960586845875,0.0,0.9924452304840088,23.20634651184082,0.0029192925430834293,-0.014457860961556435,5.529240297619253e-06,0.01904761977493763,0.0,0.2502616047859192,0.0,0.0,0.0,0.0,7.43665885925293,0.1569843292236328,9709.0,4.496331214904785,500.0,-0.004566757939755917
480,-0.0007534968899562955,-0.0024901858996599913,0.0031112816650420427,0.0,0.0,-0.0027777778450399637,0.0,0.0,0.0,0.0068495008163154125,0.0,0.993150532245636,23.198436737060547,9.999999747378752e-06,0.002093259245157242,0.00033492466900497675,0.0,0.013888888992369175,0.2521275579929352,0.0,0.0,0.0,0.0,8.144142150878906,0.16889548301696777,8868.0,4.497125625610352,500.0,-0.003950890153646469
481,-0.000769446836784482,-0.002919909078627825,0.0031068644020706415,-4.4440568558457016e-07,7.341269565586117e-07,0.0,5.4232805268839e-05,4.290426147690596e-07,0.0,0.0055338540114462376,0.0,0.9944661259651184,23.207700729370117,0.0019461950287222862,-0.008601989597082138,6.501208645204315e-06,0.027116402983665466,0.0,0.25041642785072327,0.0,0.0,0.0,0.0,7.781744956970215,0.17465448379516602,9266.0,4.5021653175354,500.0,-0.003741056425496936
482,-0.0007741221343167126,-0.0024285358376801014,0.0031692488119006157,0.0,0.0,0.0,0.0,0.0,0.0,0.0042317709885537624,0.0,0.9957682490348816,23.20846939086914,0.0008649755618534982,-0.010615234263241291,5.002734724257607e-06,0.0,0.0,0.2452373504638672,0.0,0.0,0.0,0.0,7.248870372772217,0.1498088836669922,9965.0,4.498037815093994,500.0,-0.0009992884006351233
483,-0.0007839092286303639,-0.003109821816906333,0.003045724704861641,-6.880272849230096e-07,1.7824073665906326e-06,0.0,7.82407441874966e-05,0.0,0.0,0.0030110676307231188,0.0,0.9969889521598816,23.204133987426758,5.062499985797331e-05,-0.012252376414835453,4.711287601821823e-06,0.03912036865949631,0.0,0.24592168629169464,0.0,0.0,0.0,0.0,8.356201171875,0.15306305885314941,8664.0,4.498119831085205,500.0,-0.007339855190366507
484,-0.0007755781407468021,-0.003726885188370943,0.0030460443813353777,-1.12677901142888e-06,1.3763227570962044e-06,0.0,0.00011117725080111995,0.0,0.0,0.0029296875,0.0,0.9970703125,23.20404624938965,0.0012974634300917387,-0.011520987376570702,4.225849806971382e-06,0.05558862164616585,0.0,0.2550757825374603,0.0,0.0,0.0,0.0,7.451439380645752,0.15411067008972168,9693.0,4.497217178344727,500.0,-0.010842579416930676
485,-0.0007968959980644286,-0.0024919325951486826,0.0031164016108959913,-3.6963081129215425e-07,4.1931216401280835e-06,0.0,0.00011441799870226532,0.0,0.0,0.0027262370567768812,0.0,0.9972737431526184,23.198253631591797,0.0029192925430834293,-0.013966592028737068,0.0007613800116814673,0.05720900371670723,0.0,0.24708202481269836,0.0,0.0,0.0,0.0,6.930752277374268,0.18042421340942383,10367.0,4.496748447418213,500.0,-0.002658689394593239
486,-0.0007721477304585278,-0.0025480741169303656,0.0030921536963433027,-7.038775947876275e-06,1.9374997464183252e-06,0.0,5.5621701903874055e-05,4.834008038301363e-08,0.0,0.00244140625,0.0,0.99755859375,23.198379516601562,0.0019461950287222862,-0.011078845709562302,0.00010870843834709376,0.027810845524072647,0.0,0.2508641183376312,0.0,0.0,0.0,0.0,7.362357139587402,0.15176725387573242,9811.0,4.498186111450195,500.0,-0.0025573736056685448
487,-0.0008074179640971124,-0.0025478838942945004,0.0031220370437949896,-7.33517538265005e-07,3.945868627397431e-07,0.0,3.3903135772561654e-05,0.0,0.0,0.00244140625,0.0,0.99755859375,23.20301055908203,0.0019461950287222862,-0.011445283889770508,0.016620708629488945,0.01695156656205654,0.0,0.25037840008735657,0.0,0.0,0.0,0.0,7.364406108856201,0.15777945518493652,9801.0,4.5047197341918945,500.0,-0.0016689794138073921
488,-0.0007936237961985171,-0.002404404804110527,0.00311867892742157,-2.4882640445866855e-06,1.4897486835252494e-06,0.0,0.00011408729915274307,0.0,0.0,0.0022108289413154125,0.0,0.997789204120636,23.203935623168945,0.0008649755618534982,-0.006377004086971283,0.0019365964690223336,0.0570436529815197,0.0,0.2533041536808014,0.0,0.0,0.0,0.0,7.350486755371094,0.15216755867004395,9826.0,4.506448745727539,500.0,-0.00016118428902700543
489,-0.0007774005061946809,-0.0022959907073527575,0.0031873572152107954,-2.401143319730181e-07,8.796296242508106e-07,0.0,3.703703987412155e-05,2.8601303370123787e-07,0.0,0.001953125,0.0,0.998046875,23.225807189941406,0.0019461950287222862,-0.009007335640490055,0.0001168871094705537,0.018518518656492233,0.0,0.25319889187812805,0.0,0.0,0.0,0.0,7.371978282928467,0.14932489395141602,9802.0,4.523248195648193,500.0,0.0011322676436975598
490,-0.0007780923042446375,-0.0023219361901283264,0.003011383581906557,-5.680273673647207e-08,6.851852276668069e-07,0.0,2.962963299069088e-05,0.0,0.0,0.0017632378730922937,0.0,0.9982367753982544,23.24698257446289,0.0019461950287222862,-0.004935511387884617,4.732550587505102e-05,0.014814815483987331,0.0,0.249334916472435,0.0,0.0,0.0,0.0,6.883597373962402,0.1909942626953125,10421.0,4.534721374511719,500.0,-0.0007875962764956057
491,-0.0008006546413525939,-0.0018971620593219995,0.0030413048807531595,-1.1988239521087962e-06,5.169752625988622e-07,0.0,3.4722226700978354e-05,0.0,0.0,0.00146484375,0.0,0.99853515625,23.276269912719727,0.004378939047455788,-0.013998480513691902,4.5613618567585945e-05,0.0173611119389534,0.0,0.2515321671962738,0.0,0.0,0.0,0.0,6.991912841796875,0.14806175231933594,10326.0,4.547511577606201,500.0,0.0031423026230186224
492,-0.0007909429841674864,-0.0020283081103116274,0.0029550637118518353,-1.9026538211619481e-07,1.2037037322443211e-06,0.0,2.962963299069088e-05,0.0,0.0,0.0009358723764307797,0.0,0.9990641474723816,23.29374885559082,0.0029192925430834293,-0.009296581149101257,3.9144873881014064e-05,0.014814815483987331,0.0,0.25245851278305054,0.0,0.0,0.0,0.0,7.255195140838623,0.19301104545593262,9898.0,4.559908866882324,500.0,-0.0008724168292246759
493,-0.000793011742644012,-0.0021602599881589413,0.0029383343644440174,-3.935056369641643e-08,7.936507984140917e-08,0.0,7.936508154671174e-06,1.8967938331115874e-08,0.0,0.00048828125,0.0,0.99951171875,23.31610107421875,0.0012974634300917387,-0.009892535395920277,4.3631291191559285e-05,0.003968254197388887,0.0,0.2425626665353775,0.0,0.0,0.0,0.0,7.235570430755615,0.16389846801757812,9963.0,4.571464538574219,500.0,-0.0007896139286458492
494,-0.0008072869968600571,-0.0019319094717502594,0.0030194728169590235,0.0,7.936507984140917e-08,-0.0006172839784994721,7.936508154671174e-06,0.0,0.0,0.00039333768654614687,0.0,0.9996066689491272,23.327795028686523,0.0029192925430834293,-0.0011673608096316457,0.00036304889363236725,0.003968254197388887,0.003086419776082039,0.24576091766357422,0.0,0.0,0.0,0.0,8.192192077636719,0.14832496643066406,8839.0,4.5861639976501465,500.0,0.003738788655027747
495,-0.0007954685133881867,-0.0020703545305877924,0.0031675100326538086,0.0,0.0,0.0,0.0,0.0,0.0,0.00048828125,0.0,0.99951171875,23.360595703125,0.0029192925430834293,-0.013208810240030289,0.006580089218914509,0.0,0.0,0.25195181369781494,0.0,0.0,0.0,0.0,7.379300594329834,0.17267608642578125,9762.0,4.584011554718018,500.0,0.0032758982852101326
496,-0.0008126882021315396,-0.0018090823432430625,0.003020629519596696,-4.5358132183537236e-07,1.851851862966214e-07,0.0,9.259259968530387e-06,0.0,0.0,0.00048828125,0.0,0.99951171875,23.34302520751953,0.0019461950287222862,-0.010624734684824944,0.0007540156948380172,0.004629629664123058,0.0,0.25233539938926697,0.0,0.0,0.0,0.0,7.275516033172607,0.15329718589782715,9924.0,4.580451011657715,500.0,0.004262963775545359
497,-0.0008119384292513132,-0.0020340722985565662,0.0031215259805321693,-1.978155808046722e-07,2.986110530400765e-06,0.0,2.777777990559116e-05,0.0,0.0,0.00048828125,0.0,0.99951171875,23.32938003540039,0.0029192925430834293,-0.013156536035239697,2.7371208489057608e-05,0.013888888992369175,0.0,0.2530151903629303,0.0,0.0,0.0,0.0,7.048094749450684,0.1506214141845703,10241.0,4.575738906860352,500.0,0.004453650675714016
498,-0.0008150443900376558,-0.0018236074829474092,0.003098056185990572,-7.947798508212145e-08,1.719576658842925e-07,0.0,2.6455027182237245e-05,0.0,0.0,0.00048828125,0.0,0.99951171875,23.32418441772461,9.999999747378752e-06,-0.006685606203973293,6.129615940153599e-06,0.013227513991296291,0.0,0.2466917634010315,0.0,0.0,0.0,0.0,7.355795860290527,0.14763665199279785,9825.0,4.573774814605713,500.0,0.005568291526287794
499,-0.0008175602997653186,-0.0020365375094115734,0.003099679248407483,-5.938130129834462e-07,7.962963195495831e-07,0.0,2.962963299069088e-05,0.0,0.0,0.00048828125,0.0,0.99951171875,23.31374740600586,0.0019461950287222862,-0.009450865909457207,6.645404937444255e-06,0.014814815483987331,0.0,0.24803516268730164,0.0,0.0,0.0,0.0,7.830587387084961,0.15064525604248047,9237.0,4.559463024139404,500.0,0.002566048176959157
500,-0.0008219727897085249,-0.001956081250682473,0.0030623425263911486,-1.8236286791761813e-07,7.407407451864856e-07,0.0,2.962963299069088e-05,0.0,0.0,0.00048828125,0.0,0.99951171875,23.28512191772461,0.004378939047455788,-0.015050891786813736,3.928736077796202e-06,0.014814815483987331,0.0,0.25121355056762695,0.0,0.0,0.0,0.0,7.337987899780273,0.15129518508911133,9844.0,4.552842140197754,500.0,0.0044644661247730255
501,-0.0008372020092792809,-0.001868083025328815,0.0032277859281748533,-5.193176662032783e-07,1.8981478433488519e-06,-0.0018518519354984164,2.777777990559116e-05,0.0,0.0,0.0007459852495230734,0.0,0.999254047870636,23.278892517089844,9.999999747378752e-06,0.003486072877421975,0.0003794686053879559,0.013888888992369175,0.009259259328246117,0.2538300156593323,0.0,0.0,0.0,0.0,7.605602264404297,0.1739516258239746,9477.0,4.55312442779541,496.489990234375,-0.013772785663604736
502,-0.000824979564640671,-0.0018318386282771826,0.003064305754378438,-5.160362661627005e-07,3.101852371401037e-06,-0.002006172901019454,2.006173053814564e-05,0.0,0.0,0.0012478298740461469,0.0,0.9987521767616272,23.28426170349121,9.999999747378752e-06,-0.003121663350611925,0.0007922546938061714,0.010030863806605339,0.010030863806605339,0.2494538426399231,0.0,0.0,0.0,0.0,7.395177841186523,0.15216588973999023,9768.0,4.557621955871582,494.5199890136719,-0.03532334044575691
503,-0.0008316472521983087,-0.0015923124738037586,0.0031516333110630512,-4.65839036678517e-07,2.0767192836501636e-06,-0.004629629664123058,3.5714288969757035e-05,1.3783574281944766e-08,0.0,0.0024956597480922937,0.0,0.9975043535232544,23.299856185913086,9.999999747378752e-06,-0.002369108609855175,0.0007376746507361531,0.01785714365541935,0.023148149251937866,0.24933075904846191,0.0,0.0,0.0,0.0,7.811282157897949,0.1587066650390625,9250.0,4.570281982421875,493.69000244140625,-0.033493772149086
504,-0.0008212216780520976,-0.0018767655128613114,0.003192450851202011,-2.4425881406386907e-07,3.888888386427425e-06,-0.005000000353902578,5.0000002374872565e-05,1.213513343145678e-07,0.0,0.0037163628730922937,0.0,0.9962836503982544,23.321046829223633,9.999999747378752e-06,-0.002761815907433629,0.0010137687204405665,0.02500000037252903,0.02500000037252903,0.25254881381988525,0.0,0.0,0.0,0.0,7.357626914978027,0.1509246826171875,9819.0,4.579417705535889,492.0799865722656,-0.034994225949048996
505,-0.0008331295102834702,-0.0017411104636266828,0.0032486857380717993,-3.478654946320603e-07,2.8240735900908476e-06,-0.0018518519354984164,2.777777990559116e-05,0.0,0.0,0.004638671875,0.0,0.995361328125,23.337421417236328,9.999999747378752e-06,-0.0020244107581675053,0.0003828187473118305,0.013888888992369175,0.009259259328246117,0.2535574734210968,0.0,0.0,0.0,0.0,7.5317888259887695,0.15006756782531738,9597.0,4.588292121887207,496.2200012207031,-0.013640446588397026
506,-0.0007991282036527991,-0.0017864728579297662,0.003078353824093938,-1.1703544942065491e-06,1.9907406567654107e-06,-0.006666666828095913,3.703703987412155e-05,9.98869396084956e-08,0.0,0.0065104165114462376,0.0,0.9934895634651184,23.355281829833984,9.999999747378752e-06,-0.003165952395647764,0.0018191613489761949,0.018518518656492233,0.03333333507180214,0.249795064330101,0.0,0.0,0.0,0.0,6.987457752227783,0.17383265495300293,10295.0,4.598749160766602,491.55999755859375,-0.034600790590047836
507,-0.0008134930394589901,-0.0018705365946516395,0.0030713039450347424,-1.5090606098056014e-07,8.796295105639729e-07,-0.0009259259677492082,2.006173053814564e-05,0.0,0.0,0.0080702044069767,0.0,0.991929829120636,23.377918243408203,1.4999999621068127e-05,-0.0012983559863641858,0.0003800711710937321,0.010030863806605339,0.004629629664123058,0.2531929016113281,0.0,0.0,0.0,0.0,7.3712334632873535,0.14736270904541016,9806.0,4.613243103027344,496.8299865722656,-0.016514599323272705
508,-0.0008093949290923774,-0.0019087559776380658,0.003114648163318634,0.0,0.0,0.0,0.0,0.0,0.0,0.0079481340944767,0.0,0.992051899433136,23.392711639404297,0.0019461950287222862,-0.009475400671362877,4.812717179447645e-06,0.0,0.0,0.24853266775608063,0.0,0.0,0.0,0.0,7.812386989593506,0.1585376262664795,9249.0,4.6105637550354,500.0,0.003009638050571084
509,-0.0008196230046451092,-0.001929246704094112,0.0032138051465153694,-8.834844607008563e-07,2.7777778655035945e-07,-0.0050925929099321365,1.8518519937060773e-05,0.0,0.0,0.008463541977107525,0.0,0.9915364384651184,23.384397506713867,9.999999747378752e-06,-0.0016756404656916857,0.001113114645704627,0.009259259328246117,0.025462964549660683,0.2535439729690552,0.0,0.0,0.0,0.0,7.294574737548828,0.15278840065002441,9899.0,4.611285209655762,493.67999267578125,-0.03558769077062607
510,-0.0008165402105078101,-0.0017322873463854194,0.0031069398391991854,-2.7594080620474415e-07,8.88888678218791e-07,-0.0035714288242161274,1.1111112144135404e-05,0.0,0.0,0.01032172329723835,0.0,0.9896782636642456,23.395153045654297,9.999999747378752e-06,-0.00185227463953197,0.0007884404039941728,0.0055555556900799274,0.01785714365541935,0.24904955923557281,0.0,0.0,0.0,0.0,7.413000106811523,0.1549057960510254,9742.0,4.621187210083008,495.7200012207031,-0.013551545329391956
511,-0.0008214093977585435,-0.0019044863292947412,0.003153012366965413,-1.2876232347025507e-07,1.5327381106544635e-06,-0.0015873017255216837,2.2817461285740137e-05,0.0,0.0,0.011379665695130825,0.0,0.9886203408241272,23.420181274414062,3.3749998692655936e-05,-0.002106891945004463,0.0005716396844945848,0.011408730410039425,0.007936508394777775,0.24950753152370453,0.0,0.0,0.0,0.0,7.272157669067383,0.1536121368408203,9928.0,4.640561103820801,496.2699890136719,-0.01633847877383232
512,-0.0008022816036827862,-0.0019033896969631314,0.003133106278255582,-3.321979420434218e-07,1.0740740208348143e-06,-0.0027777780778706074,2.962963299069088e-05,0.0,0.0,0.01238335482776165,0.0,0.9876166582107544,23.452836990356445,9.999999747378752e-06,-0.0022861401084810495,0.0005931350169703364,0.014814815483987331,0.013888888992369175,0.24651344120502472,0.0,0.0,0.0,0.0,7.04139518737793,0.15099048614501953,10250.0,4.653258800506592,497.30999755859375,-0.014997629448771477
513,-0.0008152414229698479,-0.0022230055183172226,0.0031075901351869106,-7.591507369397732e-07,1.365740558867401e-06,-0.0018518519354984164,3.2407409889856353e-05,0.0,0.0,0.012803819961845875,0.0,0.9871962070465088,23.470016479492188,9.999999747378752e-06,-0.0027453007642179728,0.0008085185545496643,0.016203705221414566,0.009259259328246117,0.2510264813899994,0.0,0.0,0.0,0.0,7.623826026916504,0.14855694770812988,9485.0,4.661294460296631,495.739990234375,-0.03874026611447334
514,-0.0008334674639627337,-0.0017510410398244858,0.0031453410629183054,0.0,0.0,-0.0022222225088626146,0.0,0.0,0.0,0.01409233920276165,0.0,0.9859076738357544,23.48641586303711,9.999999747378752e-06,-0.002384000923484564,0.000744964403565973,0.0,0.011111111380159855,0.24995803833007812,0.0,0.0,0.0,0.0,7.3224945068359375,0.1520218849182129,9863.0,4.670658588409424,495.5299987792969,-0.03562299534678459
515,-0.0008374751778319478,-0.0019101380603387952,0.003051069797948003,0.0,5.555555731007189e-07,-0.0009259259677492082,1.1111112144135404e-05,0.0,0.0,0.014811198227107525,0.0,0.9851887822151184,23.508935928344727,0.0029192925430834293,-0.0009845888707786798,0.00010556074266787618,0.0055555556900799274,0.004629629664123058,0.25087970495224,0.0,0.0,0.0,0.0,7.274782180786133,0.1509082317352295,9928.0,4.69529914855957,500.0,0.004548544529825449
516,-0.0008243831107392907,-0.0016476274468004704,0.003123437985777855,0.0,0.0,-0.006503527518361807,0.0,0.0,0.0,0.014879015274345875,0.0,0.9851210117340088,23.566164016723633,9.999999747378752e-06,-0.0021248406264930964,0.0019562337547540665,0.0,0.03251763805747032,0.25337377190589905,0.0,0.0,0.0,0.0,7.194159507751465,0.1666240692138672,10016.0,4.7135114669799805,489.0199890136719,-0.0932452380657196
517,-0.0008112092036753893,-0.001963205635547638,0.003187290159985423,-2.4817286430334207e-06,2.666666887307656e-06,-0.01199735514819622,2.962963299069088e-05,0.0,0.0,0.01677788607776165,0.0,0.9832221269607544,23.579792022705078,9.999999747378752e-06,-0.004466718062758446,0.0031743687577545643,0.014814815483987331,0.059986770153045654,0.24690167605876923,0.0,0.0,0.0,0.0,7.709371566772461,0.18798255920410156,9335.0,4.722945213317871,483.0400085449219,-0.13602367043495178
518,-0.0008118299883790314,-0.002406071173027158,0.0031541942153126,-2.9470818390109343e-06,2.1616156118398067e-06,-0.008232323452830315,1.6161617168108933e-05,4.925630037178053e-06,0.0,0.01982964389026165,0.0,0.9801703691482544,23.598339080810547,9.999999747378752e-06,-0.0041183666326105595,0.0024250552523881197,0.008080808445811272,0.041161615401506424,0.25068169832229614,0.0,0.0,0.0,0.0,7.222885608673096,0.15050530433654785,9999.0,4.734163284301758,484.69000244140625,-0.11871923506259918
519,-0.0008261905168183148,-0.0017002829117700458,0.003020036267116666,0.0,0.0,-0.0027777778450399637,0.0,0.0,0.0,0.02119954489171505,0.0,0.9788004755973816,23.616559982299805,9.999999747378752e-06,-0.002012590179219842,0.0006369928596541286,0.0,0.013888888992369175,0.24951942265033722,0.0,0.0,0.0,0.0,7.6362457275390625,0.1501154899597168,9468.0,4.7432122230529785,497.80999755859375,-0.014598483219742775
520,-0.0008307889220304787,-0.002459361217916012,0.0031589732971042395,0.0,0.0,-0.0027777778450399637,0.0,0.0,0.0,0.0196668840944767,0.0,0.980333149433136,23.631677627563477,9.999999747378752e-06,-0.001616937224753201,0.0004034375597257167,0.0,0.013888888992369175,0.2530260980129242,0.0,0.0,0.0,0.0,7.396858215332031,0.15541458129882812,9762.0,4.750755310058594,497.79998779296875,-0.012826556339859962
521,-0.0008323698421008885,-0.001798693323507905,0.003136606188490987,-1.2308296604146562e-08,7.777776431794337e-07,-0.0015873017255216837,1.1111112144135404e-05,0.0,0.0,0.0191786028444767,0.0,0.980821430683136,23.6466007232666,0.0012974634300917387,-0.0006226326222531497,0.00018108761287294328,0.0055555556900799274,0.007936508394777775,0.25474169850349426,0.0,0.0,0.0,0.0,7.310321807861328,0.14835858345031738,9884.0,4.764920234680176,500.0,0.006360132247209549
522,-0.0008236643043346703,-0.0019577655475586653,0.0031064064241945744,-5.602999522125174e-07,2.7777778655035945e-07,-0.0011111112544313073,1.1111112144135404e-05,0.0,0.0,0.0195176862180233,0.0,0.9804823398590088,23.67185401916504,9.999999747378752e-06,0.0017932975897565484,0.00010509345156606287,0.0055555556900799274,0.0055555556900799274,0.24476224184036255,0.0,0.0,0.0,0.0,7.313504219055176,0.15310239791870117,9874.0,4.770491123199463,500.0,0.004495120607316494
523,-0.0008444685954600573,-0.0021192561835050583,0.003098302287980914,-7.363318559328036e-07,4.1666666561468446e-07,-0.0027777778450399637,2.777777990559116e-05,1.255182269233046e-06,0.0,0.01886664517223835,0.0,0.9811333417892456,23.678386688232422,9.999999747378752e-06,-0.001784900901839137,0.0004006766539532691,0.013888888992369175,0.013888888992369175,0.24885490536689758,0.0,0.0,0.0,0.0,7.254447937011719,0.15096282958984375,9955.0,4.776402473449707,497.79998779296875,-0.02040109783411026
524,-0.0008505143923684955,-0.00195033079944551,0.0031369917560368776,0.0,0.0,-0.0018518519354984164,0.0,0.0,0.0,0.01837836392223835,0.0,0.9816216230392456,23.68949317932129,9.999999747378752e-06,-0.002184525365009904,0.0007312706438824534,0.0,0.009259259328246117,0.2495589554309845,0.0,0.0,0.0,0.0,6.9083027839660645,0.1601579189300537,10430.0,4.783317565917969,498.19000244140625,-0.0168645977973938
525,-0.0008812173036858439,-0.002129273721948266,0.0030257392209023237,0.0,0.0,0.0,0.0,0.0,0.0,0.017822265625,0.0,0.982177734375,23.69699478149414,0.0019461950287222862,-0.009151165373623371,3.9133965401561e-06,0.0,0.0,0.2509206533432007,0.0,0.0,0.0,0.0,7.201387405395508,0.1541121006011963,10023.0,4.783062934875488,500.0,0.0004606817674357444
526,-0.0008949494804255664,-0.002144944155588746,0.003181310836225748,0.0,0.0,0.0,0.0,0.0,0.0,0.01680501364171505,0.0,0.9831950068473816,23.69337272644043,9.999999747378752e-06,-0.011325922794640064,3.942700459447224e-06,0.0,0.0,0.25415050983428955,0.0,0.0,0.0,0.0,7.060511112213135,0.14993047714233398,10225.0,4.782035827636719,500.0,0.00146920804399997
527,-0.0008596295956522226,-0.002226409502327442,0.0031034229323267937,0.0,0.0,-0.0009259259677492082,0.0,0.0,0.0,0.01669650711119175,0.0,0.9833034873008728,23.698928833007812,9.999999747378752e-06,-0.0010628169402480125,0.00035577284870669246,0.0,0.004629629664123058,0.24666473269462585,0.0,0.0,0.0,0.0,7.433924674987793,0.16127896308898926,9707.0,4.788168430328369,499.0799865722656,-0.0197223499417305
528,-0.0009170430130325258,-0.0027128064539283514,0.003030843799933791,0.0,0.0,0.0,0.0,0.0,0.0,0.015543620102107525,0.0,0.9844563603401184,23.70609474182129,0.0019461950287222862,-0.009202821180224419,3.431519189689425e-06,0.0,0.0,0.2512768805027008,0.0,0.0,0.0,0.0,7.4670000076293945,0.1528933048248291,9675.0,4.788921356201172,500.0,-0.006363971158862114
529,-0.0009003036539070308,-0.0022727930918335915,0.0030103479512035847,0.0,0.0,0.0,0.0,0.0,0.0,0.0146484375,0.0,0.9853515625,23.700040817260742,0.0019461950287222862,-0.01139802299439907,3.570439048417029e-06,0.0,0.0,0.24603568017482758,0.0,0.0,0.0,0.0,6.731534957885742,0.15456342697143555,10706.0,4.7876434326171875,500.0,0.0007297622505575418
530,-0.0009111383114941418,-0.002655056305229664,0.0031625893898308277,0.0,0.0,0.0,0.0,0.0,0.0,0.013468424789607525,0.0,0.9865315556526184,23.697538375854492,0.0029192925430834293,-0.013367937877774239,3.871103217534255e-06,0.0,0.0,0.25128471851348877,0.0,0.0,0.0,0.0,7.315911293029785,0.15070676803588867,9874.0,4.783530235290527,500.0,-0.003332030028104782
531,-0.0008714739233255386,-0.0026750299148261547,0.0030790590681135654,0.0,0.0,0.0,0.0,0.0,0.0,0.00995551235973835,0.0,0.9900444746017456,23.70424461364746,0.0029192925430834293,-0.01143437810242176,3.939192083635135e-06,0.0,0.0,0.24725648760795593,0.0,0.0,0.0,0.0,7.808890342712402,0.1517331600189209,9261.0,4.791914939880371,500.0,-0.006234325934201479
532,-0.0008816557819955051,-0.002338168676942587,0.0031092269346117973,0.0,0.0,0.0,0.0,0.0,0.0,0.0056966147385537624,0.0,0.9943034052848816,23.707599639892578,0.0029192925430834293,-0.01211666502058506,0.0013217201922088861,0.0,0.0,0.2525539696216583,0.0,0.0,0.0,0.0,7.031316757202148,0.15256214141845703,10262.0,4.790377616882324,500.0,-0.0018855321686714888
533,-0.0008785875979810953,-0.0023924228735268116,0.0031328375916928053,0.0,3.703703725932428e-07,-0.0007936508627608418,1.8518519937060773e-05,0.0,0.0,0.0038926866836845875,0.0,0.9961073398590088,23.707178115844727,9.999999747378752e-06,-0.0010585832642391324,0.0004719413409475237,0.009259259328246117,0.003968254197388887,0.2506134808063507,0.0,0.0,0.0,0.0,7.688076019287109,0.15015602111816406,9406.0,4.793048858642578,496.1400146484375,-0.017923401668667793
534,-0.0008808583370409906,-0.0030820276588201523,0.0031716199591755867,-4.414937393448781e-08,1.9841270670895028e-07,-0.0013888889225199819,7.936508154671174e-06,0.0,0.0,0.004123263992369175,0.0,0.9958767294883728,23.71186637878418,9.999999747378752e-06,-0.00133192865177989,0.00028214434860274196,0.003968254197388887,0.0069444444961845875,0.2476191520690918,0.0,0.0,0.0,0.0,7.089477062225342,0.1501474380493164,10183.0,4.796755790710449,500.0,-0.005781767889857292
535,-0.0008917863597162068,-0.00252518430352211,0.003140469314530492,0.0,0.0,0.0,0.0,0.0,0.0,0.0033772785682231188,0.0,0.9966227412223816,23.718420028686523,0.0012974634300917387,-0.00874184537678957,5.336961294233333e-06,0.0,0.0,0.2515098750591278,0.0,0.0,0.0,0.0,6.934903144836426,0.15140795707702637,10404.0,4.799314022064209,500.0,-0.00232274504378438
536,-0.000857090053614229,-0.0022933310829102993,0.003167065093293786,0.0,0.0,0.0,0.0,0.0,0.0,0.0029296875,0.0,0.9970703125,23.723264694213867,0.0029192925430834293,-0.008815486915409565,5.002957550459541e-06,0.0,0.0,0.25343286991119385,0.0,0.0,0.0,0.0,7.1330671310424805,0.15251898765563965,10119.0,4.7992095947265625,500.0,-4.9542148190084845e-05
537,-0.0008759595802985132,-0.002292836084961891,0.003049339633435011,0.0,0.0,0.0,0.0,0.0,0.0,0.0027262370567768812,0.0,0.9972737431526184,23.719518661499023,0.0029192925430834293,-0.010005530901253223,4.718256604974158e-06,0.0,0.0,0.24675941467285156,0.0,0.0,0.0,0.0,7.064957618713379,0.16167545318603516,10202.0,4.804574489593506,500.0,0.002096396405249834
538,-0.0008622278110124171,-0.0022988133132457733,0.003087639110162854,0.0,0.0,0.0,0.0,0.0,0.0,0.0018174913711845875,0.0,0.9981825351715088,23.727079391479492,0.0029192925430834293,-0.011216596700251102,4.07387506129453e-06,0.0,0.0,0.2483147531747818,0.0,0.0,0.0,0.0,8.052501678466797,0.1522533893585205,8986.0,4.804340362548828,500.0,0.0028562373481690884
539,-0.0008416855707764626,-0.001854344387538731,0.003158676903694868,0.0,0.0,0.0,0.0,0.0,0.0,0.00146484375,0.0,0.99853515625,23.70952606201172,0.0029192925430834293,-0.01385448593646288,0.001506056054495275,0.0,0.0,0.25016099214553833,0.0,0.0,0.0,0.0,7.25547981262207,0.15227317810058594,9952.0,4.7913818359375,500.0,0.007544626481831074
540,-0.0008663702756166458,-0.0022662770934402943,0.0030925448518246412,0.0,0.0,0.0,0.0,0.0,0.0,0.00146484375,0.0,0.99853515625,23.6993408203125,0.0029192925430834293,-0.012633107602596283,0.00015888476627878845,0.0,0.0,0.25082334876060486,0.0,0.0,0.0,0.0,6.854281425476074,0.15200495719909668,10523.0,4.794412612915039,500.0,0.0005914989742450416
541,-0.0008542679133825004,-0.002193479100242257,0.003234636038541794,0.0,0.0,0.0,0.0,0.0,0.0,0.0010986328125,0.0,0.9989013671875,23.694808959960938,0.0019461950287222862,-0.011884091421961784,7.10618542143493e-06,0.0,0.0,0.24945934116840363,0.0,0.0,0.0,0.0,7.200571060180664,0.15244507789611816,10026.0,4.789708614349365,500.0,0.00305449147708714
542,-0.0008050138130784035,-0.0017369749257341027,0.003218201221898198,0.0,0.0,0.0,0.0,0.0,0.0,0.0009765625,0.0,0.9990234375,23.68853759765625,0.0029192925430834293,-0.01377730444073677,5.556253654503962e-06,0.0,0.0,0.2466282844543457,0.0,0.0,0.0,0.0,7.332762241363525,0.150421142578125,9852.0,4.785780429840088,500.0,0.006999374832957983
543,-0.0008069557370617986,-0.0016051868442445993,0.0032181034330278635,0.0,0.0,-0.0018518519354984164,0.0,0.0,0.0,0.0011800130596384406,0.0,0.9988200068473816,23.68096160888672,9.999999747378752e-06,0.0001836705778259784,0.0003907729987986386,0.0,0.009259259328246117,0.24762000143527985,0.0,0.0,0.0,0.0,7.265430450439453,0.15291190147399902,9938.0,4.786403656005859,495.739990234375,-0.014154337346553802
544,-0.0008432461181655526,-0.001929073710925877,0.003253453178331256,0.0,0.0,0.0,0.0,0.0,0.0,0.00146484375,0.0,0.99853515625,23.682079315185547,0.0019461950287222862,-0.009906033985316753,5.862789294042159e-06,0.0,0.0,0.24974897503852844,0.0,0.0,0.0,0.0,7.375224590301514,0.15378642082214355,9792.0,4.781439304351807,500.0,0.008387367241084576
545,-0.000832446210552007,-0.0016149617731571198,0.003211583476513624,0.0,0.0,0.0,0.0,0.0,0.0,0.00146484375,0.0,0.99853515625,23.663192749023438,9.999999747378752e-06,-0.014991536736488342,4.774164153786842e-06,0.0,0.0,0.24987247586250305,0.0,0.0,0.0,0.0,7.922621726989746,0.19078564643859863,9087.0,4.776028633117676,500.0,0.007779384031891823
546,-0.0008459262317046523,-0.0014362155925482512,0.0031918983440846205,0.0,0.0,-0.0011111112544313073,0.0,0.0,0.0,0.0016547308769077063,0.0,0.9983452558517456,23.672550201416016,3.3749998692655936e-05,-0.0012496081180870533,0.0003937928704544902,0.0,0.0055555556900799274,0.24798212945461273,0.0,0.0,0.0,0.0,7.312033653259277,0.15276598930358887,9876.0,4.790489196777344,495.6499938964844,-0.009532752446830273
547,-0.0008513972861692309,-0.001430604257620871,0.00315645313821733,0.0,8.333332175425312e-07,-0.0007936508627608418,1.388888995279558e-05,0.0,0.0,0.0018988715019077063,0.0,0.9981011152267456,23.701263427734375,9.999999747378752e-06,-0.0013016004813835025,0.0003993275749962777,0.0069444444961845875,0.003968254197388887,0.251437783241272,0.0,0.0,0.0,0.0,7.3281660079956055,0.15168094635009766,9856.0,4.8043317794799805,495.6199951171875,-0.009281654842197895
548,-0.0008441914105787873,-0.0014883854892104864,0.0031775645911693573,0.0,0.0,0.0,0.0,0.0,0.0,0.0015055338153615594,0.0,0.9984944462776184,23.710464477539062,0.0012974634300917387,-0.009502370841801167,3.6488481782726012e-06,0.0,0.0,0.2547767460346222,0.0,0.0,0.0,0.0,7.383437633514404,0.1903371810913086,9734.0,4.799968242645264,500.0,0.009160073474049568
549,-0.0008241099421866238,-0.0013092526933178306,0.0033255137968808413,0.0,0.0,0.0,0.0,0.0,0.0,0.00146484375,0.0,0.99853515625,23.69214630126953,0.0029192925430834293,-0.013975251466035843,3.793763198700617e-06,0.0,0.0,0.24911795556545258,0.0,0.0,0.0,0.0,7.555309295654297,0.1637740135192871,9551.0,4.797036647796631,500.0,0.010778337717056274
550,-0.0008336711907759309,-0.0014608438359573483,0.0031108115799725056,0.0,0.0,0.0,0.0,0.0,0.0,0.00146484375,0.0,0.99853515625,23.69074249267578,0.0019461950287222862,-0.010876087471842766,3.8039420360291842e-06,0.0,0.0,0.2509904205799103,0.0,0.0,0.0,0.0,7.587907791137695,0.1516425609588623,9526.0,4.797313690185547,500.0,0.010224996134638786
551,-0.000819566601421684,-0.001312344684265554,0.0032886501867324114,0.0,0.0,-0.0006944444612599909,0.0,0.0,0.0,0.0018581814365461469,0.0,0.9981418251991272,23.68990707397461,9.999999747378752e-06,0.0013350601075217128,0.00028101878706365824,0.0,0.0034722222480922937,0.2557271122932434,0.0,0.0,0.0,0.0,7.562554359436035,0.15148496627807617,9557.0,4.798240661621094,500.0,0.010292327962815762
552,-0.0008224686607718468,-0.0013853170676156878,0.003213524119928479,0.0,0.0,-0.0007936508627608418,0.0,0.0,0.0,0.0022379558067768812,0.0,0.9977620244026184,23.695894241333008,9.999999747378752e-06,-0.0016825412167236209,0.0003687928547151387,0.0,0.003968254197388887,0.25161972641944885,0.0,0.0,0.0,0.0,7.639350891113281,0.17933893203735352,9429.0,4.805258274078369,496.1199951171875,-0.010029179975390434
553,-0.0008339301566593349,-0.0014845153782516718,0.0032892124727368355,0.0,0.0,0.0,0.0,0.0,0.0,0.00244140625,0.0,0.99755859375,23.704885482788086,0.0012974634300917387,-0.009669036604464054,2.9515797450585524e-06,0.0,0.0,0.2476610392332077,0.0,0.0,0.0,0.0,6.964484214782715,0.14985060691833496,10363.0,4.807324409484863,500.0,0.00891776755452156
554,-0.000820924702566117,-0.0013365000486373901,0.003304358571767807,0.0,0.0,0.0,0.0,0.0,0.0,0.00244140625,0.0,0.99755859375,23.68903350830078,0.0029192925430834293,-0.014680302701890469,2.7720466277969535e-06,0.0,0.0,0.2476711869239807,0.0,0.0,0.0,0.0,7.208782196044922,0.1458127498626709,10024.0,4.79128360748291,500.0,0.012472189962863922
555,-0.0008362318621948361,-0.0014454599004238844,0.0033016495872288942,0.0,0.0,0.0,0.0,0.0,0.0,0.00244140625,0.0,0.99755859375,23.68150520324707,0.0029192925430834293,-0.014821342192590237,2.628453330544289e-06,0.0,0.0,0.2510238289833069,0.0,0.0,0.0,0.0,7.028020858764648,0.14844322204589844,10273.0,4.794524192810059,500.0,0.01046708133071661
556,-0.0008382265805266798,-0.0016332926461473107,0.00320162670686841,0.0,0.0,-0.003703703870996833,0.0,0.0,0.0,0.0029161241836845875,0.0,0.9970839023590088,23.682117462158203,9.999999747378752e-06,-0.00019063145737163723,0.0007338596624322236,0.0,0.018518518656492233,0.24796849489212036,0.0,0.0,0.0,0.0,7.357182502746582,0.1484677791595459,9822.0,4.7962846755981445,491.1199951171875,-0.033093761652708054
557,-0.0008128545596264303,-0.0015762626426294446,0.003105362644419074,0.0,0.0,0.0,0.0,0.0,0.0,0.0031602648086845875,0.0,0.9968397617340088,23.684627532958984,0.0012974634300917387,-0.009779399260878563,2.9062043722660746e-06,0.0,0.0,0.2484646886587143,0.0,0.0,0.0,0.0,7.072726249694824,0.14660859107971191,10212.0,4.797580718994141,500.0,0.0063072205521166325
558,-0.0008312332793138921,-0.0015183795476332307,0.003169394563883543,0.0,0.0,0.0,0.0,0.0,0.0,0.0029296875,0.0,0.9970703125,23.670696258544922,0.0029192925430834293,-0.01568327657878399,3.1218560252455063e-06,0.0,0.0,0.254705011844635,0.0,0.0,0.0,0.0,6.961379051208496,0.1587386131286621,10354.0,4.788584232330322,500.0,0.007461199536919594
559,-0.0008230237290263176,-0.0017298129387199879,0.0031396544072777033,0.0,0.0,0.0,0.0,0.0,0.0,0.0029296875,0.0,0.9970703125,23.662473678588867,9.999999747378752e-06,-0.011528375558555126,3.4662284633668605e-06,0.0,0.0,0.2534603178501129,0.0,0.0,0.0,0.0,7.166487693786621,0.14881610870361328,10078.0,4.787508964538574,500.0,0.006875957362353802
560,-0.0007980482769198716,-0.0021988782100379467,0.0032553982455283403,0.0,0.0,0.0,0.0,0.0,0.0,0.002685546875,0.0,0.997314453125,23.663105010986328,0.0008649755618534982,-0.00930794607847929,3.4574197798065143e-06,0.0,0.0,0.2521018981933594,0.0,0.0,0.0,0.0,7.190498352050781,0.15081429481506348,10042.0,4.788572788238525,500.0,0.004183798097074032
561,-0.0008144690655171871,-0.0016921063652262092,0.003275193041190505,0.0,0.0,0.0,0.0,0.0,0.0,0.0022515191230922937,0.0,0.9977484941482544,23.66089630126953,0.0029192925430834293,-0.015724455937743187,3.3050473575713113e-06,0.0,0.0,0.251880407333374,0.0,0.0,0.0,0.0,7.584771156311035,0.15734577178955078,9522.0,4.786978244781494,500.0,0.004724373575299978
562,-0.00081662304000929,-0.0019528676057234406,0.0032821481581777334,0.0,0.0,0.0,0.0,0.0,0.0,0.001953125,0.0,0.998046875,23.649269104003906,0.0019461950287222862,-0.014664446003735065,3.2897603432502365e-06,0.0,0.0,0.25242847204208374,0.0,0.0,0.0,0.0,7.523510456085205,0.15427637100219727,9602.0,4.777046203613281,500.0,0.007567018270492554
563,-0.0008471930050291121,-0.0018816720694303513,0.0032687175553292036,0.0,0.0,0.0,0.0,0.0,0.0,0.001953125,0.0,0.998046875,23.6347599029541,0.0005766503745689988,-0.015972739085555077,3.718275138453464e-06,0.0,0.0,0.24748291075229645,0.0,0.0,0.0,0.0,7.147065162658691,0.15097475051879883,10102.0,4.774265289306641,500.0,0.006016659550368786
564,-0.0008310623816214502,-0.0017669583903625607,0.003100555157288909,0.0,0.0,-0.0009259259677492082,0.0,0.0,0.0,0.0021430121269077063,0.0,0.9978569746017456,23.63104820251465,9.999999747378752e-06,-0.0015736232744529843,0.0003958623856306076,0.0,0.004629629664123058,0.2438291758298874,0.0,0.0,0.0,0.0,7.514377593994141,0.15985584259033203,9607.0,4.774196147918701,498.5899963378906,-0.015278072096407413
565,-0.0008214411209337413,-0.002076107542961836,0.003051232313737273,0.0,0.0,0.0,0.0,0.0,0.0,0.0019938151817768812,0.0,0.9980061650276184,23.636646270751953,0.0012974634300917387,-0.009616196155548096,3.7205941225693095e-06,0.0,0.0,0.24782660603523254,0.0,0.0,0.0,0.0,7.570210933685303,0.1537008285522461,9545.0,4.776252746582031,500.0,0.0016136359190568328
566,-0.00082420464605093,-0.0018086619675159454,0.0029716219287365675,0.0,0.0,0.0,0.0,0.0,0.0,0.0016140408115461469,0.0,0.9983859658241272,23.61808204650879,0.0012974634300917387,-0.013920998200774193,3.0782484827795997e-06,0.0,0.0,0.24582140147686005,0.0,0.0,0.0,0.0,7.109716415405273,0.15180683135986328,10153.0,4.762805461883545,500.0,0.00390952592715621
567,-0.0008311449782922864,-0.0018283625831827521,0.0030468280892819166,0.0,0.0,0.0,0.0,0.0,0.0,0.00146484375,0.0,0.99853515625,23.61566925048828,0.0029192925430834293,-0.013530700467526913,3.350073484398308e-06,0.0,0.0,0.25195619463920593,0.0,0.0,0.0,0.0,7.067134857177734,0.14989280700683594,10215.0,4.760688781738281,500.0,0.0034791184589266777
568,-0.0008246709476225078,-0.001757784397341311,0.0031678408849984407,0.0,0.0,0.0,0.0,0.0,0.0,0.00146484375,0.0,0.99853515625,23.61487579345703,0.0005766503745689988,-0.0146191930398345,3.1160177513811504e-06,0.0,0.0,0.24834305047988892,0.0,0.0,0.0,0.0,7.181891918182373,0.15191102027893066,10053.0,4.762692928314209,500.0,0.004880549386143684
569,-0.0008514129440300167,-0.001740445732139051,0.0030000151600688696,0.0,0.0,0.0,0.0,0.0,0.0,0.00146484375,0.0,0.99853515625,23.604490280151367,0.0029192925430834293,-0.016378572210669518,2.6081206669914536e-06,0.0,0.0,0.251169890165329,0.0,0.0,0.0,0.0,6.978681564331055,0.15166139602661133,10340.0,4.755319595336914,500.0,0.003664937801659107
570,-0.0008369695860892534,-0.0016847960650920868,0.003039396833628416,0.0,0.0,0.0,0.0,0.0,0.0,0.0008816189365461469,0.0,0.9991183876991272,23.59520721435547,0.0019461950287222862,-0.014829553663730621,3.05730327454512e-06,0.0,0.0,0.24813233315944672,0.0,0.0,0.0,0.0,7.085715293884277,0.17472600936889648,10154.0,4.753612041473389,500.0,0.0046408772468566895
571,-0.0008331099525094032,-0.0016737795667722821,0.0031076574232429266,0.0,0.0,-0.0013888889225199819,0.0,0.0,0.0,0.0005018446245230734,0.0,0.999498188495636,23.592924118041992,9.999999747378752e-06,-0.0010291440412402153,0.0004085053224116564,0.0,0.0069444444961845875,0.24957482516765594,0.0,0.0,0.0,0.0,6.872955322265625,0.16663169860839844,10473.0,4.755687236785889,495.8500061035156,-0.015444406308233738
572,-0.0008197498391382396,-0.001531322137452662,0.0030167947988957167,0.0,0.0,0.0,0.0,0.0,0.0,0.0009765625,0.0,0.9990234375,23.591995239257812,0.0012974634300917387,-0.009453401900827885,3.3041480946849333e-06,0.0,0.0,0.2540665864944458,0.0,0.0,0.0,0.0,7.711135387420654,0.15165495872497559,9376.0,4.749281883239746,500.0,0.006020799744874239
573,-0.0008334136800840497,-0.0015705595724284649,0.0032330744434148073,0.0,0.0,0.0,0.0,0.0,0.0,0.0009765625,0.0,0.9990234375,23.57381248474121,0.0029192925430834293,-0.01583368144929409,3.2235229809884913e-06,0.0,0.0,0.25290101766586304,0.0,0.0,0.0,0.0,7.3442535400390625,0.14930272102355957,9838.0,4.740517616271973,500.0,0.008122852072119713
574,-0.0008294174913316965,-0.0015804910799488425,0.003039964474737644,0.0,0.0,0.0,0.0,0.0,0.0,0.0009765625,0.0,0.9990234375,23.56751823425293,0.0012974634300917387,-0.01464295294135809,7.140431989682838e-06,0.0,0.0,0.24671629071235657,0.0,0.0,0.0,0.0,7.4394025802612305,0.16756582260131836,9692.0,4.73752498626709,500.0,0.006641391199082136
575,-0.0008355441968888044,-0.0015417465474456549,0.003283949801698327,0.0,0.0,0.0,0.0,0.0,0.0,0.0009765625,0.0,0.9990234375,23.544404983520508,0.0029192925430834293,-0.017595039680600166,3.35239315063518e-06,0.0,0.0,0.24960337579250336,0.0,0.0,0.0,0.0,7.099311828613281,0.16897177696228027,10143.0,4.722136974334717,500.0,0.008424394764006138
576,-0.0008065644651651382,-0.001374677405692637,0.003236620919778943,0.0,0.0,0.0,0.0,0.0,0.0,0.0009765625,0.0,0.9990234375,23.529653549194336,0.0019461950287222862,-0.015727344900369644,0.000731987354811281,0.0,0.0,0.2501467764377594,0.0,0.0,0.0,0.0,7.051248073577881,0.1495532989501953,10238.0,4.7120256423950195,500.0,0.00925524067133665
577,-0.0008374054450541735,-0.0015353368362411857,0.0031648005824536085,0.0,0.0,0.0,0.0,0.0,0.0,0.0009765625,0.0,0.9990234375,23.505115509033203,0.0002562890585977584,-0.01582832634449005,5.9762583987321705e-05,0.0,0.0,0.24751192331314087,0.0,0.0,0.0,0.0,7.301158905029297,0.15403413772583008,9889.0,4.705069065093994,500.0,0.008404300548136234
578,-0.0008171900408342481,-0.0013875345466658473,0.0031162884552031755,0.0,0.0,0.0,0.0,0.0,0.0,0.000732421875,0.0,0.999267578125,23.494630813598633,0.0019461950287222862,-0.016096128150820732,4.072853698744439e-06,0.0,0.0,0.25635668635368347,0.0,0.0,0.0,0.0,7.391163349151611,0.1492307186126709,9777.0,4.6971435546875,500.0,0.007904864847660065
579,-0.0008205875637941062,-0.0015523367328569293,0.003212727140635252,0.0,0.0,0.0,0.0,0.0,0.0,0.00048828125,0.0,0.99951171875,23.484600067138672,0.0005766503745689988,-0.014203833416104317,4.4057082959625404e-06,0.0,0.0,0.25238123536109924,0.0,0.0,0.0,0.0,7.386744022369385,0.15323972702026367,9778.0,4.696302890777588,500.0,0.008573629893362522
580,-0.000811207399237901,-0.0015420332783833146,0.003187221009284258,0.0,0.0,0.0,0.0,0.0,0.0,0.00048828125,0.0,0.99951171875,23.472166061401367,0.0008649755618534982,-0.016460740938782692,3.859930529870326e-06,0.0,0.0,0.2504216432571411,0.0,0.0,0.0,0.0,7.1845598220825195,0.15047860145568848,10051.0,4.686750888824463,500.0,0.009221863932907581
581,-0.0008302141213789582,-0.001464190660044551,0.003189871786162257,0.0,0.0,0.0,0.0,0.0,0.0,0.00048828125,0.0,0.99951171875,23.4643497467041,0.0008649755618534982,-0.017151109874248505,3.646304094218067e-06,0.0,0.0,0.24913761019706726,0.0,0.0,0.0,0.0,7.141100883483887,0.1647965908050537,10091.0,4.687829971313477,500.0,0.00798040721565485
582,-0.0008193828398361802,-0.0015716602792963386,0.0030939835123717785,0.0,0.0,0.0,0.0,0.0,0.0,0.00048828125,0.0,0.99951171875,23.452531814575195,0.0019461950287222862,-0.015085791237652302,3.3193125545949442e-06,0.0,0.0,0.2533150911331177,0.0,0.0,0.0,0.0,6.7168121337890625,0.1508927345275879,10735.0,4.677947998046875,500.0,0.006231968756765127
583,-0.0008010885794647038,-0.0015362015692517161,0.003089091507717967,0.0,0.0,0.0,0.0,0.0,0.0,0.00048828125,0.0,0.99951171875,23.437549591064453,0.0019461950287222862,-0.01722484454512596,3.1370061606139643e-06,0.0,0.0,0.24870896339416504,0.0,0.0,0.0,0.0,7.420816898345947,0.15511155128479004,9731.0,4.669647693634033,500.0,0.007474598940461874
584,-0.0007962895906530321,-0.0014913041377440095,0.003314192174002528,0.0,0.0,0.0,0.0,0.0,0.0,0.00048828125,0.0,0.99951171875,23.422225952148438,0.0005766503745689988,-0.015576174482703209,3.22002370012342e-06,0.0,0.0,0.24875041842460632,0.0,0.0,0.0,0.0,7.031374931335449,0.16010594367980957,10252.0,4.663529872894287,500.0,0.010017646476626396
585,-0.0007898641051724553,-0.0013548898277804255,0.0032080954406410456,0.0,0.0,0.0,0.0,0.0,0.0,0.0004204644064884633,0.0,0.9995795488357544,23.410337448120117,0.0019461950287222862,-0.017486628144979477,3.457400225670426e-06,0.0,0.0,0.24497215449810028,0.0,0.0,0.0,0.0,7.711854934692383,0.15278863906860352,9374.0,4.657118797302246,500.0,0.010849542915821075
586,-0.000785055395681411,-0.0017024026019498706,0.003160464810207486,0.0,0.0,0.0,0.0,0.0,0.0,0.0,0.0,1.0,23.396081924438477,9.999999747378752e-06,-0.012461753562092781,4.127025476918789e-06,0.0,0.0,0.25035443902015686,0.0,0.0,0.0,0.0,7.796826362609863,0.1556534767150879,9271.0,4.653082370758057,500.0,0.008275395259261131
587,-0.0007813021657057106,-0.0015262780943885446,0.0030707374680787325,0.0,0.0,0.0,0.0,0.0,0.0,0.0,0.0,1.0,23.39021110534668,0.0012974634300917387,-0.01099370326846838,3.914024546247674e-06,0.0,0.0,0.2512085735797882,0.0,0.0,0.0,0.0,7.409807205200195,0.15023303031921387,9752.0,4.645557880401611,500.0,0.009469173848628998
588,-0.0008241606410592794,-0.0016255044611170888,0.003182889660820365,0.0,0.0,0.0,0.0,0.0,0.0,0.0,0.0,1.0,23.376911163330078,9.999999747378752e-06,-0.012367567047476768,3.918548827641644e-06,0.0,0.0,0.25323566794395447,0.0,0.0,0.0,0.0,7.226347923278809,0.14957213401794434,9995.0,4.645992279052734,500.0,0.006409281399101019
589,-0.0007743992027826607,-0.0015051641967147589,0.003196529345586896,0.0,0.0,0.0,0.0,0.0,0.0,0.0,0.0,1.0,23.377307891845703,0.0008649755618534982,-0.0104386480525136,3.102153414147324e-06,0.0,0.0,0.24871423840522766,0.0,0.0,0.0,0.0,7.789099216461182,0.15149188041687012,9284.0,4.643867492675781,500.0,0.008959858678281307
590,-0.0007950440631248057,-0.0013926186366006732,0.003189955372363329,0.0,0.0,0.0,0.0,0.0,0.0,0.0,0.0,1.0,23.35123062133789,0.0029192925430834293,-0.015443040058016777,3.5473563002597075e-06,0.0,0.0,0.2466636449098587,0.0,0.0,0.0,0.0,7.208888053894043,0.15933990478515625,10006.0,4.619206428527832,500.0,0.010275940410792828
591,-0.0007753324462100863,-0.0013357701245695353,0.0032515604980289936,-2.604514577342343e-07,4.2658732013478584e-07,-0.0009259259677492082,2.1825397197972052e-05,0.0,0.0,0.00035264756297692657,0.0,0.9996473789215088,23.336406707763672,9.999999747378752e-06,0.0012442364823073149,0.0003268404398113489,0.010912698693573475,0.004629629664123058,0.24964836239814758,0.0,0.0,0.0,0.0,7.6604790687561035,0.16858911514282227,9417.0,4.621849060058594,500.0,0.010688116773962975
592,-0.0007815651479177177,-0.0012274511391296983,0.0032043023966252804,0.0,0.0,0.0,0.0,0.0,0.0,0.00048828125,0.0,0.99951171875,23.336437225341797,0.0012974634300917387,-0.010832364670932293,3.16710884362692e-06,0.0,0.0,0.24710538983345032,0.0,0.0,0.0,0.0,7.0385661125183105,0.15151691436767578,10254.0,4.617486000061035,500.0,0.010875445790588856
593,-0.0007845449727028608,-0.0013315294636413455,0.0032579030375927687,0.0,0.0,0.0,0.0,0.0,0.0,0.00048828125,0.0,0.99951171875,23.3079833984375,0.0019461950287222862,-0.016975386068224907,3.2768100481916917e-06,0.0,0.0,0.24978777766227722,0.0,0.0,0.0,0.0,6.908519744873047,0.14833927154541016,10447.0,4.601914405822754,500.0,0.011815246194601059
594,-0.0007809386006556451,-0.0014363881200551987,0.0032113315537571907,0.0,0.0,0.0,0.0,0.0,0.0,0.00048828125,0.0,0.99951171875,23.301025390625,0.0019461950287222862,-0.014779866673052311,2.916554649345926e-06,0.0,0.0,0.2484392672777176,0.0,0.0,0.0,0.0,7.303703308105469,0.15406370162963867,9886.0,4.603186130523682,500.0,0.009667575359344482
595,-0.0007787337526679039,-0.0015200272900983691,0.003179265884682536,-4.080575308762491e-07,6.481481591436022e-07,-0.0018518519354984164,3.2407409889856353e-05,0.0,0.0,0.0006103515625,0.0,0.9993896484375,23.29680061340332,9.999999747378752e-06,-0.0010264094453305006,0.00040333590004593134,0.016203705221414566,0.009259259328246117,0.2506968379020691,0.0,0.0,0.0,0.0,6.762700080871582,0.16686153411865234,10639.0,4.60373067855835,495.7900085449219,-0.009553777053952217
596,-0.0007809704402461648,-0.0013758792774751782,0.0032654860988259315,0.0,0.0,0.0,0.0,0.0,0.0,0.0009765625,0.0,0.9990234375,23.29948616027832,0.0012974634300917387,-0.010475623421370983,2.4968171601358335e-06,0.0,0.0,0.24669620394706726,0.0,0.0,0.0,0.0,7.662283897399902,0.15138006210327148,9435.0,4.6052656173706055,500.0,0.012229453772306442
597,-0.000768245488870889,-0.0013145452830940485,0.0032456633634865284,0.0,0.0,-0.0011111112544313073,0.0,0.0,0.0,0.0012749566230922937,0.0,0.9987250566482544,23.29360580444336,9.999999747378752e-06,-0.0008165956242009997,0.00036241699126549065,0.0,0.0055555556900799274,0.2502760589122772,0.0,0.0,0.0,0.0,7.251577377319336,0.1482536792755127,9963.0,4.6045145988464355,496.3999938964844,-0.007105736527591944
598,-0.0007670153281651437,-0.0012484971666708589,0.003313775872811675,-4.752370230676206e-08,2.1367521085835506e-08,0.0,4.273504146112828e-06,0.0,0.0,0.00146484375,0.0,0.99853515625,23.297279357910156,0.0008649755618534982,-0.010576734319329262,2.9654736408701865e-06,0.0021367522422224283,0.0,0.24501490592956543,0.0,0.0,0.0,0.0,7.232148170471191,0.1506335735321045,9986.0,4.606429576873779,500.0,0.013651338405907154
599,-0.0007583799888379872,-0.0014631495578214526,0.0032294956035912037,-3.297878663488518e-07,2.7777778655035945e-07,0.0,1.1111112144135404e-05,0.0,0.0,0.00146484375,0.0,0.99853515625,23.287256240844727,0.0029192925430834293,-0.01596110500395298,2.781922376016155e-06,0.0055555556900799274,0.0,0.25150707364082336,0.0,0.0,0.0,0.0,6.968461990356445,0.16009998321533203,10342.0,4.594414234161377,500.0,0.012103799730539322
600,-0.0007551626185886562,-0.0012819868279621005,0.003316797548905015,0.0,0.0,0.0,0.0,0.0,0.0,0.00146484375,0.0,0.99853515625,23.277311325073242,0.0005766503745689988,-0.013559994287788868,2.6869015528063755e-06,0.0,0.0,0.24994754791259766,0.0,0.0,0.0,0.0,7.198475360870361,0.14996743202209473,10033.0,4.596797943115234,500.0,0.011854412034153938
601,-0.0007657395326532423,-0.0014073696220293641,0.0032956975046545267,0.0,0.0,0.0,0.0,0.0,0.0,0.00146484375,0.0,0.99853515625,23.265560150146484,0.0012974634300917387,-0.0159609317779541,3.1520685297437012e-06,0.0,0.0,0.2501472532749176,0.0,0.0,0.0,0.0,6.991463661193848,0.15083718299865723,10322.0,4.587637424468994,500.0,0.011406022123992443
602,-0.0007532875169999897,-0.0015073210233822465,0.00325071276165545,0.0,0.0,0.0,0.0,0.0,0.0,0.00146484375,0.0,0.99853515625,23.248048782348633,0.0002562890585977584,-0.013228192925453186,1.2995981705898885e-05,0.0,0.0,0.25179523229599,0.0,0.0,0.0,0.0,7.525038242340088,0.16417574882507324,9588.0,4.584064960479736,500.0,0.012327481061220169
603,-0.000728618586435914,-0.0013734304811805487,0.003254892071709037,-1.4087210331581446e-07,5.5555556599529154e-08,-0.0013888889225199819,1.1111112144135404e-05,0.0,0.0,0.0015190972480922937,0.0,0.9984809160232544,23.249658584594727,9.999999747378752e-06,-0.0020449713338166475,0.00040754041401669383,0.0055555556900799274,0.0069444444961845875,0.2510371208190918,0.0,0.0,0.0,0.0,7.329710960388184,0.16077756881713867,9842.0,4.587535858154297,498.6499938964844,-0.009484630078077316
604,-0.0007679886766709387,-0.001413025544025004,0.003010201035067439,0.0,0.0,0.0,0.0,0.0,0.0,0.001953125,0.0,0.998046875,23.254499435424805,0.0012974634300917387,-0.010688325390219688,3.3064975468732882e-06,0.0,0.0,0.24752040207386017,0.0,0.0,0.0,0.0,7.378847122192383,0.14922881126403809,9793.0,4.591097354888916,500.0,0.008112138137221336
605,-0.0007503905217163265,-0.0014380017528310418,0.002931700088083744,0.0,0.0,0.0,0.0,0.0,0.0,0.0015462239971384406,0.0,0.9984537959098816,23.24807357788086,3.3749998692655936e-05,-0.008431459777057171,4.322382210375508e-06,0.0,0.0,0.24876528978347778,0.0,0.0,0.0,0.0,7.252374649047852,0.14864683151245117,9961.0,4.5883636474609375,500.0,0.0067083146423101425
606,-0.000769039907027036,-0.0017256070859730244,0.0028465178329497576,0.0,0.0,0.0,0.0,0.0,0.0,0.00146484375,0.0,0.99853515625,23.249814987182617,0.0008649755618534982,-0.011956014670431614,4.055373665323714e-06,0.0,0.0,0.2473786622285843,0.0,0.0,0.0,0.0,7.467303276062012,0.14964866638183594,9679.0,4.59085750579834,500.0,0.002826402895152569
607,-0.0007695871172472835,-0.0015485178446397185,0.0029792184941470623,0.0,0.0,0.0,0.0,0.0,0.0,0.00146484375,0.0,0.99853515625,23.24090576171875,0.0029192925430834293,-0.014495555311441422,4.001458819402615e-06,0.0,0.0,0.24687252938747406,0.0,0.0,0.0,0.0,7.51558780670166,0.16123270988464355,9603.0,4.57689094543457,500.0,0.005477753933519125
608,-0.0007556980708613992,-0.0015395662048831582,0.0029584227595478296,0.0,0.0,0.0,0.0,0.0,0.0,0.00146484375,0.0,0.99853515625,23.223173141479492,0.0019461950287222862,-0.013325387611985207,4.2052861317642964e-06,0.0,0.0,0.25230419635772705,0.0,0.0,0.0,0.0,7.157464981079102,0.14536046981811523,10095.0,4.572767734527588,500.0,0.003964411560446024
609,-0.000754032691475004,-0.0018720616353675723,0.0028888732194900513,0.0,0.0,0.0,0.0,0.0,0.0,0.0012885199394077063,0.0,0.9987114667892456,23.22309112548828,0.0002562890585977584,-0.012655981816351414,5.031068212701939e-05,0.0,0.0,0.24753279983997345,0.0,0.0,0.0,0.0,7.131678104400635,0.14976882934570312,10125.0,4.576700210571289,500.0,0.006200057454407215
610,-0.0007891972782090306,-0.001792679657228291,0.002881780033931136,0.0,0.0,0.0,0.0,0.0,0.0,0.0009765625,0.0,0.9990234375,23.230772018432617,0.0019461950287222862,-0.01338904071599245,6.207624210219365e-06,0.0,0.0,0.2511952817440033,0.0,0.0,0.0,0.0,6.79638671875,0.16564369201660156,10590.0,4.580769062042236,500.0,0.004212396219372749
611,-0.0007857499876990914,-0.0017329175025224686,0.002999901073053479,0.0,0.0,0.0,0.0,0.0,0.0,0.0006239149370230734,0.0,0.999376118183136,23.234548568725586,0.00038443360244855285,-0.0049377186223864555,5.432809302874375e-06,0.0,0.0,0.2494433969259262,0.0,0.0,0.0,0.0,7.229206085205078,0.15184783935546875,9988.0,4.583746910095215,500.0,0.003931242972612381
612,-0.000769006204791367,-0.0018695356557145715,0.002979745389893651,0.0,0.0,-0.002314814832061529,0.0,0.0,0.0,0.0011664496269077063,0.0,0.9988335371017456,23.242834091186523,9.999999747378752e-06,-0.001385210664011538,0.0004943966050632298,0.0,0.011574074625968933,0.2480025291442871,0.0,0.0,0.0,0.0,6.8800153732299805,0.14547157287597656,10494.0,4.588791847229004,497.8299865722656,-0.014522415585815907
613,-0.0007749091018922627,-0.002067337278276682,0.003100415924564004,0.0,0.0,0.0,0.0,0.0,0.0,0.00146484375,0.0,0.99853515625,23.245853424072266,0.0008649755618534982,-0.009765568189322948,4.543969680526061e-06,0.0,0.0,0.24667687714099884,0.0,0.0,0.0,0.0,7.189299583435059,0.14902663230895996,10046.0,4.58890962600708,500.0,0.0016298204427585006
614,-0.0007829962414689362,-0.0018998900195583701,0.003057136433199048,0.0,0.0,0.0,0.0,0.0,0.0,0.00146484375,0.0,0.99853515625,23.238643646240234,0.0012974634300917387,-0.013082574121654034,0.00048453782801516354,0.0,0.0,0.24989397823810577,0.0,0.0,0.0,0.0,7.256039619445801,0.15058565139770508,9954.0,4.585616111755371,500.0,0.004313706420361996
615,-0.0007772264070808887,-0.002035567769780755,0.0030823585111647844,0.0,0.0,-0.002314814832061529,0.0,0.0,0.0,0.0016547308769077063,0.0,0.9983452558517456,23.23842430114746,9.999999747378752e-06,-0.0019408715888857841,0.0008887244039215147,0.0,0.011574074625968933,0.250273197889328,0.0,0.0,0.0,0.0,7.3010125160217285,0.1606130599975586,9880.0,4.5879364013671875,494.4800109863281,-0.03681669756770134
616,-0.0007820113096386194,-0.0022515887394547462,0.003028247505426407,0.0,0.0,-0.0018518519354984164,0.0,0.0,0.0,0.0028211805038154125,0.0,0.997178852558136,23.248210906982422,0.0012974634300917387,-0.0012012746883556247,0.0003093177219852805,0.0,0.009259259328246117,0.24666166305541992,0.0,0.0,0.0,0.0,6.742310523986816,0.1514146327972412,10694.0,4.6015214920043945,500.0,0.0006489642546512187
617,-0.0007973757456056774,-0.0017390948487445712,0.0032420859206467867,0.0,0.0,0.0,0.0,0.0,0.0,0.0028211805038154125,0.0,0.997178852558136,23.26495933532715,0.0019461950287222862,-0.015044968575239182,5.295272785588168e-06,0.0,0.0,0.25174441933631897,0.0,0.0,0.0,0.0,7.459517478942871,0.16669011116027832,9667.0,4.591368675231934,500.0,0.007343301083892584
618,-0.0007934565073810518,-0.0019139875657856464,0.0031391559168696404,-1.0325944543865262e-07,9.25925931483107e-08,0.0,1.8518519937060773e-05,0.0,0.0,0.00244140625,0.0,0.99755859375,23.250776290893555,0.0008649755618534982,-0.01188951451331377,5.7446736718702596e-06,0.009259259328246117,0.0,0.24798519909381866,0.0,0.0,0.0,0.0,6.999835014343262,0.14553070068359375,10318.0,4.5937347412109375,500.0,0.0022682177368551493
619,-0.0007956842891871929,-0.001930911559611559,0.0032456654589623213,0.0,0.0,0.0,0.0,0.0,0.0,0.00244140625,0.0,0.99755859375,23.253705978393555,0.0012974634300917387,-0.0145571893081069,6.4168302742473315e-06,0.0,0.0,0.2521647810935974,0.0,0.0,0.0,0.0,7.6914567947387695,0.1799633502960205,9366.0,4.59817361831665,500.0,0.006386943627148867
620,-0.0008062525885179639,-0.0017997478134930134,0.0032360749319195747,0.0,0.0,0.0,0.0,0.0,0.0,0.00244140625,0.0,0.99755859375,23.265926361083984,0.0008649755618534982,-0.01409429032355547,4.857819021708565e-06,0.0,0.0,0.25377896428108215,0.0,0.0,0.0,0.0,7.038886547088623,0.16399717330932617,10235.0,4.607426166534424,500.0,0.005449067335575819
621,-0.0008115713717415929,-0.0018546860665082932,0.0031927553936839104,0.0,0.0,-0.0018518519354984164,0.0,0.0,0.0,0.0028889973182231188,0.0,0.9971110224723816,23.27802085876465,0.0029192925430834293,-0.0009035019320435822,0.0001836119481595233,0.0,0.009259259328246117,0.2476792335510254,0.0,0.0,0.0,0.0,7.318280220031738,0.1510448455810547,9870.0,4.627809524536133,500.0,0.006508684251457453
622,-0.0007958368514664471,-0.0019384701736271381,0.003159190993756056,0.0,0.0,-0.0011111112544313073,0.0,0.0,0.0,0.003024631179869175,0.0,0.9969753623008728,23.323883056640625,9.999999747378752e-06,-0.0007375774439424276,0.0005368564161472023,0.0,0.0055555556900799274,0.24980998039245605,0.0,0.0,0.0,0.0,7.272510051727295,0.1645514965057373,9913.0,4.639188289642334,495.8500061035156,-0.01657101884484291
623,-0.0008021984249353409,-0.0018771617906168103,0.0032743741758167744,0.0,0.0,-0.0011111112544313073,0.0,0.0,0.0,0.0036214191932231188,0.0,0.9963786005973816,23.3302001953125,9.999999747378752e-06,-0.0018070866353809834,0.00039522143197245896,0.0,0.0055555556900799274,0.24823443591594696,0.0,0.0,0.0,0.0,7.275424957275391,0.16338443756103516,9911.0,4.642892837524414,498.0199890136719,-0.012850812636315823
624,-0.0008229484083130956,-0.001989807467907667,0.0031820274889469147,0.0,0.0,0.0,0.0,0.0,0.0,0.00390625,0.0,0.99609375,23.334226608276367,0.0012974634300917387,-0.010206593200564384,3.9526703403680585e-06,0.0,0.0,0.25033384561538696,0.0,0.0,0.0,0.0,7.313198566436768,0.14973878860473633,9879.0,4.64229679107666,500.0,0.006663212087005377
625,-0.0008278909372165799,-0.0019740683492273092,0.003198247402906418,0.0,0.0,0.0,0.0,0.0,0.0,0.0038655598182231188,0.0,0.9961344599723816,23.324913024902344,0.00011390625149942935,-0.012790211476385593,3.852688678307459e-06,0.0,0.0,0.24497051537036896,0.0,0.0,0.0,0.0,6.841442584991455,0.14812541007995605,10548.0,4.640219211578369,500.0,0.0053892675787210464
626,-0.0008272752165794373,-0.0019330494105815887,0.0033676910679787397,0.0,0.0,0.0,0.0,0.0,0.0,0.0031602648086845875,0.0,0.9968397617340088,23.324975967407227,0.0012974634300917387,-0.013046184554696083,4.390397862152895e-06,0.0,0.0,0.24660764634609222,0.0,0.0,0.0,0.0,7.139788627624512,0.15032243728637695,10113.0,4.642041206359863,500.0,0.006835106294602156
627,-0.0007814469281584024,-0.0022105455864220858,0.0032577291131019592,0.0,0.0,0.0,0.0,0.0,0.0,0.0029296875,0.0,0.9970703125,23.317909240722656,0.0012974634300917387,-0.014109146781265736,4.6422583181993105e-06,0.0,0.0,0.25378307700157166,0.0,0.0,0.0,0.0,7.2186598777771,0.16101789474487305,9990.0,4.636229038238525,500.0,0.0012054593535140157
628,-0.0008088991162367165,-0.001851926906965673,0.003308497369289398,0.0,0.0,0.0,0.0,0.0,0.0,0.0029296875,0.0,0.9970703125,23.318876266479492,0.0019461950287222862,-0.013664635829627514,4.1248190427722875e-06,0.0,0.0,0.2456887811422348,0.0,0.0,0.0,0.0,7.249809265136719,0.1494438648223877,9964.0,4.6417460441589355,500.0,0.005100212525576353
629,-0.0007974357577040792,-0.0016394790727645159,0.003325710305944085,0.0,0.0,0.0,0.0,0.0,0.0,0.0026312933769077063,0.0,0.9973686933517456,23.31897735595703,0.0019461950287222862,-0.01170009933412075,4.89219200972002e-06,0.0,0.0,0.2455376237630844,0.0,0.0,0.0,0.0,7.131731033325195,0.16112399101257324,10109.0,4.636916637420654,500.0,0.009195704013109207
630,-0.0008172986563295126,-0.002219776390120387,0.0033850695472210646,0.0,0.0,0.0,0.0,0.0,0.0,0.0015190972480922937,0.0,0.9984809160232544,23.308443069458008,9.999999747378752e-06,-0.0069991894997656345,5.027455699746497e-06,0.0,0.0,0.24875704944133759,0.0,0.0,0.0,0.0,7.034398078918457,0.1484355926513672,10264.0,4.636247158050537,500.0,0.0010522843804210424
631,-0.0008335347520187497,-0.0017023594118654728,0.0033463211730122566,0.0,0.0,0.0,0.0,0.0,0.0,0.00146484375,0.0,0.99853515625,23.312896728515625,0.0008649755618534982,-0.009064746089279652,5.33273259861744e-06,0.0,0.0,0.2527298033237457,0.0,0.0,0.0,0.0,7.274478435516357,0.1606452465057373,9916.0,4.6407928466796875,500.0,0.00699081365019083
632,-0.0008210096275433898,-0.0020319167524576187,0.0032188333570957184,0.0,0.0,0.0,0.0,0.0,0.0,0.00146484375,0.0,0.99853515625,23.32021141052246,0.0005766503745689988,-0.01249381247907877,5.257361408439465e-06,0.0,0.0,0.24801106750965118,0.0,0.0,0.0,0.0,6.999897480010986,0.1461048126220703,10317.0,4.642731666564941,500.0,0.0031037291046231985
633,-0.0007971025188453496,-0.002156302332878113,0.003264062572270632,0.0,0.0,0.0,0.0,0.0,0.0,0.00146484375,0.0,0.99853515625,23.308975219726562,0.0019461950287222862,-0.01359997782856226,5.182537279324606e-06,0.0,0.0,0.24931590259075165,0.0,0.0,0.0,0.0,7.099116325378418,0.15155243873596191,10168.0,4.632423400878906,500.0,0.003626777557656169
634,-0.000809969671536237,-0.0018556267023086548,0.0033501710277050734,-3.717098095989968e-08,2.7777778655035945e-07,-0.0013888889225199819,1.388888995279558e-05,0.0,0.0,0.0016411675605922937,0.0,0.9983588457107544,23.29709243774414,9.999999747378752e-06,0.0004929230781272054,0.00043618783820420504,0.0069444444961845875,0.0069444444961845875,0.2512785792350769,0.0,0.0,0.0,0.0,7.182452201843262,0.14806032180786133,10057.0,4.631568431854248,495.7699890136719,-0.014944255352020264
635,-0.0008301966590806842,-0.0017319777980446815,0.0032654530368745327,0.0,0.0,0.0,0.0,0.0,0.0,0.00146484375,0.0,0.99853515625,23.30124282836914,0.0012974634300917387,-0.00960554275661707,6.557560482178815e-06,0.0,0.0,0.24446222186088562,0.0,0.0,0.0,0.0,7.223820686340332,0.14714837074279785,10002.0,4.632331848144531,500.0,0.0076628620736300945
636,-0.0008052238845266402,-0.0017636638367548585,0.0032167737372219563,-8.073794077745333e-09,6.944444663758986e-08,0.0,6.94444497639779e-06,0.0,0.0,0.0013156466884538531,0.0,0.9986843466758728,23.289989471435547,0.0008649755618534982,-0.011741554364562035,0.00015044784231577069,0.0034722222480922937,0.0,0.25096455216407776,0.0,0.0,0.0,0.0,6.983006477355957,0.15918898582458496,10322.0,4.6251420974731445,500.0,0.004574711434543133
637,-0.0008074985234998167,-0.0022922989446669817,0.0031664741691201925,-4.486386817603716e-09,5.5555556599529154e-08,0.0,1.1111112144135404e-05,0.0,0.0,0.0007188585004769266,0.0,0.9992811679840088,23.27801513671875,0.0019461950287222862,-0.013034713454544544,2.6972404157277197e-05,0.0055555556900799274,0.0,0.25018152594566345,0.0,0.0,0.0,0.0,6.986353397369385,0.14826655387878418,10333.0,4.619842052459717,500.0,0.0021279645152390003
638,-0.0007851883419789374,-0.0023936841171234846,0.0033167500514537096,-4.0277888047057786e-07,3.9682539920704585e-08,0.0,7.936508154671174e-06,0.0,0.0,0.00048828125,0.0,0.99951171875,23.272737503051758,0.0008649755618534982,-0.011745993047952652,4.521444679994602e-06,0.003968254197388887,0.0,0.25053057074546814,0.0,0.0,0.0,0.0,7.019138813018799,0.15072345733642578,10283.0,4.61895751953125,500.0,0.005616468843072653
639,-0.0008071057964116335,-0.001990190939977765,0.0032292429823428392,0.0,0.0,0.0,0.0,0.0,0.0,0.00048828125,0.0,0.99951171875,23.273944854736328,0.0012974634300917387,-0.010727707296609879,4.891438948106952e-06,0.0,0.0,0.2459038347005844,0.0,0.0,0.0,0.0,7.176727771759033,0.16745424270629883,10038.0,4.621441841125488,500.0,0.003542117075994611
640,-0.0007958415662869811,-0.0017544296570122242,0.0032982882112264633,0.0,0.0,0.0,0.0,0.0,0.0,0.00048828125,0.0,0.99951171875,23.278249740600586,0.0012974634300917387,-0.011535540223121643,4.651807557820575e-06,0.0,0.0,0.24743101000785828,0.0,0.0,0.0,0.0,7.4208664894104,0.15254545211791992,9735.0,4.621466159820557,500.0,0.005960801616311073
641,-0.000795988948084414,-0.0017853766912594438,0.003239678917452693,0.0,0.0,0.0,0.0,0.0,0.0,0.00048828125,0.0,0.99951171875,23.270606994628906,0.0012974634300917387,-0.0128198666498065,1.2715455341094639e-05,0.0,0.0,0.24952571094036102,0.0,0.0,0.0,0.0,7.200801849365234,0.1626129150390625,10012.0,4.6188554763793945,500.0,0.0038741310127079487
642,-0.0007743877940811217,-0.0020836663898080587,0.0033704894594848156,0.0,0.0,0.0,0.0,0.0,0.0,0.00048828125,0.0,0.99951171875,23.275300979614258,0.0012974634300917387,-0.013751649297773838,7.828307570889592e-05,0.0,0.0,0.24327455461025238,0.0,0.0,0.0,0.0,7.433065414428711,0.14563894271850586,9728.0,4.623349189758301,500.0,0.0034918158780783415
643,-0.0007715551764704287,-0.0018472489900887012,0.003340924857184291,0.0,0.0,-0.0027777778450399637,0.0,0.0,0.0,0.0006510416860692203,0.0,0.9993489384651184,23.279525756835938,9.999999747378752e-06,-0.001178718637675047,0.0004057648475281894,0.0,0.013888888992369175,0.24794422090053558,0.0,0.0,0.0,0.0,7.0166826248168945,0.16289925575256348,10269.0,4.625049591064453,496.25,-0.01448950543999672
644,-0.0007940905052237213,-0.0017854480538517237,0.0032866750843822956,0.0,0.0,0.0,0.0,0.0,0.0,0.0009765625,0.0,0.9990234375,23.281007766723633,0.0012974634300917387,-0.010209900327026844,4.129667104280088e-06,0.0,0.0,0.2531099319458008,0.0,0.0,0.0,0.0,6.875926494598389,0.15445256233215332,10487.0,4.625319480895996,500.0,0.007370897568762302
645,-0.0007973408792167902,-0.0017667905194684863,0.003251734422519803,0.0,0.0,0.0,0.0,0.0,0.0,0.0009765625,0.0,0.9990234375,23.273868560791016,0.0012974634300917387,-0.009390413761138916,1.3775197658105753e-05,0.0,0.0,0.24649091064929962,0.0,0.0,0.0,0.0,6.978540897369385,0.14867162704467773,10344.0,4.625991344451904,500.0,0.0042704190127551556
646,-0.0007590149762108922,-0.0016542967641726136,0.003339775837957859,0.0,0.0,0.0,0.0,0.0,0.0,0.0009765625,0.0,0.9990234375,23.278881072998047,0.0008649755618534982,-0.012400206178426743,0.0028674781788140535,0.0,0.0,0.2517837584018707,0.0,0.0,0.0,0.0,7.222017288208008,0.1502683162689209,10000.0,4.628005027770996,500.0,0.008139580488204956
647,-0.0007595714996568859,-0.0017508486052975059,0.003335214452818036,-1.1045965919720402e-07,3.9682539920704585e-08,-0.0027777778450399637,7.936508154671174e-06,0.0,0.0,0.0010308159980922937,0.0,0.9989691972732544,23.2764835357666,9.999999747378752e-06,-0.0011810720898211002,0.0004462386423256248,0.003968254197388887,0.013888888992369175,0.25204575061798096,0.0,0.0,0.0,0.0,7.377222061157227,0.14876222610473633,9796.0,4.628419876098633,496.4100036621094,-0.012192300520837307
648,-0.000772124039940536,-0.001992817036807537,0.0032699790317565203,0.0,0.0,0.0,0.0,0.0,0.0,0.001220703125,0.0,0.998779296875,23.284910202026367,0.0008649755618534982,-0.010309368371963501,1.2766094187099952e-05,0.0,0.0,0.24867714941501617,0.0,0.0,0.0,0.0,7.506989479064941,0.16072416305541992,9615.0,4.636903285980225,500.0,0.0013838045997545123
649,-0.0007866929518058896,-0.0025436514988541603,0.003124492010101676,-1.9330380851556583e-08,1.7857144030131167e-07,0.0,3.968254077335587e-06,0.0,0.0,0.0009765625,0.0,0.9990234375,23.29690933227539,9.999999747378752e-06,-0.010739638470113277,6.714826668030582e-06,0.0019841270986944437,0.0,0.2486950308084488,0.0,0.0,0.0,0.0,7.359492778778076,0.16895484924316406,9793.0,4.640750885009766,500.0,-0.003595319576561451
650,-0.0007864960352890193,-0.002123607089743018,0.0031295504886657,0.0,0.0,0.0,0.0,0.0,0.0,0.0009765625,0.0,0.9990234375,23.303123474121094,0.0012974634300917387,-0.008137264288961887,6.961812232475495e-06,0.0,0.0,0.2537316381931305,0.0,0.0,0.0,0.0,7.0490617752075195,0.1643838882446289,10220.0,4.647141456604004,500.0,0.001244374318048358
651,-0.0007780925952829421,-0.002151898108422756,0.003068685531616211,0.0,0.0,0.0,0.0,0.0,0.0,0.0009765625,0.0,0.9990234375,23.30933380126953,9.999999747378752e-06,-0.011153149418532848,5.1057254495390225e-06,0.0,0.0,0.24877913296222687,0.0,0.0,0.0,0.0,7.296546936035156,0.15169286727905273,9898.0,4.647784233093262,500.0,0.005032639019191265
652,-0.0007740863366052508,-0.0018210506532341242,0.0030657059978693724,0.0,0.0,0.0,0.0,0.0,0.0,0.0009765625,0.0,0.9990234375,23.310543060302734,0.0008649755618534982,-0.009943840093910694,5.2825162129011005e-06,0.0,0.0,0.24851825833320618,0.0,0.0,0.0,0.0,6.9428935050964355,0.15858793258666992,10382.0,4.6465959548950195,500.0,0.003617508104071021
653,-0.0007772342069074512,-0.002102085156366229,0.0032000108622014523,0.0,0.0,0.0,0.0,0.0,0.0,0.0009765625,0.0,0.9990234375,23.308757781982422,0.0008649755618534982,-0.01378199178725481,5.051606422057375e-06,0.0,0.0,0.2525414228439331,0.0,0.0,0.0,0.0,7.485433578491211,0.17438101768493652,9625.0,4.647830963134766,500.0,0.0033426398877054453
654,-0.0007865595398470759,-0.0019671523477882147,0.003179816761985421,0.0,0.0,0.0,0.0,0.0,0.0,0.0009765625,0.0,0.9990234375,23.314210891723633,0.0002562890585977584,-0.0140914311632514,4.703852482634829e-06,0.0,0.0,0.2512958347797394,0.0,0.0,0.0,0.0,7.335144996643066,0.1498873233795166,9850.0,4.652218341827393,500.0,0.0033392554614692926
655,-0.0007940204814076424,-0.0017214230028912425,0.0032246483024209738,0.0,0.0,-0.0013888889225199819,0.0,0.0,0.0,0.00146484375,0.0,0.99853515625,23.317707061767578,9.999999747378752e-06,-0.0010217111557722092,5.8319918025517836e-05,0.0,0.0069444444961845875,0.24938954412937164,0.0,0.0,0.0,0.0,7.705306053161621,0.14783573150634766,9388.0,4.654239177703857,500.0,0.008326907642185688
656,-0.0007860729820095003,-0.001642587361857295,0.0030024417210370302,0.0,0.0,0.0,0.0,0.0,0.0,0.00146484375,0.0,0.99853515625,23.321992874145508,0.0008649755618534982,-0.009832522831857204,5.358438102120999e-06,0.0,0.0,0.25367048382759094,0.0,0.0,0.0,0.0,7.330605983734131,0.16364693641662598,9837.0,4.65703010559082,500.0,0.005280328448861837
657,-0.0007907116087153554,-0.002590649761259556,0.003214721567928791,0.0,0.0,0.0,0.0,0.0,0.0,0.0012478298740461469,0.0,0.9987521767616272,23.321487426757812,9.999999747378752e-06,-0.010522018186748028,5.951145794824697e-06,0.0,0.0,0.2504480183124542,0.0,0.0,0.0,0.0,7.2162370681762695,0.14816069602966309,10011.0,4.6581878662109375,500.0,0.00048403217806480825
658,-0.0007704135496169329,-0.0020951491314917803,0.003184358822181821,0.0,0.0,-0.0006944444612599909,0.0,0.0,0.0,0.0013699001865461469,0.0,0.9986301064491272,23.329456329345703,0.0012974634300917387,-0.0015036162221804261,0.0002820150984916836,0.0,0.0034722222480922937,0.25042223930358887,0.0,0.0,0.0,0.0,7.183805465698242,0.16166257858276367,10037.0,4.671960830688477,500.0,0.003158767241984606
659,-0.0007824321510270238,-0.0015397350070998073,0.003078608773648739,0.0,0.0,-0.0006944444612599909,0.0,0.0,0.0,0.0019124349346384406,0.0,0.9980875849723816,23.430944442749023,0.0065684085711836815,-0.0022643073461949825,0.06989285349845886,0.0,0.0034722222480922937,0.25160518288612366,0.0,0.0,0.0,0.0,7.357179641723633,0.1610569953918457,9806.0,4.761013984680176,500.0,0.006962765473872423
660,-0.0007643343997187912,-0.0018118350999429822,0.0031985235400497913,0.0,0.0,0.0,0.0,0.0,0.0,0.001953125,0.0,0.998046875,23.528026580810547,0.0012974634300917387,-0.008036866784095764,0.04448249191045761,0.0,0.0,0.24524961411952972,0.0,0.0,0.0,0.0,7.539499282836914,0.15030241012573242,9587.0,4.776141166687012,500.0,0.005376532208174467
661,-0.0007830537506379187,-0.002259467961266637,0.0032058090437203646,0.0,1.1111111319905831e-07,0.0,1.1111112144135404e-05,0.0,0.0,0.0018446181202307343,0.0,0.998155415058136,23.54456329345703,0.0029192925430834293,-0.015330127440392971,0.002039180137217045,0.0055555556900799274,0.0,0.25090640783309937,0.0,0.0,0.0,0.0,7.623781204223633,0.14849114418029785,9486.0,4.790100574493408,500.0,0.0016334772808477283
662,-0.000780636677518487,-0.0017970135668292642,0.003124600276350975,0.0,0.0,-0.0013888889225199819,0.0,0.0,0.0,0.0015462239971384406,0.0,0.9984537959098816,23.564485549926758,0.0029192925430834293,-0.010374131612479687,0.0010729085188359022,0.0,0.0069444444961845875,0.24996519088745117,0.0,0.0,0.0,0.0,7.327273368835449,0.1582353115081787,9849.0,4.802260398864746,495.6400146484375,-0.016008490696549416
663,-0.000778490211814642,-0.0017569508636370301,0.003180048195645213,0.0,0.0,0.0,0.0,0.0,0.0,0.001953125,0.0,0.998046875,23.58792495727539,0.0029192925430834293,-0.013250178657472134,0.0007656155503354967,0.0,0.0,0.24852357804775238,0.0,0.0,0.0,0.0,7.318465232849121,0.1481008529663086,9874.0,4.8116302490234375,500.0,0.008961950428783894
664,-0.000779399648308754,-0.001740418840199709,0.0031758553814142942,0.0,0.0,0.0,0.0,0.0,0.0,0.001953125,0.0,0.998046875,23.59560775756836,0.0019461950287222862,-0.007928102277219296,0.00029100061510689557,0.0,0.0,0.25261712074279785,0.0,0.0,0.0,0.0,7.4557037353515625,0.1617894172668457,9678.0,4.816982269287109,500.0,0.004915970843285322
665,-0.0007840899052098393,-0.0015450529754161835,0.0032491174060851336,0.0,0.0,0.0,0.0,0.0,0.0,0.001953125,0.0,0.998046875,23.605632781982422,0.0019461950287222862,-0.011729521676898003,0.00020317628514021635,0.0,0.0,0.2572864592075348,0.0,0.0,0.0,0.0,7.449836730957031,0.1797771453857422,9663.0,4.824397087097168,500.0,0.009365715086460114
666,-0.0007860545301809907,-0.0021571144461631775,0.003316138405352831,0.0,0.0,0.0,0.0,0.0,0.0,0.001953125,0.0,0.998046875,23.601177215576172,0.0019461950287222862,-0.013265011832118034,0.0002261905901832506,0.0,0.0,0.24382130801677704,0.0,0.0,0.0,0.0,7.099452972412109,0.15384793281555176,10164.0,4.819672584533691,500.0,0.007488013245165348
667,-0.0007854042924009264,-0.0023534202482551336,0.0031567933037877083,0.0,1.1111111319905831e-07,-0.0009259259677492082,1.1111112144135404e-05,0.0,0.0,0.00244140625,0.0,0.99755859375,23.615013122558594,0.0029192925430834293,-0.009626906365156174,0.00020407814008649439,0.0055555556900799274,0.004629629664123058,0.2503812611103058,0.0,0.0,0.0,0.0,7.251664638519287,0.1497185230255127,9961.0,4.832276821136475,500.0,0.004045409616082907
668,-0.0007999629597179592,-0.0018845666199922562,0.003318119328469038,0.0,0.0,0.0,0.0,0.0,0.0,0.0023871527519077063,0.0,0.9976128339767456,23.64529037475586,0.0012974634300917387,-0.0126480832695961,0.0001111600868171081,0.0,0.0,0.24843280017375946,0.0,0.0,0.0,0.0,7.550293922424316,0.1455068588256836,9580.0,4.851973056793213,500.0,0.007375839166343212
669,-0.0007950653671287,-0.002068638801574707,0.0031877204310148954,0.0,0.0,0.0,0.0,0.0,0.0,0.001953125,0.0,0.998046875,23.674209594726562,0.0029192925430834293,-0.011222745291888714,5.4284151701722294e-05,0.0,0.0,0.25375768542289734,0.0,0.0,0.0,0.0,7.059325218200684,0.15175366401672363,10224.0,4.8681960105896,500.0,0.004175396170467138
670,-0.0007940144860185683,-0.0016487272223457694,0.0032557907979935408,0.0,0.0,0.0,0.0,0.0,0.0,0.001953125,0.0,0.998046875,23.692174911499023,0.0019461950287222862,-0.011646108701825142,4.035776510136202e-05,0.0,0.0,0.24612027406692505,0.0,0.0,0.0,0.0,7.27589225769043,0.1750037670135498,9895.0,4.875792026519775,500.0,0.008042287081480026
671,-0.000801440270151943,-0.0015742611140012741,0.003361388109624386,0.0,0.0,0.0,0.0,0.0,0.0,0.001953125,0.0,0.998046875,23.706384658813477,0.0012974634300917387,-0.01459890604019165,4.915082536172122e-05,0.0,0.0,0.2550995349884033,0.0,0.0,0.0,0.0,6.923946380615234,0.15775251388549805,10411.0,4.884308815002441,500.0,0.009922238998115063
672,-0.0008182393503375351,-0.0018037781119346619,0.003296815324574709,0.0,0.0,0.0,0.0,0.0,0.0,0.0014919704990461469,0.0,0.9985080361366272,23.711952209472656,0.0012974634300917387,-0.013471818529069424,3.9616435969946906e-05,0.0,0.0,0.25201618671417236,0.0,0.0,0.0,0.0,7.336365699768066,0.16914129257202148,9823.0,4.889859199523926,500.0,0.005758496932685375
673,-0.0008121715509332716,-0.001743297791108489,0.0031820712611079216,0.0,0.0,-0.0015432100044563413,0.0,0.0,0.0,0.0016004774952307343,0.0,0.998399555683136,23.725921630859375,0.00038443360244855285,-0.0019640251994132996,0.0006918756407685578,0.0,0.0077160499058663845,0.2523256838321686,0.0,0.0,0.0,0.0,7.399294853210449,0.15097928047180176,9764.0,4.897357940673828,497.04998779296875,-0.011972872540354729
674,-0.000846334092784673,-0.0014680522726848722,0.00322901108302176,-3.479738666101184e-07,5.5555556599529154e-08,0.0,1.1111112144135404e-05,0.0,0.0,0.001953125,0.0,0.998046875,23.741376876831055,0.0029192925430834293,-0.017135553061962128,1.793689079931937e-05,0.0055555556900799274,0.0,0.24893718957901,0.0,0.0,0.0,0.0,7.910918712615967,0.15125584602355957,9144.0,4.9022674560546875,500.0,0.008990591391921043
675,-0.0008444993291050196,-0.0018525785999372602,0.0031840011943131685,0.0,0.0,0.0,0.0,0.0,0.0,0.001953125,0.0,0.998046875,23.72860336303711,0.0019461950287222862,-0.014829185791313648,1.338019319518935e-05,0.0,0.0,0.24945741891860962,0.0,0.0,0.0,0.0,7.385146141052246,0.15777206420898438,9774.0,4.895739555358887,500.0,0.004934096708893776
676,-0.0008323360234498978,-0.0015351639594882727,0.0032614523079246283,0.0,0.0,0.0,0.0,0.0,0.0,0.0018174913711845875,0.0,0.9981825351715088,23.7264347076416,0.0029192925430834293,-0.015457776375114918,1.0370897143729962e-05,0.0,0.0,0.2473950982093811,0.0,0.0,0.0,0.0,7.2783403396606445,0.17204070091247559,9895.0,4.894964694976807,500.0,0.009769611060619354
677,-0.000836663821246475,-0.0017138300463557243,0.003219441045075655,0.0,0.0,0.0,0.0,0.0,0.0,0.00146484375,0.0,0.99853515625,23.71808433532715,9.999999747378752e-06,-0.008023690432310104,7.131307484087301e-06,0.0,0.0,0.2492539882659912,0.0,0.0,0.0,0.0,8.065580368041992,0.14994001388549805,8974.0,4.8917155265808105,500.0,0.010674797929823399
678,-0.0008280230103991926,-0.0014599025016650558,0.0031480598263442516,0.0,0.0,0.0,0.0,0.0,0.0,0.00146484375,0.0,0.99853515625,23.716405868530273,0.0012974634300917387,-0.010079056024551392,9.218614650308155e-06,0.0,0.0,0.24798531830310822,0.0,0.0,0.0,0.0,7.2761125564575195,0.15573716163635254,9920.0,4.891022205352783,500.0,0.007461806293576956
679,-0.0008630002266727388,-0.0011425362899899483,0.0032937994692474604,0.0,0.0,0.0,0.0,0.0,0.0,0.00146484375,0.0,0.99853515625,23.7025203704834,0.004378939047455788,-0.01638764888048172,7.763078428979497e-06,0.0,0.0,0.2499500960111618,0.0,0.0,0.0,0.0,6.7834792137146,0.17888545989990234,10589.0,4.878003120422363,500.0,0.013512985780835152
680,-0.0008331639692187309,-0.0013844739878550172,0.0032583747524768114,0.0,6.944444663758986e-08,-0.0011111112544313073,1.388888995279558e-05,0.0,0.0,0.0018988715019077063,0.0,0.9981011152267456,23.73896026611328,0.0065684085711836815,-0.0015811793273314834,5.863506157766096e-05,0.0069444444961845875,0.0055555556900799274,0.24898841977119446,0.0,0.0,0.0,0.0,7.400698184967041,0.15427541732788086,9758.0,4.931884765625,500.0,0.01190070528537035
681,-0.000844343623612076,-0.0012309836456552148,0.003289172425866127,0.0,0.0,0.0,0.0,0.0,0.0,0.00146484375,0.0,0.99853515625,23.778709411621094,0.0029192925430834293,-0.015500057488679886,0.0013880451442673802,0.0,0.0,0.25208908319473267,0.0,0.0,0.0,0.0,7.301119327545166,0.15158820152282715,9892.0,4.915231227874756,500.0,0.013261883519589901
682,-0.0008386475965380669,-0.001224509789608419,0.003356505651026964,0.0,0.0,-0.0009259259677492082,0.0,0.0,0.0,0.0015869140625,0.0,0.9984130859375,23.75082778930664,9.999999747378752e-06,0.0010408712550997734,0.00043727713637053967,0.0,0.004629629664123058,0.25190725922584534,0.0,0.0,0.0,0.0,7.35706901550293,0.19216632843017578,9766.0,4.915112018585205,495.760009765625,-0.006487327627837658
683,-0.000850938493385911,-0.0011597861303016543,0.00322767929174006,0.0,0.0,0.0,0.0,0.0,0.0,0.001953125,0.0,0.998046875,23.75419807434082,0.0012974634300917387,-0.009920939803123474,4.687911314249504e-06,0.0,0.0,0.24863804876804352,0.0,0.0,0.0,0.0,7.804191589355469,0.16093659400939941,9256.0,4.917510986328125,500.0,0.01273195631802082
684,-0.0007951614679768682,-0.0013712802901864052,0.0033799924422055483,-2.9509117371873117e-09,2.7777778655035945e-07,-0.01175925973802805,2.777777990559116e-05,0.0,0.0,0.0032009549904614687,0.0,0.9967990517616272,23.756834030151367,9.999999747378752e-06,-0.0034053344279527664,0.0017361162463203073,0.013888888992369175,0.05879630148410797,0.25100746750831604,0.0,0.0,0.0,0.0,7.0267229080200195,0.1691582202911377,10245.0,4.921317100524902,483.57000732421875,-0.06763498485088348
685,-0.0008108178153634071,-0.0012991224648430943,0.003313522320240736,0.0,0.0,-0.009444445371627808,0.0,0.0,0.0,0.0069715711288154125,0.0,0.993028461933136,23.767776489257812,9.999999747378752e-06,-0.0031371561344712973,0.0021812345366925,0.0,0.04722222313284874,0.24961821734905243,0.0,0.0,0.0,0.0,7.456027030944824,0.1931159496307373,9638.0,4.931835174560547,481.2799987792969,-0.08902309089899063
686,-0.0008228494552895427,-0.0011439574882388115,0.003382876981049776,0.0,0.0,-0.015509260818362236,0.0,0.0,0.0,0.011135525070130825,0.0,0.9888644814491272,23.786645889282227,1.4999999621068127e-05,-0.0039806361310184,0.0036863405257463455,0.0,0.07754629850387573,0.2499544620513916,0.0,0.0,0.0,0.0,7.329087257385254,0.15191411972045898,9855.0,4.942771911621094,467.6400146484375,-0.14628534018993378
687,-0.0007953819003887475,-0.0014915972715243697,0.003065400756895542,-2.4942161758190196e-07,8.333333880727878e-07,-0.009821428917348385,1.8518519937060773e-05,0.0,0.0,0.01595052145421505,0.0,0.9840494990348816,23.806602478027344,9.999999747378752e-06,-0.004444730468094349,0.004799439571797848,0.009259259328246117,0.0491071455180645,0.2527152895927429,0.0,0.0,0.0,0.0,7.0648393630981445,0.15861821174621582,10206.0,4.952208995819092,465.239990234375,-0.1500570923089981
688,-0.0008384602260775864,-0.0011070981854572892,0.0031731307972222567,-1.116506155085517e-06,4.6296295863612613e-07,-0.009387125261127949,1.8518519937060773e-05,0.0,0.0,0.02069769985973835,0.0,0.9793022871017456,23.823455810546875,9.999999747378752e-06,-0.003608417697250843,0.003002534154802561,0.009259259328246117,0.04693562909960747,0.24839003384113312,0.0,0.0,0.0,0.0,7.518407821655273,0.15295195579528809,9610.0,4.963385105133057,482.989990234375,-0.06595596671104431
689,-0.0008151506190188229,-0.0009781752014532685,0.003246518550440669,0.0,0.0,-0.014126984402537346,0.0,0.0,0.0,0.02499728836119175,0.0,0.9750027060508728,23.842435836791992,1.4999999621068127e-05,-0.0037883149925619364,0.003160058055073023,0.0,0.07063492387533188,0.2521666884422302,0.0,0.0,0.0,0.0,7.118785858154297,0.15291643142700195,10139.0,4.975325107574463,478.8900146484375,-0.08644958585500717
690,-0.0008246324141509831,-0.0011667197104543447,0.003204196924343705,0.0,0.0,-0.010853175073862076,0.0,0.0,0.0,0.0285780169069767,0.0,0.971422016620636,23.867965698242188,9.999999747378752e-06,-0.004733301233500242,0.003787567373365164,0.0,0.05426587536931038,0.2475651055574417,0.0,0.0,0.0,0.0,7.502582550048828,0.1501295566558838,9634.0,4.991325378417969,461.4800109863281,-0.16772128641605377
691,-0.0008292949059978127,-0.0014314979780465364,0.003225186141207814,0.0,0.0,-0.009537037461996078,0.0,0.0,0.0,0.0330810546875,0.0,0.9669189453125,23.890277862548828,9.999999747378752e-06,-0.0036680332850664854,0.0025285694282501936,0.0,0.04768518730998039,0.24935176968574524,0.0,0.0,0.0,0.0,7.541349411010742,0.15342140197753906,9581.0,5.001169681549072,478.5299987792969,-0.08898138999938965
692,-0.0009136247681453824,-0.0009602152276784182,0.003263263264670968,0.0,0.0,-0.0009259259677492082,0.0,0.0,0.0,0.0347222238779068,0.0,0.9652777910232544,23.908950805664062,9.999999747378752e-06,-0.0014554474037140608,0.000405314436648041,0.0,0.004629629664123058,0.24607165157794952,0.0,0.0,0.0,0.0,7.0166473388671875,0.1507568359375,10286.0,5.012607574462891,495.4800109863281,-0.006392288487404585
693,-0.0008785308455117047,-0.0009957203874364495,0.0033823284320533276,0.0,0.0,0.0,0.0,0.0,0.0,0.0351019985973835,0.0,0.9648979902267456,23.91792106628418,0.0019461950287222862,-0.009993658401072025,5.7554084378352854e-06,0.0,0.0,0.24710197746753693,0.0,0.0,0.0,0.0,7.1754584312438965,0.16606450080871582,10042.0,5.007465362548828,500.0,0.015245890244841576
694,-0.0008836448541842401,-0.0012882662704214454,0.003066023113206029,0.0,0.0,-0.0055555556900799274,0.0,0.0,0.0,0.0349256731569767,0.0,0.965074360370636,23.90534210205078,9.999999747378752e-06,0.0002641609462443739,0.0003777520323637873,0.0,0.02777777798473835,0.24855992197990417,0.0,0.0,0.0,0.0,7.415930271148682,0.1835176944732666,9701.0,5.0060715675354,495.79998779296875,-0.011204827576875687
695,-0.0008837309433147311,-0.0010180205572396517,0.0032257491257041693,0.0,0.0,0.0,0.0,0.0,0.0,0.03515625,0.0,0.96484375,23.90468406677246,0.0012974634300917387,-0.009713038802146912,4.079215159435989e-06,0.0,0.0,0.2508869469165802,0.0,0.0,0.0,0.0,7.011335372924805,0.15056705474853516,10294.0,5.002311706542969,500.0,0.0123570766299963
696,-0.000872085802257061,-0.0010872135171666741,0.0032637857366353273,0.0,0.0,-0.0007936508627608418,0.0,0.0,0.0,0.03515625,0.0,0.96484375,23.893312454223633,9.999999747378752e-06,-0.0008121330756694078,0.0003960581962019205,0.0,0.003968254197388887,0.25256219506263733,0.0,0.0,0.0,0.0,7.457371711730957,0.15237212181091309,9688.0,5.001801490783691,495.8299865722656,-0.0065298182889819145
697,-0.0008859187364578247,-0.0010939069325104356,0.0032717599533498287,0.0,0.0,0.0,0.0,0.0,0.0,0.03515625,0.0,0.96484375,23.896408081054688,0.0012974634300917387,-0.01012372225522995,3.3882477055158233e-06,0.0,0.0,0.24879498779773712,0.0,0.0,0.0,0.0,7.621818542480469,0.1741957664489746,9457.0,5.0023627281188965,500.0,0.013094627298414707
698,-0.0008930706535466015,-0.0012070797383785248,0.003252909518778324,0.0,5.5555556599529154e-08,0.0,1.1111112144135404e-05,0.0,0.0,0.0335828997194767,0.0,0.966417133808136,23.880794525146484,0.0029192925430834293,-0.015549249947071075,3.1377171580970753e-06,0.0055555556900799274,0.0,0.2533198893070221,0.0,0.0,0.0,0.0,6.865446090698242,0.15584039688110352,10500.0,4.988770961761475,500.0,0.011038867756724358
699,-0.0008997219847515225,-0.001431219861842692,0.003350238548591733,0.0,0.0,-0.0027777778450399637,0.0,0.0,0.0,0.0308973528444767,0.0,0.969102680683136,23.87214469909668,9.999999747378752e-06,-0.00033073281520046294,0.0006350039620883763,0.0,0.013888888992369175,0.2534960210323334,0.0,0.0,0.0,0.0,7.322694778442383,0.15081071853637695,9865.0,4.990455150604248,495.70001220703125,-0.009084070101380348
700,-0.000934672832954675,-0.0012464310275390744,0.003418328706175089,0.0,0.0,0.0,0.0,0.0,0.0,0.02753363735973835,0.0,0.9724663496017456,23.87800407409668,0.0012974634300917387,-0.009710010141134262,3.5708542327483883e-06,0.0,0.0,0.2489815503358841,0.0,0.0,0.0,0.0,6.7997283935546875,0.15567851066589355,10600.0,4.994935035705566,500.0,0.014101003296673298
701,-0.0009015438263304532,-0.0012323010014370084,0.003250479232519865,-9.06783057530447e-08,9.25925931483107e-08,-0.0020370371639728546,1.8518519937060773e-05,0.0,0.0,0.0228542760014534,0.0,0.9771457314491272,23.883800506591797,9.999999747378752e-06,-0.0016322656301781535,0.0007801800966262817,0.009259259328246117,0.010185185819864273,0.2537461519241333,0.0,0.0,0.0,0.0,7.580312728881836,0.15259385108947754,9534.0,4.999626159667969,490.7300109863281,-0.028691083192825317
702,-0.0009092342224903405,-0.0013512548757717013,0.003256850643083453,-1.017359441135568e-08,3.9682539920704585e-08,0.0,7.936508154671174e-06,0.0,0.0,0.01814778707921505,0.0,0.9818522334098816,23.88901138305664,0.0019461950287222862,-0.009894071146845818,3.997348812845303e-06,0.003968254197388887,0.0,0.2519749104976654,0.0,0.0,0.0,0.0,7.730276584625244,0.15024137496948242,9355.0,5.000713348388672,500.0,0.008514190092682838
703,-0.0009076310670934618,-0.0011466365540400147,0.003350627375766635,0.0,0.0,0.0,0.0,0.0,0.0,0.013387043960392475,0.0,0.9866129755973816,23.882713317871094,0.0019461950287222862,-0.01166412141174078,3.960191861551721e-06,0.0,0.0,0.25247493386268616,0.0,0.0,0.0,0.0,7.355507850646973,0.16095900535583496,9808.0,5.001363277435303,500.0,0.012703703716397285
704,-0.0009506884962320328,-0.0016980913933366537,0.0032714717090129852,0.0,0.0,0.0,0.0,0.0,0.0,0.009738498367369175,0.0,0.9902614951133728,23.884052276611328,0.0019461950287222862,-0.012793321162462234,4.02033947466407e-06,0.0,0.0,0.24969226121902466,0.0,0.0,0.0,0.0,7.437417030334473,0.16325688362121582,9700.0,5.002167701721191,500.0,0.006283512804657221
705,-0.0009192085708491504,-0.001381622045300901,0.003304413054138422,-1.0334512268173057e-07,1.7361111304126098e-07,0.0,6.94444497639779e-06,0.0,0.0,0.004909939132630825,0.0,0.9950900673866272,23.867034912109375,0.0029192925430834293,-0.016160421073436737,3.6201577131578233e-06,0.0034722222480922937,0.0,0.2430042177438736,0.0,0.0,0.0,0.0,7.3508405685424805,0.18144869804382324,9788.0,4.99068546295166,500.0,0.01047356054186821
706,-0.0009432690567336977,-0.0014872640604153275,0.0033061944413930178,-1.345992615142677e-07,1.3888889327517973e-07,0.0,1.388888995279558e-05,0.0,0.0,0.0033094617538154125,0.0,0.996690571308136,23.86680793762207,0.0029192925430834293,-0.010797462426126003,3.807836947089527e-06,0.0069444444961845875,0.0,0.25525715947151184,0.0,0.0,0.0,0.0,7.203880310058594,0.18275785446166992,9981.0,5.002587795257568,500.0,0.009123691357672215
707,-0.000906485365703702,-0.001208484754897654,0.003262784332036972,-9.356200791899028e-08,1.851851862966214e-07,0.0,9.259259968530387e-06,0.0,0.0,0.0029296875,0.0,0.9970703125,23.87934684753418,0.0019461950287222862,-0.013733429834246635,3.481390649540117e-06,0.004629629664123058,0.0,0.25046661496162415,0.0,0.0,0.0,0.0,7.0085296630859375,0.16222214698791504,10281.0,5.009710788726807,500.0,0.010451037436723709
708,-0.0009203365189023316,-0.0015432932414114475,0.00314782140776515,0.0,0.0,-0.0013888889225199819,0.0,0.0,0.0,0.0030381944961845875,0.0,0.9969618320465088,23.877197265625,9.999999747378752e-06,0.00033024977892637253,0.0002380869846092537,0.0,0.0069444444961845875,0.2515232563018799,0.0,0.0,0.0,0.0,6.77053165435791,0.1499946117401123,10653.0,5.009464263916016,500.0,0.00597296142950654
709,-0.0009161625057458878,-0.00155041238758713,0.0031168453861027956,0.0,0.0,-0.0011111112544313073,0.0,0.0,0.0,0.003268771804869175,0.0,0.9967312216758728,23.883758544921875,9.999999747378752e-06,-0.0016532620647922158,0.00033744011307135224,0.0,0.0055555556900799274,0.2459130883216858,0.0,0.0,0.0,0.0,7.1352949142456055,0.15880560874938965,10107.0,5.016951084136963,496.0799865722656,-0.01238933950662613
710,-0.0009210477001033723,-0.0015996802831068635,0.0030729668214917183,0.0,0.0,0.0,0.0,0.0,0.0,0.0031873914413154125,0.0,0.996812641620636,23.888511657714844,0.0019461950287222862,-0.009775497019290924,3.3204300962097477e-06,0.0,0.0,0.25167277455329895,0.0,0.0,0.0,0.0,7.701207160949707,0.1520986557006836,9388.0,5.012728691101074,500.0,0.0049510919488966465
711,-0.0009226507390849292,-0.0022289203479886055,0.0030858342070132494,0.0,0.0,-0.0006944444612599909,0.0,0.0,0.0,0.0033365886192768812,0.0,0.9966633915901184,23.884159088134766,9.999999747378752e-06,0.0013015411095693707,0.000260886357864365,0.0,0.0034722222480922937,0.24582654237747192,0.0,0.0,0.0,0.0,6.83705472946167,0.15405535697937012,10545.0,5.014151096343994,500.0,0.0033947855699807405
712,-0.0008940568659454584,-0.0016104256501421332,0.003304688725620508,0.0,0.0,0.0,0.0,0.0,0.0,0.00341796875,0.0,0.99658203125,23.885486602783203,0.0012974634300917387,-0.010153400711715221,3.6593221466318937e-06,0.0,0.0,0.24794234335422516,0.0,0.0,0.0,0.0,7.26621675491333,0.1584634780883789,9930.0,5.012789726257324,500.0,0.008744057267904282
713,-0.0008961566491052508,-0.001709853415377438,0.0031804051250219345,-7.262401027219312e-07,2.7777778655035945e-07,0.0,1.8518519937060773e-05,0.0,0.0,0.0025906034279614687,0.0,0.9974094033241272,23.883644104003906,0.0029192925430834293,-0.01565719023346901,3.536313442964456e-06,0.009259259328246117,0.0,0.24286021292209625,0.0,0.0,0.0,0.0,7.021916389465332,0.15076375007629395,10279.0,5.017773628234863,500.0,0.007200825493782759
714,-0.0009112271363846958,-0.001727858791127801,0.0032299356535077095,0.0,0.0,0.0,0.0,0.0,0.0,0.00244140625,0.0,0.99755859375,23.884281158447266,0.0012974634300917387,-0.014629596844315529,3.572509967852966e-06,0.0,0.0,0.24588969349861145,0.0,0.0,0.0,0.0,7.073163032531738,0.15449023246765137,10200.0,5.016892910003662,500.0,0.004683583043515682
715,-0.0008856941713020205,-0.0018121068133041263,0.0031381770968437195,-3.395992393961933e-07,1.1111111462014378e-06,0.0,3.2407409889856353e-05,2.289242644337719e-07,0.0,0.0020345051307231188,0.0,0.9979655146598816,23.869173049926758,0.0019461950287222862,-0.016101853922009468,3.769246404772275e-06,0.016203705221414566,0.0,0.24390976130962372,0.0,0.0,0.0,0.0,6.785303115844727,0.14842677116394043,10633.0,5.005220413208008,500.0,0.006653887685388327
716,-0.0008834431646391749,-0.001751079922541976,0.0032087855506688356,-4.126875865040347e-06,3.125000205272954e-07,0.0,1.8055558030027896e-05,0.0,0.0,0.00146484375,0.0,0.99853515625,23.867137908935547,0.0012974634300917387,-0.013381480239331722,3.822648977802601e-06,0.00902777723968029,0.0,0.2476993203163147,0.0,0.0,0.0,0.0,7.071127891540527,0.15619421005249023,10201.0,5.0089216232299805,500.0,0.007083909120410681
717,-0.000913599506020546,-0.002180070849135518,0.003121650544926524,0.0,0.0,0.0,0.0,0.0,0.0,0.00146484375,0.0,0.99853515625,23.875139236450195,0.0029192925430834293,-0.01316680945456028,3.940611350117251e-06,0.0,0.0,0.24817343056201935,0.0,0.0,0.0,0.0,7.38327693939209,0.15054869651794434,9786.0,5.013510227203369,500.0,0.0026441423688083887
718,-0.0009249153663404286,-0.002109076827764511,0.003207231406122446,-1.000199176814931e-06,7.678571591895889e-07,0.0,3.293650661362335e-05,0.0,0.0,0.00146484375,0.0,0.99853515625,23.867231369018555,0.0019461950287222862,-0.013520585373044014,4.366773282526992e-06,0.01646825298666954,0.0,0.25009727478027344,0.0,0.0,0.0,0.0,7.55905818939209,0.14789748191833496,9566.0,5.005793571472168,500.0,0.0026773810386657715
719,-0.0009099360904656351,-0.0022509742993861437,0.00315099093131721,0.0,0.0,-0.0009259259677492082,0.0,0.0,0.0,0.0016276041278615594,0.0,0.9983723759651184,23.856019973754883,9.999999747378752e-06,-0.0014053904451429844,0.00040327204624190927,0.0,0.004629629664123058,0.247801274061203,0.0,0.0,0.0,0.0,7.684608459472656,0.15237736701965332,9407.0,5.005379676818848,497.75,-0.017975326627492905
720,-0.0009079360170289874,-0.002110080560669303,0.003136300714686513,-9.047174103216093e-07,1.6111108607219649e-06,-0.0009259259677492082,2.962963299069088e-05,0.0,0.0,0.002048068679869175,0.0,0.9979519248008728,23.867115020751953,0.0012974634300917387,-0.0016752862138673663,0.00040634983452036977,0.014814815483987331,0.004629629664123058,0.2496105283498764,0.0,0.0,0.0,0.0,7.34687614440918,0.18918299674987793,9783.0,5.022814750671387,495.7300109863281,-0.01755787990987301
721,-0.0008644653134979308,-0.0014472801703959703,0.0031496211886405945,-2.0588332461102254e-07,1.3888886769564124e-06,-0.0006944444612599909,1.8518519937060773e-05,0.0,0.0,0.0025906034279614687,0.0,0.9974094033241272,23.90909767150879,9.999999747378752e-06,-0.002166254445910454,0.00040136321331374347,0.009259259328246117,0.0034722222480922937,0.24812868237495422,0.0,0.0,0.0,0.0,6.8283538818359375,0.1461317539215088,10571.0,5.037823677062988,497.239990234375,-0.01254605408757925
722,-0.000929730013012886,-0.002279608743265271,0.0032473430037498474,0.0,0.0,0.0,0.0,0.0,0.0,0.0024549695663154125,0.0,0.997545063495636,23.917219161987305,0.0012974634300917387,-0.010283704847097397,3.2700816063879756e-06,0.0,0.0,0.25119394063949585,0.0,0.0,0.0,0.0,7.32856559753418,0.1517174243927002,9856.0,5.040616512298584,500.0,0.0029903575778007507
723,-0.0009128803503699601,-0.0018853571964427829,0.0032363752834498882,0.0,0.0,-0.0011111112544313073,0.0,0.0,0.0,0.002197265625,0.0,0.997802734375,23.91623306274414,9.999999747378752e-06,-0.000492947525344789,0.0004008301184512675,0.0,0.0055555556900799274,0.2549581527709961,0.0,0.0,0.0,0.0,7.350053787231445,0.14628386497497559,9835.0,5.041159629821777,495.7300109863281,-0.018210643902420998
724,-0.0009031182271428406,-0.0019604575354605913,0.003194391028955579,0.0,0.0,0.0,0.0,0.0,0.0,0.00244140625,0.0,0.99755859375,23.917634963989258,0.0012974634300917387,-0.0105739776045084,3.4390859582345e-06,0.0,0.0,0.25252461433410645,0.0,0.0,0.0,0.0,7.125692367553711,0.14853262901306152,10135.0,5.041552543640137,500.0,0.0037647320423275232
725,-0.0009238796774297953,-0.0023229471407830715,0.0032302935142070055,0.0,2.7777778655035945e-07,0.0,5.555555981118232e-05,0.0,0.0,0.0019802518654614687,0.0,0.9980197548866272,23.911975860595703,0.0012974634300917387,-0.015631742775440216,7.023067882983014e-05,0.02777777798473835,0.0,0.25177478790283203,0.0,0.0,0.0,0.0,7.650136947631836,0.15128421783447266,9450.0,5.041898250579834,500.0,-0.003491627052426338
726,-0.0008850923622958362,-0.0022819824516773224,0.003143983194604516,0.0,0.0,-0.008055556565523148,0.0,0.0,0.0,0.0035536023788154125,0.0,0.996446430683136,23.913808822631836,9.999999747378752e-06,-0.003739042906090617,0.0025263959541916847,0.0,0.04027777910232544,0.2490455061197281,0.0,0.0,0.0,0.0,7.1112565994262695,0.15961122512817383,10140.0,5.045145511627197,474.67999267578125,-0.12126066535711288
727,-0.0008950152550823987,-0.001978895626962185,0.003188931383192539,0.0,0.0,-0.006031746510416269,0.0,0.0,0.0,0.0058458116836845875,0.0,0.9941542148590088,23.923059463500977,9.999999747378752e-06,-0.0034635786432772875,0.0019834579434245825,0.0,0.03015873208642006,0.25178372859954834,0.0,0.0,0.0,0.0,6.88286018371582,0.14911627769470215,10484.0,5.05401086807251,481.30999755859375,-0.09489024430513382
728,-0.0008857224602252245,-0.0019472675630822778,0.003151437034830451,0.0,0.0,-0.008437150157988071,0.0,0.0,0.0,0.009195963852107525,0.0,0.9908040165901184,23.93810272216797,9.999999747378752e-06,-0.0043328190222382545,0.0030657926108688116,0.0,0.042185742408037186,0.24685035645961761,0.0,0.0,0.0,0.0,7.194577217102051,0.1529078483581543,10034.0,5.062361717224121,482.7799987792969,-0.11950312554836273
729,-0.0008969116606749594,-0.0018137379083782434,0.003191604744642973,-9.386258170707151e-08,5.5555556599529154e-08,-0.005198413506150246,1.1111112144135404e-05,0.0,0.0,0.012491862289607525,0.0,0.9875081181526184,23.95659828186035,9.999999747378752e-06,-0.0032723823096603155,0.0019213873893022537,0.0055555556900799274,0.02599206380546093,0.24788808822631836,0.0,0.0,0.0,0.0,7.530132293701172,0.17653274536132812,9566.0,5.073873996734619,486.1199951171875,-0.07444660365581512
730,-0.0009114824933931231,-0.0021067403722554445,0.003211434232071042,0.0,0.0,-0.006269841454923153,0.0,0.0,0.0,0.014634874649345875,0.0,0.9853651523590088,23.978885650634766,2.2500000341096893e-05,-0.0036600918974727392,0.0022899643518030643,0.0,0.03134920820593834,0.24903567135334015,0.0,0.0,0.0,0.0,7.562667369842529,0.15413594245910645,9554.0,5.088140964508057,482.69000244140625,-0.09500670433044434
731,-0.0009215488680638373,-0.0023513021878898144,0.003189191920682788,-4.858469893065376e-08,1.1904762686754111e-07,-0.002645503031089902,7.936508154671174e-06,0.0,0.0,0.0169949010014534,0.0,0.9830051064491272,24.001256942749023,9.999999747378752e-06,-0.0019858130253851414,0.0007700337446294725,0.003968254197388887,0.013227513991296291,0.2531396150588989,0.0,0.0,0.0,0.0,7.300819396972656,0.15068674087524414,9894.0,5.09623384475708,495.80999755859375,-0.023460116237401962
732,-0.0009088062215596437,-0.001895546680316329,0.0032137243542820215,-4.112102303110987e-08,8.17460318103258e-07,-0.004166666883975267,4.126984276808798e-05,1.1109348996285462e-08,0.0,0.01814778707921505,0.0,0.9818522334098816,24.0126895904541,9.999999747378752e-06,-0.0026106839068233967,0.0010812139371410012,0.02063492126762867,0.0208333358168602,0.25057148933410645,0.0,0.0,0.0,0.0,6.941819190979004,0.14966726303100586,10396.0,5.101956367492676,491.489990234375,-0.0391385555267334
733,-0.0008937593665905297,-0.001966706709936261,0.0032467341516166925,0.0,2.7777778655035945e-07,-0.008068783208727837,1.1111112144135404e-05,0.0,0.0,0.020263671875,0.0,0.979736328125,24.02384376525879,9.999999747378752e-06,-0.002904838416725397,0.001586178201250732,0.0055555556900799274,0.040343914180994034,0.2534109652042389,0.0,0.0,0.0,0.0,7.048048973083496,0.17252016067504883,10210.0,5.10842752456665,487.3399963378906,-0.058101870119571686
734,-0.0009166043600998819,-0.0017876600613817573,0.003275396302342415,0.0,3.472222331879493e-08,0.0,6.94444497639779e-06,0.0,0.0,0.02084689773619175,0.0,0.9791530966758728,24.031661987304688,0.0012974634300917387,-0.01063451450318098,5.862837497261353e-06,0.0034722222480922937,0.0,0.24840079247951508,0.0,0.0,0.0,0.0,7.271780967712402,0.15408849716186523,9928.0,5.10971736907959,500.0,0.0017763425130397081
735,-0.0009427287732250988,-0.0026453726459294558,0.0031980557832866907,-1.1384869225139482e-07,1.1111111462014378e-06,-0.0013888889225199819,5.555555981118232e-05,5.264456035547482e-07,0.0,0.0203721784055233,0.0,0.9796278476715088,24.03278160095215,9.999999747378752e-06,-0.0006869234493933618,0.0004071333969477564,0.02777777798473835,0.0069444444961845875,0.2511425316333771,0.0,0.0,0.0,0.0,6.772961139678955,0.15050125122070312,10649.0,5.111750602722168,495.79998779296875,-0.02084573544561863
736,-0.0009197174804285169,-0.002471329178661108,0.0033118135761469603,-1.3271808541048813e-07,5.555555731007189e-07,-0.0007936508627608418,5.555555981118232e-05,0.0,0.0,0.02094184048473835,0.0,0.9790581464767456,24.041297912597656,9.999999747378752e-06,-0.0012264418182894588,0.00021102612663526088,0.02777777798473835,0.003968254197388887,0.2494695484638214,0.0,0.0,0.0,0.0,7.416369915008545,0.16909551620483398,9719.0,5.1203813552856445,500.0,-0.0021350316237658262
737,-0.0009238782222382724,-0.0022017587907612324,0.0032805686350911856,0.0,0.0,-0.0013888889225199819,0.0,0.0,0.0,0.02080620639026165,0.0,0.9791938066482544,24.064664840698242,0.0019461950287222862,-0.001836834941059351,0.0004038488259539008,0.0,0.0069444444961845875,0.24923287332057953,0.0,0.0,0.0,0.0,7.611510276794434,0.1581120491027832,9489.0,5.14895486831665,495.67999267578125,-0.01896035484969616
738,-0.0009420745773240924,-0.0027611360419541597,0.003274388611316681,0.0,0.0,-0.0009259259677492082,0.0,0.0,0.0,0.0210096575319767,0.0,0.978990375995636,24.1242618560791,9.999999747378752e-06,-0.0010384132619947195,0.0004067328991368413,0.0,0.004629629664123058,0.25147753953933716,0.0,0.0,0.0,0.0,7.774297714233398,0.15105223655700684,9302.0,5.168700218200684,495.6300048828125,-0.020155157893896103
739,-0.0009108936064876616,-0.0016120952786877751,0.0031968241091817617,0.0,0.0,0.0,0.0,0.0,0.0,0.021484375,0.0,0.978515625,24.13582420349121,0.0012974634300917387,-0.01060969103127718,3.714136255439371e-06,0.0,0.0,0.24682889878749847,0.0,0.0,0.0,0.0,7.507872581481934,0.151930570602417,9625.0,5.175535678863525,500.0,0.006369329988956451
740,-0.0009150500991381705,-0.0019741132855415344,0.0033324204850941896,0.0,0.0,0.0,0.0,0.0,0.0,0.01950412429869175,0.0,0.9804958701133728,24.126853942871094,0.0012974634300917387,-0.015529094263911247,0.009320201352238655,0.0,0.0,0.24741962552070618,0.0,0.0,0.0,0.0,7.889247894287109,0.17725849151611328,9140.0,5.163914680480957,500.0,0.0019895818550139666
741,-0.0009041251614689827,-0.0026140804402530193,0.0033543903846293688,0.0,0.0,-0.0063492064364254475,0.0,0.0,0.0,0.0178358294069767,0.0,0.982164204120636,24.11194610595703,9.999999747378752e-06,-0.0010333377867937088,0.0008865080308169127,0.0,0.0317460335791111,0.2444465160369873,0.0,0.0,0.0,0.0,7.037712574005127,0.15665102005004883,10248.0,5.162044525146484,491.239990234375,-0.03935069963335991
742,-0.0009160866611637175,-0.0022117318585515022,0.003251891816034913,0.0,0.0,0.0,0.0,0.0,0.0,0.015163845382630825,0.0,0.9848361611366272,24.112680435180664,0.0012974634300917387,-0.01141092088073492,1.2676019650825765e-05,0.0,0.0,0.2520832419395447,0.0,0.0,0.0,0.0,7.278179168701172,0.15045762062072754,9924.0,5.159611701965332,500.0,0.0037009071093052626
743,-0.0008990478236228228,-0.002272616606205702,0.0032161963172256947,-1.5955318133364926e-07,1.2037036185574834e-06,-0.0055555556900799274,1.8518519937060773e-05,3.0526685623755156e-09,0.0,0.012424045242369175,0.0,0.9875759482383728,24.1098690032959,9.999999747378752e-06,2.6006458938354626e-05,0.0003457889542914927,0.009259259328246117,0.02777777798473835,0.253033310174942,0.0,0.0,0.0,0.0,7.133648872375488,0.18706822395324707,10071.0,5.161261081695557,500.0,0.0029931359458714724
744,-0.0009278293000534177,-0.002406477462500334,0.0031636825297027826,-8.730459910566424e-08,6.944444663758986e-08,0.0,1.388888995279558e-05,0.0,0.0,0.00994194857776165,0.0,0.9900580644607544,24.115385055541992,0.0008649755618534982,-0.010831613093614578,6.549479167006211e-06,0.0069444444961845875,0.0,0.24983082711696625,0.0,0.0,0.0,0.0,7.388156414031982,0.16131353378295898,9765.0,5.164581775665283,500.0,-0.004090221133083105
745,-0.0009045817423611879,-0.0019443710334599018,0.0031588871497660875,0.0,0.0,0.0,0.0,0.0,0.0,0.0077989366836845875,0.0,0.9922010898590088,24.1180362701416,9.999999747378752e-06,-0.011675415560603142,5.569276254391298e-06,0.0,0.0,0.24556118249893188,0.0,0.0,0.0,0.0,7.46439266204834,0.15057587623596191,9681.0,5.165600299835205,500.0,-0.00014758830366190523
746,-0.0009107622900046408,-0.0022512630093842745,0.0031184167601168156,-3.91530562637854e-07,2.3148147931806307e-07,0.0,2.3148148102336563e-05,0.0,0.0,0.0065511069260537624,0.0,0.9934489130973816,24.1201114654541,0.0008649755618534982,-0.010428976267576218,5.561057605518727e-06,0.011574074625968933,0.0,0.24874059855937958,0.0,0.0,0.0,0.0,7.299236297607422,0.14885592460632324,9898.0,5.169203281402588,500.0,0.004374546464532614
747,-0.0009077557479031384,-0.002917781937867403,0.0031784691382199526,-8.128784401151279e-08,2.7777778655035945e-07,0.0,2.222222428827081e-05,0.0,0.0,0.0041910805739462376,0.0,0.9958088994026184,24.110538482666016,0.0019461950287222862,-0.014559851959347725,5.195079666009406e-06,0.011111111380159855,0.0,0.24603325128555298,0.0,0.0,0.0,0.0,7.015395164489746,0.18176007270812988,10244.0,5.157229423522949,500.0,-0.0014479843666777015
748,-0.000901469262316823,-0.002091340720653534,0.003266284940764308,0.0,0.0,0.0,0.0,0.0,0.0,0.00341796875,0.0,0.99658203125,24.101119995117188,9.999999747378752e-06,-0.01100980769842863,4.446920684131328e-06,0.0,0.0,0.2504025995731354,0.0,0.0,0.0,0.0,7.042284965515137,0.15253305435180664,10247.0,5.158961772918701,500.0,0.0021997056901454926
749,-0.0008854652987793088,-0.0017051614122465253,0.003236728487536311,0.0,0.0,-0.0007936508627608418,0.0,0.0,0.0,0.003757053054869175,0.0,0.9962429404258728,24.112686157226562,0.0019461950287222862,-0.0007908248226158321,0.00014587548503186554,0.0,0.003968254197388887,0.24371477961540222,0.0,0.0,0.0,0.0,6.933676242828369,0.1499021053314209,10408.0,5.1794962882995605,500.0,0.0024350176099687815
750,-0.0009060016018338501,-0.002189013874158263,0.0031326529569923878,0.0,0.0,-0.0009259259677492082,0.0,0.0,0.0,0.0029703776817768812,0.0,0.9970296025276184,24.153133392333984,9.999999747378752e-06,0.0007179439999163151,0.00040792059735395014,0.0,0.004629629664123058,0.2515791952610016,0.0,0.0,0.0,0.0,7.046093463897705,0.15297651290893555,10241.0,5.191583156585693,495.7799987792969,-0.017525166273117065
751,-0.000875897821970284,-0.001997019164264202,0.0032094025518745184,0.0,0.0,0.0,0.0,0.0,0.0,0.0033501519355922937,0.0,0.9966498613357544,24.160442352294922,0.0012974634300917387,-0.010293787345290184,4.282375812181272e-06,0.0,0.0,0.25479429960250854,0.0,0.0,0.0,0.0,7.169926643371582,0.15008878707885742,10072.0,5.195667743682861,500.0,0.003993930760771036
752,-0.0008872239268384874,-0.0018053442472591996,0.003209571586921811,0.0,3.4722222608252196e-07,0.0,1.388888995279558e-05,0.0,0.0,0.0028618706855922937,0.0,0.9971381425857544,24.15611457824707,0.0005766503745689988,-0.016407594084739685,3.7693018839490833e-06,0.0069444444961845875,0.0,0.24911923706531525,0.0,0.0,0.0,0.0,7.283189296722412,0.1589033603668213,9906.0,5.190032482147217,500.0,0.0040557533502578735
753,-0.0009087558137252927,-0.0027680625207722187,0.003323044627904892,0.0,0.0,0.0,0.0,0.0,0.0,0.00244140625,0.0,0.99755859375,24.14423370361328,0.0008649755618534982,-0.016180425882339478,3.8373373172362335e-06,0.0,0.0,0.2504500448703766,0.0,0.0,0.0,0.0,7.09030818939209,0.15332269668579102,10178.0,5.182791233062744,500.0,-0.0049110581167042255
754,-0.0008844698313623667,-0.0023978466633707285,0.0031992527656257153,-3.3392007026122883e-07,1.2500000821091817e-06,0.0,2.777777990559116e-05,0.0,0.0,0.00244140625,0.0,0.99755859375,24.14151382446289,0.0019461950287222862,-0.014725758694112301,3.970309535361594e-06,0.013888888992369175,0.0,0.24817480146884918,0.0,0.0,0.0,0.0,7.329584121704102,0.17243099212646484,9827.0,5.186400413513184,500.0,0.0031837555579841137
755,-0.0008994193049147725,-0.0023060967214405537,0.003382091410458088,-4.19991891931204e-07,9.25925931483107e-08,0.0,1.8518519937060773e-05,0.0,0.0,0.0018174913711845875,0.0,0.9981825351715088,24.14030647277832,9.999999747378752e-06,-0.008206597529351711,3.99442342313705e-06,0.009259259328246117,0.0,0.24739785492420197,0.0,0.0,0.0,0.0,7.133222579956055,0.15521669387817383,10115.0,5.186206817626953,500.0,0.0002810699515976012
756,-0.0008721227641217411,-0.0020202542655169964,0.003206901717931032,-4.013565444438427e-07,1.1111111319905831e-07,0.0,1.1111112144135404e-05,0.0,0.0,0.00146484375,0.0,0.99853515625,24.140453338623047,0.0008649755618534982,-0.009787535294890404,3.706969891936751e-06,0.0055555556900799274,0.0,0.25224748253822327,0.0,0.0,0.0,0.0,6.961792945861816,0.1521906852722168,10363.0,5.184948921203613,500.0,0.002455518813803792
757,-0.0008759777992963791,-0.0023314766585826874,0.003154562786221504,0.0,0.0,0.0,0.0,0.0,0.0,0.0010850694961845875,0.0,0.9989149570465088,24.129295349121094,0.0008649755618534982,-0.015314942225813866,4.0103350329445675e-06,0.0,0.0,0.25378718972206116,0.0,0.0,0.0,0.0,7.669580459594727,0.14952969551086426,9429.0,5.176225662231445,500.0,0.0010134723270311952
758,-0.0008841466624289751,-0.0019702198915183544,0.0033153679687529802,0.0,0.0,0.0,0.0,0.0,0.0,0.0009765625,0.0,0.9990234375,24.119462966918945,0.0012974634300917387,-0.015292669646441936,4.285174327378627e-06,0.0,0.0,0.24735334515571594,0.0,0.0,0.0,0.0,7.3842926025390625,0.14800572395324707,9788.0,5.1717529296875,500.0,0.003315058769658208
759,-0.0008504297584295273,-0.0014626855263486505,0.003194238990545273,0.0,0.0,-0.0013888889225199819,0.0,0.0,0.0,0.0010443793144077063,0.0,0.9989556074142456,24.11733627319336,9.999999747378752e-06,-0.0013117523631080985,0.0004039205377921462,0.0,0.0069444444961845875,0.24782712757587433,0.0,0.0,0.0,0.0,7.608793258666992,0.18874692916870117,9455.0,5.174629211425781,495.57000732421875,-0.012183391489088535
760,-0.0008674499695189297,-0.002110990695655346,0.003278077580034733,0.0,0.0,0.0,0.0,0.0,0.0,0.00146484375,0.0,0.99853515625,24.121191024780273,0.0012974634300917387,-0.010973605327308178,4.3214640754740685e-06,0.0,0.0,0.24756856262683868,0.0,0.0,0.0,0.0,8.000625610351562,0.15606451034545898,9038.0,5.1757731437683105,500.0,0.0030074608512222767
761,-0.0008838148787617683,-0.002532023936510086,0.0032319012098014355,0.0,0.0,0.0,0.0,0.0,0.0,0.00146484375,0.0,0.99853515625,24.110328674316406,9.999999747378752e-06,-0.011619477532804012,4.3291543079249095e-06,0.0,0.0,0.24714618921279907,0.0,0.0,0.0,0.0,7.121711730957031,0.15040373802185059,10138.0,5.1708831787109375,500.0,0.0024325791746377945
762,-0.0008848396246321499,-0.0024335335474461317,0.0032858848571777344,0.0,0.0,0.0,0.0,0.0,0.0,0.0014377170009538531,0.0,0.9985622763633728,24.108352661132812,0.0008649755618534982,-0.0102453688159585,3.974616447521839e-06,0.0,0.0,0.24990946054458618,0.0,0.0,0.0,0.0,7.641460418701172,0.15146255493164062,9460.0,5.1695637702941895,500.0,0.005898847244679928
763,-0.0008534292574040592,-0.0015962709439918399,0.0033057460095733404,0.0,0.0,0.0,0.0,0.0,0.0,0.0009765625,0.0,0.9990234375,24.104522705078125,9.999999747378752e-06,-0.008870350196957588,3.907375230483012e-06,0.0,0.0,0.2510910630226135,0.0,0.0,0.0,0.0,6.9448347091674805,0.15091514587402344,10390.0,5.170104503631592,500.0,0.008446664549410343
764,-0.0008624136680737138,-0.0022490674164146185,0.0032355263829231262,0.0,0.0,0.0,0.0,0.0,0.0,0.0008816189365461469,0.0,0.9991183876991272,24.104928970336914,0.0008649755618534982,-0.010706213302910328,3.2189911962632323e-06,0.0,0.0,0.2536220848560333,0.0,0.0,0.0,0.0,6.919846534729004,0.18109631538391113,10382.0,5.170198440551758,500.0,-0.0009747676085680723
765,-0.0008562646107748151,-0.001801744569092989,0.0032574301585555077,0.0,0.0,0.0,0.0,0.0,0.0,0.00048828125,0.0,0.99951171875,24.100189208984375,0.00017085937724914402,-0.014796742238104343,3.5223147278884426e-06,0.0,0.0,0.247902974486351,0.0,0.0,0.0,0.0,7.3463134765625,0.15114092826843262,9833.0,5.170616626739502,500.0,0.004782661329954863
766,-0.0008537328685633838,-0.0019302219152450562,0.0031917132437229156,0.0,0.0,0.0,0.0,0.0,0.0,0.00048828125,0.0,0.99951171875,24.099592208862305,0.0019461950287222862,-0.01571127027273178,3.7729853374912636e-06,0.0,0.0,0.2517459988594055,0.0,0.0,0.0,0.0,7.10835075378418,0.14970731735229492,10158.0,5.1683149337768555,500.0,0.004309308249503374
767,-0.0008596370462328196,-0.002260102890431881,0.003265474457293749,0.0,0.0,-0.0011111112544313073,0.0,0.0,0.0,0.0006103515625,0.0,0.9993896484375,24.09074592590332,9.999999747378752e-06,-0.0014582761796191335,0.0004068735579494387,0.0,0.0055555556900799274,0.24944011867046356,0.0,0.0,0.0,0.0,7.497921943664551,0.15140247344970703,9638.0,5.168276786804199,497.9599914550781,-0.011314094066619873
768,-0.0008374417666345835,-0.0015369008760899305,0.003209194401279092,0.0,0.0,-0.0013888889225199819,0.0,0.0,0.0,0.0012613931903615594,0.0,0.9987385869026184,24.094919204711914,9.999999747378752e-06,-0.0018589660758152604,0.00036991076194681227,0.0,0.0069444444961845875,0.24272993206977844,0.0,0.0,0.0,0.0,7.351312637329102,0.15308737754821777,9824.0,5.172550678253174,497.5899963378906,-0.01279398612678051
769,-0.0008354705641977489,-0.0019084525993093848,0.0032688521314412355,0.0,0.0,0.0,0.0,0.0,0.0,0.00146484375,0.0,0.99853515625,24.10004234313965,0.0008649755618534982,-0.010753936134278774,3.985108833148843e-06,0.0,0.0,0.25428715348243713,0.0,0.0,0.0,0.0,6.865533828735352,0.1499466896057129,10509.0,5.1729607582092285,500.0,0.00788090843707323
770,-0.0008250323007814586,-0.001517520984634757,0.003251060377806425,0.0,0.0,-0.0006172839784994721,0.0,0.0,0.0,0.0016004774952307343,0.0,0.998399555683136,24.09612464904785,9.999999747378752e-06,-0.0015035709366202354,0.0004067808040417731,0.0,0.003086419776082039,0.2490376979112625,0.0,0.0,0.0,0.0,7.331722259521484,0.15379595756530762,9849.0,5.1733551025390625,496.79998779296875,-0.00974075123667717
771,-0.000842909561470151,-0.0021477113477885723,0.0032975052017718554,0.0,0.0,0.0,0.0,0.0,0.0,0.001953125,0.0,0.998046875,24.09587287902832,0.0012974634300917387,-0.01088457740843296,4.056744273839286e-06,0.0,0.0,0.2509326934814453,0.0,0.0,0.0,0.0,7.302175521850586,0.17916107177734375,9854.0,5.171652793884277,500.0,0.0048221405595541
772,-0.000828690710477531,-0.0017205586191266775,0.0033553054090589285,0.0,0.0,0.0,0.0,0.0,0.0,0.001953125,0.0,0.998046875,24.088335037231445,9.999999747378752e-06,-0.008434533141553402,4.044707111461321e-06,0.0,0.0,0.25124961137771606,0.0,0.0,0.0,0.0,7.769320964813232,0.1519911289215088,9307.0,5.169905662536621,500.0,0.0068593560717999935
773,-0.0008396373013965786,-0.0019657474476844072,0.003352030413225293,0.0,0.0,-0.0011111112544313073,0.0,0.0,0.0,0.001953125,0.0,0.998046875,24.094894409179688,9.999999747378752e-06,-0.0016207180451601744,0.0004025049856863916,0.0,0.0055555556900799274,0.24511221051216125,0.0,0.0,0.0,0.0,7.168517112731934,0.15323233604431152,10069.0,5.176867485046387,495.6199951171875,-0.014603295363485813
774,-0.0008306119707413018,-0.0020296238362789154,0.0032785669900476933,0.0,0.0,-0.0013888889225199819,0.0,0.0,0.0,0.0024278429336845875,0.0,0.9975721836090088,24.110525131225586,0.0012974634300917387,-0.001510663190856576,0.00010550633305683732,0.0,0.0069444444961845875,0.25358185172080994,0.0,0.0,0.0,0.0,7.378684997558594,0.1512761116027832,9791.0,5.192482948303223,500.0,0.003877868177369237
775,-0.0008123607840389013,-0.0016841540345922112,0.0032308045774698257,-4.852661845688999e-07,2.0833333280734223e-07,-0.005555556155741215,1.388888995279558e-05,0.0,0.0,0.003024631179869175,0.0,0.9969753623008728,24.140533447265625,9.999999747378752e-06,-0.002292969962581992,0.0006132037960924208,0.0069444444961845875,0.02777777798473835,0.25232067704200745,0.0,0.0,0.0,0.0,7.523284912109375,0.15181636810302734,9606.0,5.201196670532227,497.57000732421875,-0.014136092737317085
776,-0.0008100986015051603,-0.0017916744109243155,0.0031340208370238543,0.0,0.0,-0.004166666883975267,0.0,0.0,0.0,0.0038926866836845875,0.0,0.9961073398590088,24.15323257446289,9.999999747378752e-06,-0.002264711307361722,0.0007408160017803311,0.0,0.02083333395421505,0.24960047006607056,0.0,0.0,0.0,0.0,7.120280742645264,0.1637096405029297,10121.0,5.213038444519043,496.07000732421875,-0.03286156430840492
777,-0.0008144261664710939,-0.0016439796891063452,0.003321013180539012,0.0,0.0,-0.005277777556329966,0.0,0.0,0.0,0.00537109375,0.0,0.99462890625,24.169620513916016,9.999999747378752e-06,-0.0023456665221601725,0.0009074021363630891,0.0,0.02638888917863369,0.2486555129289627,0.0,0.0,0.0,0.0,7.069280624389648,0.1549997329711914,10205.0,5.220117568969727,498.7799987792969,-0.008807103149592876
778,-0.0008248010999523103,-0.0017917690565809608,0.0033011334016919136,0.0,0.0,-0.003339947434142232,0.0,0.0,0.0,0.0064290366135537624,0.0,0.9935709834098816,24.180503845214844,9.999999747378752e-06,-0.0025387301575392485,0.0011515420628711581,0.0,0.016699735075235367,0.24841971695423126,0.0,0.0,0.0,0.0,7.456628799438477,0.1612682342529297,9678.0,5.226317405700684,495.25,-0.05627471208572388
779,-0.000821244262624532,-0.0018834389047697186,0.003365997690707445,0.0,0.0,0.0,0.0,0.0,0.0,0.00732421875,0.0,0.99267578125,24.1871395111084,0.0012974634300917387,-0.009388444945216179,5.249934929452138e-06,0.0,0.0,0.24926598370075226,0.0,0.0,0.0,0.0,7.720610618591309,0.15069365501403809,9366.0,5.2276506423950195,500.0,0.010082109831273556
780,-0.0007894609007053077,-0.0015826788730919361,0.003349385457113385,0.0,0.0,-0.006250000558793545,0.0,0.0,0.0,0.00836859829723835,0.0,0.9916313886642456,24.186567306518555,9.999999747378752e-06,-0.0001596588990651071,0.0012602462666109204,0.0,0.03125,0.2528586983680725,0.0,0.0,0.0,0.0,7.6693572998046875,0.1539478302001953,9424.0,5.228233337402344,496.5400085449219,-0.025622230023145676
781,-0.0008226170320995152,-0.0016543720848858356,0.0033643681090325117,0.0,0.0,0.0,0.0,0.0,0.0,0.00910102017223835,0.0,0.9908989667892456,24.189769744873047,0.0008649755618534982,-0.010619993321597576,4.468454790185206e-06,0.0,0.0,0.2488122582435608,0.0,0.0,0.0,0.0,7.513578414916992,0.15104389190673828,9619.0,5.23095703125,500.0,0.00669638067483902
782,-0.0008212315733544528,-0.002530677244067192,0.0033705984242260456,0.0,0.0,-0.0035714288242161274,0.0,0.0,0.0,0.009060329757630825,0.0,0.9909396767616272,24.192947387695312,9.999999747378752e-06,-0.0022313694935292006,0.0007059213821776211,0.0,0.01785714365541935,0.2510066628456116,0.0,0.0,0.0,0.0,7.170934677124023,0.1525275707244873,10067.0,5.234707832336426,499.739990234375,-0.018377289175987244
783,-0.0008072693017311394,-0.0016477999743074179,0.0033814541529864073,0.0,0.0,-0.0007936508627608418,0.0,0.0,0.0,0.009670681320130825,0.0,0.9903293251991272,24.204994201660156,0.0012974634300917387,-0.0014139119302853942,0.000281215034192428,0.0,0.003968254197388887,0.24850279092788696,0.0,0.0,0.0,0.0,7.216274738311768,0.16895008087158203,9983.0,5.2521514892578125,500.0,0.01094318088144064
784,-0.0008148779161274433,-0.0018704863032326102,0.0033278283663094044,0.0,0.0,0.0,0.0,0.0,0.0,0.00957573764026165,0.0,0.9904242753982544,24.24001693725586,0.0008649755618534982,-0.014946630224585533,4.338097824074794e-06,0.0,0.0,0.25108444690704346,0.0,0.0,0.0,0.0,7.445375442504883,0.18748736381530762,9659.0,5.262134552001953,500.0,0.011195697821676731
785,-0.0008048611925914884,-0.0013009140966460109,0.0033289354760199785,0.0,0.0,0.0,0.0,0.0,0.0,0.00927734375,0.0,0.99072265625,24.238094329833984,0.0008649755618534982,-0.014686042442917824,5.560000317927916e-06,0.0,0.0,0.2501519024372101,0.0,0.0,0.0,0.0,7.22429084777832,0.15244054794311523,9994.0,5.2657928466796875,500.0,0.010625814087688923
786,-0.0008101558778434992,-0.0017708406085148454,0.0032580194529145956,0.0,0.0,-0.0006944444612599909,0.0,0.0,0.0,0.009480793960392475,0.0,0.9905192255973816,24.239587783813477,9.999999747378752e-06,-0.001236803480423987,0.0003941776230931282,0.0,0.0034722222480922937,0.2485591024160385,0.0,0.0,0.0,0.0,7.230280876159668,0.15015602111816406,9989.0,5.266111850738525,495.739990234375,-0.016908828169107437
787,-0.000806142867077142,-0.002064542146399617,0.0033554385881870985,0.0,0.0,-0.004583333618938923,0.0,0.0,0.0,0.010701497085392475,0.0,0.9892985224723816,24.243478775024414,9.999999747378752e-06,-0.0030691558495163918,0.001394989900290966,0.0,0.02291666716337204,0.2553401589393616,0.0,0.0,0.0,0.0,7.572808265686035,0.1584930419921875,9536.0,5.26981782913208,491.6199951171875,-0.03376936912536621
788,-0.0008154117385856807,-0.002351639559492469,0.0033032477367669344,0.0,0.0,-0.004629629664123058,0.0,0.0,0.0,0.01171875,0.0,0.98828125,24.25058937072754,9.999999747378752e-06,-0.002462554955855012,0.0007835436845198274,0.0,0.023148149251937866,0.25179630517959595,0.0,0.0,0.0,0.0,7.44940710067749,0.1518864631652832,9699.0,5.274959564208984,497.4800109863281,-0.021830322220921516
789,-0.0008063198183663189,-0.0016638676170259714,0.003310025669634342,0.0,0.0,-0.0013888889225199819,0.0,0.0,0.0,0.01154242642223835,0.0,0.9884575605392456,24.259414672851562,9.999999747378752e-06,-0.0020266706123948097,0.00040845831972546875,0.0,0.0069444444961845875,0.2473851889371872,0.0,0.0,0.0,0.0,7.096431732177734,0.16106867790222168,10158.0,5.280145168304443,497.42999267578125,-0.012477492913603783
790,-0.0008037578663788736,-0.0016209372552111745,0.0032059235963970423,0.0,0.0,-0.0007936508627608418,0.0,0.0,0.0,0.011474609375,0.0,0.988525390625,24.27728271484375,0.0019461950287222862,-0.0013984321849420667,0.0003267675929237157,0.0,0.003968254197388887,0.2499661147594452,0.0,0.0,0.0,0.0,6.925166606903076,0.1503431797027588,10420.0,5.304284572601318,495.7799987792969,-0.012159031815826893
791,-0.0008122851722873747,-0.002028496703132987,0.0033710228744894266,0.0,0.0,0.0,0.0,0.0,0.0,0.010104709304869175,0.0,0.9898952841758728,24.326261520385742,2.2500000341096893e-05,-0.013744180090725422,0.0005781304789707065,0.0,0.0,0.25021496415138245,0.0,0.0,0.0,0.0,7.339129447937012,0.16008710861206055,9831.0,5.319719314575195,500.0,0.009390411898493767
792,-0.0008096926030702889,-0.0018020040588453412,0.0033620954491198063,-2.943540096111974e-07,1.9841270670895028e-07,0.0,7.936508154671174e-06,0.0,0.0,0.009033203125,0.0,0.990966796875,24.32673454284668,0.0008649755618534982,-0.011456074193120003,7.165720035118284e-06,0.003968254197388887,0.0,0.25416478514671326,0.0,0.0,0.0,0.0,7.266465187072754,0.1586589813232422,9929.0,5.315515518188477,500.0,0.008335347287356853
793,-0.0007966845878399909,-0.0014300479087978601,0.003393284510821104,0.0,0.0,-0.003703703870996833,0.0,0.0,0.0,0.00946723110973835,0.0,0.9905327558517456,24.32009506225586,9.999999747378752e-06,-0.0013929789420217276,0.0007180692628026009,0.0,0.018518518656492233,0.2521025836467743,0.0,0.0,0.0,0.0,7.47464656829834,0.15190839767456055,9667.0,5.316632270812988,495.5899963378906,-0.009792323224246502
794,-0.0008232078398577869,-0.0020356494933366776,0.0033578549046069384,0.0,0.0,-0.0007936508627608418,0.0,0.0,0.0,0.008951823227107525,0.0,0.9910481572151184,24.330068588256836,0.0012974634300917387,-0.0012783859856426716,0.00023829456767998636,0.0,0.003968254197388887,0.25133171677589417,0.0,0.0,0.0,0.0,7.221961975097656,0.1509411334991455,9999.0,5.3325910568237305,500.0,0.005812972318381071
795,-0.0008096586097963154,-0.0016289359191432595,0.003362544346600771,0.0,0.0,0.0,0.0,0.0,0.0,0.00830078125,0.0,0.99169921875,24.35694122314453,9.999999747378752e-06,-0.007414297666400671,4.048039045301266e-06,0.0,0.0,0.2554360032081604,0.0,0.0,0.0,0.0,7.21331787109375,0.1590101718902588,10000.0,5.338800430297852,500.0,0.009553315117955208
796,-0.0008046420989558101,-0.00201026676222682,0.00338570773601532,0.0,0.0,0.0,0.0,0.0,0.0,0.0075819226913154125,0.0,0.992418110370636,24.35507583618164,0.0008649755618534982,-0.01051696203649044,3.966722943005152e-06,0.0,0.0,0.24798457324504852,0.0,0.0,0.0,0.0,6.566707611083984,0.19275474548339844,10907.0,5.333039283752441,500.0,0.005563643760979176
797,-0.0008116371463984251,-0.0017872987082228065,0.003279788652434945,0.0,0.0,0.0,0.0,0.0,0.0,0.0068766274489462376,0.0,0.9931233525276184,24.3419132232666,9.999999747378752e-06,-0.009983568452298641,4.110833287995774e-06,0.0,0.0,0.25021329522132874,0.0,0.0,0.0,0.0,7.499839782714844,0.14972877502441406,9638.0,5.330562114715576,500.0,0.007802080828696489
798,-0.0007984672556631267,-0.0017317234305664897,0.003354957327246666,0.0,0.0,-0.0055555556900799274,0.0,0.0,0.0,0.00702582485973835,0.0,0.9929741621017456,24.34671974182129,0.0008649755618534982,-0.00173003482632339,0.00039703428046777844,0.0,0.02777777798473835,0.24412798881530762,0.0,0.0,0.0,0.0,7.442636489868164,0.1655266284942627,9690.0,5.339922904968262,495.79998779296875,-0.015368638560175896
799,-0.0008041588589549065,-0.0025757448747754097,0.0033544497564435005,0.0,0.0,-0.0011111112544313073,0.0,0.0,0.0,0.0075819226913154125,0.0,0.992418110370636,24.380388259887695,9.999999747378752e-06,-0.0014567287871614099,0.00039627880323678255,0.0,0.0055555556900799274,0.25120463967323303,0.0,0.0,0.0,0.0,6.902259826660156,0.18273448944091797,10406.0,5.356429100036621,495.7799987792969,-0.019757594913244247
800,-0.0007925427635200322,-0.0017062090337276459,0.0033645962830632925,0.0,0.0,0.0,0.0,0.0,0.0,0.0075547960586845875,0.0,0.9924452304840088,24.387117385864258,0.0008649755618534982,-0.010844268836081028,4.785430974152405e-06,0.0,0.0,0.2490493208169937,0.0,0.0,0.0,0.0,7.781911849975586,0.18601322174072266,9253.0,5.3572797775268555,500.0,0.01205537561327219
801,-0.0007900376222096384,-0.0019280657870694995,0.0033186073414981365,0.0,0.0,0.0,0.0,0.0,0.0,0.005913628730922937,0.0,0.9940863847732544,24.382787704467773,0.0008649755618534982,-0.016597503796219826,4.9314821808366105e-06,0.0,0.0,0.24787510931491852,0.0,0.0,0.0,0.0,7.543561935424805,0.1511244773864746,9581.0,5.355475902557373,500.0,0.004006047733128071
802,-0.0007886537350714207,-0.0019328314810991287,0.0032905652187764645,0.0,0.0,0.0,0.0,0.0,0.0,0.0042724609375,0.0,0.9957275390625,24.387767791748047,0.0012974634300917387,-0.017145773395895958,6.285150448093191e-06,0.0,0.0,0.24949747323989868,0.0,0.0,0.0,0.0,7.344146728515625,0.1515064239501953,9836.0,5.363717555999756,500.0,0.004422464407980442
803,-0.0007851375266909599,-0.002112805377691984,0.0032595996744930744,0.0,0.0,-0.0018518519354984164,0.0,0.0,0.0,0.0042317709885537624,0.0,0.9957682490348816,24.395286560058594,9.999999747378752e-06,-0.000273226760327816,0.00026378987240605056,0.0,0.009259259328246117,0.2510923445224762,0.0,0.0,0.0,0.0,7.054599761962891,0.15045881271362305,10232.0,5.367154598236084,500.0,0.002362232655286789
804,-0.0007864705403335392,-0.0018257596530020237,0.003290226450189948,0.0,0.0,0.0,0.0,0.0,0.0,0.0034993488807231188,0.0,0.9965006709098816,24.39845848083496,0.0008649755618534982,-0.010722124949097633,4.467219696380198e-06,0.0,0.0,0.2476639747619629,0.0,0.0,0.0,0.0,6.847699165344238,0.14873409271240234,10537.0,5.368400573730469,500.0,0.004586182534694672
805,-0.0007912070723250508,-0.0024701482616364956,0.0032388255931437016,0.0,0.0,0.0,0.0,0.0,0.0,0.00341796875,0.0,0.99658203125,24.396883010864258,9.999999747378752e-06,-0.00838188175112009,4.716490821010666e-06,0.0,0.0,0.24605579674243927,0.0,0.0,0.0,0.0,7.240427494049072,0.15072369575500488,9975.0,5.368582248687744,500.0,0.0003640838840510696
806,-0.0007823935011401772,-0.0016307294135913253,0.003310375614091754,0.0,0.0,0.0,0.0,0.0,0.0,0.003390842117369175,0.0,0.9966091513633728,24.397294998168945,0.0008649755618534982,-0.01061111781746149,3.830113200820051e-06,0.0,0.0,0.24989788234233856,0.0,0.0,0.0,0.0,6.843463897705078,0.1509110927581787,10541.0,5.3694939613342285,500.0,0.010117605328559875
807,-0.0007897117757238448,-0.002210029633715749,0.003316157031804323,0.0,0.0,-0.0013888889225199819,0.0,0.0,0.0,0.0023464628029614687,0.0,0.9976535439491272,24.395092010498047,9.999999747378752e-06,-0.0008542117429897189,0.0003812274371739477,0.0,0.0069444444961845875,0.25122538208961487,0.0,0.0,0.0,0.0,6.840463161468506,0.149702787399292,10547.0,5.370064735412598,495.69000244140625,-0.018633319064974785
808,-0.0007812081021256745,-0.002079030266031623,0.0033596460707485676,0.0,0.0,0.0,0.0,0.0,0.0,0.0019666883163154125,0.0,0.998033344745636,24.394678115844727,0.0008649755618534982,-0.010581741109490395,4.601421551342355e-06,0.0,0.0,0.2521653175354004,0.0,0.0,0.0,0.0,7.358414649963379,0.1891460418701172,9768.0,5.3665452003479,500.0,0.005806528963148594
809,-0.0007886713719926775,-0.002224765717983246,0.0033321131486445665,0.0,0.0,0.0,0.0,0.0,0.0,0.001953125,0.0,0.998046875,24.384607315063477,0.0005766503745689988,-0.015497214160859585,4.637414349417668e-06,0.0,0.0,0.25311532616615295,0.0,0.0,0.0,0.0,7.171487331390381,0.170029878616333,10042.0,5.362754821777344,500.0,-0.0006210035644471645
810,-0.0007905447855591774,-0.0026107137091457844,0.0033744045067578554,0.0,0.0,0.0,0.0,0.0,0.0,0.001953125,0.0,0.998046875,24.380882263183594,9.999999747378752e-06,-0.01113042701035738,4.351901225163601e-06,0.0,0.0,0.2521764039993286,0.0,0.0,0.0,0.0,7.339478015899658,0.15740442276000977,9834.0,5.364208698272705,500.0,-0.00011398704373277724
811,-0.0007928304839879274,-0.0019810269586741924,0.0031928480602800846,0.0,0.0,0.0,0.0,0.0,0.0,0.001953125,0.0,0.998046875,24.386646270751953,0.0008649755618534982,-0.010419920086860657,4.261703452357324e-06,0.0,0.0,0.2513892352581024,0.0,0.0,0.0,0.0,7.243161201477051,0.1563870906829834,9963.0,5.37172794342041,500.0,0.0005453841877169907
812,-0.0007876239833422005,-0.001864104182459414,0.0032722982577979565,0.0,0.0,0.0,0.0,0.0,0.0,0.001708984375,0.0,0.998291015625,24.396512985229492,0.0005766503745689988,-0.013333410955965519,4.356932549853809e-06,0.0,0.0,0.2516341209411621,0.0,0.0,0.0,0.0,7.475000381469727,0.14974570274353027,9669.0,5.3743181228637695,500.0,0.001260204124264419
813,-0.0007864582003094256,-0.002217173343524337,0.003291520057246089,0.0,0.0,-0.0013888889225199819,0.0,0.0,0.0,0.0016004774952307343,0.0,0.998399555683136,24.404563903808594,0.0019461950287222862,-0.001826450927183032,0.00018194055883213878,0.0,0.0069444444961845875,0.250798761844635,0.0,0.0,0.0,0.0,7.265119552612305,0.15169262886047363,9940.0,5.391907691955566,500.0,0.009061533957719803
814,-0.0007746863411739469,-0.0021191774867475033,0.0031900666654109955,0.0,0.0,0.0,0.0,0.0,0.0,0.00146484375,0.0,0.99853515625,24.439775466918945,0.0008649755618534982,-0.014637080021202564,0.00334579567424953,0.0,0.0,0.25284337997436523,0.0,0.0,0.0,0.0,7.245877265930176,0.14917373657226562,9969.0,5.400489330291748,500.0,0.004313403740525246
815,-0.0007788811926729977,-0.0019314645323902369,0.0032892925664782524,0.0,0.0,0.0,0.0,0.0,0.0,0.00146484375,0.0,0.99853515625,24.436330795288086,0.0012974634300917387,-0.013252552598714828,1.1660395102808252e-05,0.0,0.0,0.24965964257717133,0.0,0.0,0.0,0.0,7.682502269744873,0.15149354934692383,9411.0,5.402217864990234,500.0,0.0094953253865242
816,-0.0007814107229933143,-0.0021192326676100492,0.003269956447184086,0.0,0.0,-0.0018518519354984164,0.0,0.0,0.0,0.0015597873134538531,0.0,0.9984402060508728,24.441463470458984,9.999999747378752e-06,0.003646684344857931,0.0004156163486186415,0.0,0.009259259328246117,0.2512194812297821,0.0,0.0,0.0,0.0,7.2095746994018555,0.16141486167907715,10002.0,5.403467178344727,495.70001220703125,-0.01268789917230606
817,-0.0007854987634345889,-0.0018684613751247525,0.0032972164917737246,0.0,0.0,0.0,0.0,0.0,0.0,0.0014919704990461469,0.0,0.9985080361366272,24.446407318115234,0.0012974634300917387,-0.010678105056285858,1.1764483133447357e-05,0.0,0.0,0.2503047585487366,0.0,0.0,0.0,0.0,7.762694358825684,0.1480252742767334,9320.0,5.409985542297363,500.0,0.005876144859939814
818,-0.0007881147903390229,-0.002077310113236308,0.0031852470710873604,0.0,0.0,-0.0013888889225199819,0.0,0.0,0.0,0.0017361111240461469,0.0,0.9982638955116272,24.45343589782715,9.999999747378752e-06,-0.0008957969839684665,0.0003822915896307677,0.0,0.0069444444961845875,0.24723580479621887,0.0,0.0,0.0,0.0,6.987908363342285,0.1542372703552246,10322.0,5.414898872375488,495.80999755859375,-0.018375474959611893
819,-0.000790141464676708,-0.0028362597804516554,0.0033284553792327642,0.0,0.0,-0.0013888889225199819,0.0,0.0,0.0,0.002048068679869175,0.0,0.9979519248008728,24.469114303588867,0.0019461950287222862,-0.001869447878561914,0.00041399747715331614,0.0,0.0069444444961845875,0.2484586536884308,0.0,0.0,0.0,0.0,7.286985397338867,0.1531534194946289,9909.0,5.439376354217529,495.6099853515625,-0.01786438561975956
820,-0.0007718511624261737,-0.002079844707623124,0.0032581575214862823,0.0,0.0,-0.0027777780778706074,0.0,0.0,0.0,0.0028618706855922937,0.0,0.9971381425857544,24.507701873779297,9.999999747378752e-06,-0.0009692841558717191,0.000703739351592958,0.0,0.013888888992369175,0.2515656650066376,0.0,0.0,0.0,0.0,7.757152557373047,0.17690086364746094,9292.0,5.447047710418701,495.6199951171875,-0.013257463462650776
821,-0.000781297916546464,-0.0022632074542343616,0.0031959242187440395,0.0,0.0,0.0,0.0,0.0,0.0,0.0031060113105922937,0.0,0.9968940019607544,24.510908126831055,0.0008649755618534982,-0.010589185170829296,4.673443982028402e-06,0.0,0.0,0.25073114037513733,0.0,0.0,0.0,0.0,7.627124309539795,0.15241479873657227,9477.0,5.447402477264404,500.0,0.0007933358428999782
822,-0.000775797525420785,-0.0020408914424479008,0.003099308582022786,0.0,0.0,0.0,0.0,0.0,0.0,0.0029296875,0.0,0.9970703125,24.509984970092773,0.0012974634300917387,-0.016119495034217834,4.625320798368193e-06,0.0,0.0,0.24792681634426117,0.0,0.0,0.0,0.0,7.654085159301758,0.1937854290008545,9394.0,5.449366569519043,500.0,0.001084036659449339
823,-0.0007874657167121768,-0.0020828901324421167,0.0031380336731672287,0.0,0.0,0.0,0.0,0.0,0.0,0.0029296875,0.0,0.9970703125,24.51373291015625,0.0019461950287222862,-0.015220282599329948,4.533279025054071e-06,0.0,0.0,0.24982887506484985,0.0,0.0,0.0,0.0,7.686278343200684,0.15279722213745117,9405.0,5.452385902404785,500.0,0.0008682982879690826
824,-0.000795170315541327,-0.002337625017389655,0.003117561573162675,0.0,0.0,0.0,0.0,0.0,0.0,0.0029296875,0.0,0.9970703125,24.508729934692383,9.999999747378752e-06,-0.003007712075486779,4.837472715735203e-06,0.0,0.0,0.24747605621814728,0.0,0.0,0.0,0.0,7.52085542678833,0.16599106788635254,9591.0,5.451910495758057,500.0,0.002769984770566225
825,-0.0007937038317322731,-0.002822005422785878,0.0031919938046485186,0.0,0.0,-0.0009259259677492082,0.0,0.0,0.0,0.0033365886192768812,0.0,0.9966633915901184,24.51336097717285,0.0008649755618534982,-0.0010484473314136267,0.0002621635503601283,0.0,0.004629629664123058,0.25083065032958984,0.0,0.0,0.0,0.0,7.365504264831543,0.15149950981140137,9808.0,5.461570739746094,500.0,0.0007597095682285726
826,-0.0008097005193121731,-0.0027037581894546747,0.003121668938547373,0.0,0.0,0.0,0.0,0.0,0.0,0.0034044054336845875,0.0,0.9965956211090088,24.526582717895508,0.0019461950287222862,-0.015538735315203667,3.7977251849952154e-06,0.0,0.0,0.25298547744750977,0.0,0.0,0.0,0.0,7.72822380065918,0.15069174766540527,9357.0,5.459290504455566,500.0,-0.0006739211385138333
827,-0.0007878447067923844,-0.001945002470165491,0.003345739794895053,0.0,0.0,0.0,0.0,0.0,0.0,0.0029296875,0.0,0.9970703125,24.526824951171875,0.0019461950287222862,-0.011133281514048576,4.349790287960786e-06,0.0,0.0,0.2550979256629944,0.0,0.0,0.0,0.0,7.974440097808838,0.15289092063903809,9071.0,5.466362953186035,500.0,0.004061725456267595
828,-0.0007973008323460817,-0.0019471494015306234,0.003291286760941148,0.0,0.0,0.0,0.0,0.0,0.0,0.0029296875,0.0,0.9970703125,24.52721405029297,0.0012974634300917387,-0.012370551005005836,4.2011602090497036e-06,0.0,0.0,0.25182780623435974,0.0,0.0,0.0,0.0,7.824522972106934,0.16187691688537598,9231.0,5.462193965911865,500.0,0.0063058799132704735
829,-0.0008049015305005014,-0.0022819216828793287,0.0033343208488076925,0.0,0.0,0.0,0.0,0.0,0.0,0.0029296875,0.0,0.9970703125,24.512868881225586,0.0029192925430834293,-0.011870327405631542,4.530615569819929e-06,0.0,0.0,0.2525262236595154,0.0,0.0,0.0,0.0,7.7866621017456055,0.1548318862915039,9283.0,5.454146385192871,500.0,0.0030731535516679287
830,-0.0008182277088053524,-0.002213353756815195,0.003287005703896284,0.0,0.0,0.0,0.0,0.0,0.0,0.002780490554869175,0.0,0.9972195029258728,24.50631332397461,0.0019461950287222862,-0.013525022193789482,4.114711828151485e-06,0.0,0.0,0.24780985713005066,0.0,0.0,0.0,0.0,8.007516860961914,0.1744987964630127,9010.0,5.451836109161377,500.0,0.0031718111131340265
831,-0.0008190230582840741,-0.0021289305295795202,0.0033053401857614517,0.0,0.0,0.0,0.0,0.0,0.0,0.00244140625,0.0,0.99755859375,24.48928451538086,0.0019461950287222862,-0.012562816962599754,3.6961757814424345e-06,0.0,0.0,0.25409621000289917,0.0,0.0,0.0,0.0,7.371616363525391,0.14943432807922363,9802.0,5.440845489501953,500.0,0.003736078506335616
832,-0.0007984017720445991,-0.001779409358277917,0.0033355739433318377,0.0,0.0,-0.0011111112544313073,0.0,0.0,0.0,0.002170138992369175,0.0,0.9978298544883728,24.482620239257812,9.999999747378752e-06,-0.001056008506566286,0.000408208929002285,0.0,0.0055555556900799274,0.24371688067913055,0.0,0.0,0.0,0.0,7.110799789428711,0.15184664726257324,10151.0,5.443631172180176,497.69000244140625,-0.013268670067191124
833,-0.0008046648581512272,-0.0020006850827485323,0.0032870913855731487,0.0,0.0,0.0,0.0,0.0,0.0,0.002292209304869175,0.0,0.9977077841758728,24.490509033203125,0.0012974634300917387,-0.010493339039385319,3.3137184800580144e-06,0.0,0.0,0.2509690523147583,0.0,0.0,0.0,0.0,7.191783905029297,0.17980170249938965,10001.0,5.451569557189941,500.0,0.004865400027483702
834,-0.0007911503780633211,-0.002244482981041074,0.0033322731032967567,-9.879254321276676e-07,4.6296295863612613e-07,-0.009126984514296055,1.8518519937060773e-05,0.0,0.0,0.0022786457557231188,0.0,0.9977213740348816,24.499610900878906,9.999999747378752e-06,-0.0009784336434677243,0.0014314977452158928,0.009259259328246117,0.0456349216401577,0.24932678043842316,0.0,0.0,0.0,0.0,6.839131832122803,0.15164780616760254,10546.0,5.454971790313721,490.7200012207031,-0.05480203032493591
835,-0.0007912005530670285,-0.002075995085760951,0.003297844436019659,0.0,0.0,0.0,0.0,0.0,0.0,0.0029296875,0.0,0.9970703125,24.499561309814453,0.0012974634300917387,-0.009258834645152092,3.909810402547009e-06,0.0,0.0,0.25310835242271423,0.0,0.0,0.0,0.0,7.075141906738281,0.15107345581054688,10202.0,5.450064659118652,500.0,0.0036117073614150286
836,-0.0007838418823666871,-0.0020494789350777864,0.0033705555833876133,0.0,0.0,0.0,0.0,0.0,0.0,0.0029296875,0.0,0.9970703125,24.49317169189453,0.0019461950287222862,-0.01235448569059372,3.82019652533927e-06,0.0,0.0,0.24179607629776,0.0,0.0,0.0,0.0,7.180004119873047,0.15152382850646973,10056.0,5.450520992279053,500.0,0.003293825313448906
837,-0.0007926256512291729,-0.0021422088611871004,0.003223520005121827,0.0,0.0,-0.003703703870996833,0.0,0.0,0.0,0.003933376632630825,0.0,0.9960666298866272,24.491365432739258,9.999999747378752e-06,-0.0014381379587575793,0.0009635659516789019,0.0,0.018518518656492233,0.24752391874790192,0.0,0.0,0.0,0.0,6.9557952880859375,0.14951229095458984,10376.0,5.451632499694824,497.260009765625,-0.014782899059355259
838,-0.000760287803132087,-0.0019043800421059132,0.003336687106639147,0.0,0.0,-0.0027777778450399637,0.0,0.0,0.0,0.004692925605922937,0.0,0.9953070878982544,24.496768951416016,9.999999747378752e-06,-0.0016203729901462793,0.0003634759341366589,0.0,0.013888888992369175,0.25000983476638794,0.0,0.0,0.0,0.0,7.068295478820801,0.1521892547607422,10210.0,5.45684289932251,498.010009765625,-0.013900655321776867
839,-0.0007635223446413875,-0.002212648279964924,0.003211208852007985,0.0,0.0,0.0,0.0,0.0,0.0,0.004421657882630825,0.0,0.9955783486366272,24.50173568725586,0.0008649755618534982,-0.008981505408883095,4.4133144001534674e-06,0.0,0.0,0.24901056289672852,0.0,0.0,0.0,0.0,8.242565155029297,0.19104790687561035,8742.0,5.453483581542969,500.0,0.000950666842982173
840,-0.0007734967512078583,-0.002287688199430704,0.003369746031239629,-5.500093536170425e-08,7.936507984140917e-08,-0.0007936508627608418,7.936508154671174e-06,0.0,0.0,0.0045030382461845875,0.0,0.9954969882965088,24.494251251220703,9.999999747378752e-06,-0.0012848390033468604,0.00040695705683901906,0.003968254197388887,0.003968254197388887,0.24810965359210968,0.0,0.0,0.0,0.0,7.914017677307129,0.15497255325317383,9137.0,5.452046871185303,497.510009765625,-0.018818490207195282
841,-0.0007522155647166073,-0.0024551087990403175,0.003275615395978093,0.0,0.0,0.0,0.0,0.0,0.0,0.0048828125,0.0,0.9951171875,24.499595642089844,0.0008649755618534982,-0.00886216014623642,8.127642104227562e-06,0.0,0.0,0.2473457157611847,0.0,0.0,0.0,0.0,7.906897068023682,0.1454758644104004,9156.0,5.459151744842529,500.0,-0.0032581829000264406
842,-0.0007284096791408956,-0.0026485633570700884,0.0033328081481158733,-5.910597451475041e-07,6.9444431574083865e-06,-0.003888888983055949,2.777777990559116e-05,0.0,0.0,0.005466037429869175,0.0,0.9945339560508728,24.51007843017578,9.999999747378752e-06,-0.0008883786504156888,0.0005851054447703063,0.013888888992369175,0.01944444514811039,0.2502497136592865,0.0,0.0,0.0,0.0,7.562790870666504,0.15152907371520996,9557.0,5.462411880493164,497.6600036621094,-0.01934412121772766
843,-0.0007385488715954125,-0.0031729666516184807,0.003284860635176301,-1.3746939941938763e-07,1.3888889327517973e-07,-0.0013888889225199819,1.388888995279558e-05,0.0,0.0,0.006008571945130825,0.0,0.9939914345741272,24.51600456237793,9.999999747378752e-06,-0.001904807286337018,0.00040427048224955797,0.0069444444961845875,0.0069444444961845875,0.2513451874256134,0.0,0.0,0.0,0.0,8.319305419921875,0.14925074577331543,8706.0,5.467535495758057,498.1000061035156,-0.026975806802511215
844,-0.0007342430180869997,-0.0031968927942216396,0.003347456455230713,-3.8013348557797144e-07,9.027776854964031e-07,-0.005145502742379904,1.388888995279558e-05,0.0,0.0,0.0075819226913154125,0.0,0.992418110370636,24.523508071899414,9.999999747378752e-06,-0.002007467672228813,0.0013847836526110768,0.0069444444961845875,0.025727514177560806,0.25337472558021545,0.0,0.0,0.0,0.0,7.405391693115234,0.15024924278259277,9758.0,5.471734046936035,495.7200012207031,-0.04429911449551582
845,-0.000724170240573585,-0.0028640979435294867,0.003388832788914442,0.0,0.0,-0.0009259259677492082,0.0,0.0,0.0,0.008409288711845875,0.0,0.9915907382965088,24.532508850097656,0.0005766503745689988,-0.002193550579249859,0.0004091448208782822,0.0,0.004629629664123058,0.25221219658851624,0.0,0.0,0.0,0.0,7.314394950866699,0.1483464241027832,9879.0,5.481878757476807,497.1000061035156,-0.024655843153595924
846,-0.0006988795939832926,-0.0036790233571082354,0.0032075229100883007,-2.0255110655398312e-07,8.88888678218791e-07,-0.006666666828095913,1.1111112144135404e-05,0.0,0.0,0.009521484375,0.0,0.990478515625,24.56140899658203,9.999999747378752e-06,-0.002179289236664772,0.0004549235454760492,0.0055555556900799274,0.03333333507180214,0.25140509009361267,0.0,0.0,0.0,0.0,7.140429496765137,0.1558089256286621,10104.0,5.496016025543213,497.7799987792969,-0.033075716346502304
847,-0.0006966547225601971,-0.004213076550513506,0.003314843401312828,0.0,0.0,-0.0007936508627608418,0.0,0.0,0.0,0.009629991836845875,0.0,0.9903700351715088,24.569856643676758,9.999999747378752e-06,-0.002063206396996975,0.00033578064176253974,0.0,0.003968254197388887,0.25014522671699524,0.0,0.0,0.0,0.0,7.510954856872559,0.15091824531555176,9622.0,5.500097751617432,496.9599914550781,-0.0364227369427681
848,-0.0006975555443204939,-0.005585812963545322,0.003200276056304574,-1.4150384686217876e-07,9.72222210293694e-07,-0.0027777778450399637,2.777777990559116e-05,0.0,0.0,0.009073893539607525,0.0,0.9909260869026184,24.578033447265625,0.0005766503745689988,-0.0022572253365069628,0.0003103134222328663,0.013888888992369175,0.013888888992369175,0.25424790382385254,0.0,0.0,0.0,0.0,7.173801898956299,0.1784050464630127,10028.0,5.508524417877197,500.0,-0.021668069064617157
849,-0.0006727514555677772,-0.004634949844330549,0.0031083927024155855,0.0,0.0,-0.005000000353902578,0.0,0.0,0.0,0.009385851211845875,0.0,0.9906141757965088,24.595172882080078,9.999999747378752e-06,-0.0030566873028874397,0.0007964794640429318,0.0,0.02500000037252903,0.2496969997882843,0.0,0.0,0.0,0.0,7.355337142944336,0.14915847778320312,9824.0,5.515590667724609,492.1000061035156,-0.061039600521326065
850,-0.0006944663473404944,-0.005972792860120535,0.0033002847339957952,0.0,5.5555556599529154e-08,-0.0017283952329307795,1.1111112144135404e-05,0.0,0.0,0.0103759765625,0.0,0.9896240234375,24.603511810302734,0.0005766503745689988,-0.0027368010487407446,0.0004710322245955467,0.0055555556900799274,0.008641975931823254,0.24598751962184906,0.0,0.0,0.0,0.0,7.44219970703125,0.15213871002197266,9708.0,5.525345802307129,497.739990234375,-0.05173826217651367
851,-0.000683140242472291,-0.005728918593376875,0.0031866836361587048,0.0,0.0,0.0,0.0,0.0,0.0,0.00957573764026165,0.0,0.9904242753982544,24.623388290405273,9.999999747378752e-06,-0.007856537587940693,1.8518398064770736e-05,0.0,0.0,0.2491837590932846,0.0,0.0,0.0,0.0,7.097559928894043,0.15321111679077148,10168.0,5.53270149230957,500.0,-0.0349743515253067
852,-0.0007074722670949996,-0.004920271225273609,0.003334198147058487,-1.1290319434920093e-07,4.629629657415535e-08,0.0,9.259259968530387e-06,0.0,0.0,0.0089246965944767,0.0,0.991075336933136,24.63274574279785,5.062499985797331e-05,-0.009334204718470573,1.9579096260713413e-05,0.004629629664123058,0.0,0.25369301438331604,0.0,0.0,0.0,0.0,7.293772220611572,0.14985251426696777,9904.0,5.542412757873535,500.0,-0.018877064809203148
853,-0.0007047454710118473,-0.006241559982299805,0.003150968113914132,0.0,0.0,-0.0013888889225199819,0.0,0.0,0.0,0.009128146804869175,0.0,0.9908718466758728,24.651018142700195,0.0012974634300917387,-0.0032522815745323896,0.000355013704393059,0.0,0.0069444444961845875,0.2477855235338211,0.0,0.0,0.0,0.0,7.490105628967285,0.15250253677368164,9646.0,5.559962272644043,500.0,-0.023879146203398705
854,-0.0006602677749469876,-0.007965194061398506,0.003181181848049164,-3.905438745732681e-07,1.9841270670895028e-07,0.0,7.936508154671174e-06,0.0,0.0,0.009114583022892475,0.0,0.9908854365348816,24.680688858032227,9.999999747378752e-06,-0.0064719743095338345,2.7209285690332763e-05,0.003968254197388887,0.0,0.2531130611896515,0.0,0.0,0.0,0.0,7.56756067276001,0.17772555351257324,9519.0,5.569439888000488,500.0,-0.053630877286195755
855,-0.0007010781555436552,-0.005508321803063154,0.003215074073523283,0.0,3.086420008457935e-08,0.0,6.172839675855357e-06,0.0,0.0,0.008775499649345875,0.0,0.9912245273590088,24.690393447875977,0.0008649755618534982,-0.008450481109321117,2.284204492752906e-05,0.003086419776082039,0.0,0.24789126217365265,0.0,0.0,0.0,0.0,7.189827919006348,0.15087556838989258,10043.0,5.583131313323975,500.0,-0.032078325748443604
856,-0.0006791052874177694,-0.005070617888122797,0.003259805263951421,-9.208956157635839e-07,9.193121854877973e-07,-0.0006944444612599909,5.423280890681781e-05,0.0,0.0,0.008341471664607525,0.0,0.9916585087776184,24.713134765625,9.999999747378752e-06,-0.0015791405458003283,0.00040268508018925786,0.027116402983665466,0.0034722222480922937,0.2478170394897461,0.0,0.0,0.0,0.0,7.520379066467285,0.14601635932922363,9617.0,5.591627597808838,495.94000244140625,-0.03676430508494377
857,-0.0006968903471715748,-0.005680556874722242,0.003193647600710392,-3.238310171127523e-07,2.0833333280734223e-07,0.0,1.388888995279558e-05,0.0,0.0,0.008097331039607525,0.0,0.9919026494026184,24.723234176635742,0.00011390625149942935,-0.008793791756033897,2.7494836103869602e-05,0.0069444444961845875,0.0,0.24999380111694336,0.0,0.0,0.0,0.0,7.542878150939941,0.1520380973815918,9581.0,5.6023850440979,500.0,-0.03325025737285614
858,-0.0006701193051412702,-0.0063895126804709435,0.003117793472483754,0.0,9.25925931483107e-08,0.0,1.8518519937060773e-05,0.0,0.0,0.0063612195663154125,0.0,0.993638813495636,24.7417049407959,9.999999747378752e-06,-0.00796426460146904,2.3655085897189565e-05,0.009259259328246117,0.0,0.2505708336830139,0.0,0.0,0.0,0.0,7.322785377502441,0.14926815032958984,9867.0,5.610171794891357,500.0,-0.03918423876166344
859,-0.0006830541533418,-0.005990315694361925,0.0032657822594046593,-1.6671521734679118e-05,1.7857142609045695e-07,0.0,3.5714288969757035e-05,0.0,0.0,0.005669488105922937,0.0,0.9943305253982544,24.754030227661133,1.4999999621068127e-05,-0.007976088672876358,2.028671769949142e-05,0.01785714365541935,0.0,0.24917632341384888,0.0,0.0,0.0,0.0,7.422433853149414,0.15327167510986328,9732.0,5.621255874633789,500.0,-0.021060345694422722
860,-0.0007049060659483075,-0.005411385092884302,0.003179352032020688,-7.613040793330583e-07,2.7777778655035945e-07,-0.0027777780778706074,2.777777990559116e-05,0.0,0.0,0.004977756179869175,0.0,0.9950222373008728,24.768115997314453,9.999999747378752e-06,-0.0022309389896690845,0.0007582452963106334,0.013888888992369175,0.013888888992369175,0.2573563754558563,0.0,0.0,0.0,0.0,7.093585968017578,0.15225625038146973,10175.0,5.627127170562744,492.8599853515625,-0.07209412008523941
861,-0.000689985987264663,-0.003965236246585846,0.003189845010638237,0.0,0.0,0.0,0.0,0.0,0.0,0.0049641928635537624,0.0,0.9950358271598816,24.77846336364746,0.0008649755618534982,-0.007944845594465733,1.5490250007133e-05,0.0,0.0,0.2468675822019577,0.0,0.0,0.0,0.0,6.9954142570495605,0.14846158027648926,10320.0,5.637686252593994,500.0,-0.017125554382801056
862,-0.0006856381078250706,-0.005033948924392462,0.003120268927887082,0.0,9.722221960828392e-08,0.0,1.944444557011593e-05,0.0,0.0,0.0044080945663154125,0.0,0.995591938495636,24.79233169555664,9.999999747378752e-06,-0.0051726652309298515,2.35660481848754e-05,0.009722222574055195,0.0,0.250967413187027,0.0,0.0,0.0,0.0,7.651276588439941,0.14749646186828613,9453.0,5.641839981079102,500.0,-0.03425898775458336
863,-0.0006943340413272381,-0.006117659155279398,0.0030717055778950453,-6.232886562429485e-08,6.944444663758986e-08,0.0,6.94444497639779e-06,0.0,0.0,0.0031331379432231188,0.0,0.9968668818473816,24.804262161254883,2.2500000341096893e-05,-0.008381937630474567,2.0499113816185854e-05,0.0034722222480922937,0.0,0.2509360611438751,0.0,0.0,0.0,0.0,7.686321258544922,0.1507091522216797,9407.0,5.654031276702881,500.0,-0.034983329474925995
864,-0.0007057943730615079,-0.004416916985064745,0.0030239068437367678,0.0,0.0,-0.0027777778450399637,0.0,0.0,0.0,0.0025634765625,0.0,0.9974365234375,24.81913185119629,9.999999747378752e-06,-0.002224014839157462,0.0003768120368476957,0.0,0.013888888992369175,0.2499615103006363,0.0,0.0,0.0,0.0,8.019397735595703,0.1511702537536621,9023.0,5.658479690551758,497.32000732421875,-0.04777603596448898
865,-0.0006904660840518773,-0.00549914687871933,0.0031306748278439045,-1.0596014732300318e-07,3.9682539920704585e-08,0.0,7.936508154671174e-06,0.0,0.0,0.00244140625,0.0,0.99755859375,24.82855224609375,9.999999747378752e-06,-0.009008154273033142,2.2169142539496534e-05,0.003968254197388887,0.0,0.25102490186691284,0.0,0.0,0.0,0.0,6.895041465759277,0.15079069137573242,10464.0,5.6665849685668945,500.0,-0.033212825655937195
866,-0.0006940484745427966,-0.005755654536187649,0.0031623723916709423,0.0,0.0,0.0,0.0,0.0,0.0,0.00244140625,0.0,0.99755859375,24.84037208557129,9.999999747378752e-06,-0.009495538659393787,2.043871245405171e-05,0.0,0.0,0.24890920519828796,0.0,0.0,0.0,0.0,6.906920433044434,0.1504497528076172,10446.0,5.673234462738037,500.0,-0.032492250204086304
867,-0.0007148221484385431,-0.004218252841383219,0.0031966769602149725,-1.0633755209710216e-06,1.3888889327517973e-07,0.0,2.777777990559116e-05,0.0,0.0,0.002048068679869175,0.0,0.9979519248008728,24.853025436401367,1.4999999621068127e-05,-0.007788700517266989,2.810370824590791e-05,0.013888888992369175,0.0,0.251777708530426,0.0,0.0,0.0,0.0,7.594979763031006,0.15379667282104492,9514.0,5.682676792144775,500.0,-0.030006274580955505
868,-0.0007094276370480657,-0.005033264402300119,0.0030220169574022293,-1.139458944976468e-07,6.17284001691587e-08,-0.0034722222480922937,6.172839675855357e-06,0.0,0.0,0.0024956597480922937,0.0,0.9975043535232544,24.866737365722656,9.999999747378752e-06,-0.0026016240008175373,0.0007523379172198474,0.003086419776082039,0.0173611119389534,0.2528809607028961,0.0,0.0,0.0,0.0,7.328799247741699,0.15388059616088867,9853.0,5.689296245574951,497.55999755859375,-0.06201170012354851
869,-0.0006995979929342866,-0.005185843911021948,0.003133517922833562,-6.55474195809802e-07,4.228394914207456e-07,0.0,2.6543211788521148e-05,1.1605521166302424e-07,0.0,0.0029296875,0.0,0.9970703125,24.876585006713867,9.999999747378752e-06,-0.006779809948056936,3.044545701413881e-05,0.013271604664623737,0.0,0.24722974002361298,0.0,0.0,0.0,0.0,7.180116653442383,0.14951610565185547,10058.0,5.697012901306152,500.0,-0.023670965805649757
870,-0.00070958212018013,-0.00684197386726737,0.003057996043935418,-5.744964823861665e-07,6.481481023001834e-07,0.0,1.8518519937060773e-05,0.0,0.0,0.0026448566932231188,0.0,0.9973551630973816,24.8865909576416,9.999999747378752e-06,-0.007522762753069401,3.0143737603793852e-05,0.009259259328246117,0.0,0.2515034079551697,0.0,0.0,0.0,0.0,7.388633728027344,0.16047072410583496,9766.0,5.704428195953369,500.0,-0.04120207950472832
871,-0.0007092199521139264,-0.005630249623209238,0.003167171962559223,0.0,0.0,-0.0007936508627608418,0.0,0.0,0.0,0.0026448566932231188,0.0,0.9973551630973816,24.898466110229492,0.0008649755618534982,-0.0027908526826649904,0.00041318932198919356,0.0,0.003968254197388887,0.254029244184494,0.0,0.0,0.0,0.0,7.500375747680664,0.16727209091186523,9615.0,5.717281818389893,497.3699951171875,-0.048357948660850525
872,-0.0007225711015053093,-0.005945126060396433,0.0030349537264555693,0.0,0.0,0.0,0.0,0.0,0.0,0.0029296875,0.0,0.9970703125,24.923816680908203,9.999999747378752e-06,-0.010455071926116943,0.00013842355110682547,0.0,0.0,0.2524174749851227,0.0,0.0,0.0,0.0,7.573819160461426,0.15456438064575195,9539.0,5.727951526641846,500.0,-0.038454242050647736
873,-0.0007060145144350827,-0.0055862427689135075,0.0030602095648646355,0.0,0.0,0.0,0.0,0.0,0.0,0.0029296875,0.0,0.9970703125,24.931926727294922,9.999999747378752e-06,-0.008780885487794876,3.3716674806782976e-05,0.0,0.0,0.2511719763278961,0.0,0.0,0.0,0.0,7.631939888000488,0.15407586097717285,9469.0,5.733898639678955,500.0,-0.02339463122189045
874,-0.0006956998258829117,-0.0068786004558205605,0.0030971327796578407,0.0,0.0,0.0,0.0,0.0,0.0,0.002292209304869175,0.0,0.9977077841758728,24.94335174560547,9.999999747378752e-06,-0.008149800822138786,2.2720669221598655e-05,0.0,0.0,0.25073760747909546,0.0,0.0,0.0,0.0,6.846723556518555,0.16648554801940918,10512.0,5.741884231567383,500.0,-0.04506416618824005
875,-0.0007061560754664242,-0.006233243737369776,0.0032333352137356997,0.0,0.0,0.0,0.0,0.0,0.0,0.001953125,0.0,0.998046875,24.95492172241211,5.062499985797331e-05,-0.008102311752736568,1.7785017917049117e-05,0.0,0.0,0.25142034888267517,0.0,0.0,0.0,0.0,7.30225944519043,0.15679121017456055,9884.0,5.749331474304199,500.0,-0.0317913182079792
876,-0.0007067091064527631,-0.004820019006729126,0.003186864545568824,0.0,0.0,0.0,0.0,0.0,0.0,0.001953125,0.0,0.998046875,24.970529556274414,9.999999747378752e-06,-0.009882988408207893,2.385313382546883e-05,0.0,0.0,0.2505880296230316,0.0,0.0,0.0,0.0,7.901220798492432,0.15260028839111328,9154.0,5.759305477142334,500.0,-0.019018683582544327
877,-0.0007202457636594772,-0.006118179764598608,0.003265037667006254,0.0,0.0,0.0,0.0,0.0,0.0,0.001953125,0.0,0.998046875,24.98220443725586,9.999999747378752e-06,-0.00920908059924841,2.2577714844373986e-05,0.0,0.0,0.2479310780763626,0.0,0.0,0.0,0.0,7.026498794555664,0.15361285209655762,10268.0,5.765315055847168,500.0,-0.027061738073825836
878,-0.0007323006284423172,-0.005148296244442463,0.0031903444323688745,0.0,0.0,-0.0013888889225199819,0.0,0.0,0.0,0.0016547308769077063,0.0,0.9983452558517456,24.99388885498047,0.0002562890585977584,-0.0024006871972233057,0.0004234050866216421,0.0,0.0069444444961845875,0.2537810206413269,0.0,0.0,0.0,0.0,7.23365592956543,0.15117383003234863,9983.0,5.774454116821289,495.7699890136719,-0.05161380022764206
879,-0.0007046993123367429,-0.005942482501268387,0.003226194065064192,0.0,0.0,-0.0018518519354984164,0.0,0.0,0.0,0.0020209418144077063,0.0,0.9979790449142456,25.01700210571289,0.00038443360244855285,-0.003575642127543688,0.0004391533730085939,0.0,0.009259259328246117,0.24954907596111298,0.0,0.0,0.0,0.0,6.953123092651367,0.1529834270477295,10375.0,5.791357517242432,496.94000244140625,-0.050409670919179916
880,-0.000715944916009903,-0.00455663213506341,0.0032148854807019234,0.0,0.0,0.0,0.0,0.0,0.0,0.00244140625,0.0,0.99755859375,25.038911819458008,9.999999747378752e-06,-0.010789308696985245,0.00013052929716650397,0.0,0.0,0.25324326753616333,0.0,0.0,0.0,0.0,6.871421813964844,0.15388822555541992,10494.0,5.803184509277344,500.0,-0.0206148624420166
881,-0.0007286940817721188,-0.005044825375080109,0.0032325047068297863,0.0,0.0,-0.002314814832061529,0.0,0.0,0.0,0.0030517578125,0.0,0.9969482421875,25.04934310913086,0.0002562890585977584,-0.0022354929242283106,0.0006319812382571399,0.0,0.011574074625968933,0.2533833682537079,0.0,0.0,0.0,0.0,7.37722110748291,0.15025758743286133,9794.0,5.811896324157715,495.7900085449219,-0.060700222849845886
882,-0.0007203164859674871,-0.00536114489659667,0.0032587870955467224,-4.4619574168791587e-07,1.2731480865113554e-06,-0.0007936508627608418,2.5462964913458563e-05,0.0,0.0,0.0032280816230922937,0.0,0.9967719316482544,25.076587677001953,0.0019461950287222862,-0.004353926982730627,0.0001636040979065001,0.012731482274830341,0.003968254197388887,0.2476796656847,0.0,0.0,0.0,0.0,7.317554473876953,0.17364764213562012,9841.0,5.840826511383057,500.0,-0.027426309883594513
883,-0.0007236928795464337,-0.0045608230866491795,0.0032024963293224573,0.0,0.0,0.0,0.0,0.0,0.0,0.0029296875,0.0,0.9970703125,25.10963249206543,9.999999747378752e-06,-0.005394927691668272,0.010285500437021255,0.0,0.0,0.25308364629745483,0.0,0.0,0.0,0.0,7.093822002410889,0.1526954174041748,10174.0,5.849498748779297,500.0,-0.026927433907985687
884,-0.0006986296502873302,-0.005331320222467184,0.0032648618798702955,0.0,0.0,-0.0007936508627608418,0.0,0.0,0.0,0.0030517578125,0.0,0.9969482421875,25.118600845336914,0.0012974634300917387,-0.0027658622711896896,0.0004313747340347618,0.0,0.003968254197388887,0.25020599365234375,0.0,0.0,0.0,0.0,7.2485671043396,0.15329885482788086,9960.0,5.864282608032227,495.760009765625,-0.04839658737182617
885,-0.0007339076255448163,-0.004785552620887756,0.0031860931776463985,0.0,0.0,0.0,0.0,0.0,0.0,0.0031602648086845875,0.0,0.9968397617340088,25.146299362182617,9.999999747378752e-06,-0.010473381727933884,2.413839683867991e-05,0.0,0.0,0.2509126365184784,0.0,0.0,0.0,0.0,7.371350288391113,0.15184736251831055,9800.0,5.874136924743652,500.0,-0.018006784841418266
886,-0.0007254399242810905,-0.005831355694681406,0.003220373298972845,0.0,0.0,0.0,0.0,0.0,0.0,0.0029296875,0.0,0.9970703125,25.15513801574707,0.0005766503745689988,-0.009230422787368298,1.531440284452401e-05,0.0,0.0,0.25042450428009033,0.0,0.0,0.0,0.0,7.455345630645752,0.1546943187713623,9688.0,5.882938385009766,500.0,-0.031486064195632935
887,-0.0007421105983667076,-0.003896079258993268,0.003273596754297614,0.0,0.0,0.0,0.0,0.0,0.0,0.0029296875,0.0,0.9970703125,25.16977310180664,9.999999747378752e-06,-0.008609222248196602,1.4009815458848607e-05,0.0,0.0,0.2487831860780716,0.0,0.0,0.0,0.0,6.736441612243652,0.18119359016418457,10657.0,5.888293266296387,500.0,-0.014851726591587067
888,-0.0007395285065285861,-0.003950187936425209,0.0032704195473343134,0.0,0.0,-0.0007936508627608418,0.0,0.0,0.0,0.0029568143654614687,0.0,0.9970431923866272,25.17531394958496,9.999999747378752e-06,-0.0018544950289651752,0.0004212128696963191,0.0,0.003968254197388887,0.2493860274553299,0.0,0.0,0.0,0.0,7.085697174072266,0.14822006225585938,10191.0,5.8929443359375,497.760009765625,-0.03587227687239647
889,-0.0007339123985730112,-0.00486690504476428,0.003288738662377,0.0,0.0,0.0,0.0,0.0,0.0,0.00341796875,0.0,0.99658203125,25.18474769592285,9.999999747378752e-06,-0.006303402129560709,1.8390135664958507e-05,0.0,0.0,0.24941028654575348,0.0,0.0,0.0,0.0,7.148076057434082,0.15031743049621582,10101.0,5.901289463043213,500.0,-0.017870355397462845
890,-0.0007534672040492296,-0.0041493303142488,0.0034136001486331224,0.0,0.0,0.0,0.0,0.0,0.0,0.00341796875,0.0,0.99658203125,25.197561264038086,9.999999747378752e-06,-0.00732463737949729,1.9281435015727766e-05,0.0,0.0,0.2528558671474457,0.0,0.0,0.0,0.0,7.58477258682251,0.153350830078125,9527.0,5.910462379455566,500.0,-0.015886647626757622
891,-0.0007389493985101581,-0.0054118144325912,0.003247487125918269,0.0,0.0,0.0,0.0,0.0,0.0,0.00341796875,0.0,0.99658203125,25.21042823791504,2.2500000341096893e-05,-0.008570939302444458,1.788374902389478e-05,0.0,0.0,0.25325265526771545,0.0,0.0,0.0,0.0,7.002624988555908,0.15216684341430664,10304.0,5.919094562530518,500.0,-0.021732652559876442
892,-0.0007544836262241006,-0.0044610570184886456,0.0033519684802740812,0.0,0.0,0.0,0.0,0.0,0.0,0.0033094617538154125,0.0,0.996690571308136,25.22336196899414,1.4999999621068127e-05,-0.00892043486237526,1.4253740118874703e-05,0.0,0.0,0.25376981496810913,0.0,0.0,0.0,0.0,7.354059219360352,0.1611769199371338,9810.0,5.926914215087891,500.0,-0.01646202802658081
893,-0.0007365162600763142,-0.005229259841144085,0.0033689369447529316,0.0,0.0,0.0,0.0,0.0,0.0,0.0028076171875,0.0,0.9971923828125,25.23570442199707,0.0012974634300917387,-0.010033159516751766,1.5636382158845663e-05,0.0,0.0,0.249949648976326,0.0,0.0,0.0,0.0,7.418540954589844,0.15120363235473633,9739.0,5.937234401702881,500.0,-0.0264400877058506
894,-0.0007492307340726256,-0.003516193013638258,0.003260016441345215,0.0,0.0,-0.0013888889225199819,0.0,0.0,0.0,0.0028483073692768812,0.0,0.9971516728401184,25.250202178955078,9.999999747378752e-06,-0.00025181376258842647,0.0002725406957324594,0.0,0.0069444444961845875,0.24853035807609558,0.0,0.0,0.0,0.0,7.135254859924316,0.14969944953918457,10120.0,5.940318584442139,500.0,-0.011874815449118614
895,-0.0007561187376268208,-0.004581139422953129,0.003301996039226651,0.0,0.0,0.0,0.0,0.0,0.0,0.0021837023086845875,0.0,0.9978163242340088,25.25564956665039,0.0008649755618534982,-0.00920800119638443,1.6774005416664295e-05,0.0,0.0,0.25595220923423767,0.0,0.0,0.0,0.0,7.25056791305542,0.15349817276000977,9957.0,5.948976516723633,500.0,-0.015522325411438942
896,-0.0007498607155866921,-0.004553230479359627,0.00327753322198987,0.0,0.0,0.0,0.0,0.0,0.0,0.00146484375,0.0,0.99853515625,25.26827049255371,9.999999747378752e-06,-0.009876915253698826,1.6666435840306804e-05,0.0,0.0,0.24974948167800903,0.0,0.0,0.0,0.0,7.864253997802734,0.15012574195861816,9199.0,5.954669952392578,500.0,-0.016119971871376038
897,-0.0007379846647381783,-0.004010592121630907,0.003269033972173929,0.0,0.0,0.0,0.0,0.0,0.0,0.00146484375,0.0,0.99853515625,25.27552032470703,0.0012974634300917387,-0.009350736625492573,1.6976702681859024e-05,0.0,0.0,0.2507617175579071,0.0,0.0,0.0,0.0,7.495104789733887,0.15491080284118652,9637.0,5.966768264770508,500.0,-0.014145195484161377
898,-0.0007328309002332389,-0.004910121206194162,0.003393792547285557,0.0,0.0,0.0,0.0,0.0,0.0,0.0012885199394077063,0.0,0.9987114667892456,25.289291381835938,9.999999747378752e-06,-0.006780223920941353,1.5338628145400435e-05,0.0,0.0,0.24733488261699677,0.0,0.0,0.0,0.0,7.5881524085998535,0.18968701362609863,9479.0,5.971614837646484,500.0,-0.015445630066096783
899,-0.0007517503690905869,-0.0038685707841068506,0.0034175191540271044,0.0,0.0,-0.0009259259677492082,0.0,0.0,0.0,0.0010172525653615594,0.0,0.9989827275276184,25.296327590942383,0.0008649755618534982,-0.002505119191482663,0.0004214912769384682,0.0,0.004629629664123058,0.24844689667224884,0.0,0.0,0.0,0.0,7.60206937789917,0.15089941024780273,9509.0,5.983033657073975,496.67999267578125,-0.035446975380182266
900,-0.0007506828405894339,-0.004450672306120396,0.0033903976436704397,0.0,0.0,0.0,0.0,0.0,0.0,0.00146484375,0.0,0.99853515625,25.316734313964844,9.999999747378752e-06,-0.008282821625471115,1.595556386746466e-05,0.0,0.0,0.24674569070339203,0.0,0.0,0.0,0.0,7.269906044006348,0.1497499942779541,9936.0,5.990490913391113,500.0,-0.01850171573460102
901,-0.0007355840061791241,-0.005325638689100742,0.003299303352832794,0.0,0.0,-0.0018518519354984164,0.0,0.0,0.0,0.0017225478077307343,0.0,0.998277485370636,25.322795867919922,9.999999747378752e-06,-0.0018755488563328981,0.0003883466124534607,0.0,0.009259259328246117,0.24652592837810516,0.0,0.0,0.0,0.0,7.177748680114746,0.16895675659179688,10035.0,5.995833873748779,497.20001220703125,-0.0519477054476738
902,-0.0007207156741060317,-0.0037930714897811413,0.003372675972059369,-2.6514143769418297e-07,7.936507984140917e-08,-0.004074074327945709,7.936508154671174e-06,0.0,0.0,0.0025499132461845875,0.0,0.9974501132965088,25.334096908569336,9.999999747378752e-06,-0.0026672687381505966,0.0015333570772781968,0.003968254197388887,0.020370371639728546,0.24892555177211761,0.0,0.0,0.0,0.0,6.966657638549805,0.16845989227294922,10333.0,6.004983901977539,485.4599914550781,-0.0888238176703453
903,-0.0007238905527628958,-0.0039969817735254765,0.0033724987879395485,0.0,0.0,-0.0018518519354984164,0.0,0.0,0.0,0.0038655598182231188,0.0,0.9961344599723816,25.342939376831055,9.999999747378752e-06,-0.0014651905512437224,0.0001883126242319122,0.0,0.009259259328246117,0.24835051596164703,0.0,0.0,0.0,0.0,7.059824466705322,0.14963722229003906,10226.0,6.007940769195557,500.0,-0.019396578893065453
904,-0.0007323742611333728,-0.004384602420032024,0.0033441914711147547,0.0,0.0,-0.00296296295709908,0.0,0.0,0.0,0.0043809679336845875,0.0,0.9956190586090088,25.35044288635254,0.0008649755618534982,-0.002612493932247162,0.0007667246973142028,0.0,0.014814815483987331,0.24695256352424622,0.0,0.0,0.0,0.0,7.657412528991699,0.1651921272277832,9424.0,6.018664360046387,494.70001220703125,-0.054885219782590866
905,-0.0006954821292310953,-0.003950591664761305,0.0032669263891875744,0.0,0.0,0.0,0.0,0.0,0.0,0.0048828125,0.0,0.9951171875,25.37074851989746,9.999999747378752e-06,-0.00918310135602951,1.7443053366150707e-05,0.0,0.0,0.2517825663089752,0.0,0.0,0.0,0.0,7.239056587219238,0.16143417358398438,9962.0,6.027220249176025,500.0,-0.01946069672703743
906,-0.0007232038769870996,-0.004634672310203314,0.003263000398874283,0.0,0.0,-0.0027777778450399637,0.0,0.0,0.0,0.0052083334885537624,0.0,0.9947916865348816,25.378271102905273,0.0008649755618534982,-0.0022964254021644592,0.0003578783944249153,0.0,0.013888888992369175,0.25009435415267944,0.0,0.0,0.0,0.0,7.376925945281982,0.157789945602417,9785.0,6.038443088531494,496.82000732421875,-0.04569530859589577
907,-0.0007395986467599869,-0.004053603392094374,0.0034012356773018837,0.0,0.0,0.0,0.0,0.0,0.0,0.00537109375,0.0,0.99462890625,25.399337768554688,9.999999747378752e-06,-0.008204583078622818,1.591822729096748e-05,0.0,0.0,0.2494954764842987,0.0,0.0,0.0,0.0,6.882215976715088,0.1553654670715332,10476.0,6.0478129386901855,500.0,-0.018550023436546326
908,-0.0007161144749261439,-0.004958438687026501,0.00340124755166471,0.0,0.0,-0.001719576888717711,0.0,0.0,0.0,0.0052625867538154125,0.0,0.994737446308136,25.409391403198242,0.0012974634300917387,-0.002319296821951866,0.00068409409141168,0.0,0.008597884327173233,0.246296226978302,0.0,0.0,0.0,0.0,7.514833450317383,0.15426850318908691,9613.0,6.063437461853027,497.1600036621094,-0.04936188459396362
909,-0.0007124400581233203,-0.00543562788516283,0.0033415325451642275,0.0,0.0,0.0,0.0,0.0,0.0,0.00537109375,0.0,0.99462890625,25.436214447021484,9.999999747378752e-06,-0.004284755792468786,1.833724854805041e-05,0.0,0.0,0.24702027440071106,0.0,0.0,0.0,0.0,7.634085655212402,0.14811444282531738,9473.0,6.072968006134033,500.0,-0.03510259836912155
910,-0.0007246381719596684,-0.004164609592407942,0.0034015898127108812,-2.9307730642358365e-07,4.999999987376214e-07,-0.0009259259677492082,1.1111112144135404e-05,0.0,0.0,0.00580512173473835,0.0,0.9941948652267456,25.444068908691406,0.0012974634300917387,-0.0018731954041868448,0.00022218609228730202,0.0055555556900799274,0.004629629664123058,0.2515890896320343,0.0,0.0,0.0,0.0,7.481590270996094,0.17995333671569824,9623.0,6.086384296417236,500.0,-0.022432250902056694
911,-0.0007234129589051008,-0.003684082068502903,0.0033153744880110025,0.0,0.0,0.0,0.0,0.0,0.0,0.005859375,0.0,0.994140625,25.470043182373047,9.999999747378752e-06,-0.009185368195176125,0.0007734743994660676,0.0,0.0,0.24772347509860992,0.0,0.0,0.0,0.0,7.637905597686768,0.15642595291137695,9459.0,6.097790718078613,500.0,-0.016824210062623024
912,-0.0007290584617294371,-0.0035022522788494825,0.0033219829201698303,-1.333866705977016e-08,6.944444663758986e-08,-0.003108465811237693,1.388888995279558e-05,0.0,0.0,0.0070665148086845875,0.0,0.9929335117340088,25.47919273376465,0.0012974634300917387,-0.0019044749205932021,0.0006400019046850502,0.0069444444961845875,0.015542328357696533,0.2509315311908722,0.0,0.0,0.0,0.0,8.091680526733398,0.15047001838684082,8945.0,6.111868858337402,495.5400085449219,-0.02656831406056881
913,-0.0007205517031252384,-0.004780391231179237,0.0034031153190881014,0.0,0.0,-0.0027777778450399637,0.0,0.0,0.0,0.007622613105922937,0.0,0.9923774003982544,25.507083892822266,9.999999747378752e-06,-0.0022996182087808847,0.0007903457735665143,0.0,0.013888888992369175,0.24823175370693207,0.0,0.0,0.0,0.0,7.215887069702148,0.15165448188781738,10007.0,6.123867988586426,494.2799987792969,-0.06375528126955032
914,-0.000713766785338521,-0.005440547131001949,0.0033759165089577436,0.0,0.0,-0.001719576888717711,0.0,0.0,0.0,0.008707682602107525,0.0,0.9912922978401184,25.51470184326172,9.999999747378752e-06,-0.0017229518853127956,0.00036935738171450794,0.0,0.008597884327173233,0.24589592218399048,0.0,0.0,0.0,0.0,7.226558208465576,0.15097332000732422,9993.0,6.130629539489746,500.0,-0.03763948008418083
915,-0.0007205831352621317,-0.005150128621608019,0.0034791016951203346,0.0,0.0,0.0,0.0,0.0,0.0,0.00847710482776165,0.0,0.9915229082107544,25.523073196411133,1.4999999621068127e-05,-0.0077196708880364895,1.5632134818588383e-05,0.0,0.0,0.2539287507534027,0.0,0.0,0.0,0.0,6.9397478103637695,0.1514759063720703,10397.0,6.13702392578125,500.0,-0.019237861037254333
916,-0.000721299322322011,-0.003936238586902618,0.0033298262860625982,0.0,0.0,-0.0020833334419876337,0.0,0.0,0.0,0.008327907882630825,0.0,0.9916720986366272,25.535232543945312,0.0012974634300917387,-0.002613007789477706,0.0007450465927831829,0.0,0.010416666977107525,0.2451525330543518,0.0,0.0,0.0,0.0,7.082023620605469,0.15054631233215332,10193.0,6.1541290283203125,491.1600036621094,-0.05661585554480553
917,-0.000704860023688525,-0.004234525840729475,0.0033475677482783794,0.0,0.0,0.0,0.0,0.0,0.0,0.00732421875,0.0,0.99267578125,25.56556510925293,9.999999747378752e-06,-0.006737877614796162,3.521337202982977e-05,0.0,0.0,0.2485007494688034,0.0,0.0,0.0,0.0,7.171503067016602,0.15044784545898438,10069.0,6.166130065917969,500.0,-0.015696385875344276
918,-0.0007229393813759089,-0.004804010037332773,0.0032991787884384394,0.0,0.0,0.0,0.0,0.0,0.0,0.006740993820130825,0.0,0.9932590126991272,25.573854446411133,0.0012974634300917387,-0.008902808651328087,1.7765907614375465e-05,0.0,0.0,0.2511674165725708,0.0,0.0,0.0,0.0,7.309486389160156,0.15189409255981445,9881.0,6.179752349853516,500.0,-0.02046322263777256
919,-0.0007069198763929307,-0.004564272239804268,0.0033017329405993223,0.0,0.0,0.0,0.0,0.0,0.0,0.00634765625,0.0,0.99365234375,25.58888816833496,9.999999747378752e-06,-0.004984892439097166,1.6006248188205063e-05,0.0,0.0,0.24968931078910828,0.0,0.0,0.0,0.0,7.612847328186035,0.15111708641052246,9496.0,6.185673713684082,500.0,-0.018908090889453888
920,-0.000724092882592231,-0.0042716022580862045,0.0032451499719172716,0.0,0.0,0.0,0.0,0.0,0.0,0.0059678819961845875,0.0,0.9940321445465088,25.59673309326172,0.0012974634300917387,-0.008769826963543892,1.1699446986312978e-05,0.0,0.0,0.25250542163848877,0.0,0.0,0.0,0.0,7.299138069152832,0.15161967277526855,9895.0,6.196171760559082,500.0,-0.018958358094096184
921,-0.000733321940060705,-0.003203514963388443,0.003375378670170903,0.0,0.0,0.0,0.0,0.0,0.0,0.005859375,0.0,0.994140625,25.609678268432617,9.999999747378752e-06,-0.007558783516287804,1.4535834452544805e-05,0.0,0.0,0.24786213040351868,0.0,0.0,0.0,0.0,7.165210723876953,0.15306949615478516,10074.0,6.198597431182861,500.0,-0.008556154556572437
922,-0.0007274250383488834,-0.00441988417878747,0.0033618146553635597,0.0,0.0,0.0,0.0,0.0,0.0,0.00507269985973835,0.0,0.9949272871017456,25.61115074157715,0.0012974634300917387,-0.008378357626497746,1.2001005416095722e-05,0.0,0.0,0.2478669285774231,0.0,0.0,0.0,0.0,7.329620361328125,0.18621134757995605,9809.0,6.202232360839844,500.0,-0.016630670055747032
923,-0.0007284323801286519,-0.0034724357537925243,0.0034172197338193655,-1.0057888744086085e-08,3.086420008457935e-08,0.0,6.172839675855357e-06,0.0,0.0,0.0048828125,0.0,0.9951171875,25.6163387298584,9.999999747378752e-06,-0.00636949110776186,4.056531543028541e-05,0.003086419776082039,0.0,0.25370925664901733,0.0,0.0,0.0,0.0,7.6208600997924805,0.17816758155822754,9453.0,6.207301139831543,500.0,-0.008851378224790096
924,-0.00071403180481866,-0.003003512741997838,0.003371789352968335,0.0,0.0,-0.00296296295709908,0.0,0.0,0.0,0.00482855923473835,0.0,0.9951714277267456,25.62534523010254,0.0012974634300917387,-0.0025045727379620075,0.0007227638270705938,0.0,0.014814815483987331,0.250323086977005,0.0,0.0,0.0,0.0,7.051409721374512,0.153914213180542,10232.0,6.224142551422119,495.489990234375,-0.026514902710914612
925,-0.0007557711796835065,-0.0030632386915385723,0.0033331080339848995,-5.3540629778581206e-06,5.092592232358584e-07,0.0,9.259259968530387e-06,3.2679736250429414e-06,0.0,0.00531684048473835,0.0,0.9946831464767456,25.653276443481445,9.999999747378752e-06,-0.005827676504850388,1.184652228403138e-05,0.004629629664123058,0.0,0.24762855470180511,0.0,0.0,0.0,0.0,7.544948577880859,0.1522045135498047,9578.0,6.235200881958008,500.0,-0.005790385417640209
926,-0.0007590893656015396,-0.0030949930660426617,0.003346310229972005,0.0,0.0,0.0,0.0,0.0,0.0,0.004055446945130825,0.0,0.9959445595741272,25.657176971435547,0.0005766503745689988,-0.008392147719860077,1.1649137377389707e-05,0.0,0.0,0.25211408734321594,0.0,0.0,0.0,0.0,7.142303466796875,0.15125775337219238,10108.0,6.238518714904785,500.0,-0.003660758025944233
927,-0.0007219594554044306,-0.003172538476064801,0.003278258955106139,0.0,0.0,0.0,0.0,0.0,0.0,0.0033772785682231188,0.0,0.9966227412223816,25.659008026123047,0.0002562890585977584,-0.010449760593473911,1.0946668226097245e-05,0.0,0.0,0.25047510862350464,0.0,0.0,0.0,0.0,7.944936275482178,0.18624281883239746,9067.0,6.240829944610596,500.0,-0.001860304968431592
928,-0.0007514715543948114,-0.003085123607888818,0.0032428517006337643,0.0,0.0,0.0,0.0,0.0,0.0,0.001953125,0.0,0.998046875,25.652137756347656,0.0019461950287222862,-0.013734611682593822,7.345933681790484e-06,0.0,0.0,0.25165876746177673,0.0,0.0,0.0,0.0,7.577199459075928,0.15244150161743164,9538.0,6.229463577270508,500.0,-0.0032427117694169283
929,-0.0007277064141817391,-0.002449066611006856,0.00325551675632596,0.0,0.0,0.0,0.0,0.0,0.0,0.001953125,0.0,0.998046875,25.643747329711914,9.999999747378752e-06,-0.011395052075386047,0.001155102509073913,0.0,0.0,0.2516021132469177,0.0,0.0,0.0,0.0,6.940367698669434,0.14957523345947266,10398.0,6.231448173522949,500.0,0.00023466060520149767
930,-0.000712530454620719,-0.0025008374359458685,0.003397225169464946,0.0,0.0,0.0,0.0,0.0,0.0,0.0012885199394077063,0.0,0.9987114667892456,25.645660400390625,0.0008649755618534982,-0.009307309985160828,0.00013061582285445184,0.0,0.0,0.24776914715766907,0.0,0.0,0.0,0.0,7.457859039306641,0.17506647109985352,9659.0,6.233048439025879,500.0,0.001426373841241002
931,-0.0007103642565198243,-0.002851699711754918,0.0034277322702109814,-4.043303469813964e-09,3.472222331879493e-08,0.0,6.94444497639779e-06,0.0,0.0,0.0009765625,0.0,0.9990234375,25.645465850830078,9.999999747378752e-06,-0.005394209176301956,1.5451742001459934e-05,0.0034722222480922937,0.0,0.25245770812034607,0.0,0.0,0.0,0.0,7.276966571807861,0.16233563423156738,9910.0,6.233739376068115,500.0,-0.003015464637428522
932,-0.0007428160170093179,-0.002666211687028408,0.0033554581459611654,0.0,0.0,0.0,0.0,0.0,0.0,0.0009765625,0.0,0.9990234375,25.648151397705078,0.0012974634300917387,-0.008592270314693451,1.5539500964223407e-05,0.0,0.0,0.2506488859653473,0.0,0.0,0.0,0.0,7.817724227905273,0.15027546882629395,9253.0,6.2392778396606445,500.0,-0.005224878899753094
933,-0.0007271309732459486,-0.0030388704035431147,0.0034258358646184206,0.0,0.0,0.0,0.0,0.0,0.0,0.0009765625,0.0,0.9990234375,25.652448654174805,9.999999747378752e-06,-0.008551424369215965,1.0591289537842385e-05,0.0,0.0,0.24683155119419098,0.0,0.0,0.0,0.0,7.600883960723877,0.1473383903503418,9515.0,6.243725776672363,500.0,-0.0059227957390248775
934,-0.0007228548638522625,-0.0028819264844059944,0.0034150010906159878,0.0,0.0,0.0,0.0,0.0,0.0,0.0009765625,0.0,0.9990234375,25.65658950805664,0.0012974634300917387,-0.008984706364572048,9.836756362346932e-06,0.0,0.0,0.2498096376657486,0.0,0.0,0.0,0.0,7.461968421936035,0.15165281295776367,9683.0,6.250466346740723,500.0,-0.0015565238427370787
935,-0.0007297885604202747,-0.002362431026995182,0.003429935546591878,0.0,0.0,-0.0018518519354984164,0.0,0.0,0.0,0.0011393228778615594,0.0,0.9988606572151184,25.668058395385742,9.999999747378752e-06,-0.0017639322904869914,0.0004232284554746002,0.0,0.009259259328246117,0.2473510056734085,0.0,0.0,0.0,0.0,7.5240302085876465,0.19156312942504883,9555.0,6.259186744689941,497.05999755859375,-0.018379783257842064
936,-0.0007311166264116764,-0.00278540700674057,0.003345595905557275,0.0,0.0,0.0,0.0,0.0,0.0,0.00146484375,0.0,0.99853515625,25.676109313964844,0.0012974634300917387,-0.009114130400121212,1.1588880624913145e-05,0.0,0.0,0.2518852949142456,0.0,0.0,0.0,0.0,7.439993858337402,0.1509859561920166,9712.0,6.269136428833008,500.0,-0.0005193256656639278
937,-0.0007242999272421002,-0.002453408669680357,0.0033023403957486153,-2.2920708886431385e-07,5.5555556599529154e-08,-0.0013888889225199819,1.1111112144135404e-05,0.0,0.0,0.0015326605644077063,0.0,0.9984673261642456,25.68764305114746,9.999999747378752e-06,-0.0006649025599472225,0.00040993167203851044,0.0055555556900799274,0.0069444444961845875,0.25270017981529236,0.0,0.0,0.0,0.0,7.667663097381592,0.1996314525604248,9371.0,6.272828102111816,495.760009765625,-0.02019236609339714
938,-0.0007259814883582294,-0.00266826618462801,0.003346022916957736,0.0,0.0,-0.0009259259677492082,0.0,0.0,0.0,0.0014377170009538531,0.0,0.9985622763633728,25.692880630493164,0.00038443360244855285,-0.0021505123004317284,0.00041033094748854637,0.0,0.004629629664123058,0.25020673871040344,0.0,0.0,0.0,0.0,7.125943183898926,0.16770315170288086,10108.0,6.280228137969971,497.0400085449219,-0.01459674071520567
939,-0.0007358386646956205,-0.0024244170635938644,0.0033407509326934814,-8.503675097415453e-09,1.0416666640367112e-07,0.0,6.94444497639779e-06,0.0,0.0,0.00146484375,0.0,0.99853515625,25.710861206054688,1.4999999621068127e-05,-0.011684947647154331,8.285145668196492e-06,0.0034722222480922937,0.0,0.2529388666152954,0.0,0.0,0.0,0.0,7.294942855834961,0.16096878051757812,9888.0,6.291501045227051,500.0,0.0012442036531865597
940,-0.0007332356763072312,-0.0027269672136753798,0.003370446851477027,-2.066201858497152e-07,4.86111105146847e-07,-0.0007936508627608418,1.388888995279558e-05,0.0,0.0,0.0018310546875,0.0,0.9981689453125,25.71832847595215,0.0008649755618534982,-0.0016845049103721976,0.0003169858537148684,0.0069444444961845875,0.003968254197388887,0.25149622559547424,0.0,0.0,0.0,0.0,7.289231300354004,0.15538239479064941,9903.0,6.300247669219971,500.0,0.0007096087210811675
941,-0.000724047131370753,-0.0025315089151263237,0.003317066701129079,-4.322687985336415e-08,9.99999883788405e-07,-0.0022222225088626146,1.1111112144135404e-05,0.0,0.0,0.0025770398788154125,0.0,0.997422993183136,25.735668182373047,9.999999747378752e-06,-9.128802048508078e-05,0.0005449784803204238,0.0055555556900799274,0.011111111380159855,0.25302913784980774,0.0,0.0,0.0,0.0,7.989087104797363,0.1498723030090332,9058.0,6.308284759521484,495.44000244140625,-0.024257313460111618
942,-0.0007286328473128378,-0.0026054990012198687,0.003410287434235215,0.0,0.0,-0.0006944444612599909,0.0,0.0,0.0,0.0032552082557231188,0.0,0.9967448115348816,25.746551513671875,0.0019461950287222862,-0.0016512128058820963,0.0003490193048492074,0.0,0.0034722222480922937,0.2507183849811554,0.0,0.0,0.0,0.0,7.448114395141602,0.15388822555541992,9698.0,6.328617095947266,495.57000732421875,-0.020910242572426796
943,-0.0007388439844362438,-0.0027460476849228144,0.0032552576158195734,0.0,0.0,0.0,0.0,0.0,0.0,0.00341796875,0.0,0.99658203125,25.775606155395508,9.999999747378752e-06,-0.00603564502671361,7.078082944644848e-06,0.0,0.0,0.2496568113565445,0.0,0.0,0.0,0.0,7.387386322021484,0.1571190357208252,9772.0,6.337244033813477,500.0,-0.0030222388450056314
944,-0.0007461841451004148,-0.002229733159765601,0.003284626640379429,0.0,0.0,-0.0006944444612599909,0.0,0.0,0.0,0.003662109375,0.0,0.996337890625,25.78032684326172,9.999999747378752e-06,-0.0013272271025925875,0.0003876888658851385,0.0,0.0034722222480922937,0.25113704800605774,0.0,0.0,0.0,0.0,7.192966461181641,0.14992260932922363,10040.0,6.342186450958252,495.95001220703125,-0.019222958013415337
945,-0.0007286177133210003,-0.002549384953454137,0.003381194081157446,-3.0947279583415366e-07,1.851851862966214e-07,-0.0006944444612599909,1.8518519937060773e-05,0.0,0.0,0.0043538413010537624,0.0,0.9956461787223816,25.79076385498047,0.0012974634300917387,-0.0013572529423981905,0.00018204477964900434,0.009259259328246117,0.0034722222480922937,0.25093168020248413,0.0,0.0,0.0,0.0,7.357212543487549,0.15036845207214355,9820.0,6.358397960662842,500.0,0.003524408210068941
946,-0.0007410892867483199,-0.0023545599542558193,0.003369605401530862,0.0,0.0,0.0,0.0,0.0,0.0,0.00439453125,0.0,0.99560546875,25.817970275878906,0.0012974634300917387,-0.010713689029216766,0.0004857421154156327,0.0,0.0,0.2520357370376587,0.0,0.0,0.0,0.0,7.400738716125488,0.15340447425842285,9759.0,6.370147705078125,500.0,0.004518016707152128
947,-0.0007340839365497231,-0.0022755616810172796,0.0032579628750681877,0.0,0.0,0.0,0.0,0.0,0.0,0.00439453125,0.0,0.99560546875,25.80733871459961,0.0029192925430834293,-0.012386995367705822,7.15319110895507e-05,0.0,0.0,0.2503754496574402,0.0,0.0,0.0,0.0,7.108615398406982,0.1514732837677002,10155.0,6.366608619689941,500.0,0.0018251320580020547
948,-0.0007370116072706878,-0.0023468388244509697,0.0033992272801697254,0.0,0.0,0.0,0.0,0.0,0.0,0.00439453125,0.0,0.99560546875,25.806358337402344,1.4999999621068127e-05,-0.009743237867951393,9.46383715927368e-06,0.0,0.0,0.24749507009983063,0.0,0.0,0.0,0.0,7.529940605163574,0.14963197708129883,9600.0,6.369000434875488,500.0,0.0015474534593522549
949,-0.0007329754298552871,-0.0019070878624916077,0.0033971923403441906,0.0,0.0,0.0,0.0,0.0,0.0,0.004177517257630825,0.0,0.9958224892616272,25.8106632232666,0.0012974634300917387,-0.009049943648278713,7.264082796609728e-06,0.0,0.0,0.2522028982639313,0.0,0.0,0.0,0.0,7.330361366271973,0.15194940567016602,9853.0,6.372696399688721,500.0,0.00579971494153142
950,-0.0007203478016890585,-0.0020167650654911995,0.003350009210407734,-6.374190775204625e-08,2.7777778655035945e-07,0.0,1.388888995279558e-05,0.0,0.0,0.00390625,0.0,0.99609375,25.81146240234375,9.999999747378752e-06,-0.008959178812801838,5.883283392904559e-06,0.0069444444961845875,0.0,0.24966378509998322,0.0,0.0,0.0,0.0,7.883913040161133,0.16001272201538086,9165.0,6.373439788818359,500.0,0.004994501359760761
951,-0.0007209968753159046,-0.002418541582301259,0.0033366817515343428,0.0,0.0,0.0,0.0,0.0,0.0,0.0037841796875,0.0,0.9962158203125,25.812150955200195,0.0012974634300917387,-0.0085681127384305,9.407914149051066e-06,0.0,0.0,0.2496141940355301,0.0,0.0,0.0,0.0,7.629734039306641,0.15633583068847656,9469.0,6.373064994812012,500.0,0.0015866778558120131
952,-0.0007132415194064379,-0.002748921513557434,0.0033799121156334877,0.0,0.0,0.0,0.0,0.0,0.0,0.0033365886192768812,0.0,0.9966633915901184,25.813549041748047,9.999999747378752e-06,-0.009826372377574444,9.093921107705683e-06,0.0,0.0,0.2467324435710907,0.0,0.0,0.0,0.0,7.339964866638184,0.15156292915344238,9841.0,6.374173164367676,500.0,-0.005779586266726255
953,-0.0007207240560092032,-0.002443707548081875,0.003268283326178789,0.0,0.0,0.0,0.0,0.0,0.0,0.0029296875,0.0,0.9970703125,25.81637954711914,0.0005766503745689988,-0.008991907350718975,1.0635859325702768e-05,0.0,0.0,0.2513212263584137,0.0,0.0,0.0,0.0,7.201912879943848,0.1510639190673828,10026.0,6.378570556640625,500.0,-0.0022987795528024435
954,-0.0007214418146759272,-0.002723240526393056,0.0031974080484360456,0.0,0.0,0.0,0.0,0.0,0.0,0.0024820964317768812,0.0,0.9975178837776184,25.820859909057617,9.999999747378752e-06,-0.010974091477692127,9.065853191714268e-06,0.0,0.0,0.2505957782268524,0.0,0.0,0.0,0.0,7.13878870010376,0.15087199211120605,10114.0,6.382030487060547,500.0,-0.002737408736720681
955,-0.0007324449252337217,-0.002854412654414773,0.0032427257392555475,-6.508532379712051e-08,1.2499997410486685e-06,-0.0011111112544313073,1.388888995279558e-05,0.0,0.0,0.0020209418144077063,0.0,0.9979790449142456,25.829395294189453,0.0012974634300917387,-0.00226576323620975,0.00037967716343700886,0.0069444444961845875,0.0055555556900799274,0.249166801571846,0.0,0.0,0.0,0.0,7.020697593688965,0.15224218368530273,10278.0,6.399051666259766,495.5299987792969,-0.020990613847970963
956,-0.0007331998203881085,-0.0036544841714203358,0.0032651557121425867,0.0,0.0,0.0,0.0,0.0,0.0,0.0015733507461845875,0.0,0.9984266757965088,25.851409912109375,9.999999747378752e-06,-0.0028896566946059465,1.1320688827254344e-05,0.0,0.0,0.2461206614971161,0.0,0.0,0.0,0.0,7.204914569854736,0.15175437927246094,10021.0,6.405344009399414,500.0,-0.008523895405232906
957,-0.000729900726582855,-0.004818389192223549,0.0032189623452723026,0.0,0.0,0.0,0.0,0.0,0.0,0.00146484375,0.0,0.99853515625,25.856184005737305,9.999999747378752e-06,-0.007867691107094288,1.5783647540956736e-05,0.0,0.0,0.2554156482219696,0.0,0.0,0.0,0.0,6.841602325439453,0.15034174919128418,10544.0,6.411470413208008,500.0,-0.012380743399262428
958,-0.0007229004404507577,-0.0039041026029735804,0.0032334281131625175,0.0,0.0,0.0,0.0,0.0,0.0,0.0011528863105922937,0.0,0.9988471269607544,25.864797592163086,9.999999747378752e-06,-0.007288051303476095,1.5321449609473348e-05,0.0,0.0,0.24647559225559235,0.0,0.0,0.0,0.0,7.249452590942383,0.15531206130981445,9956.0,6.418306350708008,500.0,-0.010651142336428165
959,-0.0007239492260850966,-0.003637307556346059,0.003329552710056305,0.0,0.0,-0.0011111112544313073,0.0,0.0,0.0,0.0009765625,0.0,0.9990234375,25.87540626525879,9.999999747378752e-06,-0.0036575833801180124,7.042464858386666e-05,0.0,0.0055555556900799274,0.24868352711200714,0.0,0.0,0.0,0.0,7.088245391845703,0.1548769474029541,10179.0,6.426761627197266,500.0,-0.007311750203371048
960,-0.0007330978405661881,-0.0039519150741398335,0.0032800280023366213,0.0,0.0,-0.0007936508627608418,0.0,0.0,0.0,0.0014377170009538531,0.0,0.9985622763633728,25.889963150024414,0.0012974634300917387,-0.002346637425944209,0.00015543123299721628,0.0,0.003968254197388887,0.25006142258644104,0.0,0.0,0.0,0.0,6.925743103027344,0.15512561798095703,10412.0,6.443808555603027,500.0,-0.011841390281915665
961,-0.0007035977323539555,-0.0031953761354088783,0.003202303545549512,-4.8054779711037554e-08,4.629629657415535e-08,-0.003888888983055949,9.259259968530387e-06,1.4877422472636681e-05,0.0,0.0021837023086845875,0.0,0.9978163242340088,25.92051124572754,9.999999747378752e-06,-0.0024241600185632706,0.0014862945536151528,0.004629629664123058,0.01944444514811039,0.25167012214660645,0.0,0.0,0.0,0.0,7.445854187011719,0.16234588623046875,9690.0,6.457536220550537,491.32000732421875,-0.04552559554576874
962,-0.0007247963221743703,-0.00363471289165318,0.0031851264648139477,0.0,0.0,0.0,0.0,0.0,0.0,0.0029296875,0.0,0.9970703125,25.929079055786133,0.00011390625149942935,-0.008647600188851357,6.89010921632871e-05,0.0,0.0,0.24974437057971954,0.0,0.0,0.0,0.0,7.174026012420654,0.15112662315368652,10065.0,6.465834140777588,500.0,-0.012403685599565506
963,-0.0007252911454997957,-0.0037677069194614887,0.0031906000804156065,0.0,0.0,-0.0009259259677492082,0.0,0.0,0.0,0.0033772785682231188,0.0,0.9966227412223816,25.947107315063477,0.0019461950287222862,-0.0023269490338861942,0.00019515953317750245,0.0,0.004629629664123058,0.25623905658721924,0.0,0.0,0.0,0.0,7.112857341766357,0.15046262741088867,10150.0,6.489806175231934,500.0,-0.01470592338591814
964,-0.0007202166016213596,-0.0035766412038356066,0.0032225516624748707,0.0,0.0,0.0,0.0,0.0,0.0,0.00341796875,0.0,0.99658203125,25.975093841552734,9.999999747378752e-06,-0.007820114493370056,1.4959425243432634e-05,0.0,0.0,0.25333771109580994,0.0,0.0,0.0,0.0,7.372767925262451,0.15118908882141113,9799.0,6.496853828430176,500.0,-0.006475370842963457
965,-0.0007129308651201427,-0.0037913264241069555,0.00327866617590189,0.0,0.0,0.0,0.0,0.0,0.0,0.00341796875,0.0,0.99658203125,25.97984504699707,9.999999747378752e-06,-0.0071364897303283215,1.8240434656036086e-05,0.0,0.0,0.25200721621513367,0.0,0.0,0.0,0.0,7.994639873504639,0.14975738525390625,9052.0,6.501760959625244,500.0,-0.019213521853089333
966,-0.0007179555250331759,-0.003551208646968007,0.003227943554520607,0.0,0.0,0.0,0.0,0.0,0.0,0.00341796875,0.0,0.99658203125,25.98694610595703,9.999999747378752e-06,-0.0075547415763139725,2.0406407202244736e-05,0.0,0.0,0.24489815533161163,0.0,0.0,0.0,0.0,7.511213302612305,0.15420007705688477,9618.0,6.506874084472656,500.0,-0.01134511549025774
967,-0.0007079976494424045,-0.004690137226134539,0.0033509256318211555,0.0,0.0,-0.0007936508627608418,0.0,0.0,0.0,0.0037027995567768812,0.0,0.9962971806526184,25.993812561035156,2.2500000341096893e-05,-0.0019455254077911377,0.00038706764462403953,0.0,0.003968254197388887,0.25029125809669495,0.0,0.0,0.0,0.0,7.607083320617676,0.15819621086120605,9494.0,6.512322902679443,496.57000732421875,-0.030751215294003487
968,-0.0007116526830941439,-0.004154073540121317,0.003230068599805236,0.0,0.0,-0.0013888889225199819,0.0,0.0,0.0,0.0040147569961845875,0.0,0.9959852695465088,26.003498077392578,0.0008649755618534982,-0.003105748211964965,0.0004128202563151717,0.0,0.0069444444961845875,0.24783296883106232,0.0,0.0,0.0,0.0,7.657108306884766,0.16817140579223633,9421.0,6.524367332458496,497.6400146484375,-0.03414646536111832
969,-0.0007036224124021828,-0.004051140509545803,0.003296803217381239,0.0,0.0,-0.0027777778450399637,0.0,0.0,0.0,0.0042724609375,0.0,0.9957275390625,26.024978637695312,0.00038443360244855285,-0.0035879192873835564,0.0008094020304270089,0.0,0.013888888992369175,0.24859704077243805,0.0,0.0,0.0,0.0,7.834421157836914,0.16294479370117188,9219.0,6.537577152252197,491.260009765625,-0.05454530566930771
970,-0.0006873561069369316,-0.004257303662598133,0.0034261923283338547,0.0,0.0,0.0,0.0,0.0,0.0,0.0048828125,0.0,0.9951171875,26.040319442749023,9.999999747378752e-06,-0.007450536824762821,8.427366992691532e-06,0.0,0.0,0.24929486215114594,0.0,0.0,0.0,0.0,7.482047080993652,0.15201997756958008,9657.0,6.546418190002441,500.0,-0.015298929065465927
971,-0.0007120904629118741,-0.003415572689846158,0.003413805505260825,0.0,0.0,0.0,0.0,0.0,0.0,0.0048828125,0.0,0.9951171875,26.0477352142334,0.0008649755618534982,-0.00859029870480299,1.039698690874502e-05,0.0,0.0,0.24359555542469025,0.0,0.0,0.0,0.0,7.5106000900268555,0.20701932907104492,9553.0,6.556663513183594,500.0,-0.017851538956165314
972,-0.0007146110874600708,-0.003509348025545478,0.00336574693210423,0.0,0.0,0.0,0.0,0.0,0.0,0.00482855923473835,0.0,0.9951714277267456,26.06397247314453,9.999999747378752e-06,-0.00924761313945055,8.212807188101579e-06,0.0,0.0,0.24515573680400848,0.0,0.0,0.0,0.0,7.5369672775268555,0.15156245231628418,9589.0,6.565898895263672,500.0,-0.011149236001074314
973,-0.0006856608670204878,-0.006165148690342903,0.003300161799415946,0.0,0.0,0.0,0.0,0.0,0.0,0.004367404617369175,0.0,0.9956325888633728,26.0706787109375,0.0008649755618534982,-0.007160139735788107,1.139241794589907e-05,0.0,0.0,0.25251543521881104,0.0,0.0,0.0,0.0,7.327327728271484,0.15275216102600098,9856.0,6.576063632965088,500.0,-0.035000577569007874
974,-0.0006817012326791883,-0.004749657586216927,0.0034035532735288143,0.0,0.0,-0.003240741090849042,0.0,0.0,0.0,0.004177517257630825,0.0,0.9958224892616272,26.09151840209961,0.0019461950287222862,-0.0028806584887206554,0.0007699176203459501,0.0,0.016203705221414566,0.24427753686904907,0.0,0.0,0.0,0.0,7.412297248840332,0.1689753532409668,9725.0,6.601681709289551,491.2799987792969,-0.05369330942630768
975,-0.0006943505140952766,-0.0040441774763166904,0.003416870255023241,0.0,0.0,-0.0018518519354984164,0.0,0.0,0.0,0.004299587570130825,0.0,0.9957004189491272,26.128177642822266,9.999999747378752e-06,-0.0007398439338430762,0.0003824553277809173,0.0,0.009259259328246117,0.2497692108154297,0.0,0.0,0.0,0.0,7.661893844604492,0.1608107089996338,9424.0,6.618088722229004,495.57000732421875,-0.032640550285577774
976,-0.0007156832725740969,-0.003985761199146509,0.003377851564437151,0.0,0.0,0.0,0.0,0.0,0.0,0.0038926866836845875,0.0,0.9961073398590088,26.135868072509766,0.0008649755618534982,-0.008518435060977936,7.861556696298067e-06,0.0,0.0,0.24744664132595062,0.0,0.0,0.0,0.0,7.224191665649414,0.15348148345947266,9993.0,6.625983238220215,500.0,-0.008164102211594582
977,-0.0007066710968501866,-0.004813890904188156,0.0033343052491545677,0.0,0.0,-0.0012345679569989443,0.0,0.0,0.0,0.003662109375,0.0,0.996337890625,26.149438858032227,0.00038443360244855285,-0.001932620070874691,0.0003873499808833003,0.0,0.006172839552164078,0.2505269944667816,0.0,0.0,0.0,0.0,7.536093711853027,0.14935541152954102,9593.0,6.638129234313965,495.760009765625,-0.0375346839427948
978,-0.0007239071419462562,-0.0035784924402832985,0.0032740787137299776,0.0,0.0,-0.0011111112544313073,0.0,0.0,0.0,0.0040147569961845875,0.0,0.9959852695465088,26.17151641845703,0.0019461950287222862,-0.003028330858796835,0.00040817755507305264,0.0,0.0055555556900799274,0.24589882791042328,0.0,0.0,0.0,0.0,7.84305477142334,0.14902663230895996,9225.0,6.666079521179199,495.80999755859375,-0.031221192330121994
979,-0.0007162629626691341,-0.0038897814229130745,0.0034564805682748556,-2.3616196997977568e-08,1.3227513306901528e-07,0.0,1.7195769032696262e-05,0.0,0.0,0.00439453125,0.0,0.99560546875,26.204740524291992,9.999999747378752e-06,-0.0097992904484272,6.844998097221833e-06,0.008597884327173233,0.0,0.24868133664131165,0.0,0.0,0.0,0.0,7.460995197296143,0.1505119800567627,9686.0,6.678192138671875,500.0,-0.010904031805694103
980,-0.0007180388201959431,-0.002140291500836611,0.0033900395501405,-9.79793881583646e-08,5.5555556599529154e-08,-0.002314814832061529,1.1111112144135404e-05,0.0,0.0,0.004692925605922937,0.0,0.9953070878982544,26.211490631103516,0.0008649755618534982,-0.0024113061372190714,0.000776114291511476,0.0055555556900799274,0.011574074625968933,0.2458667755126953,0.0,0.0,0.0,0.0,7.509401321411133,0.18230628967285156,9585.0,6.688314914703369,495.760009765625,-0.022996898740530014
981,-0.000727282662410289,-0.0029307238291949034,0.003290718887001276,-1.508448832510112e-07,6.250000410545908e-07,-0.004166666883975267,1.388888995279558e-05,0.0,0.0,0.0054796007461845875,0.0,0.9945204257965088,26.22702407836914,9.999999747378752e-06,-0.002586326329037547,0.0007638676906935871,0.0069444444961845875,0.02083333395421505,0.2530401051044464,0.0,0.0,0.0,0.0,7.507615566253662,0.1499035358428955,9628.0,6.694484233856201,498.70001220703125,-0.02517487294971943
982,-0.0007201051921583712,-0.002715995768085122,0.0032987589947879314,0.0,0.0,-0.0011111112544313073,0.0,0.0,0.0,0.006008571945130825,0.0,0.9939914345741272,26.236818313598633,0.0012974634300917387,-0.0016876182053238153,0.0003572715213522315,0.0,0.0055555556900799274,0.2501460611820221,0.0,0.0,0.0,0.0,7.293745040893555,0.18029069900512695,9864.0,6.71220588684082,495.3800048828125,-0.022066859528422356
983,-0.0007285519386641681,-0.0025280036497861147,0.0033160587772727013,0.0,0.0,0.0,0.0,0.0,0.0,0.0055338540114462376,0.0,0.9944661259651184,26.267663955688477,0.0012974634300917387,-0.011938143521547318,0.0554482564330101,0.0,0.0,0.2538570165634155,0.0,0.0,0.0,0.0,7.534695625305176,0.15885281562805176,9583.0,6.730015754699707,500.0,0.0001596976217115298
984,-0.0007137070060707629,-0.0026434834580868483,0.00326419691555202,0.0,0.0,-0.0027777778450399637,0.0,0.0,0.0,0.0053575304336845875,0.0,0.9946424961090088,26.284244537353516,0.0012974634300917387,-0.01022002287209034,0.010259164497256279,0.0,0.013888888992369175,0.2501140236854553,0.0,0.0,0.0,0.0,6.874281883239746,0.14937090873718262,10497.0,6.757373332977295,500.0,0.0032310171518474817
985,-0.0007455319864675403,-0.0020884855184704065,0.0032579603139311075,0.0,0.0,0.0,0.0,0.0,0.0,0.00537109375,0.0,0.99462890625,26.323543548583984,0.0012974634300917387,-0.007536009419709444,0.0001270353968720883,0.0,0.0,0.253417044878006,0.0,0.0,0.0,0.0,7.291445255279541,0.14629387855529785,9912.0,6.788257598876953,500.0,0.005861108191311359
986,-0.0007322754827328026,-0.0016786764608696103,0.0033439630642533302,0.0,0.0,0.0,0.0,0.0,0.0,0.00537109375,0.0,0.99462890625,26.355484008789062,0.0029192925430834293,-0.008703457191586494,5.1309045375091955e-05,0.0,0.0,0.24413807690143585,0.0,0.0,0.0,0.0,6.908965587615967,0.15472412109375,10437.0,6.809273719787598,500.0,0.008942728862166405
987,-0.0007595874485559762,-0.001460553496144712,0.003318818286061287,-1.8313189187324497e-08,3.703703725932428e-07,0.0,1.8518519937060773e-05,4.2732185789873256e-08,0.0,0.00537109375,0.0,0.99462890625,26.377655029296875,0.0019461950287222862,-0.009259318932890892,0.0002117530966643244,0.009259259328246117,0.0,0.25351762771606445,0.0,0.0,0.0,0.0,6.910701751708984,0.14932632446289062,10443.0,6.824652194976807,500.0,0.0112267741933465
988,-0.0007491434807889163,-0.0016381071181967854,0.003351723775267601,0.0,0.0,0.0,0.0,0.0,0.0,0.00495062954723835,0.0,0.9950493574142456,26.39383316040039,0.0012974634300917387,-0.009809368290007114,4.968665962223895e-05,0.0,0.0,0.24694323539733887,0.0,0.0,0.0,0.0,7.420510292053223,0.14901232719421387,9740.0,6.838123798370361,500.0,0.010734469629824162
989,-0.0007776024285703897,-0.0013966611586511135,0.003248025896027684,0.0,0.0,-0.0006944444612599909,0.0,0.0,0.0,0.0044352211989462376,0.0,0.9955647587776184,26.401508331298828,9.999999747378752e-06,0.004174557980149984,0.00032986162113957107,0.0,0.0034722222480922937,0.25303322076797485,0.0,0.0,0.0,0.0,6.627476215362549,0.14811110496520996,10881.0,6.839964866638184,495.6199951171875,-0.009448115713894367
990,-0.0007642500568181276,-0.00133115379139781,0.003362939925864339,0.0,0.0,-0.0009259259677492082,0.0,0.0,0.0,0.004611545242369175,0.0,0.9953884482383728,26.407655715942383,0.0008649755618534982,-0.001729039940983057,0.000395336770452559,0.0,0.004629629664123058,0.24938027560710907,0.0,0.0,0.0,0.0,7.17384672164917,0.14579486846923828,10072.0,6.852095603942871,497.8299865722656,-0.008436053059995174
991,-0.0007837690063752234,-0.0016594742191955447,0.0032979301176965237,0.0,0.0,0.0,0.0,0.0,0.0,0.00458441860973835,0.0,0.9954155683517456,26.4359130859375,0.0029192925430834293,-0.013304253108799458,2.3561588022857904e-05,0.0,0.0,0.24461868405342102,0.0,0.0,0.0,0.0,7.110952854156494,0.15049195289611816,10153.0,6.872923851013184,500.0,0.0095879677683115
992,-0.0008000183152034879,-0.001507620676420629,0.0032468209974467754,0.0,0.0,-0.0013888889225199819,0.0,0.0,0.0,0.004245334304869175,0.0,0.9957546591758728,26.442167282104492,9.999999747378752e-06,0.00030889397021383047,0.0004110160225536674,0.0,0.0069444444961845875,0.25046253204345703,0.0,0.0,0.0,0.0,7.546450138092041,0.1506338119506836,9578.0,6.87591028213501,495.7900085449219,-0.010518318973481655
993,-0.0007781490567140281,-0.0012680082581937313,0.00338945840485394,0.0,0.0,-0.0018055556574836373,0.0,0.0,0.0,0.00482855923473835,0.0,0.9951714277267456,26.452890396118164,0.0019461950287222862,-0.0020942757837474346,0.0007665831362828612,0.0,0.00902777723968029,0.24615314602851868,0.0,0.0,0.0,0.0,7.323232650756836,0.15116453170776367,9864.0,6.89775276184082,491.2200012207031,-0.02636680193245411
994,-0.000790623773355037,-0.001491172006353736,0.003265840234234929,0.0,0.0,-0.0018518519354984164,0.0,0.0,0.0,0.005547417793422937,0.0,0.9944525957107544,26.49007225036621,9.999999747378752e-06,-0.0009600829798728228,0.0007059910567477345,0.0,0.009259259328246117,0.24836546182632446,0.0,0.0,0.0,0.0,7.484295845031738,0.15526175498962402,9650.0,6.9143571853637695,495.7699890136719,-0.010336920619010925
995,-0.0007971759187057614,-0.0013249247567728162,0.0032692954409867525,0.0,0.0,0.0,0.0,0.0,0.0,0.004814995918422937,0.0,0.9951850175857544,26.49699592590332,0.0019461950287222862,-0.009254524484276772,7.249108421092387e-06,0.0,0.0,0.24986372888088226,0.0,0.0,0.0,0.0,7.300588607788086,0.1538093090057373,9890.0,6.922499179840088,500.0,0.009834316559135914
996,-0.0008142456645146012,-0.0016233703354373574,0.0032868061680346727,0.0,0.0,0.0,0.0,0.0,0.0,0.0040283203125,0.0,0.9959716796875,26.51862144470215,0.004378939047455788,-0.013323216699063778,2.2502812498714775e-05,0.0,0.0,0.25379595160484314,0.0,0.0,0.0,0.0,6.950501441955566,0.16397905349731445,10363.0,6.945544242858887,500.0,0.008202292956411839
997,-0.0008217755821533501,-0.0014711039839312434,0.003297011135146022,-2.7065320651331604e-08,4.629629657415535e-08,0.0,9.259259968530387e-06,0.0,0.0,0.0038655598182231188,0.0,0.9961344599723816,26.538532257080078,0.0029192925430834293,-0.010080921463668346,0.008262774907052517,0.004629629664123058,0.0,0.25055450201034546,0.0,0.0,0.0,0.0,7.16374397277832,0.1614518165588379,10064.0,6.959227561950684,500.0,0.010799381881952286
998,-0.0008242012117989361,-0.001540031167678535,0.003293124958872795,-6.239137206875967e-08,5.555555731007189e-07,0.0,2.777777990559116e-05,0.0,0.0,0.00341796875,0.0,0.99658203125,26.548227310180664,0.004378939047455788,-0.013993638567626476,0.0002689291723072529,0.013888888992369175,0.0,0.24965079128742218,0.0,0.0,0.0,0.0,6.945098400115967,0.15507745742797852,10383.0,6.963747024536133,500.0,0.009323708713054657
999,-0.0008276484441012144,-0.0014571163337677717,0.0032911424059420824,0.0,0.0,-0.0009259259677492082,0.0,0.0,0.0,0.0035671659279614687,0.0,0.9964328408241272,26.55193519592285,0.0002562890585977584,-0.00018888458725996315,0.00039109191857278347,0.0,0.004629629664123058,0.25926628708839417,0.0,0.0,0.0,0.0,7.212615013122559,0.15352272987365723,10009.0,6.969551086425781,495.2300109863281,-0.010992741212248802
1000,-0.0008393893949687481,-0.0016856469446793199,0.003274757880717516,-1.2478675444071996e-06,3.703703725932428e-07,-0.0009259259677492082,3.2407409889856353e-05,0.0,0.0,0.004177517257630825,0.0,0.9958224892616272,26.591358184814453,0.004378939047455788,-0.002107626758515835,0.00037993633304722607,0.016203705221414566,0.004629629664123058,0.24992863833904266,0.0,0.0,0.0,0.0,7.039249897003174,0.15355348587036133,10250.0,7.033294200897217,495.6400146484375,-0.01301787979900837
1001,-0.0008361699292436242,-0.0014905171701684594,0.0032984637655317783,0.0,0.0,0.0,0.0,0.0,0.0,0.00439453125,0.0,0.99560546875,26.660297393798828,0.0019461950287222862,-0.01312552485615015,1.594813511474058e-05,0.0,0.0,0.25097978115081787,0.0,0.0,0.0,0.0,7.30082893371582,0.15144062042236328,9893.0,7.061079978942871,500.0,0.008248335681855679
1002,-0.0008349455893039703,-0.0019063970539718866,0.0032422812655568123,0.0,0.0,-0.005000000353902578,0.0,0.0,0.0,0.0048828125,0.0,0.9951171875,26.663837432861328,9.999999747378752e-06,-0.001320350682362914,0.0011733585270121694,0.0,0.02500000037252903,0.2442844659090042,0.0,0.0,0.0,0.0,7.23232364654541,0.14955925941467285,9987.0,7.063197135925293,487.0799865722656,-0.058035410940647125
1003,-0.0008515690569765866,-0.0017266377108171582,0.0032324513886123896,0.0,0.0,-0.0013888889225199819,0.0,0.0,0.0,0.005547417793422937,0.0,0.9944525957107544,26.679977416992188,0.0029192925430834293,-0.001725517213344574,0.0004040276980958879,0.0,0.0069444444961845875,0.25087350606918335,0.0,0.0,0.0,0.0,7.7143120765686035,0.1495504379272461,9375.0,7.099315643310547,495.6000061035156,-0.013723439536988735
1004,-0.0008346644463017583,-0.0017797239124774933,0.003305332036688924,0.0,0.0,-0.0027777780778706074,0.0,0.0,0.0,0.0056559243239462376,0.0,0.9943440556526184,26.733863830566406,9.999999747378752e-06,-0.0021634409204125404,0.0008062993292696774,0.0,0.013888888992369175,0.24964427947998047,0.0,0.0,0.0,0.0,7.274942398071289,0.15174579620361328,9927.0,7.1214141845703125,491.3699951171875,-0.033804815262556076
1005,-0.0008477731607854366,-0.0018263413803651929,0.003146340139210224,0.0,0.0,-0.002314814832061529,0.0,0.0,0.0,0.0068495008163154125,0.0,0.993150532245636,26.74394989013672,9.999999747378752e-06,-0.0017918942030519247,0.0007420869078487158,0.0,0.011574074625968933,0.2535041272640228,0.0,0.0,0.0,0.0,7.465245723724365,0.14843368530273438,9683.0,7.13254451751709,491.42999267578125,-0.03424188867211342
1006,-0.0008783828816376626,-0.001885847537778318,0.003201992716640234,0.0,0.0,0.0,0.0,0.0,0.0,0.007256402168422937,0.0,0.9927436113357544,26.753007888793945,0.0012974634300917387,-0.009370245970785618,6.004798706271686e-06,0.0,0.0,0.2529809772968292,0.0,0.0,0.0,0.0,7.089907646179199,0.15234780311584473,10180.0,7.135870933532715,500.0,0.003423443529754877
1007,-0.0008913332712836564,-0.002215692074969411,0.0032144426368176937,-3.8225351772780414e-07,2.3809525373508222e-07,0.0,7.936508154671174e-06,0.0,0.0,0.00629340298473835,0.0,0.9937065839767456,26.744644165039062,0.004378939047455788,-0.01502778846770525,4.585857823258266e-06,0.003968254197388887,0.0,0.24442774057388306,0.0,0.0,0.0,0.0,7.572620391845703,0.14657211303710938,9551.0,7.1194891929626465,500.0,0.0023587036412209272
1008,-0.0008733496069908142,-0.0018639867193996906,0.0032291002571582794,0.0,0.0,-0.0027777780778706074,0.0,0.0,0.0,0.00543891079723835,0.0,0.9945610761642456,26.73529052734375,9.999999747378752e-06,-0.0011610196670517325,0.0007904533995315433,0.0,0.013888888992369175,0.24738284945487976,0.0,0.0,0.0,0.0,7.655926704406738,0.14501118659973145,9451.0,7.1205735206604,493.42999267578125,-0.03496890515089035
1009,-0.0008786432445049286,-0.0017504572169855237,0.0033638544846326113,0.0,0.0,-0.0013888889225199819,0.0,0.0,0.0,0.0061442055739462376,0.0,0.9938557744026184,26.74224853515625,9.999999747378752e-06,-0.0014744544168934226,0.00036861837725155056,0.0,0.0069444444961845875,0.24219349026679993,0.0,0.0,0.0,0.0,7.15590763092041,0.15457487106323242,10085.0,7.131026268005371,497.5899963378906,-0.010204404592514038
1010,-0.0008882623515091836,-0.0016422828193753958,0.003431427525356412,0.0,0.0,0.0,0.0,0.0,0.0,0.00634765625,0.0,0.99365234375,26.74861717224121,0.0019461950287222862,-0.009193775244057178,4.390850790514378e-06,0.0,0.0,0.25337040424346924,0.0,0.0,0.0,0.0,7.3093719482421875,0.1467571258544922,9888.0,7.128049373626709,500.0,0.008036371320486069
1011,-0.0008926310110837221,-0.0019753905944526196,0.0033178478479385376,-6.693095855325737e-08,2.7777778655035945e-07,0.0,2.777777990559116e-05,0.0,0.0,0.00634765625,0.0,0.99365234375,26.727825164794922,0.004378939047455788,-0.010842563584446907,0.0017815243918448687,0.013888888992369175,0.0,0.25077787041664124,0.0,0.0,0.0,0.0,6.933145046234131,0.1532917022705078,10404.0,7.114235877990723,500.0,0.003772611729800701
1012,-0.0009058216237463057,-0.0015695926267653704,0.0034593516029417515,0.0,0.0,0.0,0.0,0.0,0.0,0.00634765625,0.0,0.99365234375,26.73695182800293,0.0029192925430834293,-0.00818477850407362,0.0009117765002883971,0.0,0.0,0.2510092556476593,0.0,0.0,0.0,0.0,6.740712642669678,0.16361093521118164,10678.0,7.126375198364258,500.0,0.009245733730494976
1013,-0.0009027367923408747,-0.001698985230177641,0.0032413159497082233,0.0,0.0,-0.0007936508627608418,0.0,0.0,0.0,0.006198459304869175,0.0,0.9938015341758728,26.743879318237305,0.0005766503745689988,-0.0004890018026344478,0.0004582388501148671,0.0,0.003968254197388887,0.25423485040664673,0.0,0.0,0.0,0.0,7.532801628112793,0.14992761611938477,9596.0,7.132907390594482,495.7699890136719,-0.011931131593883038
1014,-0.0009052122477442026,-0.0015701845986768603,0.0032770440448075533,0.0,0.0,-0.0018518519354984164,0.0,0.0,0.0,0.0063069663010537624,0.0,0.9936930537223816,26.780189514160156,0.004378939047455788,-0.002683936385437846,0.0004102920647710562,0.0,0.009259259328246117,0.24967151880264282,0.0,0.0,0.0,0.0,7.047013282775879,0.14913702011108398,10245.0,7.191987991333008,495.6400146484375,-0.011879890225827694
1015,-0.0009256079792976379,-0.0016433375421911478,0.003223444800823927,0.0,0.0,0.0,0.0,0.0,0.0,0.00634765625,0.0,0.99365234375,26.821266174316406,0.0065684085711836815,-0.014244296588003635,2.6579933546599932e-05,0.0,0.0,0.2427980601787567,0.0,0.0,0.0,0.0,7.043774604797363,0.15010833740234375,10248.0,7.191842079162598,500.0,0.00589386373758316
1016,-0.0009258876089006662,-0.0014453756157308817,0.003218461526557803,0.0,0.0,0.0,0.0,0.0,0.0,0.0056966147385537624,0.0,0.9943034052848816,26.818490982055664,0.0029192925430834293,-0.011070857755839825,1.2151952432759572e-05,0.0,0.0,0.25338608026504517,0.0,0.0,0.0,0.0,6.884511947631836,0.15210390090942383,10477.0,7.197300434112549,500.0,0.008841674774885178
1017,-0.000948909786529839,-0.0013812907272949815,0.003265847684815526,0.0,0.0,-0.0009259259677492082,0.0,0.0,0.0,0.0050184461288154125,0.0,0.994981586933136,26.821611404418945,9.999999747378752e-06,0.0025791297666728497,0.0003781127743422985,0.0,0.004629629664123058,0.2546544373035431,0.0,0.0,0.0,0.0,7.084303855895996,0.14754462242126465,10194.0,7.200018405914307,495.6499938964844,-0.0105005893856287
1018,-0.0009246405679732561,-0.0014729388058185577,0.0032567018643021584,0.0,9.25925931483107e-08,-0.0062500000931322575,1.8518519937060773e-05,0.0,0.0,0.005343967117369175,0.0,0.9946560263633728,26.83031463623047,0.0008649755618534982,-0.0015674701426178217,0.0007137559587135911,0.009259259328246117,0.03125,0.24946212768554688,0.0,0.0,0.0,0.0,6.853002548217773,0.15197062492370605,10525.0,7.216705322265625,491.2200012207031,-0.0313279815018177
1019,-0.0009637822513468564,-0.0015337332151830196,0.003287512343376875,0.0,0.0,-0.0019047620007768273,0.0,0.0,0.0,0.004977756179869175,0.0,0.9950222373008728,26.854198455810547,9.999999747378752e-06,-0.0014450500020757318,0.0006299501401372254,0.0,0.009523809887468815,0.25575411319732666,0.0,0.0,0.0,0.0,6.75419807434082,0.16423916816711426,10656.0,7.2288079261779785,496.8900146484375,-0.012644356116652489
1020,-0.0009663717937655747,-0.0016731919022276998,0.0032751283142715693,0.0,0.0,-0.0018518519354984164,0.0,0.0,0.0,0.0052083334885537624,0.0,0.9947916865348816,26.865793228149414,0.0008649755618534982,-0.001509568770416081,0.00035398537875153124,0.0,0.009259259328246117,0.24871370196342468,0.0,0.0,0.0,0.0,7.616522789001465,0.15232324600219727,9490.0,7.247580528259277,500.0,0.00675347400829196
1021,-0.0009732895414344966,-0.0017090158071368933,0.003235507756471634,0.0,0.0,-0.0018518519354984164,0.0,0.0,0.0,0.00543891079723835,0.0,0.9945610761642456,26.92093849182129,0.004378939047455788,-0.0025678889360278845,0.0004090340225957334,0.0,0.009259259328246117,0.24973136186599731,0.0,0.0,0.0,0.0,7.34383487701416,0.14956164360046387,9839.0,7.320859432220459,495.75,-0.015350772067904472
1022,-0.0009743659175001085,-0.0018862893339246511,0.0032256911508738995,-3.026467965128177e-08,4.629629657415535e-08,-0.0019047620007768273,9.259259968530387e-06,6.487179149416988e-08,0.0,0.0057373046875,0.0,0.9942626953125,26.989774703979492,9.999999747378752e-06,-0.00036276972969062626,0.0008965606102719903,0.004629629664123058,0.009523809887468815,0.2492659091949463,0.0,0.0,0.0,0.0,7.4553022384643555,0.14803194999694824,9696.0,7.344607830047607,491.3500061035156,-0.035343822091817856
1023,-0.0009756010840646923,-0.001903472119010985,0.0031042490154504776,0.0,0.0,-0.0027777778450399637,0.0,0.0,0.0,0.006442599929869175,0.0,0.9935573935508728,27.002647399902344,0.0019461950287222862,-0.00108318158891052,0.0002962638682220131,0.0,0.013888888992369175,0.24719037115573883,0.0,0.0,0.0,0.0,7.670732498168945,0.1885368824005127,9381.0,7.366759300231934,500.0,0.002653269562870264
1024,-0.0009713479084894061,-0.00203030277043581,0.003186596790328622,-1.7455398904075992e-07,2.1164022712127917e-07,-0.004087301902472973,2.6455027182237245e-05,0.0,0.0,0.0077039930038154125,0.0,0.992296040058136,27.035888671875,9.999999747378752e-06,-0.002339146565645933,0.001235594623722136,0.013227513991296291,0.02043650671839714,0.24947698414325714,0.0,0.0,0.0,0.0,7.161375045776367,0.15189528465270996,10081.0,7.382425785064697,495.8699951171875,-0.019708964973688126
1025,-0.0009674594621174037,-0.0019487568642944098,0.003333005355671048,-2.691965619305847e-07,3.7222218907118076e-06,-0.009629630483686924,6.666666740784422e-05,1.2174093626526883e-06,0.0,0.00957573764026165,0.0,0.9904242753982544,27.04561996459961,9.999999747378752e-06,-0.0030681996140629053,0.0021234394516795874,0.03333333507180214,0.04814814776182175,0.248540461063385,0.0,0.0,0.0,0.0,7.625889778137207,0.1700899600982666,9457.0,7.393690586090088,484.79998779296875,-0.0942438468337059
1026,-0.0009471250814385712,-0.002055053599178791,0.0032373443245887756,0.0,0.0,-0.01644180156290531,0.0,0.0,0.0,0.0146484375,0.0,0.9853515625,27.05768394470215,9.999999747378752e-06,-0.003765349043533206,0.0033354382030665874,0.0,0.08220899850130081,0.2528538703918457,0.0,0.0,0.0,0.0,7.102015972137451,0.15244007110595703,10163.0,7.403454303741455,484.4200134277344,-0.11863488703966141
1027,-0.0009439074201509356,-0.0025591470766812563,0.0033159099984914064,-3.3497045137664827e-07,1.1041665857192129e-06,-0.018417108803987503,2.91666692646686e-05,0.0,0.0,0.02006022073328495,0.0,0.9799397587776184,27.068267822265625,9.999999747378752e-06,-0.0035493618343025446,0.0034040333703160286,0.01458333246409893,0.09208554029464722,0.2529469430446625,0.0,0.0,0.0,0.0,6.982329368591309,0.14972424507141113,10337.0,7.413156509399414,488.2300109863281,-0.100066177546978
1028,-0.0009362722630612552,-0.0027831934858113527,0.0032893046736717224,-1.5958842425334296e-07,5.555555731007189e-07,-0.01667327992618084,1.1111112144135404e-05,0.0,0.0,0.0237087681889534,0.0,0.9762912392616272,27.077272415161133,0.0012974634300917387,-0.003256803145632148,0.004785369616001844,0.0055555556900799274,0.08336640894412994,0.25179991126060486,0.0,0.0,0.0,0.0,7.075802803039551,0.18889546394348145,10148.0,7.424139976501465,474.1700134277344,-0.22599321603775024
1029,-0.0009729421581141651,-0.002162042073905468,0.0031212216708809137,-5.6729415831568986e-08,3.9814815977479157e-07,-0.0040873014368116856,2.4074075554381125e-05,2.61484359498354e-07,0.0,0.02823893167078495,0.0,0.9717610478401184,27.09107780456543,9.999999747378752e-06,-0.0022435816936194897,0.0014148479094728827,0.012037036940455437,0.02043650858104229,0.25341203808784485,0.0,0.0,0.0,0.0,7.10212516784668,0.14792180061340332,10169.0,7.430001258850098,491.2799987792969,-0.059602104127407074
1030,-0.0009757741936482489,-0.0020454376935958862,0.0031427943613380194,0.0,0.0,-0.006203704047948122,0.0,0.0,0.0,0.03068033792078495,0.0,0.9693196415901184,27.097246170043945,5.062499985797331e-05,-0.0023544849827885628,0.0011549248592928052,0.0,0.031018519774079323,0.2520913779735565,0.0,0.0,0.0,0.0,7.118572235107422,0.1732494831085205,10111.0,7.4396796226501465,493.45001220703125,-0.03923121094703674
1031,-0.0009598417673259974,-0.002368271118029952,0.003225513268262148,0.0,0.0,-0.009265873581171036,0.0,0.0,0.0,0.0327555350959301,0.0,0.9672444462776184,27.111482620239258,9.999999747378752e-06,-0.00458889827132225,0.0031606678385287523,0.0,0.04632936790585518,0.25026288628578186,0.0,0.0,0.0,0.0,7.163527488708496,0.14696025848388672,10085.0,7.450639724731445,476.0,-0.13811197876930237
1032,-0.000955875962972641,-0.0027009265031665564,0.003231919603422284,-5.145265618011763e-07,1.5138888329602196e-06,-0.0050925929099321365,4.3518521124497056e-05,0.0,0.0,0.0348578579723835,0.0,0.9651421308517456,27.119569778442383,9.999999747378752e-06,-0.002648803638294339,0.0011301650665700436,0.021759258583188057,0.025462964549660683,0.2491939812898636,0.0,0.0,0.0,0.0,7.365842819213867,0.15656471252441406,9801.0,7.456510066986084,490.5,-0.06391651928424835
1033,-0.0009712873143143952,-0.002650457201525569,0.003181775100529194,0.0,0.0,0.0,0.0,0.0,0.0,0.0343424491584301,0.0,0.9656575322151184,27.126731872558594,0.0019461950287222862,-0.008127223700284958,7.729799108346924e-06,0.0,0.0,0.2536034882068634,0.0,0.0,0.0,0.0,7.1095147132873535,0.1494128704071045,10156.0,7.464201927185059,500.0,-0.0038632911164313555
1034,-0.0009606650564819574,-0.0025597044732421637,0.0030636193696409464,-1.7692725577944657e-06,2.3809525373508222e-07,-0.008243146352469921,7.936508154671174e-06,0.0,0.0,0.03466796875,0.0,0.96533203125,27.131778717041016,9.999999747378752e-06,-0.0030655814334750175,0.0014690285315737128,0.003968254197388887,0.04121573269367218,0.2488652616739273,0.0,0.0,0.0,0.0,7.273866176605225,0.14841365814208984,9933.0,7.46774959564209,487.739990234375,-0.06804417818784714
1035,-0.0009776817169040442,-0.002532941522076726,0.0031945444643497467,-1.0266338676956366e-06,1.2896824728159118e-06,-0.0013888889225199819,5.29100580024533e-05,3.8209284980439406e-07,0.0,0.0358615443110466,0.0,0.9641384482383728,27.13911247253418,9.999999747378752e-06,-0.0016527868574485183,0.0003366102755535394,0.026455027982592583,0.0069444444961845875,0.2509376108646393,0.0,0.0,0.0,0.0,7.379188537597656,0.1456921100616455,9797.0,7.479761123657227,495.9599914550781,-0.02987273409962654
1036,-0.0009646927937865257,-0.0022253638599067926,0.003050479106605053,-3.4481536204111762e-06,1.3240741054687533e-06,-0.004265873227268457,4.351852476247586e-05,5.1323252137081e-07,0.0,0.0367024727165699,0.0,0.9632975459098816,27.151416778564453,9.999999747378752e-06,-0.002491728402674198,0.001571481698192656,0.021759260445833206,0.02132936753332615,0.25174516439437866,0.0,0.0,0.0,0.0,7.080411911010742,0.15401172637939453,10191.0,7.48836088180542,491.8500061035156,-0.038501426577568054
1037,-0.0009842999279499054,-0.0024559081066399813,0.0030423973221331835,-2.2082353723362758e-08,1.5873015968281834e-07,-0.0009259259677492082,7.936508154671174e-06,0.0,0.0,0.0363091379404068,0.0,0.9636908769607544,27.165525436401367,0.0019461950287222862,-0.0018710780423134565,0.0003971714759245515,0.003968254197388887,0.004629629664123058,0.24848397076129913,0.0,0.0,0.0,0.0,7.314426422119141,0.15024757385253906,9876.0,7.512833595275879,495.8599853515625,-0.02292727679014206
1038,-0.0009769729804247618,-0.002420715754851699,0.00307140639051795,-3.84390084207098e-08,7.936507984140917e-08,-0.0018518519354984164,7.936508154671174e-06,0.0,0.0,0.0352511927485466,0.0,0.9647487998008728,27.19733238220215,9.999999747378752e-06,-0.0006945373606868088,0.0003882642777170986,0.003968254197388887,0.009259259328246117,0.24761979281902313,0.0,0.0,0.0,0.0,6.870859146118164,0.14662480354309082,10506.0,7.525747776031494,495.6300048828125,-0.020868627354502678
1039,-0.000989956664852798,-0.001958753215149045,0.0030746471602469683,0.0,0.0,-0.0055555556900799274,0.0,0.0,0.0,0.0337049700319767,0.0,0.966295063495636,27.20549964904785,9.999999747378752e-06,-0.0019177887588739395,0.00039426691364496946,0.0,0.02777777798473835,0.24825093150138855,0.0,0.0,0.0,0.0,8.063834190368652,0.14895081520080566,8977.0,7.535677433013916,496.4800109863281,-0.019829565659165382
1040,-0.0010083820670843124,-0.0025091031566262245,0.003063618205487728,-6.629105655520107e-07,8.779761628829874e-07,-0.0011111112544313073,2.8769842174369842e-05,0.0,0.0,0.02913411520421505,0.0,0.9708659052848816,27.22193717956543,0.0029192925430834293,-0.001558171003125608,0.00039750561700202525,0.014384920708835125,0.0055555556900799274,0.24666251242160797,0.0,0.0,0.0,0.0,6.89404296875,0.15078401565551758,10465.0,7.56724739074707,495.5899963378906,-0.02397877164185047
1041,-0.0010136306518688798,-0.0018256163457408547,0.0030575294513255358,-3.0292953852040228e-06,7.936507984140917e-08,-0.0006944444612599909,7.936508154671174e-06,0.0,0.0,0.02434624545276165,0.0,0.9756537675857544,27.25794219970703,9.999999747378752e-06,-4.843257556785829e-06,0.00040290606557391584,0.003968254197388887,0.0034722222480922937,0.24835382401943207,0.0,0.0,0.0,0.0,7.3084869384765625,0.14771151542663574,9888.0,7.57806396484375,497.05999755859375,-0.017962096258997917
1042,-0.0009985347278416157,-0.0015888570342212915,0.0030251212883740664,-5.720013973586902e-07,4.3518517145457736e-07,-0.005555556155741215,2.8703705538646318e-05,2.522731620047125e-06,0.0,0.020751953125,0.0,0.979248046875,27.263439178466797,9.999999747378752e-06,-0.0034636077471077442,0.0015601920895278454,0.014351851306855679,0.02777777798473835,0.24833515286445618,0.0,0.0,0.0,0.0,6.8798604011535645,0.14927029609680176,10488.0,7.584850788116455,488.80999755859375,-0.07484938949346542
1043,-0.0009976201690733433,-0.00169555249158293,0.002943178405985236,0.0,0.0,-0.004398148041218519,0.0,0.0,0.0,0.01885308139026165,0.0,0.9811469316482544,27.275115966796875,9.999999747378752e-06,-0.0030556891579180956,0.0014089859323576093,0.0,0.021990740671753883,0.2468150407075882,0.0,0.0,0.0,0.0,7.1659932136535645,0.14983320236206055,10077.0,7.5988450050354,489.05999755859375,-0.05778574198484421
1044,-0.0010265721939504147,-0.001859725802205503,0.0030831401236355305,-1.5125533536775038e-07,5.555555162573e-07,-0.0013888889225199819,9.259259968530387e-06,0.0,0.0,0.01749674417078495,0.0,0.9825032353401184,27.29176139831543,1.4999999621068127e-05,-0.00215158355422318,0.00041283672908321023,0.004629629664123058,0.0069444444961845875,0.24892224371433258,0.0,0.0,0.0,0.0,7.353312969207764,0.15023040771484375,9825.0,7.615289688110352,496.6700134277344,-0.018895553424954414
1045,-0.0010226117447018623,-0.0013861884362995625,0.003153757192194462,0.0,1.3888889327517973e-07,0.0,2.777777990559116e-05,0.0,0.0,0.0152723528444767,0.0,0.984727680683136,27.303621292114258,0.0012974634300917387,-0.00884423591196537,3.423351017772802e-06,0.013888888992369175,0.0,0.24712000787258148,0.0,0.0,0.0,0.0,7.1992082595825195,0.15007734298706055,10031.0,7.616639137268066,500.0,0.008050156757235527
1046,-0.0010303662857040763,-0.0016063853399828076,0.0030921974685043097,0.0,0.0,-0.0009259259677492082,0.0,0.0,0.0,0.012681749649345875,0.0,0.9873182773590088,27.304208755493164,9.999999747378752e-06,-0.00022676741355098784,0.00034791184589266777,0.0,0.004629629664123058,0.24651691317558289,0.0,0.0,0.0,0.0,7.239034652709961,0.15977215766906738,9964.0,7.619346618652344,497.05999755859375,-0.016306744888424873
1047,-0.0010313981911167502,-0.0016339330468326807,0.003112714271992445,-9.060335770527672e-08,1.3888889327517973e-07,-0.0055555556900799274,1.388888995279558e-05,2.0981339332593052e-07,0.0,0.012925890274345875,0.0,0.9870741367340088,27.311279296875,1.4999999621068127e-05,-0.001508266432210803,0.0004396366130094975,0.0069444444961845875,0.02777777798473835,0.2595151364803314,0.0,0.0,0.0,0.0,7.178275108337402,0.15006613731384277,10060.0,7.63100004196167,495.54998779296875,-0.014106638729572296
1048,-0.001026966143399477,-0.0015975882997736335,0.003003557911142707,0.0,0.0,-0.0018518519354984164,0.0,0.0,0.0,0.012315538711845875,0.0,0.9876844882965088,27.321483612060547,9.999999747378752e-06,-0.0018949243240058422,0.00039006065344437957,0.0,0.009259259328246117,0.24759452044963837,0.0,0.0,0.0,0.0,7.321966171264648,0.15662384033203125,9858.0,7.636684894561768,498.45001220703125,-0.01798166148364544
1049,-0.0010380473686382174,-0.0014222690369933844,0.0031420697923749685,0.0,0.0,-0.0006944444612599909,0.0,0.0,0.0,0.011623806320130825,0.0,0.9883762001991272,27.334657669067383,0.0019461950287222862,-0.0014776322059333324,0.00035719259176403284,0.0,0.0034722222480922937,0.2508564889431,0.0,0.0,0.0,0.0,7.300060749053955,0.14911937713623047,9897.0,7.664679050445557,495.6600036621094,-0.015345623716711998
1050,-0.001034451532177627,-0.001841700286604464,0.0030714618042111397,-2.7441233285685485e-08,1.0416666640367112e-07,0.0,6.94444497639779e-06,1.264910736153979e-07,0.0,0.009982638992369175,0.0,0.9900173544883728,27.363561630249023,9.999999747378752e-06,-0.002450814936310053,6.637299520662054e-06,0.0034722222480922937,0.0,0.2529976963996887,0.0,0.0,0.0,0.0,7.527888298034668,0.15148091316223145,9600.0,7.673399448394775,500.0,0.003346111159771681
1051,-0.0010488845873624086,-0.0021212550345808268,0.0031098241452127695,-6.242422756486121e-08,1.6666666624587378e-07,-0.0022222225088626146,1.1111112144135404e-05,0.0,0.0,0.009738498367369175,0.0,0.9902614951133728,27.37150764465332,9.999999747378752e-06,-0.0012402061838656664,0.0004510878352448344,0.0055555556900799274,0.011111111380159855,0.251836359500885,0.0,0.0,0.0,0.0,7.485686302185059,0.1499490737915039,9655.0,7.685861587524414,499.1600036621094,-0.024489035829901695
1052,-0.001032098662108183,-0.0021536664571613073,0.0031317260582000017,0.0,0.0,-0.0006944444612599909,0.0,0.0,0.0,0.0097791887819767,0.0,0.990220844745636,27.384281158447266,0.0012974634300917387,-0.0017475166823714972,0.00037408986827358603,0.0,0.0034722222480922937,0.2500564157962799,0.0,0.0,0.0,0.0,7.108474254608154,0.14673256874084473,10162.0,7.702273845672607,495.3900146484375,-0.020221587270498276
1053,-0.0010403903434053063,-0.002077890792861581,0.0030783643014729023,0.0,0.0,-0.0013888889225199819,0.0,0.0,0.0,0.009670681320130825,0.0,0.9903293251991272,27.409025192260742,9.999999747378752e-06,-0.001462598447687924,0.00041129853343591094,0.0,0.0069444444961845875,0.25432929396629333,0.0,0.0,0.0,0.0,7.31902551651001,0.14945125579833984,9871.0,7.717072486877441,499.67999267578125,-0.022020459175109863
1054,-0.00104035425465554,-0.003832864807918668,0.0030635599978268147,0.0,0.0,-0.003240741090849042,0.0,0.0,0.0,0.01006401889026165,0.0,0.9899359941482544,27.417465209960938,1.4999999621068127e-05,-0.0011943485587835312,0.0006137870950624347,0.0,0.016203705221414566,0.24574139714241028,0.0,0.0,0.0,0.0,6.883630752563477,0.14978408813476562,10482.0,7.7274603843688965,499.1400146484375,-0.03664577007293701
1055,-0.0010536673944443464,-0.004684895742684603,0.0030503806192427874,0.0,0.0,-0.003240741090849042,0.0,0.0,0.0,0.010226779617369175,0.0,0.9897732138633728,27.430917739868164,9.999999747378752e-06,-0.0026850607246160507,0.0008432735921815038,0.0,0.016203705221414566,0.2497004121541977,0.0,0.0,0.0,0.0,7.37858772277832,0.14976859092712402,9793.0,7.7393927574157715,498.0199890136719,-0.06732073426246643
1056,-0.0010350551456212997,-0.004214138258248568,0.002915292279794812,0.0,0.0,-0.005416667088866234,0.0,0.0,0.0,0.0116102434694767,0.0,0.988389790058136,27.440092086791992,9.999999747378752e-06,-0.0028373904060572386,0.001452806987799704,0.0,0.02708333171904087,0.2469329833984375,0.0,0.0,0.0,0.0,6.935895919799805,0.17974233627319336,10361.0,7.744011878967285,498.25,-0.0932237058877945
1057,-0.0010427491506561637,-0.006659369915723801,0.003056853311136365,0.0,0.0,-0.0069444444961845875,0.0,0.0,0.0,0.010850694961845875,0.0,0.9891493320465088,27.446352005004883,9.999999747378752e-06,-0.0037747796159237623,0.0020583225414156914,0.0,0.0347222276031971,0.24561834335327148,0.0,0.0,0.0,0.0,6.814408302307129,0.1588118076324463,10573.0,7.750794410705566,496.6099853515625,-0.14518950879573822
1058,-0.0010500701609998941,-0.003749620169401169,0.003110958030447364,0.0,0.0,-0.0020370371639728546,0.0,0.0,0.0,0.011827257461845875,0.0,0.9881727695465088,27.453929901123047,9.999999747378752e-06,-0.002350355964154005,0.0008390313596464694,0.0,0.010185185819864273,0.24872435629367828,0.0,0.0,0.0,0.0,7.283246040344238,0.1653270721435547,9898.0,7.757453918457031,498.4200134277344,-0.06050138920545578
1059,-0.001045375713147223,-0.005643337499350309,0.003241489874199033,0.0,0.0,-0.0027777778450399637,0.0,0.0,0.0,0.012410481460392475,0.0,0.9875895380973816,27.46057891845703,9.999999747378752e-06,-0.0014335403684526682,0.00041664144373498857,0.0,0.013888888992369175,0.2509106695652008,0.0,0.0,0.0,0.0,7.072402000427246,0.1511085033416748,10206.0,7.762235164642334,499.4599914550781,-0.03616485372185707
1060,-0.00104798492975533,-0.004947234410792589,0.0031877905130386353,0.0,0.0,-0.006534392014145851,0.0,0.0,0.0,0.01325141079723835,0.0,0.9867485761642456,27.466007232666016,9.999999747378752e-06,-0.002445776481181383,0.001437742030248046,0.0,0.032671958208084106,0.24940082430839539,0.0,0.0,0.0,0.0,6.981438159942627,0.14840102195739746,10340.0,7.76712703704834,498.2300109863281,-0.07869914174079895
1061,-0.0010392769472673535,-0.005308209452778101,0.0031645679846405983,0.0,0.0,-0.013518518768250942,0.0,0.0,0.0,0.01482476107776165,0.0,0.9851752519607544,27.471330642700195,9.999999747378752e-06,-0.004209441598504782,0.0027035700622946024,0.0,0.06759259849786758,0.2514060437679291,0.0,0.0,0.0,0.0,7.121829032897949,0.15120768547058105,10137.0,7.771613121032715,496.92999267578125,-0.1803719699382782
1062,-0.0010534223401919007,-0.0026665395125746727,0.0031781962607055902,0.0,0.0,-0.0027777780778706074,0.0,0.0,0.0,0.0163709856569767,0.0,0.983629047870636,27.47793960571289,9.999999747378752e-06,-0.0026608663611114025,0.0008575085666961968,0.0,0.013888888992369175,0.2510473430156708,0.0,0.0,0.0,0.0,7.041576862335205,0.15015316009521484,10251.0,7.77988338470459,499.3299865722656,-0.05226315185427666
1063,-0.0010714458767324686,-0.003716100938618183,0.0031380190048366785,0.0,0.0,-0.0022222225088626146,0.0,0.0,0.0,0.0175645612180233,0.0,0.9824354648590088,27.48790740966797,9.999999747378752e-06,-0.0018245769897475839,0.00046839413698762655,0.0,0.011111111380159855,0.24981947243213654,0.0,0.0,0.0,0.0,7.295595169067383,0.17195558547973633,9873.0,7.789306640625,500.0,-0.010369655676186085
1064,-0.0010577761568129063,-0.0023943339474499226,0.0032007736153900623,0.0,3.4722222608252196e-07,0.0,1.388888995279558e-05,0.0,0.0,0.01752387173473835,0.0,0.9824761152267456,27.49689292907715,0.0012974634300917387,-0.009011330083012581,1.112747941078851e-05,0.0069444444961845875,0.0,0.2500287592411041,0.0,0.0,0.0,0.0,7.583210468292236,0.15327858924865723,9529.0,7.79903507232666,500.0,-0.004664403386414051
1065,-0.0010526112746447325,-0.0024743382818996906,0.003175144549459219,0.0,0.0,-0.0035714288242161274,0.0,0.0,0.0,0.017578125,0.0,0.982421875,27.50617027282715,9.999999747378752e-06,-0.001985733862966299,0.0005145651521161199,0.0,0.01785714365541935,0.24547944962978363,0.0,0.0,0.0,0.0,7.3380022048950195,0.1537632942199707,9841.0,7.804014682769775,499.3800048828125,-0.01765487901866436
1066,-0.0010496379109099507,-0.0034111044369637966,0.0030508635099977255,0.0,0.0,-0.008518518880009651,0.0,0.0,0.0,0.01798502542078495,0.0,0.9820149540901184,27.512197494506836,9.999999747378752e-06,-0.003253590315580368,0.0015242008958011866,0.0,0.04259259253740311,0.25073161721229553,0.0,0.0,0.0,0.0,7.467580795288086,0.16077923774719238,9664.0,7.813191890716553,489.6499938964844,-0.06728865951299667
1067,-0.001056971144862473,-0.002729963045567274,0.0031224580015987158,0.0,0.0,0.0,0.0,0.0,0.0,0.0188259556889534,0.0,0.9811740517616272,27.519603729248047,0.0012974634300917387,-0.008901064284145832,8.23327081889147e-06,0.0,0.0,0.24396412074565887,0.0,0.0,0.0,0.0,6.697505474090576,0.15273785591125488,10762.0,7.819204807281494,500.0,-0.0037291268818080425
1068,-0.0010528030106797814,-0.0027341123204678297,0.0030090895015746355,0.0,0.0,-0.0011111112544313073,0.0,0.0,0.0,0.01810709573328495,0.0,0.9818928837776184,27.524194717407227,9.999999747378752e-06,-0.0010924930684268475,0.0004042329383082688,0.0,0.0055555556900799274,0.24938149750232697,0.0,0.0,0.0,0.0,6.7512617111206055,0.15374064445495605,10677.0,7.822958946228027,495.8599853515625,-0.020966721698641777
1069,-0.0010438646422699094,-0.002329286653548479,0.003197676734998822,0.0,0.0,-0.0011111112544313073,0.0,0.0,0.0,0.01814778707921505,0.0,0.9818522334098816,27.53183364868164,0.0019461950287222862,-0.0014802078949287534,0.0002135509712388739,0.0,0.0055555556900799274,0.24986669421195984,0.0,0.0,0.0,0.0,7.3277177810668945,0.1511538028717041,9858.0,7.842392921447754,500.0,-0.002916693687438965
1070,-0.001058118650689721,-0.0021943661849945784,0.0031922683119773865,0.0,0.0,-0.0006172839784994721,0.0,0.0,0.0,0.01616753451526165,0.0,0.9838324785232544,27.561145782470703,9.999999747378752e-06,0.0018026771722361445,0.00014742718485649675,0.0,0.003086419776082039,0.24920320510864258,0.0,0.0,0.0,0.0,7.209010124206543,0.1504044532775879,10018.0,7.856333255767822,500.0,-0.004490197170525789
1071,-0.001049904036335647,-0.0018150547984987497,0.003230192232877016,0.0,0.0,-0.0013888889225199819,0.0,0.0,0.0,0.0147840715944767,0.0,0.985215961933136,27.568193435668945,9.999999747378752e-06,-0.001941503374837339,0.0004015399608761072,0.0,0.0069444444961845875,0.24950772523880005,0.0,0.0,0.0,0.0,7.441301345825195,0.1507422924041748,9711.0,7.865743160247803,496.9700012207031,-0.018818320706486702
1072,-0.0010633815545588732,-0.0015972505789250135,0.003202038584277034,0.0,0.0,0.0,0.0,0.0,0.0,0.01337348110973835,0.0,0.9866265058517456,27.57950782775879,0.0012974634300917387,-0.008707694709300995,5.5762866395525634e-06,0.0,0.0,0.24500124156475067,0.0,0.0,0.0,0.0,7.382194519042969,0.1811814308166504,9748.0,7.879476070404053,500.0,0.002470498438924551
1073,-0.0010639888932928443,-0.002091887639835477,0.0031692986376583576,0.0,0.0,0.0,0.0,0.0,0.0,0.012437609024345875,0.0,0.9875624179840088,27.593570709228516,0.0029192925430834293,-0.013244924135506153,0.001433721394278109,0.0,0.0,0.24791045486927032,0.0,0.0,0.0,0.0,6.998408317565918,0.15153741836547852,10311.0,7.887155532836914,500.0,0.0017607801128178835
1074,-0.0010565465781837702,-0.0015075315022841096,0.003133529331535101,0.0,0.0,0.0,0.0,0.0,0.0,0.0109998919069767,0.0,0.989000141620636,27.59214973449707,0.0019461950287222862,-0.011857048608362675,0.00047555353376083076,0.0,0.0,0.25776350498199463,0.0,0.0,0.0,0.0,7.1458845138549805,0.16371870040893555,10086.0,7.88808536529541,500.0,0.004276997875422239
1075,-0.001057534129358828,-0.0018933556275442243,0.003112201578915119,-2.3683703886945295e-07,3.7698413279940723e-07,0.0,3.5714288969757035e-05,0.0,0.0,0.0084364153444767,0.0,0.991563618183136,27.59320068359375,9.999999747378752e-06,-0.007859434932470322,5.78191702516051e-06,0.01785714365541935,0.0,0.24113263189792633,0.0,0.0,0.0,0.0,7.398493766784668,0.18911266326904297,9716.0,7.891554355621338,500.0,0.0027407160960137844
1076,-0.0010580401867628098,-0.002002071589231491,0.0031862936448305845,-2.7180558248574016e-08,9.25925931483107e-08,0.0,9.259259968530387e-06,2.3715742258900718e-08,0.0,0.0066731772385537624,0.0,0.9933268427848816,27.59731674194336,0.0012974634300917387,-0.009259306825697422,6.460683835030068e-06,0.004629629664123058,0.0,0.24730904400348663,0.0,0.0,0.0,0.0,7.811567306518555,0.1511988639831543,9259.0,7.897957801818848,500.0,4.885507223661989e-06
1077,-0.0010568344732746482,-0.0015936902491375804,0.0032271253876388073,0.0,0.0,0.0,0.0,0.0,0.0,0.0049235024489462376,0.0,0.9950764775276184,27.602893829345703,9.999999747378752e-06,-0.00693241972476244,8.929835530580021e-06,0.0,0.0,0.2501220107078552,0.0,0.0,0.0,0.0,7.009382724761963,0.15061664581298828,10297.0,7.900221347808838,500.0,0.0069250199012458324
1078,-0.0010809848317876458,-0.0017952645430341363,0.003254488343372941,0.0,0.0,-0.0013888889225199819,0.0,0.0,0.0,0.00495062954723835,0.0,0.9950493574142456,27.607358932495117,9.999999747378752e-06,-0.0022353711538016796,0.0004159485106356442,0.0,0.0069444444961845875,0.25059691071510315,0.0,0.0,0.0,0.0,7.3946428298950195,0.15356707572937012,9767.0,7.90831184387207,499.6700134277344,-0.016087833791971207
1079,-0.0010620142566040158,-0.0016559601062908769,0.0032345557119697332,0.0,0.0,0.0,0.0,0.0,0.0,0.004543728195130825,0.0,0.9954562783241272,27.61846351623535,0.0019461950287222862,-0.00919815618544817,6.659437076450558e-06,0.0,0.0,0.2492317110300064,0.0,0.0,0.0,0.0,7.704891204833984,0.15041327476501465,9385.0,7.921319007873535,500.0,0.0027588962111622095
1080,-0.001049499143846333,-0.002096027135848999,0.0032487830612808466,0.0,1.3888889327517973e-07,-0.0020370371639728546,4.629629984265193e-06,0.0,0.0,0.0037027995567768812,0.0,0.9962971806526184,27.630598068237305,9.999999747378752e-06,-0.002415425144135952,0.0007939544157125056,0.002314814832061529,0.010185185819864273,0.251122385263443,0.0,0.0,0.0,0.0,7.4505205154418945,0.17446327209472656,9669.0,7.92734956741333,495.44000244140625,-0.0406678169965744
1081,-0.0010492701549082994,-0.0015446614706888795,0.0032242045272141695,0.0,0.0,-0.0009259259677492082,0.0,0.0,0.0,0.0037299261894077063,0.0,0.9962700605392456,27.636802673339844,9.999999747378752e-06,-0.0015496143605560064,0.0003551293630152941,0.0,0.004629629664123058,0.24651725590229034,0.0,0.0,0.0,0.0,7.166421890258789,0.14916229248046875,10078.0,7.935926914215088,495.6600036621094,-0.013557422906160355
1082,-0.0010436773300170898,-0.001570252701640129,0.0031987724360078573,0.0,0.0,-0.0027777778450399637,0.0,0.0,0.0,0.0038519965019077063,0.0,0.9961479902267456,27.648529052734375,5.062499985797331e-05,-0.0015294558834284544,0.0003998350875917822,0.0,0.013888888992369175,0.25046342611312866,0.0,0.0,0.0,0.0,7.000687599182129,0.15133428573608398,10308.0,7.949224948883057,495.57000732421875,-0.01540379598736763
1083,-0.0010480276541784406,-0.0013877307064831257,0.003073306754231453,-5.322579568201036e-07,1.4699074881718843e-06,-0.0013888889225199819,3.935185668524355e-05,7.435834703528599e-08,0.0,0.0035807292442768812,0.0,0.9964192509651184,27.674396514892578,0.0029192925430834293,-0.0021035296376794577,0.00039304382517002523,0.019675927236676216,0.0069444444961845875,0.24796758592128754,0.0,0.0,0.0,0.0,7.492760181427002,0.15536189079284668,9640.0,7.993234634399414,495.4100036621094,-0.014224672690033913
1084,-0.0010462314821779728,-0.0011703928466886282,0.0031382255256175995,0.0,0.0,-0.0011111112544313073,0.0,0.0,0.0,0.0037299261894077063,0.0,0.9962700605392456,27.71063995361328,9.999999747378752e-06,-0.00028999350615777075,0.0003584219084586948,0.0,0.0055555556900799274,0.2473689764738083,0.0,0.0,0.0,0.0,7.466595649719238,0.15268588066101074,9676.0,8.002622604370117,495.79998779296875,-0.009759793058037758
1085,-0.0010406047804281116,-0.0018144143978133798,0.003226891392841935,0.0,0.0,0.0,0.0,0.0,0.0,0.0037027995567768812,0.0,0.9962971806526184,27.714900970458984,0.0012974634300917387,-0.008979924954473972,5.870846962352516e-06,0.0,0.0,0.24852721393108368,0.0,0.0,0.0,0.0,6.9199323654174805,0.15222692489624023,10425.0,8.008760452270508,500.0,0.006438417825847864
1086,-0.0010473456932231784,-0.0017788232071325183,0.0032544138375669718,0.0,0.0,0.0,0.0,0.0,0.0,0.00341796875,0.0,0.99658203125,27.721454620361328,9.999999747378752e-06,-0.009226183407008648,5.589894954027841e-06,0.0,0.0,0.2508598566055298,0.0,0.0,0.0,0.0,7.455667495727539,0.1880357265472412,9645.0,8.01622200012207,500.0,0.002732884371653199
1087,-0.001055481843650341,-0.0020046159625053406,0.0031913123093545437,-1.497334367606129e-09,2.0833333280734223e-07,0.0,1.388888995279558e-05,0.0,0.0,0.00341796875,0.0,0.99658203125,27.724422454833984,0.0008649755618534982,-0.008717400953173637,4.819452897208976e-06,0.0069444444961845875,0.0,0.2535790503025055,0.0,0.0,0.0,0.0,7.379136085510254,0.17733407020568848,9756.0,8.020221710205078,500.0,0.003919219598174095
1088,-0.0010520560899749398,-0.001237349584698677,0.0031510815024375916,0.0,2.3148147931806307e-07,0.0,9.259259968530387e-06,0.0,0.0,0.00341796875,0.0,0.99658203125,27.724262237548828,0.0029192925430834293,-0.01355807762593031,4.978437573299743e-06,0.004629629664123058,0.0,0.2529677450656891,0.0,0.0,0.0,0.0,6.615415096282959,0.18404459953308105,10843.0,8.013099670410156,500.0,0.009071794338524342
1089,-0.0010568430880084634,-0.002791506936773658,0.0031850715167820454,-1.7513512773348339e-07,4.761904506267456e-07,0.0,2.1825397197972052e-05,0.0,0.0,0.00341796875,0.0,0.99658203125,27.71558952331543,9.999999747378752e-06,-0.0007589180604554713,4.842279395234073e-06,0.010912698693573475,0.0,0.256890207529068,0.0,0.0,0.0,0.0,6.9716796875,0.15539073944091797,10344.0,8.012796401977539,500.0,0.001026675570756197
1090,-0.0010287355398759246,-0.0015289841685444117,0.0032495318446308374,0.0,0.0,0.0,0.0,0.0,0.0,0.00341796875,0.0,0.99658203125,27.716806411743164,0.0012974634300917387,-0.008768019266426563,4.688097760663368e-06,0.0,0.0,0.24891681969165802,0.0,0.0,0.0,0.0,7.7262396812438965,0.15226960182189941,9358.0,8.016084671020508,500.0,0.004554362036287785
1091,-0.0010280736023560166,-0.0017841147491708398,0.0031573118176311255,0.0,0.0,0.0,0.0,0.0,0.0,0.00341796875,0.0,0.99658203125,27.719402313232422,9.999999747378752e-06,-0.007524651940912008,6.831564405729296e-06,0.0,0.0,0.2480955719947815,0.0,0.0,0.0,0.0,7.475990295410156,0.14936470985412598,9668.0,8.020009994506836,500.0,-0.004220057278871536
1092,-0.001051326864399016,-0.0013219573302194476,0.0032980686519294977,0.0,2.0833333280734223e-07,0.0,1.388888995279558e-05,0.0,0.0,0.003268771804869175,0.0,0.9967312216758728,27.72443962097168,0.0012974634300917387,-0.009260262362658978,8.276204425783362e-06,0.0069444444961845875,0.0,0.25221434235572815,0.0,0.0,0.0,0.0,7.206391334533691,0.1487712860107422,10023.0,8.030457496643066,500.0,0.008948428556323051
1093,-0.0010603171540424228,-0.001414263853803277,0.0033258835319429636,-1.0023559582350572e-07,2.0833333280734223e-07,0.0,1.388888995279558e-05,0.0,0.0,0.0029296875,0.0,0.9970703125,27.73402214050293,9.999999747378752e-06,0.002726985840126872,8.631822311144788e-06,0.0069444444961845875,0.0,0.2559882402420044,0.0,0.0,0.0,0.0,7.417248249053955,0.1519937515258789,9740.0,8.03533935546875,500.0,0.0076255202293396
1094,-0.0010508603882044554,-0.0021374656353145838,0.003266936866566539,-6.535029228871281e-08,1.1904762686754111e-07,0.0,7.936508154671174e-06,2.9307392424016143e-07,0.0,0.0025499132461845875,0.0,0.9974501132965088,27.73663902282715,0.0012974634300917387,-0.009138941764831543,8.605690709373448e-06,0.003968254197388887,0.0,0.2494889348745346,0.0,0.0,0.0,0.0,7.695644378662109,0.1536109447479248,9392.0,8.039834976196289,500.0,-0.002432803390547633
1095,-0.0010316799161955714,-0.002867319155484438,0.0032235272228717804,-6.629595361573593e-08,2.976190671688528e-07,-0.00296296295709908,1.4880953131068964e-05,0.0,0.0,0.0023600261192768812,0.0,0.9976399540901184,27.741857528686523,9.999999747378752e-06,-9.859760757535696e-05,0.0007093918975442648,0.0074404762126505375,0.014814815483987331,0.2538571059703827,0.0,0.0,0.0,0.0,7.279837131500244,0.14523935317993164,9929.0,8.045381546020508,500.0,-0.0091136759147048
1096,-0.001049396232701838,-0.0016392399556934834,0.0032467397395521402,-8.912787166082126e-07,3.0257936600719404e-07,-0.008333333767950535,1.4880953131068964e-05,0.0,0.0,0.003390842117369175,0.0,0.9966091513633728,27.749351501464844,9.999999747378752e-06,-0.00167458679061383,0.0007002853089943528,0.0074404762126505375,0.0416666679084301,0.246554434299469,0.0,0.0,0.0,0.0,7.269057273864746,0.1527388095855713,9933.0,8.05615234375,495.57000732421875,-0.014232239685952663
1097,-0.0010571957100182772,-0.0021262236405164003,0.0030377230141311884,0.0,0.0,0.0,0.0,0.0,0.0,0.003173828125,0.0,0.996826171875,27.75845718383789,0.0012974634300917387,-0.009566501714289188,7.460786036972422e-06,0.0,0.0,0.24677205085754395,0.0,0.0,0.0,0.0,7.30572509765625,0.15021347999572754,9888.0,8.061383247375488,500.0,0.000997994327917695
1098,-0.0010433947900310159,-0.0030885322485119104,0.003145556664094329,0.0,6.250000410545908e-07,-0.003580247052013874,1.388888995279558e-05,0.0,0.0,0.0035942925605922937,0.0,0.9964057207107544,27.764713287353516,9.999999747378752e-06,-0.002134612062945962,0.0011455841595306993,0.0069444444961845875,0.017901236191391945,0.24856747686862946,0.0,0.0,0.0,0.0,7.044896125793457,0.15762734413146973,10236.0,8.066030502319336,497.6499938964844,-0.050241243094205856
1099,-0.0010469452245160937,-0.002448642859235406,0.003197214799001813,0.0,0.0,-0.0022222225088626146,0.0,0.0,0.0,0.0051133898086845875,0.0,0.9948866367340088,27.770906448364258,0.00038443360244855285,-0.0020376204047352076,0.0005547998589463532,0.0,0.011111111380159855,0.24509817361831665,0.0,0.0,0.0,0.0,7.493032455444336,0.14600801467895508,9651.0,8.07756519317627,496.7200012207031,-0.01795380748808384
1100,-0.0010490614222362638,-0.0023072902113199234,0.0030894826631993055,0.0,2.7777778655035945e-07,-0.002500000176951289,9.259259968530387e-06,0.0,0.0,0.005710178054869175,0.0,0.9942898154258728,27.785585403442383,9.999999747378752e-06,-0.0031311071943491697,0.0007935916073620319,0.004629629664123058,0.012500000186264515,0.25148555636405945,0.0,0.0,0.0,0.0,6.980806827545166,0.1511087417602539,10337.0,8.086896896362305,497.489990234375,-0.04149683937430382
1101,-0.001049337792210281,-0.002735748654231429,0.0032615207601338625,0.0,0.0,-0.0013888889225199819,0.0,0.0,0.0,0.0068223741836845875,0.0,0.9931776523590088,27.796974182128906,0.0019461950287222862,-0.002058006590232253,0.00010894744627876207,0.0,0.0069444444961845875,0.2459520846605301,0.0,0.0,0.0,0.0,7.376238822937012,0.14587879180908203,9801.0,8.112245559692383,500.0,0.003377455985173583
1102,-0.0010477948235347867,-0.0021432286594063044,0.00321492669172585,-6.516632566899716e-08,5.46296291759063e-07,0.0,3.888889477821067e-05,0.0,0.0,0.0068359375,0.0,0.9931640625,27.82872200012207,9.999999747378752e-06,-0.0059383767656981945,0.0007339982548728585,0.01944444514811039,0.0,0.24854977428913116,0.0,0.0,0.0,0.0,6.886872291564941,0.1453540325164795,10484.0,8.127752304077148,500.0,-0.004290733952075243
1103,-0.0010284146992489696,-0.0018752642208710313,0.003205091692507267,-1.787145862408579e-07,6.944444521650439e-07,-0.0013888889225199819,2.777777990559116e-05,0.0,0.0,0.0072428383864462376,0.0,0.9927571415901184,27.837875366210938,0.0019461950287222862,-0.0013422139454632998,0.0003612592990975827,0.013888888992369175,0.0069444444961845875,0.24752116203308105,0.0,0.0,0.0,0.0,6.909026145935059,0.15106964111328125,10442.0,8.14828872680664,500.0,0.00033671053824946284
1104,-0.0010307092452421784,-0.002657330362126231,0.0031912268605083227,0.0,6.944444663758986e-08,-0.0007936508627608418,6.94444497639779e-06,0.0,0.0,0.007500542793422937,0.0,0.9924994707107544,27.860633850097656,9.999999747378752e-06,-0.0015583805507048965,0.0003999268519692123,0.0034722222480922937,0.003968254197388887,0.2462233453989029,0.0,0.0,0.0,0.0,8.109617233276367,0.1522974967956543,8923.0,8.157913208007812,497.1600036621094,-0.015596132725477219
1105,-0.001025365898385644,-0.002542897593230009,0.0032548941671848297,-1.787369399153249e-07,1.1908068699995056e-06,-0.006587301846593618,7.691798964515328e-05,5.723997560380667e-07,0.0,0.008775499649345875,0.0,0.9912245273590088,27.866369247436523,9.999999747378752e-06,-0.003760974621400237,0.002053492469713092,0.03845899552106857,0.03293650597333908,0.2504889667034149,0.0,0.0,0.0,0.0,7.299948692321777,0.14779019355773926,9899.0,8.165127754211426,489.3999938964844,-0.10098742693662643
1106,-0.0010344625916332006,-0.001903297146782279,0.003283783094957471,-6.101575991124264e-07,1.0515873327676672e-06,-0.0007936508627608418,4.034391895402223e-05,0.0,0.0,0.011149088852107525,0.0,0.9888508915901184,27.87624740600586,0.0012974634300917387,-0.0013940727803856134,0.00026216518017463386,0.020171958953142166,0.003968254197388887,0.2490801364183426,0.0,0.0,0.0,0.0,7.103838920593262,0.16418218612670898,10144.0,8.18301773071289,500.0,0.0031246496364474297
1107,-0.001033129752613604,-0.0018279372015967965,0.0033486324828118086,-7.044935159683519e-07,1.8412698636893765e-06,-0.0022222225088626146,6.256614142330363e-05,0.0,0.0,0.011800129897892475,0.0,0.9881998896598816,27.897289276123047,9.999999747378752e-06,-0.001930713071487844,0.0006123752682469785,0.031283069401979446,0.011111111380159855,0.24765761196613312,0.0,0.0,0.0,0.0,7.834112167358398,0.15404391288757324,9229.0,8.193422317504883,497.2799987792969,-0.015950949862599373
1108,-0.001037241076119244,-0.0025340255815535784,0.0032219747081398964,-2.301995323250594e-07,9.999999974752427e-07,-0.0007936508627608418,5.0000002374872565e-05,2.4610821469650546e-07,0.0,0.01250542514026165,0.0,0.9874945878982544,27.902137756347656,9.999999747378752e-06,-0.001546610496006906,0.0003641621151473373,0.02500000037252903,0.003968254197388887,0.25040194392204285,0.0,0.0,0.0,0.0,7.3013739585876465,0.15047883987426758,9893.0,8.199180603027344,497.32000732421875,-0.025855228304862976
1109,-0.0010442897910252213,-0.002956446958705783,0.0032338483724743128,-9.122437063524558e-07,1.0949074749078136e-06,-0.003703703870996833,4.351852476247586e-05,4.4804799870235e-08,0.0,0.0125732421875,0.0,0.9874267578125,27.910425186157227,9.999999747378752e-06,-0.0011746693635359406,0.0004490213468670845,0.021759260445833206,0.018518518656492233,0.2526090145111084,0.0,0.0,0.0,0.0,6.920703887939453,0.14834809303283691,10429.0,8.209195137023926,497.7799987792969,-0.018660934641957283
1110,-0.0010401412146165967,-0.0017609460046514869,0.0031118260230869055,0.0,1.5873015968281834e-07,0.0,7.936508154671174e-06,0.0,0.0,0.01142035610973835,0.0,0.9885796308517456,27.917470932006836,0.0012974634300917387,-0.009250393137335777,4.8912925194599666e-06,0.003968254197388887,0.0,0.2513057291507721,0.0,0.0,0.0,0.0,6.914250373840332,0.1490793228149414,10438.0,8.21227741241455,500.0,0.004268688149750233
1111,-0.001024864031933248,-0.001542243524454534,0.003070373088121414,-7.604819529660745e-07,2.319444320164621e-06,0.0,7.500000356230885e-05,2.07011296993187e-07,0.0,0.011189778335392475,0.0,0.9888102412223816,27.91865348815918,0.0005766503745689988,-0.010965157300233841,0.0001712643716018647,0.03749999776482582,0.0,0.2564716935157776,0.0,0.0,0.0,0.0,7.290009498596191,0.15469050407409668,9903.0,8.21232795715332,500.0,0.00687174778431654
1112,-0.001031257794238627,-0.0015280635561794043,0.0031942196656018496,-5.34593709744513e-07,1.7500000240033842e-06,0.0,5.617284477921203e-05,2.0281102308672416e-07,0.0,0.010009765625,0.0,0.989990234375,27.91844940185547,9.999999747378752e-06,-0.00877334363758564,2.1072979507152922e-05,0.02808642014861107,0.0,0.24387042224407196,0.0,0.0,0.0,0.0,6.906334400177002,0.16544604301452637,10425.0,8.215177536010742,500.0,0.005114608909934759
1113,-0.0010528255952522159,-0.0029516108334064484,0.0031629607547074556,-1.482247427020411e-07,4.960317596669483e-07,-0.0011111112544313073,1.4880953131068964e-05,8.43179606135891e-08,0.0,0.008938259445130825,0.0,0.9910617470741272,27.923973083496094,0.0012974634300917387,-0.001530905719846487,0.00010651508637238294,0.0074404762126505375,0.0055555556900799274,0.25130972266197205,0.0,0.0,0.0,0.0,7.237442493438721,0.14928650856018066,9981.0,8.229596138000488,500.0,0.0032391741406172514
1114,-0.0010610305471345782,-0.0018616057932376862,0.0033269927371293306,-1.358237796011963e-06,2.7500002488523023e-06,-0.0009259259677492082,9.814815712161362e-05,8.854291166926487e-08,0.0,0.00849066860973835,0.0,0.9915093183517456,27.945146560668945,9.999999747378752e-06,0.00030780292581766844,0.00040017603896558285,0.049074072390794754,0.004629629664123058,0.249412402510643,0.0,0.0,0.0,0.0,7.043195724487305,0.1474161148071289,10253.0,8.242195129394531,497.1700134277344,-0.017946919426321983
1115,-0.0010645240545272827,-0.0018631132552400231,0.0032339461613446474,-1.332519104835228e-06,1.648148099775426e-06,-0.0007936508627608418,8.703704224899411e-05,1.5188190616299835e-07,0.0,0.00788031704723835,0.0,0.9921196699142456,27.95761489868164,0.0019461950287222862,-0.00190060306340456,0.00040757094393484294,0.04351852461695671,0.003968254197388887,0.2509002685546875,0.0,0.0,0.0,0.0,6.749078750610352,0.1822514533996582,10636.0,8.270482063293457,495.6300048828125,-0.016302060335874557
1116,-0.0010547220008447766,-0.001972889294847846,0.0031859909649938345,-4.260625985352817e-07,1.342592668152065e-06,-0.0018055556574836373,6.481481977971271e-05,0.0,0.0,0.008409288711845875,0.0,0.9915907382965088,27.98965072631836,9.999999747378752e-06,-0.0022188150323927402,0.0008366894908249378,0.03240741044282913,0.00902777723968029,0.2531842589378357,0.0,0.0,0.0,0.0,7.231234550476074,0.14843177795410156,9990.0,8.284383773803711,497.70001220703125,-0.04344695061445236
1117,-0.001069411402568221,-0.002739385701715946,0.0033306388650089502,-7.528231549258635e-07,2.860449512809282e-06,-0.0011111112544313073,8.664021879667416e-05,0.0,0.0,0.009263780899345875,0.0,0.9907362461090088,27.998626708984375,0.0019461950287222862,-0.0014344083610922098,0.00018391874618828297,0.04332010820508003,0.0055555556900799274,0.2576272487640381,0.0,0.0,0.0,0.0,7.598039150238037,0.149430513381958,9516.0,8.305684089660645,500.0,-0.01023936364799738
1118,-0.0010556030320003629,-0.0020096537191420794,0.0032076681964099407,-2.5034154305103584e-07,1.351851892650302e-06,-0.0035714288242161274,8.51851946208626e-05,0.0,0.0,0.0094129778444767,0.0,0.990587055683136,28.023496627807617,9.999999747378752e-06,-0.0011118337279185653,0.0006841928116045892,0.042592596262693405,0.01785714365541935,0.24618418514728546,0.0,0.0,0.0,0.0,7.460322380065918,0.18993759155273438,9637.0,8.31753921508789,497.3599853515625,-0.018708785995841026
1119,-0.0010647648014128208,-0.002275225706398487,0.0032918851356953382,-3.651855138286919e-07,1.0218253692073631e-06,-0.0034722222480922937,2.8769842174369842e-05,0.0,0.0,0.0090467669069767,0.0,0.990953266620636,28.029613494873047,9.999999747378752e-06,-0.002803083276376128,0.0011597034754231572,0.014384920708835125,0.0173611119389534,0.24770529568195343,0.0,0.0,0.0,0.0,8.057089805603027,0.16631317138671875,8965.0,8.3257417678833,499.5400085449219,-0.016217214986681938
1120,-0.001069036079570651,-0.0023681670427322388,0.003294514724984765,-3.0628607419203036e-06,2.60912679550529e-06,-0.0027777778450399637,9.589947876520455e-05,2.0703482732642442e-05,0.0,0.008829752914607525,0.0,0.9911702275276184,28.039623260498047,9.999999747378752e-06,-0.0017230990342795849,0.0007174410857260227,0.047949738800525665,0.013888888992369175,0.2495022863149643,0.0,0.0,0.0,0.0,7.6600470542907715,0.1462099552154541,9444.0,8.335899353027344,495.739990234375,-0.015794696286320686
1121,-0.001070719794370234,-0.003191061085090041,0.0032144617289304733,-1.0834604324827524e-07,1.3267195981825353e-06,-0.002500000176951289,6.719577504554763e-05,2.078618877021654e-07,0.0,0.008938259445130825,0.0,0.9910617470741272,28.04746437072754,0.0005766503745689988,-0.0023901602253317833,0.0007688356563448906,0.033597882837057114,0.012500000186264515,0.2537281811237335,0.0,0.0,0.0,0.0,7.179306983947754,0.1539473533630371,10053.0,8.343429565429688,499.3900146484375,-0.04792417213320732
1122,-0.0010661599226295948,-0.0025325375609099865,0.003183830063790083,-5.63696630706545e-07,3.1137565201788675e-06,-0.004629629664123058,0.00010701058636186644,3.920424873626871e-09,0.0,0.009033203125,0.0,0.990966796875,28.060754776000977,9.999999747378752e-06,-0.0021831518970429897,0.0008021146641112864,0.05350529029965401,0.023148149251937866,0.24926522374153137,0.0,0.0,0.0,0.0,7.000166416168213,0.15016555786132812,10311.0,8.354695320129395,499.05999755859375,-0.04468296468257904
1123,-0.0010716186370700598,-0.00333588570356369,0.0032969575840979815,-5.0698878339972e-07,1.2615740843102685e-06,-0.004960317630320787,6.712963659083471e-05,2.328338041479583e-06,0.0,0.010335286147892475,0.0,0.9896647334098816,28.066574096679688,3.3749998692655936e-05,-0.0020889972802251577,0.0010836018482223153,0.033564817160367966,0.0248015895485878,0.2469213604927063,0.0,0.0,0.0,0.0,7.028753280639648,0.1798405647277832,10227.0,8.361440658569336,497.2200012207031,-0.06899936497211456
1124,-0.0010643982095643878,-0.0035694933030754328,0.003248704131692648,-2.8133598561908e-07,1.2129629567425582e-06,-0.0031481485348194838,6.587302050320432e-05,0.0,0.0,0.01166449673473835,0.0,0.9883354902267456,28.077560424804688,0.0012974634300917387,-0.0021259381901472807,0.0008013110491447151,0.03293650597333908,0.015740741044282913,0.2513574957847595,0.0,0.0,0.0,0.0,7.480777740478516,0.14810729026794434,9664.0,8.381150245666504,499.9800109863281,-0.022443531081080437
1125,-0.0010639505926519632,-0.002356765093281865,0.003253036877140403,-7.871818183957657e-07,4.7996031753427815e-06,-0.0033399472013115883,0.00014140212442725897,8.740258294892556e-07,0.0,0.01318359375,0.0,0.98681640625,28.09729766845703,9.999999747378752e-06,-0.0006390220951288939,0.0010477307951077819,0.07070105522871017,0.016699736937880516,0.2529072165489197,0.0,0.0,0.0,0.0,7.582618713378906,0.14939260482788086,9535.0,8.38945198059082,497.3299865722656,-0.037049550563097
1126,-0.0010594086488708854,-0.002439258387312293,0.00324065238237381,-2.3961265469552018e-06,2.257275127703906e-06,-0.004559083376079798,0.00011318342876620591,3.657135039247805e-07,0.0,0.015123155899345875,0.0,0.9848768711090088,28.102397918701172,9.999999747378752e-06,-0.00317578692920506,0.001822986756451428,0.0565917082130909,0.0227954164147377,0.2473209947347641,0.0,0.0,0.0,0.0,7.425191402435303,0.17581582069396973,9699.0,8.395950317382812,497.4700012207031,-0.11187935620546341
1127,-0.0010662677232176065,-0.003242458449676633,0.0031994872260838747,-5.584706741501577e-07,2.6851851089304546e-06,-0.0021825397852808237,0.00011018518853234127,3.8009991953913413e-07,0.0,0.0164659284055233,0.0,0.9835340976715088,28.109098434448242,9.999999747378752e-06,-0.0027516521513462067,0.0007560923113487661,0.05509259179234505,0.010912698693573475,0.25369635224342346,0.0,0.0,0.0,0.0,7.265369415283203,0.15031862258911133,9942.0,8.401849746704102,499.1700134277344,-0.060546670109033585
1128,-0.0010534455068409443,-0.0031887677032500505,0.00323389726690948,-5.582640483225987e-07,1.8796296217260533e-06,-0.0022045858204364777,5.4629635997116566e-05,0.0,0.0,0.017333984375,0.0,0.982666015625,28.1169376373291,9.999999747378752e-06,-0.002267891075462103,0.00048444446292705834,0.027314815670251846,0.011022929102182388,0.25129806995391846,0.0,0.0,0.0,0.0,7.447157859802246,0.16553235054016113,9684.0,8.411239624023438,499.239990234375,-0.03493310138583183
1129,-0.0010568680008873343,-0.002351863542571664,0.003302431432530284,-5.005464913665492e-07,1.0238095455861185e-06,-0.001410934841260314,5.1984130550408736e-05,0.0,0.0,0.01775444857776165,0.0,0.9822455644607544,28.12995719909668,0.0008649755618534982,-0.0024342453107237816,0.001161005231551826,0.02599206380546093,0.007054673973470926,0.2502780556678772,0.0,0.0,0.0,0.0,6.99538516998291,0.14909625053405762,10319.0,8.432920455932617,499.70001220703125,-0.0453726127743721
1130,-0.0010572317987680435,-0.0025065867230296135,0.0032843383960425854,-3.271956359185424e-07,2.986110985148116e-06,-0.0013888889225199819,8.333333244081587e-05,5.379940404282024e-08,0.0,0.0182020403444767,0.0,0.981797993183136,28.15873146057129,0.0019461950287222862,-0.0015912570524960756,0.0004353834083303809,0.0416666679084301,0.0069444444961845875,0.2553168535232544,0.0,0.0,0.0,0.0,6.584259986877441,0.1553053855895996,10939.0,8.465858459472656,496.4200134277344,-0.022616202011704445
1131,-0.0010536981280893087,-0.004847628064453602,0.0032444533426314592,-5.081460017208883e-07,2.2500000795844244e-06,-0.007129629608243704,9.166667587123811e-05,9.615905582904816e-08,0.0,0.0175916887819767,0.0,0.982408344745636,28.18143653869629,9.999999747378752e-06,-0.002949317917227745,0.0011064333375543356,0.04583333432674408,0.035648148506879807,0.2510206997394562,0.0,0.0,0.0,0.0,7.407365798950195,0.15157604217529297,9753.0,8.47201919555664,498.5799865722656,-0.07211315631866455
1132,-0.0010391577379778028,-0.003057240741327405,0.0032013640739023685,-2.67360451289278e-06,2.861111170204822e-06,-0.007407407741993666,0.0001120370434364304,2.0132089773028383e-08,0.0,0.01909722201526165,0.0,0.9809027910232544,28.18839454650879,9.999999747378752e-06,-0.0037778543774038553,0.0016973362071439624,0.05601852014660835,0.03703703731298447,0.25065386295318604,0.0,0.0,0.0,0.0,7.066414833068848,0.15202665328979492,10213.0,8.484830856323242,496.3900146484375,-0.11314991861581802
1133,-0.001048221834935248,-0.0029645429458469152,0.0032397061586380005,-8.927220846999262e-07,2.0932538973283954e-06,-0.004960317630320787,8.630952652310953e-05,0.0,0.0,0.02020941860973835,0.0,0.9797905683517456,28.20028305053711,9.999999747378752e-06,-0.0031973612494766712,0.0016385487979277968,0.0431547649204731,0.0248015895485878,0.2492685616016388,0.0,0.0,0.0,0.0,7.4459686279296875,0.15668964385986328,9697.0,8.4944429397583,497.2300109863281,-0.06643213331699371
1134,-0.001039008260704577,-0.0025751888751983643,0.0031933255959302187,-5.66617757158383e-07,3.2561729312874377e-06,-0.005485009402036667,0.00010617284715408459,2.747722476215131e-07,0.0,0.02152506448328495,0.0,0.9784749150276184,28.211984634399414,0.0012974634300917387,-0.003330643754452467,0.0017338563920930028,0.05308641865849495,0.027425045147538185,0.2515611946582794,0.0,0.0,0.0,0.0,7.776444435119629,0.14940547943115234,9302.0,8.514264106750488,498.4100036621094,-0.06533963233232498
1135,-0.001045222976244986,-0.0029399606864899397,0.003034337656572461,-1.1207256420675549e-06,1.3346559626370436e-06,-0.0020370371639728546,6.071429015719332e-05,0.0,0.0,0.02229817770421505,0.0,0.9777018427848816,28.236312866210938,9.999999747378752e-06,-0.0004472690634429455,0.0016081011854112148,0.03035714291036129,0.010185185819864273,0.2541854977607727,0.0,0.0,0.0,0.0,7.33116340637207,0.14789319038391113,9857.0,8.528117179870605,499.8800048828125,-0.05113906413316727
1136,-0.0010463619837537408,-0.002990988316014409,0.003059972310438752,-5.399094334279653e-06,4.721560799225699e-06,0.0,0.0001492063602199778,2.224557107410874e-07,0.0,0.02216254360973835,0.0,0.9778374433517456,28.243391036987305,0.0019461950287222862,-0.0061227320693433285,0.00012282024545129389,0.07460317760705948,0.0,0.2510773837566376,0.0,0.0,0.0,0.0,7.3018999099731445,0.17759108543395996,9857.0,8.537580490112305,500.0,-0.009813121519982815
1137,-0.001033980748616159,-0.0026822583749890327,0.003002764889970422,-3.1276015306502813e-06,7.268518402270274e-06,0.0,0.00018055556574836373,0.0,0.0,0.01982964389026165,0.0,0.9801703691482544,28.25313949584961,0.0029192925430834293,-0.00931137427687645,7.47395315556787e-05,0.0902777761220932,0.0,0.2499251365661621,0.0,0.0,0.0,0.0,6.989421844482422,0.15978550910949707,10312.0,8.543366432189941,500.0,-0.004510760772973299
1138,-0.001027498161420226,-0.0026999327819794416,0.0028506298549473286,-2.4555474738008343e-06,5.12103179062251e-06,-0.0013888889225199819,0.00015939155127853155,1.3456711940307287e-06,0.0,0.0184326171875,0.0,0.9815673828125,28.257415771484375,9.999999747378752e-06,0.005002825986593962,0.00026492110919207335,0.07969576865434647,0.0069444444961845875,0.24912762641906738,0.0,0.0,0.0,0.0,7.136038303375244,0.18320989608764648,10073.0,8.546978950500488,500.0,-0.006890566553920507
1139,-0.0010322609450668097,-0.0026034258771687746,0.0028861293103545904,-1.6663967699059867e-06,3.8935181692068e-06,0.0,0.0001301587326452136,0.0,0.0,0.01692708395421505,0.0,0.9830729365348816,28.25834846496582,0.0012974634300917387,-0.009700126945972443,4.99419502375531e-06,0.06507936865091324,0.0,0.24420298635959625,0.0,0.0,0.0,0.0,7.025092601776123,0.18019819259643555,10232.0,8.544756889343262,500.0,-0.005167041905224323
1140,-0.0010113330790773034,-0.002845372073352337,0.002857197541743517,-3.583680836527492e-06,6.206568741617957e-06,-0.00592592591419816,0.00017768960969988257,3.611436341088847e-07,0.0,0.0152587890625,0.0,0.9847412109375,28.25542640686035,9.999999747378752e-06,-0.003344971686601639,0.0015812648925930262,0.08884480595588684,0.029629627242684364,0.2453262358903885,0.0,0.0,0.0,0.0,7.232118606567383,0.14761972427368164,9990.0,8.546235084533691,489.17999267578125,-0.08616314083337784
1141,-0.0010301946895197034,-0.0030590728856623173,0.0028822687454521656,-2.4172888970497297e-06,5.476520982483635e-06,-0.002698412863537669,0.00020667990611400455,3.619890378558921e-07,0.0,0.01506890170276165,0.0,0.9849311113357544,28.259902954101562,0.00038443360244855285,-0.002440956886857748,0.0011860482627525926,0.10333994776010513,0.01349206455051899,0.25019416213035583,0.0,0.0,0.0,0.0,7.189145088195801,0.17011690139770508,10018.0,8.556291580200195,490.80999755859375,-0.06728704273700714
1142,-0.0010165838757529855,-0.0029877633787691593,0.002911799820140004,-3.4726119793049293e-06,4.074073785886867e-06,-0.00731481472030282,0.00017500000831205398,1.84629541877257e-07,0.0,0.0171983502805233,0.0,0.9828016757965088,28.279294967651367,9.999999747378752e-06,-0.00297449785284698,0.0016619026428088546,0.08750000596046448,0.03657407686114311,0.2541102468967438,0.0,0.0,0.0,0.0,7.495937347412109,0.15135478973388672,9641.0,8.575546264648438,494.44000244140625,-0.050040919333696365
1143,-0.0010133108589798212,-0.002721938770264387,0.003035337897017598,-3.7589145449601347e-06,5.162698471394833e-06,-0.0069444444961845875,0.0001773809635778889,2.3974726559572446e-07,0.0,0.0179307721555233,0.0,0.9820692539215088,28.29111671447754,0.0012974634300917387,-0.002403173130005598,0.0007055172463878989,0.08869048207998276,0.0347222238779068,0.25402089953422546,0.0,0.0,0.0,0.0,7.51530647277832,0.1497805118560791,9618.0,8.595357894897461,495.9700012207031,-0.025793753564357758
1144,-0.0010178886586800218,-0.0030303397215902805,0.00296793133020401,-4.703302238340257e-06,2.8988094982196344e-06,-0.005423280876129866,0.00013994710752740502,1.594350464984018e-07,0.0,0.01864963211119175,0.0,0.9813503623008728,28.32328224182129,9.999999747378752e-06,-0.001400491688400507,0.0026605604216456413,0.06997355073690414,0.027116401121020317,0.24990081787109375,0.0,0.0,0.0,0.0,7.167184352874756,0.14931106567382812,10076.0,8.621489524841309,493.1300048828125,-0.04713968187570572
1145,-0.0010230427142232656,-0.003193991957232356,0.0029307217337191105,-4.214758973830612e-06,8.763888217799831e-06,-0.002500000176951289,0.00025304235168732703,4.984270276509051e-07,0.0,0.0189208984375,0.0,0.9810791015625,28.340869903564453,0.0029192925430834293,-0.001723816734738648,0.000825185445137322,0.12652117013931274,0.012500000186264515,0.24956420063972473,0.0,0.0,0.0,0.0,8.011444091796875,0.15030622482299805,9033.0,8.66154956817627,495.510009765625,-0.030483007431030273
1146,-0.0010187169536948204,-0.003239304991438985,0.002998616546392441,-1.5563233546345145e-06,6.375991688400973e-06,-0.006812169682234526,0.00014411377196665853,0.0,0.0,0.01935492642223835,0.0,0.9806450605392456,28.385498046875,9.999999747378752e-06,-0.002164565958082676,0.0036427327431738377,0.07205688208341599,0.034060850739479065,0.2502480149269104,0.0,0.0,0.0,0.0,7.319619655609131,0.1668860912322998,9848.0,8.682605743408203,487.07000732421875,-0.06980627030134201
1147,-0.0010021945927292109,-0.0030123938340693712,0.00304536079056561,-4.77531239084783e-06,2.7562830382521497e-06,-0.00908068846911192,0.0001283068850170821,5.859973271071794e-07,0.0,0.01984320767223835,0.0,0.9801567792892456,28.391401290893555,9.999999747378752e-06,-0.0033692140132188797,0.0026885319966822863,0.06415344774723053,0.04540343955159187,0.25010305643081665,0.0,0.0,0.0,0.0,7.4109907150268555,0.1584157943725586,9740.0,8.688444137573242,486.7699890136719,-0.08841273933649063
1148,-0.0010357589926570654,-0.003013485111296177,0.0030443358700722456,-2.691344207050861e-06,4.652116331271827e-06,0.0,0.00016812171088531613,0.0,0.0,0.01908365823328495,0.0,0.9809163212776184,28.396940231323242,0.0008649755618534982,-0.007461976259946823,8.316763342008926e-06,0.08406084775924683,0.0,0.24699926376342773,0.0,0.0,0.0,0.0,6.7256340980529785,0.14997291564941406,10723.0,8.695586204528809,500.0,-0.007705358322709799
1149,-0.0010274462401866913,-0.0029592406935989857,0.003050929633900523,-1.0718317753344309e-06,3.6111107419856125e-06,-0.0009259259677492082,9.722222603159025e-05,0.0,0.0,0.01806640625,0.0,0.98193359375,28.414579391479492,0.0029192925430834293,-0.0018447949551045895,0.00020146608585491776,0.0486111119389534,0.004629629664123058,0.2552291750907898,0.0,0.0,0.0,0.0,7.305455207824707,0.14996647834777832,9889.0,8.732714653015137,500.0,-0.006943515036255121
1150,-0.0010394509881734848,-0.003019697731360793,0.0031841336749494076,-2.06369008992624e-06,5.712962774850894e-06,-0.0011111112544313073,0.00018617726163938642,4.99477973789908e-05,0.0,0.01764594204723835,0.0,0.9823540449142456,28.444414138793945,9.999999747378752e-06,-0.00021501739684026688,0.0004042415239382535,0.09308862686157227,0.0055555556900799274,0.2527918815612793,0.0,0.0,0.0,0.0,7.442342758178711,0.1767561435699463,9676.0,8.744220733642578,496.17999267578125,-0.028572069481015205
1151,-0.0010380283929407597,-0.003349998267367482,0.003201128914952278,-8.732353308005258e-06,3.1507938729191665e-06,-0.002314814832061529,9.880952711682767e-05,5.419677790996502e-07,0.0,0.01864963211119175,0.0,0.9813503623008728,28.453365325927734,1.4999999621068127e-05,-0.0015754828928038478,0.0004606347647495568,0.04940475896000862,0.011574074625968933,0.24832715094089508,0.0,0.0,0.0,0.0,6.7361602783203125,0.16474342346191406,10683.0,8.759979248046875,495.5799865722656,-0.03367075324058533
1152,-0.0009975635912269354,-0.004088836256414652,0.0031396173872053623,-1.2921032976009883e-05,1.1419641850807238e-05,-0.007460317574441433,0.0002519841364119202,2.6060697564389557e-06,0.0,0.0196804478764534,0.0,0.9803195595741272,28.467966079711914,0.0012974634300917387,-0.0035494992043823004,0.0015825059963390231,0.1259920597076416,0.03730158880352974,0.24466080963611603,0.0,0.0,0.0,0.0,7.718941688537598,0.17211294174194336,9343.0,8.778772354125977,489.3900146484375,-0.09985027462244034
1153,-0.0010192986810579896,-0.003781793871894479,0.0030979264993220568,-7.114177606126759e-06,4.962962520949077e-06,-0.004219577182084322,0.0001409391697961837,2.411528043921862e-07,0.0,0.02239312045276165,0.0,0.9776068925857544,28.494586944580078,5.062499985797331e-05,-0.0031303251162171364,0.0012115479912608862,0.07046958059072495,0.021097883582115173,0.25281745195388794,0.0,0.0,0.0,0.0,7.563066482543945,0.1536712646484375,9554.0,8.798795700073242,490.25,-0.07787033915519714
1154,-0.0010213457280769944,-0.003587850369513035,0.003177846549078822,-2.7749983928515576e-06,8.58597741171252e-06,-0.0009259259677492082,0.000168738974025473,1.8545607360920258e-07,0.0,0.0228135846555233,0.0,0.9771864414215088,28.506793975830078,0.0012974634300917387,-0.002664207946509123,0.0004141099052503705,0.08436949551105499,0.004629629664123058,0.2489231675863266,0.0,0.0,0.0,0.0,7.420087814331055,0.15135836601257324,9737.0,8.819653511047363,495.79998779296875,-0.03303583711385727
1155,-0.0010362963657826185,-0.0037849743384867907,0.003122844733297825,-4.485837507672841e-06,9.650792890170123e-06,0.0,0.0002506613964214921,4.196867848804686e-07,0.0,0.0213487409055233,0.0,0.9786512851715088,28.53350830078125,0.0029192925430834293,-0.011509313248097897,8.63882087287493e-06,0.12533068656921387,0.0,0.24684005975723267,0.0,0.0,0.0,0.0,7.4194746017456055,0.16361761093139648,9722.0,8.841852188110352,500.0,-0.012250587344169617
1156,-0.001018930459395051,-0.00368927582167089,0.0030565839260816574,-2.8842093797720736e-06,4.784391876455629e-06,0.0,0.00020670196681749076,4.267627446097322e-06,0.0,0.0180799700319767,0.0,0.981920063495636,28.53986358642578,9.999999747378752e-06,-0.004869453143328428,9.650241736380849e-06,0.10335097461938858,0.0,0.24778151512145996,0.0,0.0,0.0,0.0,6.844263076782227,0.14864444732666016,10543.0,8.8451509475708,500.0,-0.014047525823116302
1157,-0.0010175355710089207,-0.004049728158861399,0.003316702786833048,-1.4856021152809262e-05,9.128306373895612e-06,-0.008796296082437038,0.00027698412304744124,0.0,0.0,0.0178087018430233,0.0,0.9821913242340088,28.546518325805664,0.0012974634300917387,-0.003093109931796789,0.0007227471796795726,0.13849206268787384,0.04398148134350777,0.2509319484233856,0.0,0.0,0.0,0.0,7.249906539916992,0.14890789985656738,9964.0,8.86285400390625,492.4800109863281,-0.07481168955564499
1158,-0.001048024743795395,-0.0034677651710808277,0.0033164634369313717,-1.786259076652641e-06,4.886243459623074e-06,-0.0011111112544313073,0.00016818784934002906,5.538187792808458e-07,0.0,0.01755099929869175,0.0,0.9824489951133728,28.56414222717285,9.999999747378752e-06,0.0021520506124943495,0.0001862056669779122,0.08409391343593597,0.0055555556900799274,0.25329428911209106,0.0,0.0,0.0,0.0,6.415525913238525,0.14816975593566895,11232.0,8.869741439819336,497.2699890136719,-0.030928490683436394
1159,-0.0010236470261588693,-0.0035018036141991615,0.0033199009485542774,-2.066804427158786e-06,4.031084245070815e-06,-0.002279202453792095,0.00013941801444161683,6.067797585274093e-06,0.0,0.0172390416264534,0.0,0.9827609658241272,28.570844650268555,0.0012974634300917387,-0.0024853399954736233,0.0008140041027218103,0.06970899552106857,0.011396011337637901,0.2530352771282196,0.0,0.0,0.0,0.0,7.470294952392578,0.16685175895690918,9653.0,8.887381553649902,491.4200134277344,-0.05157284066081047
1160,-0.0010350090451538563,-0.003372305305674672,0.0032012604642659426,-1.0571970960882027e-06,2.6884918042924255e-06,-0.002500000176951289,7.235450175357983e-05,6.254661570892495e-07,0.0,0.01531304232776165,0.0,0.9846869707107544,28.597150802612305,9.999999747378752e-06,-0.0005143830785527825,0.0002443597186356783,0.036177247762680054,0.012500000186264515,0.2497478872537613,0.0,0.0,0.0,0.0,7.483007907867432,0.17688369750976562,9625.0,8.907099723815918,495.1300048828125,-0.05237715691328049
1161,-0.001038531307131052,-0.003650970757007599,0.0029761185869574547,-3.5438054055703105e-06,5.779761977464659e-06,-0.0011111112544313073,0.00022599207295570523,1.2574951142596547e-06,0.0,0.013468424789607525,0.0,0.9865315556526184,28.609241485595703,0.0019461950287222862,-0.002327603055164218,0.00043970526894554496,0.11299603432416916,0.0055555556900799274,0.24871127307415009,0.0,0.0,0.0,0.0,7.93156623840332,0.1547105312347412,9117.0,8.933863639831543,495.5,-0.03437863290309906
1162,-0.0010400412138551474,-0.004033701494336128,0.0029484580736607313,-1.8999391613760963e-05,3.0687831440445734e-06,-0.00384259270504117,0.00017281746841035783,1.567726570783634e-08,0.0,0.01349555142223835,0.0,0.9865044355392456,28.638015747070312,9.999999747378752e-06,-0.0018942872993648052,0.0009071120293810964,0.08640872687101364,0.019212963059544563,0.24592484533786774,0.0,0.0,0.0,0.0,7.469098091125488,0.15146207809448242,9674.0,8.948076248168945,491.32000732421875,-0.05626753345131874
1163,-0.0010274717351421714,-0.0032508019357919693,0.0029139986727386713,-4.899724899587454e-06,3.174603079969529e-06,-0.0020370371639728546,0.00013386244245339185,1.0074194278786308e-07,0.0,0.014119465835392475,0.0,0.9858805537223816,28.647890090942383,0.0019461950287222862,-0.002807416021823883,0.0004068360140081495,0.06693122535943985,0.010185185819864273,0.24924932420253754,0.0,0.0,0.0,0.0,7.667675971984863,0.1505451202392578,9430.0,8.97319221496582,497.5799865722656,-0.030315767973661423
1164,-0.001051030121743679,-0.0037193521857261658,0.0030286391265690327,-2.1360465325415134e-06,2.3316799797612475e-06,-0.002314814832061529,0.00012228837294969708,1.18604987164872e-06,0.0,0.014987521804869175,0.0,0.9850124716758728,28.676769256591797,9.999999747378752e-06,-0.00047256419202312827,0.0003716522769536823,0.061144180595874786,0.011574074625968933,0.2553808391094208,0.0,0.0,0.0,0.0,7.578615188598633,0.1522669792175293,9536.0,8.988232612609863,497.4599914550781,-0.03472895547747612
1165,-0.0010392297990620136,-0.0035541297402232885,0.003064807504415512,-2.721131068028626e-06,2.6600530418363633e-06,-0.005423280410468578,0.00012605820666067302,8.423047574979137e-07,0.0,0.01482476107776165,0.0,0.9851752519607544,28.686670303344727,0.0019461950287222862,-0.003342020558193326,0.00043321112752892077,0.06302910298109055,0.027116402983665466,0.24949386715888977,0.0,0.0,0.0,0.0,7.242730140686035,0.1511821746826172,9971.0,9.013426780700684,492.1400146484375,-0.07819310575723648
1166,-0.0010096220066770911,-0.0039440942928195,0.002923124236986041,-1.6473032928843168e-06,2.9880950478400337e-06,-0.009212963283061981,0.00010753967944765463,4.706469951543113e-07,0.0,0.01519097201526165,0.0,0.9848090410232544,28.713882446289062,9.999999747378752e-06,0.003189066192135215,0.00024927363847382367,0.05376984179019928,0.046064816415309906,0.25007936358451843,0.0,0.0,0.0,0.0,7.726790428161621,0.18503212928771973,9318.0,9.02918815612793,492.1700134277344,-0.07597529143095016
1167,-0.0010150602320209146,-0.0034869122318923473,0.002901708474382758,-3.627080332080368e-06,3.285714228695724e-06,-0.007824075408279896,0.00014920634566806257,2.476852785093797e-07,0.0,0.015299479477107525,0.0,0.9847005009651184,28.724105834960938,0.0019461950287222862,-0.0031422378960996866,0.0008398818899877369,0.07460317760705948,0.03912036865949631,0.2515055239200592,0.0,0.0,0.0,0.0,7.6714582443237305,0.15277671813964844,9423.0,9.055641174316406,497.260009765625,-0.030917014926671982
1168,-0.0010242301505059004,-0.0043158745393157005,0.0029784992802888155,-3.5156585909135174e-06,3.078703684877837e-06,-0.012636684812605381,0.0001100088338716887,2.105708063027123e-06,0.0,0.0167371965944767,0.0,0.983262836933136,28.75187873840332,9.999999747378752e-06,-0.0029213218949735165,0.0013297731056809425,0.055004410445690155,0.06318341940641403,0.25334808230400085,0.0,0.0,0.0,0.0,7.240883827209473,0.14966487884521484,9975.0,9.070218086242676,480.7699890136719,-0.16166873276233673
1169,-0.0010263061849400401,-0.003207243513315916,0.002964877523481846,-3.870276032102993e-06,5.418320142780431e-06,-0.0029761907644569874,0.00011990741768386215,2.4667826892255107e-07,0.0,0.01897515170276165,0.0,0.9810248613357544,28.761343002319336,0.0019461950287222862,-0.00356144062243402,0.0006670842412859201,0.059953704476356506,0.014880952425301075,0.24659615755081177,0.0,0.0,0.0,0.0,7.425877571105957,0.15236806869506836,9728.0,9.094862937927246,498.0400085449219,-0.03054169751703739
1170,-0.0010139457881450653,-0.0038807776290923357,0.002915407530963421,-3.8166858757904265e-06,4.956790235155495e-06,-0.007129629608243704,0.00015709878061898053,1.1143016820369667e-07,0.0,0.0214979387819767,0.0,0.978502094745636,28.788959503173828,9.999999747378752e-06,0.0037309995386749506,0.0005341892829164863,0.07854937762022018,0.035648152232170105,0.24642954766750336,0.0,0.0,0.0,0.0,7.543630599975586,0.14852070808410645,9584.0,9.112237930297852,494.2799987792969,-0.07740172743797302
1171,-0.000996428425423801,-0.004290702287107706,0.003048207610845566,-2.0471041750624863e-07,7.407407451864856e-07,-0.01615740917623043,3.4391538065392524e-05,8.459587093057053e-07,0.0,0.0224473737180233,0.0,0.9775526523590088,28.795459747314453,0.0019461950287222862,-0.003345482051372528,0.0002800768706947565,0.017195768654346466,0.0807870402932167,0.24940483272075653,0.0,0.0,0.0,0.0,7.394266128540039,0.15177059173583984,9770.0,9.126564025878906,488.7799987792969,-0.11714084446430206
1172,-0.0010545591358095407,-0.004817696753889322,0.003048475133255124,-4.584547696140362e-06,5.77050286665326e-06,-0.008201058954000473,0.00017989418120123446,2.0112252059334423e-06,0.0,0.02457682229578495,0.0,0.9754231572151184,28.810077667236328,9.999999747378752e-06,0.016833219677209854,0.0006427470943890512,0.08994708955287933,0.04100529104471207,0.25877681374549866,0.0,0.0,0.0,0.0,7.352510452270508,0.14947295188903809,9827.0,9.13370132446289,492.7699890136719,-0.1328253448009491
1173,-0.0010495648020878434,-0.003705715062096715,0.003032650100067258,-1.319180773862172e-05,6.898504580021836e-06,-0.010092592798173428,0.00018447295587975532,5.0085240218322724e-05,0.0,0.0267333984375,0.0,0.9732666015625,28.81583595275879,1.4999999621068127e-05,-0.002803109586238861,0.000659629178699106,0.0922364741563797,0.050462961196899414,0.24932003021240234,0.0,0.0,0.0,0.0,7.211958885192871,0.1797642707824707,9974.0,9.144590377807617,498.4200134277344,-0.052850719541311264
1174,-0.001014168024994433,-0.003971284721046686,0.0030769850127398968,-2.252203103125794e-06,6.4100531744770706e-06,-0.007380953524261713,9.880952711682767e-05,9.078325291511646e-08,0.0,0.03000217117369175,0.0,0.9699978232383728,28.83002281188965,0.0019461950287222862,-0.003421116154640913,0.0005324370577000082,0.04940475896000862,0.03690476343035698,0.24997247755527496,0.0,0.0,0.0,0.0,7.280112266540527,0.15120744705200195,9921.0,9.170933723449707,492.7099914550781,-0.07736276835203171
1175,-0.0010451080743223429,-0.0032880851067602634,0.0030643963254988194,-4.9941490942728706e-06,3.1437386951438384e-06,-0.001719576888717711,0.00011673281551338732,1.172414343386663e-07,0.0,0.0305311419069767,0.0,0.969468891620636,28.87923240661621,0.004378939047455788,-0.004142404068261385,0.024465568363666534,0.058366406708955765,0.008597884327173233,0.25540241599082947,0.0,0.0,0.0,0.0,8.12903118133545,0.17113351821899414,8882.0,9.23691177368164,498.4200134277344,-0.031222067773342133
1176,-0.001045151730068028,-0.003521180944517255,0.002864037174731493,-5.386359134718077e-06,4.828703822568059e-06,-0.004365080036222935,0.00010462963837198913,2.4763514829828637e-06,0.0,0.03082953579723835,0.0,0.9691704511642456,28.91642189025879,9.999999747378752e-06,0.005046129692345858,0.005742194131016731,0.052314817905426025,0.02182539738714695,0.2506907284259796,0.0,0.0,0.0,0.0,7.052823066711426,0.16153550148010254,10219.0,9.250513076782227,492.8599853515625,-0.07711174339056015
1177,-0.0010239685652777553,-0.0030963043682277203,0.002813549479469657,-1.128235680880607e-06,3.448653160376125e-06,-0.005000000353902578,0.00011708755482686684,3.522758902363421e-07,0.0,0.03173828125,0.0,0.96826171875,28.924795150756836,1.4999999621068127e-05,-0.0028185159899294376,0.0008220014860853553,0.05854377523064613,0.02500000037252903,0.2477273941040039,0.0,0.0,0.0,0.0,7.531856536865234,0.15103745460510254,9596.0,9.265687942504883,493.1000061035156,-0.07230696082115173
1178,-0.0010402215411886573,-0.003116919891908765,0.0028901693876832724,-9.85650513030123e-06,9.58333293965552e-06,-0.006256614346057177,0.0002210317470598966,1.965659294000943e-06,0.0,0.0326199010014534,0.0,0.9673801064491272,28.93633460998535,0.0012974634300917387,-0.0027274307794868946,0.0005726648960262537,0.11051587015390396,0.031283069401979446,0.2522425651550293,0.0,0.0,0.0,0.0,7.689851760864258,0.1487576961517334,9405.0,9.281133651733398,491.67999267578125,-0.09224303066730499
1179,-0.0010309804929420352,-0.0028732221107929945,0.0030420576222240925,-1.7430215848435182e-06,7.302909580175765e-06,-0.0007936508627608418,0.00022857144358567894,4.6878071202627325e-07,0.0,0.0335557721555233,0.0,0.9664442539215088,28.95431900024414,9.999999747378752e-06,-0.0019218535162508488,0.00030677468748763204,0.11428570747375488,0.003968254197388887,0.25680363178253174,0.0,0.0,0.0,0.0,7.193055152893066,0.1801455020904541,9999.0,9.292839050292969,497.7200012207031,-0.025979528203606606
1180,-0.0010495801689103246,-0.0031459617894142866,0.003008583327755332,-2.462723614371498e-06,6.886242772452533e-06,-0.003240741090849042,0.00021025133901275694,1.866447973952745e-07,0.0,0.0324978306889534,0.0,0.9675021767616272,28.95917320251465,2.2500000341096893e-05,-0.0012713695177808404,0.00036233372520655394,0.10512566566467285,0.016203705221414566,0.247526615858078,0.0,0.0,0.0,0.0,7.293202877044678,0.14898300170898438,9906.0,9.29910659790039,495.75,-0.027567341923713684
1181,-0.001060333801433444,-0.0028464961796998978,0.0030696860048919916,-1.9701121800608234e-06,3.949404344893992e-06,-0.002314814832061529,0.0001487433910369873,3.534590931053572e-08,0.0,0.0303955078125,0.0,0.9696044921875,28.96794319152832,9.999999747378752e-06,-0.002209555124863982,0.0007964334217831492,0.07437169551849365,0.011574074625968933,0.25132328271865845,0.0,0.0,0.0,0.0,7.3289923667907715,0.14825797080993652,9860.0,9.31074047088623,493.260009765625,-0.046447042375802994
1182,-0.0010587448487058282,-0.0028308804612606764,0.0029754366260021925,-8.684401109348983e-07,2.398147898929892e-06,0.0,6.4197534811683e-05,0.0,0.0,0.02837456576526165,0.0,0.9716254472732544,28.97745132446289,0.0012974634300917387,-0.0061566755175590515,1.1253615411987994e-05,0.032098766416311264,0.0,0.24973437190055847,0.0,0.0,0.0,0.0,6.956336975097656,0.1827082633972168,10327.0,9.324623107910156,500.0,-0.009110440500080585
1183,-0.001066694501787424,-0.0027857141103595495,0.003172716125845909,-1.572342739564192e-06,2.6825396162166726e-06,0.0,8.769841952016577e-05,1.1965278190473327e-07,0.0,0.0252821184694767,0.0,0.974717915058136,29.005512237548828,0.004378939047455788,-0.005448366980999708,2.4912384105846286e-05,0.04384920373558998,0.0,0.24876566231250763,0.0,0.0,0.0,0.0,7.2491960525512695,0.14882731437683105,9965.0,9.370803833007812,500.0,-0.004732194822281599
1184,-0.0010724214371293783,-0.002915864111855626,0.0031183059327304363,-1.9989094823813502e-07,9.753085805641604e-07,-0.003888888983055949,4.38271599705331e-05,0.0,0.0,0.0233154296875,0.0,0.9766845703125,29.040695190429688,9.999999747378752e-06,0.011218888685107231,0.00014594419917557389,0.02191358245909214,0.01944444514811039,0.2446097880601883,0.0,0.0,0.0,0.0,7.107807636260986,0.14902138710021973,10159.0,9.389663696289062,496.9800109863281,-0.029144303873181343
1185,-0.0010678149992600083,-0.002922776620835066,0.002986353822052479,-7.107025226105179e-07,2.238756678707432e-06,-0.0027777778450399637,9.589947876520455e-05,2.0572140613239753e-07,0.0,0.02170138992369175,0.0,0.9782986044883728,29.04838752746582,0.0012974634300917387,-0.0016834288835525513,0.0004322674940340221,0.047949738800525665,0.013888888992369175,0.24848850071430206,0.0,0.0,0.0,0.0,7.056303977966309,0.1514601707458496,10228.0,9.407394409179688,495.3599853515625,-0.029634470120072365
1186,-0.0010854643769562244,-0.0027166674844920635,0.0030156378634274006,-9.601668580216938e-07,2.4206349280575523e-06,-0.0013888889225199819,0.0001117724968935363,0.0,0.0,0.0189073346555233,0.0,0.9810926914215088,29.081745147705078,0.0029192925430834293,-0.002691312925890088,1.6218582459259778e-05,0.05588624253869057,0.0069444444961845875,0.2537976801395416,0.0,0.0,0.0,0.0,6.864789009094238,0.15131235122680664,10508.0,9.450749397277832,497.80999755859375,-0.027677210047841072
1187,-0.0010722368024289608,-0.0025938712060451508,0.0031602743547409773,-7.371264700850588e-07,6.574074404852581e-07,0.0,7.129630103008822e-05,0.0,0.0,0.0164930559694767,0.0,0.983506977558136,29.125139236450195,0.0029192925430834293,-0.005538254044950008,0.0014867173740640283,0.035648148506879807,0.0,0.25053590536117554,0.0,0.0,0.0,0.0,7.185575485229492,0.14948678016662598,10051.0,9.51333999633789,500.0,-0.008797290734946728
1188,-0.0010679704137146473,-0.002227968769147992,0.003175717778503895,-8.868661893757235e-07,1.6931217032833956e-06,0.0,8.994709787657484e-05,0.0,0.0,0.01287163607776165,0.0,0.9871283769607544,29.16374969482422,0.004378939047455788,-0.008047224953770638,0.0030361213721334934,0.044973548501729965,0.0,0.24856016039848328,0.0,0.0,0.0,0.0,7.19122838973999,0.19607234001159668,9980.0,9.538497924804688,500.0,-0.00011961500422330573
1189,-0.0010668991599231958,-0.0023833932355046272,0.003295307280495763,0.0,0.0,0.0,0.0,0.0,0.0,0.0115966796875,0.0,0.9884033203125,29.169309616088867,0.004378939047455788,-0.009920172393321991,0.00016319823043886572,0.0,0.0,0.25000709295272827,0.0,0.0,0.0,0.0,7.257630348205566,0.1523752212524414,9949.0,9.54212760925293,500.0,0.00052542396588251
1190,-0.0010783583857119083,-0.002439624397084117,0.0031951211858540773,-1.9169279141806328e-07,1.1111111319905831e-07,-0.001719576888717711,1.1111112144135404e-05,0.0,0.0,0.00958930142223835,0.0,0.9904106855392456,29.170671463012695,9.999999747378752e-06,-0.0010893300641328096,0.0008173648966476321,0.0055555556900799274,0.008597884327173233,0.2508372664451599,0.0,0.0,0.0,0.0,7.623396873474121,0.1495344638824463,9485.0,9.544088363647461,491.1700134277344,-0.04478459805250168
1191,-0.0010511843720450997,-0.0020698027219623327,0.0032238594722002745,-1.2752042266583885e-07,8.164983000824577e-07,0.0,4.208754398860037e-05,0.0,0.0,0.0085584856569767,0.0,0.991441547870636,29.17464256286621,0.0019461950287222862,-0.005597111769020557,9.400432645634282e-06,0.021043771877884865,0.0,0.24903801083564758,0.0,0.0,0.0,0.0,7.291330337524414,0.15027809143066406,9907.0,9.555421829223633,500.0,0.0016201044199988246
1192,-0.0010689640184864402,-0.0023037923965603113,0.0033169128000736237,0.0,0.0,-0.0018518519354984164,0.0,0.0,0.0,0.006863064132630825,0.0,0.9931369423866272,29.20566177368164,0.004378939047455788,-0.0016359322471544147,0.00034083364880643785,0.0,0.009259259328246117,0.25205814838409424,0.0,0.0,0.0,0.0,7.853972434997559,0.15206646919250488,9209.0,9.619955062866211,500.0,0.0009878914570435882
1193,-0.0010653432691469789,-0.002216692315414548,0.0031655742786824703,0.0,0.0,0.0,0.0,0.0,0.0,0.00537109375,0.0,0.99462890625,29.25124740600586,0.0029192925430834293,-0.0114720668643713,4.447805167728802e-06,0.0,0.0,0.2485131174325943,0.0,0.0,0.0,0.0,6.699709892272949,0.14950346946716309,10764.0,9.63835334777832,500.0,-0.001056882319971919
1194,-0.0010689713526517153,-0.0020853534806519747,0.0031842614989727736,0.0,0.0,0.0,0.0,0.0,0.0,0.0045030382461845875,0.0,0.9954969882965088,29.259130477905273,0.0029192925430834293,-0.00821975152939558,3.3346609598083887e-06,0.0,0.0,0.25146254897117615,0.0,0.0,0.0,0.0,7.89469051361084,0.1570451259613037,9156.0,9.65483570098877,500.0,0.0018654956948012114
1195,-0.0010614586062729359,-0.0017519672401249409,0.003125549294054508,-3.954672592954012e-06,3.240740511500917e-07,0.0,2.3148148102336563e-05,0.0,0.0,0.004055446945130825,0.0,0.9959445595741272,29.2716121673584,0.0029192925430834293,-0.007955683395266533,3.408550128369825e-06,0.011574074625968933,0.0,0.2531485855579376,0.0,0.0,0.0,0.0,7.811366081237793,0.19309353828430176,9210.0,9.666023254394531,500.0,0.0041165039874613285
1196,-0.001071145641617477,-0.0018091917736455798,0.0032153597567230463,0.0,0.0,0.0,0.0,0.0,0.0,0.00341796875,0.0,0.99658203125,29.279321670532227,0.0029192925430834293,-0.011140584014356136,3.726097702383413e-06,0.0,0.0,0.25303471088409424,0.0,0.0,0.0,0.0,7.173688888549805,0.14925098419189453,10068.0,9.6795015335083,500.0,0.003033364424481988
1197,-0.0010449193650856614,-0.0017505375435575843,0.003084006020799279,-1.6012423031952494e-07,2.0092591057618847e-06,-0.005892857909202576,7.037036994006485e-05,1.1076219408323595e-07,0.0,0.004448784980922937,0.0,0.9955512285232544,29.281137466430664,9.999999747378752e-06,0.002372179878875613,0.0012333439663052559,0.035185184329748154,0.02946428395807743,0.24939897656440735,0.0,0.0,0.0,0.0,7.039806842803955,0.18871545791625977,10199.0,9.679361343383789,489.25,-0.05606139078736305
1198,-0.001063366886228323,-0.00151921680662781,0.0028595449402928352,-2.1989252729781583e-07,8.14814825389476e-07,-0.0005555556272156537,4.6296299842651933e-05,1.0346683865236628e-07,0.0,0.004855685867369175,0.0,0.9951443076133728,29.28507423400879,9.999999747378752e-06,-0.001645501353777945,0.00037154293386265635,0.023148149251937866,0.0027777778450399637,0.2519548833370209,0.0,0.0,0.0,0.0,7.061657905578613,0.14918136596679688,10224.0,9.688092231750488,498.2099914550781,-0.017090510576963425
1199,-0.0010439571924507618,-0.0013975194888189435,0.002772594103589654,-2.0049245108566538e-07,1.527777726550994e-06,0.0,4.166666622040793e-05,1.3161140088868706e-07,0.0,0.00470648892223835,0.0,0.9952934980392456,29.289445877075195,0.0019461950287222862,-0.008517084643244743,3.375666437932523e-06,0.02083333395421505,0.0,0.25223350524902344,0.0,0.0,0.0,0.0,7.449028015136719,0.15132617950439453,9700.0,9.687451362609863,500.0,0.002952693263068795
1200,-0.0010405933717265725,-0.0013920728815719485,0.002955544041469693,0.0,0.0,-0.0055555556900799274,0.0,0.0,0.0,0.0046522351913154125,0.0,0.995347797870636,29.283803939819336,9.999999747378752e-06,-0.0003203615196980536,0.00034736012457869947,0.0,0.02777777798473835,0.25077927112579346,0.0,0.0,0.0,0.0,7.570225715637207,0.15329813957214355,9545.0,9.687710762023926,495.67999267578125,-0.016202913597226143
1201,-0.001060850452631712,-0.0014537787064909935,0.0029761665500700474,0.0,0.0,0.0,0.0,0.0,0.0,0.00439453125,0.0,0.99560546875,29.28682518005371,0.0019461950287222862,-0.007286224979907274,4.179940788162639e-06,0.0,0.0,0.2503475248813629,0.0,0.0,0.0,0.0,7.418466567993164,0.15128612518310547,9739.0,9.693853378295898,500.0,0.004986543208360672
1202,-0.0010731001384556293,-0.0015077270800247788,0.003039901377633214,0.0,0.0,0.0,0.0,0.0,0.0,0.00439453125,0.0,0.99560546875,29.286428451538086,0.00038443360244855285,-0.00388986780308187,5.850527031725505e-06,0.0,0.0,0.25088953971862793,0.0,0.0,0.0,0.0,7.210760116577148,0.1528458595275879,10012.0,9.69481086730957,500.0,0.0032140901312232018
1203,-0.0010573762701824307,-0.0014755818992853165,0.003199445316568017,-6.604059965553688e-09,2.2222222639811662e-07,-0.0019047620007768273,1.1111112144135404e-05,0.0,0.0,0.00507269985973835,0.0,0.9949272871017456,29.29228401184082,9.999999747378752e-06,-0.001892309752292931,0.0006672734743915498,0.0055555556900799274,0.009523809887468815,0.24695372581481934,0.0,0.0,0.0,0.0,7.990739822387695,0.14574360847473145,9061.0,9.70297622680664,495.75,-0.012236695736646652
1204,-0.0010634816717356443,-0.001992683159187436,0.003136296756565571,-1.2865669418715697e-07,2.7777778655035945e-07,-0.0013888889225199819,2.777777990559116e-05,2.894201429626264e-07,0.0,0.00519477017223835,0.0,0.9948052167892456,29.302709579467773,0.0029192925430834293,-0.0018601573538035154,5.7998975535156205e-05,0.013888888992369175,0.0069444444961845875,0.24739129841327667,0.0,0.0,0.0,0.0,7.411971092224121,0.15092682838439941,9748.0,9.730838775634766,497.0400085449219,-0.014135198667645454
1205,-0.001074439031071961,-0.0014567479956895113,0.003243759274482727,-1.1900043261903193e-07,8.964646553977218e-07,0.0,3.2828287658048794e-05,2.2062467408545672e-08,0.0,0.0048828125,0.0,0.9951171875,29.322574615478516,0.004378939047455788,-0.012377924285829067,8.905746653908864e-06,0.01641414314508438,0.0,0.24826465547084808,0.0,0.0,0.0,0.0,7.125410079956055,0.1494905948638916,10134.0,9.731084823608398,500.0,0.006160677410662174
1206,-0.0010795723646879196,-0.0014119771076366305,0.003224305808544159,-1.1637612828963029e-07,1.5873015968281834e-07,0.0,7.936508154671174e-06,3.5938185760642227e-07,0.0,0.004489474929869175,0.0,0.9955105185508728,29.313486099243164,0.004378939047455788,-0.005668091122061014,4.72960482511553e-06,0.003968254197388887,0.0,0.24976447224617004,0.0,0.0,0.0,0.0,7.569704532623291,0.15069103240966797,9549.0,9.722406387329102,500.0,0.00829827319830656
1207,-0.0010761469602584839,-0.0013730366481468081,0.0032325268257409334,-3.321139629974823e-08,9.920635193338967e-07,0.0,2.6455027182237245e-05,0.0,0.0,0.00439453125,0.0,0.99560546875,29.303813934326172,0.0029192925430834293,-0.008269994519650936,0.005114919040352106,0.013227513991296291,0.0,0.25161290168762207,0.0,0.0,0.0,0.0,7.167152404785156,0.1889491081237793,10022.0,9.7155179977417,500.0,0.007671125698834658
1208,-0.0010804759804159403,-0.0015678975032642484,0.0032950113527476788,-5.230963893154694e-07,7.013888989604311e-07,0.0,3.1944447982823476e-05,0.0,0.0,0.00439453125,0.0,0.99560546875,29.291240692138672,0.004378939047455788,-0.007964064367115498,0.0006112299161031842,0.01597222127020359,0.0,0.24959047138690948,0.0,0.0,0.0,0.0,7.672210693359375,0.15484094619750977,9419.0,9.701799392700195,500.0,0.008519929833710194
1209,-0.0010943204397335649,-0.001791398972272873,0.0032686402555555105,-1.32845534572823e-09,4.4444445279623324e-07,0.0,2.222222428827081e-05,0.0,0.0,0.00439453125,0.0,0.99560546875,29.296205520629883,0.0029192925430834293,-0.008410301059484482,9.96116068563424e-06,0.011111111380159855,0.0,0.25083982944488525,0.0,0.0,0.0,0.0,7.283627510070801,0.14932799339294434,9919.0,9.709881782531738,500.0,0.003063393523916602
1210,-0.0010739817516878247,-0.0015414553927257657,0.0032097967341542244,0.0,0.0,-0.0006944444612599909,0.0,0.0,0.0,0.0047200522385537624,0.0,0.9952799677848816,29.29820442199707,9.999999747378752e-06,0.005579354707151651,0.00030694453744217753,0.0,0.0034722222480922937,0.24713383615016937,0.0,0.0,0.0,0.0,7.712652683258057,0.15158629417419434,9375.0,9.712961196899414,500.0,0.0053689139895141125
1211,-0.0010729836067184806,-0.0015709601575508714,0.003228864399716258,-1.614747475287004e-06,2.435185251670191e-06,0.0,8.51851946208626e-05,0.0,0.0,0.0036892362404614687,0.0,0.9963107705116272,29.30112648010254,0.0029192925430834293,-0.009065240621566772,1.472951680625556e-05,0.04259259253740311,0.0,0.2513825297355652,0.0,0.0,0.0,0.0,7.2352190017700195,0.14893126487731934,9984.0,9.711568832397461,500.0,0.008353937417268753
1212,-0.0010661277920007706,-0.0015096967108547688,0.003340346273034811,-5.385640520216839e-07,4.880952246821835e-07,0.0,2.8306880267336965e-05,0.0,0.0,0.0025906034279614687,0.0,0.9974094033241272,29.309953689575195,0.0029192925430834293,-0.011155808344483376,9.878838682197966e-06,0.014153439551591873,0.0,0.25028181076049805,0.0,0.0,0.0,0.0,7.331907272338867,0.15375113487243652,9849.0,9.728439331054688,500.0,0.007525560446083546
1213,-0.0010636420920491219,-0.0017215702682733536,0.0033192287664860487,-7.929324974398355e-10,1.3888889327517973e-07,-0.0018055556574836373,1.388888995279558e-05,0.0,0.0,0.0028347440529614687,0.0,0.9971652626991272,29.318500518798828,9.999999747378752e-06,0.0019720641430467367,0.0007227743044495583,0.0069444444961845875,0.00902777723968029,0.25115448236465454,0.0,0.0,0.0,0.0,6.909891605377197,0.15337586402893066,10438.0,9.731353759765625,491.1300048828125,-0.03540544584393501
1214,-0.001054935622960329,-0.0016147609567269683,0.0032575668301433325,-3.9515603589279635e-07,5.952380774942867e-07,-0.0007936508627608418,3.015873153344728e-05,6.043941880307102e-07,0.0,0.0033365886192768812,0.0,0.9966633915901184,29.327077865600586,0.0019461950287222862,-0.0013806297210976481,0.00036931020440533757,0.01507936604321003,0.003968254197388887,0.2531883418560028,0.0,0.0,0.0,0.0,7.431550979614258,0.16432929039001465,9706.0,9.758119583129883,498.19000244140625,-0.015493861399590969
1215,-0.0010521379299461842,-0.0016667770687490702,0.0033367190044373274,0.0,2.7777778655035945e-07,-0.0009259259677492082,9.259259968530387e-06,0.0,0.0,0.0036756726913154125,0.0,0.996324360370636,29.355594635009766,9.999999747378752e-06,0.00015247553528752178,0.0003830869682133198,0.004629629664123058,0.004629629664123058,0.24922408163547516,0.0,0.0,0.0,0.0,7.116908073425293,0.15217018127441406,10142.0,9.77691650390625,495.6199951171875,-0.014464480802416801
1216,-0.0010641698027029634,-0.001891079475171864,0.0032946777064353228,-5.90455385918176e-07,2.592592636574409e-06,-0.0006944444612599909,0.00010740741709014401,0.0,0.0,0.004082574043422937,0.0,0.9959174394607544,29.361045837402344,9.999999747378752e-06,-0.0014011177700012922,0.0004023789369966835,0.053703706711530685,0.0034722222480922937,0.25069287419319153,0.0,0.0,0.0,0.0,7.577754974365234,0.1514444351196289,9538.0,9.782600402832031,499.8999938964844,-0.016218800097703934
1217,-0.0010702359722927213,-0.002048919443041086,0.0031700425315648317,-3.954888327939443e-08,1.5652556157874642e-06,0.0,7.760141306789592e-05,0.0,0.0,0.0036078558769077063,0.0,0.9963921308517456,29.364831924438477,0.0019461950287222862,-0.008967753499746323,4.14548367189127e-06,0.03880070522427559,0.0,0.2501763105392456,0.0,0.0,0.0,0.0,7.483084678649902,0.15034008026123047,9658.0,9.784585952758789,500.0,0.0018159823957830667
1218,-0.0010666599264368415,-0.001856375951319933,0.003186031710356474,-1.7231076299140113e-06,2.7050264179706573e-06,-0.0007936508627608418,8.201058517443016e-05,0.0,0.0,0.0034315320663154125,0.0,0.996568500995636,29.363489151000977,9.999999747378752e-06,-0.0011999678099527955,0.00039744627429172397,0.04100529104471207,0.003968254197388887,0.2500057816505432,0.0,0.0,0.0,0.0,7.482057571411133,0.1501328945159912,9660.0,9.787298202514648,496.67999267578125,-0.01692674681544304
1219,-0.0010473193833604455,-0.001905424171127379,0.0031996325124055147,-2.0199688322009024e-07,4.6296295863612613e-07,-0.002500000176951289,5.092592982691713e-05,0.0,0.0,0.0035264757461845875,0.0,0.9964735507965088,29.37053871154785,1.4999999621068127e-05,-0.0021163891069591045,0.0008113072253763676,0.025462964549660683,0.012500000186264515,0.2510814964771271,0.0,0.0,0.0,0.0,7.698404312133789,0.17142486572265625,9368.0,9.801956176757812,491.4700012207031,-0.03683587908744812
1220,-0.001044313539750874,-0.001914697582833469,0.003248422173783183,-1.0859364465432009e-06,2.2222222924028756e-06,-0.003293650923296809,9.126984514296055e-05,1.3700259842153173e-06,0.0,0.0050048828125,0.0,0.9949951171875,29.38222312927246,9.999999747378752e-06,-0.0022776597179472446,0.0009087619255296886,0.0456349216401577,0.01646825298666954,0.24570246040821075,0.0,0.0,0.0,0.0,7.773094177246094,0.15773320198059082,9296.0,9.811245918273926,492.07000732421875,-0.035286858677864075
1221,-0.0010548332938924432,-0.0020094208884984255,0.0030533787794411182,-1.5971594393704436e-06,1.8445765590513474e-06,-0.0055555556900799274,0.00011593916133278981,3.328365210109041e-07,0.0,0.006252712570130825,0.0,0.9937472939491272,29.38960075378418,9.999999747378752e-06,-0.0010537095367908478,0.00028104253578931093,0.0579695850610733,0.02777777798473835,0.2470874786376953,0.0,0.0,0.0,0.0,6.845846652984619,0.15152502059936523,10536.0,9.82004165649414,500.0,0.0029405872337520123
1222,-0.001063220901414752,-0.001964785158634186,0.0030930249486118555,-5.076753950561397e-07,1.7076719132091966e-06,0.0,8.485450234729797e-05,2.3391979198095214e-07,0.0,0.00634765625,0.0,0.99365234375,29.394933700561523,0.0019461950287222862,-0.008841104805469513,2.8713143365166616e-06,0.04242724925279617,0.0,0.2501930594444275,0.0,0.0,0.0,0.0,7.519728183746338,0.17579197883605957,9580.0,9.822057723999023,500.0,0.0010267534526064992
1223,-0.0010645336005836725,-0.001977443229407072,0.003204803681001067,-1.6909737610149023e-07,3.129629703835235e-06,0.0,0.00010370370728196576,0.0,0.0,0.00634765625,0.0,0.99365234375,29.385427474975586,0.0029192925430834293,-0.01199386641383171,0.0004525033291429281,0.05185185372829437,0.0,0.2491878718137741,0.0,0.0,0.0,0.0,7.311144828796387,0.1535181999206543,9876.0,9.811960220336914,500.0,0.0029723471961915493
1224,-0.0010401279432699084,-0.0020048527512699366,0.003112583886831999,-3.7214828552123436e-08,4.3518517145457736e-07,-0.0018518519354984164,2.7314817998558283e-05,0.0,0.0,0.006252712570130825,0.0,0.9937472939491272,29.386259078979492,0.00038443360244855285,0.0001321192248724401,0.0003384732408449054,0.013657407835125923,0.009259259328246117,0.2482990175485611,0.0,0.0,0.0,0.0,7.732901573181152,0.15683650970458984,9344.0,9.818799018859863,500.0,0.0021724023390561342
1225,-0.0010478850454092026,-0.0018464148743078113,0.0031079892069101334,-1.0780735415494291e-08,4.4907406504535174e-07,0.0,3.425926115596667e-05,0.0,0.0,0.00634765625,0.0,0.99365234375,29.40103530883789,0.004378939047455788,-0.013314822688698769,1.692565274424851e-05,0.017129629850387573,0.0,0.24758751690387726,0.0,0.0,0.0,0.0,7.2036943435668945,0.14934873580932617,10026.0,9.844854354858398,500.0,0.003264035563915968
1226,-0.0010531811276450753,-0.0021167455706745386,0.0033297911286354065,-3.188316952673631e-07,1.0648147963365773e-06,0.0,7.87037133704871e-05,0.0,0.0,0.00634765625,0.0,0.99365234375,29.409015655517578,0.0019461950287222862,-0.011439207009971142,0.0006215446046553552,0.03935185447335243,0.0,0.25495445728302,0.0,0.0,0.0,0.0,7.6075639724731445,0.14882707595825195,9505.0,9.84924030303955,500.0,0.0032738717272877693
1227,-0.00104869797360152,-0.0017234004335477948,0.0033559666480869055,0.0,0.0,0.0,0.0,0.0,0.0,0.0058458116836845875,0.0,0.9941542148590088,29.40949821472168,0.004378939047455788,-0.012995678931474686,8.966182576841675e-06,0.0,0.0,0.24664084613323212,0.0,0.0,0.0,0.0,7.341419696807861,0.15094590187072754,9840.0,9.8466157913208,500.0,0.004513089545071125
1228,-0.0010533650638535619,-0.001714847981929779,0.0034235992934554815,0.0,0.0,-0.0018518519354984164,0.0,0.0,0.0,0.0052354601211845875,0.0,0.9947645664215088,29.406930923461914,9.999999747378752e-06,0.0006851984653621912,0.0003639571077656001,0.0,0.009259259328246117,0.25486281514167786,0.0,0.0,0.0,0.0,6.944115161895752,0.15337681770324707,10387.0,9.848320960998535,499.8599853515625,-0.01338384859263897
1229,-0.0010380856692790985,-0.0016407869989052415,0.0032417033798992634,-2.3058025533373439e-07,4.1666666561468446e-07,-0.00592592591419816,2.777777990559116e-05,0.0,0.0,0.0059814453125,0.0,0.9940185546875,29.413619995117188,9.999999747378752e-06,-0.002729129046201706,0.0012057599378749728,0.013888888992369175,0.029629627242684364,0.25264179706573486,0.0,0.0,0.0,0.0,7.9080963134765625,0.14894938468933105,9150.0,9.86349868774414,491.239990234375,-0.03442206606268883
1230,-0.0010727162007242441,-0.0016997286584228277,0.0033736408222466707,0.0,0.0,-0.0009259259677492082,0.0,0.0,0.0,0.0070936414413154125,0.0,0.992906391620636,29.43114471435547,0.004378939047455788,-0.001922549563460052,5.963813964626752e-05,0.0,0.004629629664123058,0.24834877252578735,0.0,0.0,0.0,0.0,7.272337913513184,0.15638113021850586,9924.0,9.903543472290039,500.0,0.007230590097606182
1231,-0.0010633651399984956,-0.0017517139203846455,0.003374634077772498,-3.8348318298631057e-07,1.1441799188105506e-06,-0.0013888889225199819,3.4391538065392524e-05,4.3608145006146515e-07,0.0,0.0069444444961845875,0.0,0.9930555820465088,29.466249465942383,9.999999747378752e-06,4.099444777239114e-05,0.00047944101970642805,0.017195768654346466,0.0069444444961845875,0.2539856731891632,0.0,0.0,0.0,0.0,7.645872116088867,0.1498582363128662,9457.0,9.924121856689453,495.45001220703125,-0.014454624615609646
1232,-0.0010664965957403183,-0.0015014453092589974,0.0033088400959968567,0.0,2.7777778655035945e-07,-0.004629629664123058,1.8518519937060773e-05,0.0,0.0,0.007595486007630825,0.0,0.9924045205116272,29.476041793823242,1.4999999621068127e-05,-0.0015236097387969494,0.0005081004928797483,0.009259259328246117,0.023148149251937866,0.2536791265010834,0.0,0.0,0.0,0.0,8.147485733032227,0.16565513610839844,8868.0,9.941414833068848,495.5400085449219,-0.012536616064608097
1233,-0.001075619482435286,-0.0017317483434453607,0.0031852619722485542,0.0,0.0,-0.0013888889225199819,0.0,0.0,0.0,0.007975260727107525,0.0,0.9920247197151184,29.50088119506836,0.004378939047455788,-0.0008445612038485706,0.0002382330858381465,0.0,0.0069444444961845875,0.25213533639907837,0.0,0.0,0.0,0.0,7.731938362121582,0.15128183364868164,9352.0,10.000524520874023,500.0,0.004443518817424774
1234,-0.0010616342769935727,-0.0015518912114202976,0.0032482075039297342,0.0,0.0,-0.0011111112544313073,0.0,0.0,0.0,0.00665961392223835,0.0,0.9933403730392456,29.548322677612305,9.999999747378752e-06,-0.0008725989609956741,0.00040548614924773574,0.0,0.0055555556900799274,0.2518851161003113,0.0,0.0,0.0,0.0,7.3296217918396,0.14965462684631348,9857.0,10.019299507141113,496.05999755859375,-0.014576282352209091
1235,-0.0010822901967912912,-0.0016049434198066592,0.0032949328888207674,-1.1460737425750267e-07,1.3888889327517973e-07,0.0,1.388888995279558e-05,0.0,0.0,0.0059000649489462376,0.0,0.9940999150276184,29.553756713867188,0.0019461950287222862,-0.009043172001838684,3.386623347978457e-06,0.0069444444961845875,0.0,0.24945493042469025,0.0,0.0,0.0,0.0,7.057912826538086,0.1525731086730957,10225.0,10.027682304382324,500.0,0.004956379998475313
1236,-0.0010816860012710094,-0.0015849486226215959,0.003284963546320796,-6.678765540613085e-09,5.5555556599529154e-08,-0.0006172839784994721,1.1111112144135404e-05,0.0,0.0,0.0059950086288154125,0.0,0.994005024433136,29.55948257446289,9.999999747378752e-06,-0.0011225389316678047,0.0004027217219118029,0.0055555556900799274,0.003086419776082039,0.25025662779808044,0.0,0.0,0.0,0.0,6.942729949951172,0.15156078338623047,10392.0,10.032915115356445,495.7799987792969,-0.013588487170636654
1237,-0.0010820074239745736,-0.0016828580992296338,0.003266272833570838,0.0,0.0,0.0,0.0,0.0,0.0,0.00634765625,0.0,0.99365234375,29.563884735107422,0.0019461950287222862,-0.00602090684697032,7.439077762683155e-06,0.0,0.0,0.252101331949234,0.0,0.0,0.0,0.0,8.407462120056152,0.16341805458068848,8602.0,10.042158126831055,500.0,0.0059194439090788364
1238,-0.0010679945116862655,-0.0020671088714152575,0.0032328052911907434,-8.648316338621953e-07,5.555555731007189e-07,0.0,5.555555981118232e-05,0.0,0.0,0.005954318679869175,0.0,0.9940456748008728,29.570674896240234,0.004378939047455788,-0.008589746430516243,4.198766418994637e-06,0.02777777798473835,0.0,0.24978123605251312,0.0,0.0,0.0,0.0,7.121752738952637,0.15442705154418945,10132.0,10.049097061157227,500.0,0.0025705788284540176
1239,-0.0010775882983580232,-0.0019387956708669662,0.003250998444855213,0.0,0.0,0.0,0.0,0.0,0.0,0.005859375,0.0,0.994140625,29.56578826904297,0.0065684085711836815,-0.012824464589357376,0.009225035086274147,0.0,0.0,0.24642913043498993,0.0,0.0,0.0,0.0,6.783501625061035,0.14897418022155762,10635.0,10.035871505737305,500.0,0.0024652297142893076
1240,-0.0010720760328695178,-0.0019859704189002514,0.0033234970178455114,0.0,0.0,0.0,0.0,0.0,0.0,0.005859375,0.0,0.994140625,29.568092346191406,0.0019461950287222862,-0.004693279508501291,0.013288373127579689,0.0,0.0,0.2437431812286377,0.0,0.0,0.0,0.0,7.628098011016846,0.18291950225830078,9438.0,10.0446138381958,500.0,0.0026301383040845394
1241,-0.0010692971991375089,-0.002150330925360322,0.0033099830616265535,0.0,0.0,0.0,0.0,0.0,0.0,0.005859375,0.0,0.994140625,29.5684814453125,0.0029192925430834293,-0.010342326015233994,5.814218820887618e-05,0.0,0.0,0.25375881791114807,0.0,0.0,0.0,0.0,7.574943542480469,0.1835341453552246,9502.0,10.058853149414062,500.0,0.0007577483775094151
1242,-0.0010421305196359754,-0.0018812600756064057,0.0033884483855217695,0.0,0.0,-0.004629629664123058,0.0,0.0,0.0,0.00634765625,0.0,0.99365234375,29.57505989074707,9.999999747378752e-06,0.005721658933907747,0.0004411665431689471,0.0,0.023148149251937866,0.25150299072265625,0.0,0.0,0.0,0.0,7.455969333648682,0.15232539176940918,9690.0,10.059796333312988,495.7699890136719,-0.013876965269446373
1243,-0.0010580638190731406,-0.0020077989902347326,0.003288284642621875,-9.312925897120294e-08,3.240740795718011e-07,0.0,4.6296296204673126e-05,0.0,0.0,0.0052083334885537624,0.0,0.9947916865348816,29.577308654785156,0.0029192925430834293,-0.00863510463386774,7.364801422227174e-05,0.023148149251937866,0.0,0.2521021068096161,0.0,0.0,0.0,0.0,7.210890769958496,0.15034031867980957,10015.0,10.066381454467773,500.0,0.0020300354808568954
1244,-0.001054395572282374,-0.002008844166994095,0.003242539707571268,0.0,0.0,-0.0009259259677492082,0.0,0.0,0.0,0.003960503730922937,0.0,0.9960395097732544,29.579879760742188,7.593750342493877e-05,-8.179172436939552e-05,0.000432736735092476,0.0,0.004629629664123058,0.24729469418525696,0.0,0.0,0.0,0.0,7.220830917358398,0.1499011516571045,10002.0,10.069426536560059,495.80999755859375,-0.0178411602973938
1245,-0.0010501134674996138,-0.0021131078246980906,0.0032511756289750338,0.0,0.0,0.0,0.0,0.0,0.0,0.0041910805739462376,0.0,0.9958088994026184,29.585233688354492,0.0019461950287222862,-0.013135302811861038,1.1922508747375105e-05,0.0,0.0,0.24535886943340302,0.0,0.0,0.0,0.0,7.396103382110596,0.18384289741516113,9726.0,10.075238227844238,500.0,-0.0010517229093238711
1246,-0.0010565869743004441,-0.002158707706257701,0.0031818796414881945,-2.159378897914621e-09,1.9841270670895028e-07,0.0,7.936508154671174e-06,0.0,0.0,0.0033230253029614687,0.0,0.9966769814491272,29.579866409301758,0.0065684085711836815,-0.014049694873392582,1.3148584912414663e-05,0.003968254197388887,0.0,0.2565346956253052,0.0,0.0,0.0,0.0,7.215517997741699,0.16884827613830566,9984.0,10.064406394958496,500.0,-6.09259404882323e-05
1247,-0.0010500488569959998,-0.0021498522255569696,0.0031829916406422853,-6.8021663857109615e-09,2.499999993688107e-07,-0.0009259259677492082,2.0370373022160493e-05,0.0,0.0,0.0028347440529614687,0.0,0.9971652626991272,29.581035614013672,9.999999747378752e-06,0.0037534816656261683,0.0003066254430450499,0.010185185819864273,0.004629629664123058,0.24849455058574677,0.0,0.0,0.0,0.0,7.148931980133057,0.15409374237060547,10095.0,10.070265769958496,500.0,0.0019166158745065331
1248,-0.0010489189298823476,-0.001937759225256741,0.003191513242200017,-5.710243655698832e-08,1.5740739627290168e-06,0.0,3.703703987412155e-05,0.0,0.0,0.0028076171875,0.0,0.9971923828125,29.584321975708008,0.0012974634300917387,-0.008642233908176422,5.9080225582874846e-06,0.018518518656492233,0.0,0.2512466013431549,0.0,0.0,0.0,0.0,7.88214111328125,0.15082979202270508,9178.0,10.075685501098633,500.0,0.003612060798332095
1249,-0.0010369435185566545,-0.002299598651006818,0.0032232366502285004,-4.8000249108781645e-08,3.6111111967329634e-07,-0.0006172839784994721,2.5000001187436283e-05,0.0,0.0,0.0025770398788154125,0.0,0.997422993183136,29.585731506347656,9.999999747378752e-06,-0.0011605980107560754,0.00040439743315801024,0.012500000186264515,0.003086419776082039,0.24843628704547882,0.0,0.0,0.0,0.0,6.935468673706055,0.17572426795959473,10367.0,10.077018737792969,495.6199951171875,-0.017219707369804382
1250,-0.0010425761574879289,-0.002152027329429984,0.0031944597139954567,-3.878240395494004e-09,9.25925931483107e-08,0.0,1.8518519937060773e-05,0.0,0.0,0.0027398003730922937,0.0,0.9972602128982544,29.585729598999023,0.0012974634300917387,-0.008733156137168407,3.85366411137511e-06,0.009259259328246117,0.0,0.2515181005001068,0.0,0.0,0.0,0.0,7.130093097686768,0.1502234935760498,10127.0,10.07329273223877,500.0,-0.0009064679034054279
1251,-0.0010193620109930634,-0.002169710583984852,0.0032320667523890734,-9.879924078859403e-08,1.1041665857192129e-06,-0.0027777778450399637,3.1944447982823476e-05,0.0,0.0,0.0027398003730922937,0.0,0.9972602128982544,29.583030700683594,9.999999747378752e-06,-0.0006831420469097793,0.0003649324062280357,0.01597222127020359,0.013888888992369175,0.25314250588417053,0.0,0.0,0.0,0.0,7.273118019104004,0.15041112899780273,9931.0,10.077493667602539,495.6199951171875,-0.01851155050098896
1252,-0.0010312349768355489,-0.0020491776522248983,0.003248700173571706,-1.2469711929696814e-09,5.555555731007189e-07,0.0,1.8518519937060773e-05,0.0,0.0,0.0029296875,0.0,0.9970703125,29.588403701782227,0.0029192925430834293,-0.0054977587424218655,7.237883892230457e-06,0.009259259328246117,0.0,0.24637028574943542,0.0,0.0,0.0,0.0,7.255598068237305,0.1821441650390625,9912.0,10.089376449584961,500.0,0.002514482941478491
1253,-0.0010224543511867523,-0.002156147500500083,0.0032835614401847124,0.0,4.1666666561468446e-07,0.0,1.388888995279558e-05,0.0,0.0,0.0029296875,0.0,0.9970703125,29.601205825805664,0.0065684085711836815,-0.006984023377299309,5.931319265073398e-06,0.0069444444961845875,0.0,0.2502993941307068,0.0,0.0,0.0,0.0,7.472905158996582,0.16307783126831055,9655.0,10.10285758972168,500.0,0.002150600776076317
1254,-0.0010229944018647075,-0.002104484708979726,0.0032067245338112116,-2.9514808375097346e-07,1.7361111304126098e-07,-0.0018055556574836373,6.94444497639779e-06,0.0,0.0,0.0030653211288154125,0.0,0.996934711933136,29.609716415405273,9.999999747378752e-06,-0.0011457467917352915,0.0007035731105133891,0.0034722222480922937,0.00902777723968029,0.24801918864250183,0.0,0.0,0.0,0.0,6.898396015167236,0.1494579315185547,10461.0,10.107843399047852,493.1099853515625,-0.03789784014225006
1255,-0.0010196028742939234,-0.0021085955668240786,0.003156422870233655,-5.559265332522045e-07,1.3888889327517973e-07,0.0,2.777777990559116e-05,0.0,0.0,0.0038519965019077063,0.0,0.9961479902267456,29.611186981201172,0.0019461950287222862,-0.008985868655145168,4.034403445984935e-06,0.013888888992369175,0.0,0.2504284083843231,0.0,0.0,0.0,0.0,7.089646339416504,0.14989948272705078,10184.0,10.106813430786133,500.0,0.003377519780769944
1256,-0.001023192540742457,-0.0020823527593165636,0.003347286256030202,0.0,0.0,0.0,0.0,0.0,0.0,0.0030381944961845875,0.0,0.9969618320465088,29.605260848999023,0.0029192925430834293,-0.010865302756428719,3.826886313618161e-06,0.0,0.0,0.25475674867630005,0.0,0.0,0.0,0.0,7.577354431152344,0.15219974517822266,9538.0,10.112347602844238,500.0,0.0023655337281525135
1257,-0.001014058361761272,-0.002173925982788205,0.003240186022594571,0.0,0.0,0.0,0.0,0.0,0.0,0.0029296875,0.0,0.9970703125,29.61066246032715,0.004378939047455788,-0.0112608028575778,2.9200591598055325e-06,0.0,0.0,0.25158125162124634,0.0,0.0,0.0,0.0,7.214462757110596,0.18260693550109863,9967.0,10.115103721618652,500.0,0.0027332305908203125
1258,-0.0009987989906221628,-0.0019376259297132492,0.0031896934378892183,-5.0624731073867224e-08,9.25925931483107e-08,-0.0013888889225199819,6.172839675855357e-06,0.0,0.0,0.0031873914413154125,0.0,0.996812641620636,29.609413146972656,9.999999747378752e-06,0.004213893786072731,0.00031338297412730753,0.003086419776082039,0.0069444444961845875,0.24704916775226593,0.0,0.0,0.0,0.0,7.6924872398376465,0.14852333068847656,9402.0,10.116806030273438,500.0,0.0036213432904332876
1259,-0.0010014120489358902,-0.0020462197717279196,0.0033055164385586977,-1.686046999793689e-07,5.257936663838336e-07,0.0,2.1825397197972052e-05,0.0,0.0,0.0029296875,0.0,0.9970703125,29.61208152770996,0.0012974634300917387,-0.005345945246517658,9.960012903320603e-06,0.010912698693573475,0.0,0.2536931037902832,0.0,0.0,0.0,0.0,8.262702941894531,0.15017080307006836,8763.0,10.12433910369873,500.0,0.0032261048909276724
1260,-0.000999129144474864,-0.00185389316175133,0.0032313033007085323,0.0,0.0,0.0,0.0,0.0,0.0,0.0029296875,0.0,0.9970703125,29.62239646911621,0.004378939047455788,-0.012701628729701042,4.7887083383102436e-06,0.0,0.0,0.24814864993095398,0.0,0.0,0.0,0.0,7.250612735748291,0.1501607894897461,9962.0,10.142128944396973,500.0,0.003728350857272744
1261,-0.0009982283227145672,-0.0018891696818172932,0.0031060848850756884,-3.568265185549535e-07,3.3333333249174757e-07,0.0,2.5000001187436283e-05,0.0,0.0,0.0024956597480922937,0.0,0.9975043535232544,29.640649795532227,0.004378939047455788,-0.009492749348282814,0.0002287583629367873,0.012500000186264515,0.0,0.24763743579387665,0.0,0.0,0.0,0.0,7.44187068939209,0.15018415451049805,9711.0,10.174054145812988,500.0,0.003266699379310012
1262,-0.001000948017463088,-0.0016539620701223612,0.003140512155368924,0.0,0.0,0.0,0.0,0.0,0.0,0.00244140625,0.0,0.99755859375,29.653472900390625,0.0019461950287222862,-0.011735222302377224,0.0005071922787465155,0.0,0.0,0.25149041414260864,0.0,0.0,0.0,0.0,7.470636367797852,0.1499340534210205,9674.0,10.179862976074219,500.0,0.003815155243501067
1263,-0.0009983159834519029,-0.0017794290324673057,0.0028514086734503508,-9.15354334551921e-08,4.4753082306669967e-07,-0.0018518519354984164,2.006173053814564e-05,0.0,0.0,0.0024820964317768812,0.0,0.9975178837776184,29.650449752807617,9.999999747378752e-06,-0.0006393680232577026,0.00038604834116995335,0.010030863806605339,0.009259259328246117,0.25282320380210876,0.0,0.0,0.0,0.0,7.4939284324646,0.1638317108154297,9627.0,10.178139686584473,495.67999267578125,-0.01880207471549511
1264,-0.0009893251117318869,-0.0017608089838176966,0.002974720671772957,-1.7154368947558396e-07,9.72222210293694e-07,-0.002500000176951289,2.777777990559116e-05,5.356191081773432e-07,0.0,0.0031195746269077063,0.0,0.9968804121017456,29.6577205657959,0.0019461950287222862,-0.0017007593996822834,0.0006618211627937853,0.013888888992369175,0.012500000186264515,0.24755580723285675,0.0,0.0,0.0,0.0,7.294893264770508,0.154496431350708,9897.0,10.202957153320312,495.6600036621094,-0.019023703411221504
1265,-0.0009862796869128942,-0.001576478243805468,0.0029114370699971914,-9.284759272532028e-08,8.819442882668227e-07,0.0,1.8055558030027896e-05,0.0,0.0,0.0030653211288154125,0.0,0.996934711933136,29.685741424560547,0.0029192925430834293,-0.012374886311590672,0.00043112816638313234,0.00902777723968029,0.0,0.24990718066692352,0.0,0.0,0.0,0.0,7.130736351013184,0.15067791938781738,10125.0,10.22740364074707,500.0,0.0006719888770021498
1266,-0.0009963850025087595,-0.0017639241414144635,0.003061465220525861,-1.2939469229422684e-07,2.579365059318661e-07,0.0,2.1825397197972052e-05,0.0,0.0,0.0029296875,0.0,0.9970703125,29.686925888061523,0.0029192925430834293,-0.012602753937244415,0.00013616243086289614,0.010912698693573475,0.0,0.2494928538799286,0.0,0.0,0.0,0.0,6.8757781982421875,0.18309354782104492,10444.0,10.23414421081543,500.0,0.003984992858022451
1267,-0.000994443311356008,-0.0018259630305692554,0.0030446387827396393,-2.2952677625198703e-07,7.932098924356978e-07,0.0,2.6543211788521148e-05,0.0,0.0,0.0029296875,0.0,0.9970703125,29.696788787841797,0.0029192925430834293,-0.009215864352881908,1.936154512804933e-05,0.013271604664623737,0.0,0.2505090534687042,0.0,0.0,0.0,0.0,7.257187843322754,0.1878502368927002,9902.0,10.243491172790527,500.0,0.004851266276091337
1268,-0.0009995853761211038,-0.001791994203813374,0.003139273962005973,-4.567131739463548e-08,5.324073981682886e-07,0.0,2.3148148102336563e-05,1.8316010041985464e-08,0.0,0.002685546875,0.0,0.997314453125,29.691301345825195,0.0029192925430834293,-0.010994991287589073,3.788757385336794e-05,0.011574074625968933,0.0,0.250014066696167,0.0,0.0,0.0,0.0,7.270730972290039,0.19254565238952637,9878.0,10.233006477355957,500.0,0.002435248112305999
1269,-0.0009833375224843621,-0.0019686350133270025,0.0030522984452545643,-5.573186285801057e-07,1.4947089539418812e-06,0.0,7.738095155218616e-05,8.584077448858807e-08,0.0,0.001953125,0.0,0.998046875,29.680946350097656,0.004378939047455788,-0.015265604481101036,0.00013586848217528313,0.0386904776096344,0.0,0.24691499769687653,0.0,0.0,0.0,0.0,7.074954032897949,0.15107250213623047,10203.0,10.224321365356445,500.0,0.0003751517797354609
1270,-0.000989942462183535,-0.0023370906710624695,0.0030987763311713934,-6.526965421471687e-07,1.541666733828606e-06,-0.00042735046008601785,8.703704224899411e-05,5.236128117758199e-07,0.0,0.0021430121269077063,0.0,0.9978569746017456,29.68437385559082,9.999999747378752e-06,0.0005758879706263542,0.0005145503673702478,0.043518517166376114,0.0021367522422224283,0.25095993280410767,0.0,0.0,0.0,0.0,7.325613021850586,0.14928889274597168,9863.0,10.231998443603516,495.5400085449219,-0.019820168614387512
1271,-0.00098185776732862,-0.0025337033439427614,0.0031038045417517424,-2.458188248510851e-07,3.7407403397082817e-06,0.0,0.00011296297452645376,0.0,0.0,0.00244140625,0.0,0.99755859375,29.68834686279297,0.0012974634300917387,-0.008539672009646893,8.234649612859357e-06,0.05648148059844971,0.0,0.2503993809223175,0.0,0.0,0.0,0.0,8.101799964904785,0.14936113357543945,8935.0,10.239140510559082,500.0,-0.003245780011638999
1272,-0.0009632863220758736,-0.0026100552640855312,0.0032466526608914137,-7.599149398629379e-07,1.8594574839880806e-06,-0.003703703870996833,9.960318129742518e-05,5.013484383198374e-07,0.0,0.0031602648086845875,0.0,0.9968397617340088,29.694482803344727,9.999999747378752e-06,-0.001433868776075542,0.0006079424056224525,0.04980158805847168,0.018518518656492233,0.25266674160957336,0.0,0.0,0.0,0.0,8.133620262145996,0.149125337600708,8901.0,10.24461555480957,497.8500061035156,-0.02541043423116207
1273,-0.0009749539312906563,-0.0025873754639178514,0.003077981760725379,-1.369051290112111e-07,9.821428648137953e-07,-0.0007936508627608418,6.210317951627076e-05,0.0,0.0,0.003634982742369175,0.0,0.9963650107383728,29.702516555786133,0.0019461950287222862,-0.0019216162618249655,0.00022471859119832516,0.03105158545076847,0.003968254197388887,0.2515013515949249,0.0,0.0,0.0,0.0,7.8173017501831055,0.1508018970489502,9252.0,10.269881248474121,497.239990234375,-0.02449118159711361
1274,-0.0009787449380382895,-0.0023659104481339455,0.003150918520987034,-9.102897280399702e-08,1.3510101553038112e-06,0.0,5.134680395713076e-05,0.0,0.0,0.00390625,0.0,0.99609375,29.7330322265625,0.0012974634300917387,-0.013273276388645172,1.6727606634958647e-05,0.025673402473330498,0.0,0.2522673010826111,0.0,0.0,0.0,0.0,7.978549480438232,0.14775967597961426,9072.0,10.287606239318848,500.0,-0.0016362734604626894
1275,-0.0009794471552595496,-0.0024509765207767487,0.0031143936794251204,-1.0525980542297475e-05,1.5436507965205237e-06,0.0,6.071429015719332e-05,0.0,0.0,0.00390625,0.0,0.99609375,29.73305320739746,0.0029192925430834293,-0.012652570381760597,0.0006472902605310082,0.03035714291036129,0.0,0.2500825822353363,0.0,0.0,0.0,0.0,7.408535957336426,0.15092015266418457,9753.0,10.294779777526855,500.0,-0.0047792489640414715
1276,-0.0009662898373790085,-0.0028937284369021654,0.002949813613668084,-9.840613302003476e-08,7.142857043618278e-07,-0.003439153777435422,3.015873153344728e-05,0.0,0.0,0.0051405164413154125,0.0,0.994859516620636,29.741683959960938,9.999999747378752e-06,0.0010008274111896753,0.0007650740444660187,0.01507936604321003,0.017195768654346466,0.2488945573568344,0.0,0.0,0.0,0.0,7.608553886413574,0.1488037109375,9504.0,10.300600051879883,495.8800048828125,-0.0236439760774374
1277,-0.0009755028877407312,-0.00260376394726336,0.0030915469396859407,-3.063221143406736e-08,1.5873015968281834e-07,0.0,7.936508154671174e-06,0.0,0.0,0.0050862631760537624,0.0,0.9949137568473816,29.742958068847656,0.0012974634300917387,-0.009351959452033043,5.8046098274644464e-06,0.003968254197388887,0.0,0.2471802979707718,0.0,0.0,0.0,0.0,7.957669734954834,0.19016242027282715,9048.0,10.300179481506348,500.0,-0.008358053863048553
1278,-0.00096395198488608,-0.002442155731841922,0.0031606918200850487,-1.2026158401567955e-05,3.1018514619063353e-06,-0.00296296295709908,0.00010185185965383425,0.0,0.0,0.00434027798473835,0.0,0.9956597089767456,29.742233276367188,9.999999747378752e-06,-0.0022364098113030195,0.0008006790885701776,0.050925929099321365,0.014814815483987331,0.24955101311206818,0.0,0.0,0.0,0.0,7.54634952545166,0.1520380973815918,9577.0,10.30301570892334,495.32000732421875,-0.0422455370426178
1279,-0.0009784861467778683,-0.0024560950696468353,0.003102001268416643,-1.0721031458160724e-06,1.9770720882661408e-06,-0.0011111112544313073,8.694885764271021e-05,2.829499123890855e-07,0.0,0.00507269985973835,0.0,0.9949272871017456,29.747814178466797,9.999999747378752e-06,-0.001352665014564991,0.00039658392779529095,0.04347442835569382,0.0055555556900799274,0.2519893944263458,0.0,0.0,0.0,0.0,7.491451263427734,0.1558680534362793,9641.0,10.314529418945312,497.30999755859375,-0.021467821672558784
1280,-0.0009735821513459086,-0.002779202302917838,0.003093042643740773,-8.709805570106255e-07,3.8055538880144013e-06,-0.0027314817998558283,5.793651143903844e-05,3.6440479789234814e-07,0.0,0.0057779946364462376,0.0,0.9942219853401184,29.756319046020508,9.999999747378752e-06,-0.002597388345748186,0.001163954846560955,0.02896825410425663,0.013657407835125923,0.25436148047447205,0.0,0.0,0.0,0.0,7.434614181518555,0.1520674228668213,9718.0,10.322538375854492,495.1199951171875,-0.04397353529930115
1281,-0.0009547277586534619,-0.0028964097145944834,0.0031105848029255867,-8.819856134323345e-07,4.413580427353736e-06,-0.009722222574055195,7.098765490809456e-05,0.0,0.0,0.007717556320130825,0.0,0.9922824501991272,29.762149810791016,9.999999747378752e-06,-0.0033673986326903105,0.002341332146897912,0.03549382835626602,0.0486111119389534,0.2513856291770935,0.0,0.0,0.0,0.0,7.570478439331055,0.15702366828918457,9540.0,10.328651428222656,484.6000061035156,-0.12884725630283356
1282,-0.0009635402238927782,-0.003015303984284401,0.0030283662490546703,-2.0777017439854717e-08,5.138888923283957e-07,-0.0027777778450399637,2.5000001187436283e-05,0.0,0.0,0.009928385727107525,0.0,0.9900715947151184,29.76839256286621,9.999999747378752e-06,-0.0025886534713208675,0.0008022377733141184,0.012500000186264515,0.013888888992369175,0.24941444396972656,0.0,0.0,0.0,0.0,7.582042694091797,0.1500859260559082,9535.0,10.337820053100586,495.8999938964844,-0.052564408630132675
1283,-0.0009538358426652849,-0.0028744011651724577,0.00319243804551661,-6.571727606541344e-09,5.5555556599529154e-08,-0.005462963134050369,1.1111112144135404e-05,0.0,0.0,0.012003581039607525,0.0,0.9879963994026184,29.776596069335938,9.999999747378752e-06,-0.0023467682767659426,0.0012387362075969577,0.0055555556900799274,0.027314815670251846,0.2416587918996811,0.0,0.0,0.0,0.0,7.391580104827881,0.1519184112548828,9773.0,10.3484468460083,490.0199890136719,-0.06708607077598572
1284,-0.0009581127087585628,-0.0034486923832446337,0.003184049855917692,-3.875450147461379e-06,2.1111115984240314e-06,-0.0007936508627608418,1.1111112144135404e-05,0.0,0.0,0.012491862289607525,0.0,0.9875081181526184,29.78375244140625,9.999999747378752e-06,-0.0019827657379209995,0.0004065539687871933,0.0055555556900799274,0.003968254197388887,0.25113365054130554,0.0,0.0,0.0,0.0,7.732063293457031,0.17508363723754883,9324.0,10.355522155761719,495.5199890136719,-0.03286425769329071
1285,-0.0009436077671125531,-0.0032377312891185284,0.0029780645854771137,-1.3342174725039513e-06,8.366401971215964e-07,-0.007605820894241333,4.8280428018188104e-05,0.0,0.0,0.013943142257630825,0.0,0.9860568642616272,29.789993286132812,9.999999747378752e-06,-0.0033670433331280947,0.0024903269950300455,0.024140212684869766,0.03802909702062607,0.2483871728181839,0.0,0.0,0.0,0.0,7.674814701080322,0.15327954292297363,9418.0,10.362658500671387,481.69000244140625,-0.12919583916664124
1286,-0.0009721273672766984,-0.002864830195903778,0.0031445822678506374,-1.2355853868939448e-06,2.6102291030838387e-06,-0.002645503031089902,8.818342757876962e-05,0.0,0.0,0.0157606340944767,0.0,0.984239399433136,29.798486709594727,9.999999747378752e-06,-0.0015178471803665161,0.00041582080302760005,0.044091712683439255,0.013227513991296291,0.2481042593717575,0.0,0.0,0.0,0.0,7.464113235473633,0.1512284278869629,9681.0,10.375997543334961,500.0,-0.00703944219276309
1287,-0.0009819385595619678,-0.0037205927073955536,0.0030828502494841814,-1.6975315020317794e-06,1.0945767598968814e-06,0.0,4.497354893828742e-05,1.9371250914446136e-07,0.0,0.015353732742369175,0.0,0.9846462607383728,29.81245231628418,0.0019461950287222862,-0.009371067397296429,4.895555775874527e-06,0.022486772388219833,0.0,0.2457112818956375,0.0,0.0,0.0,0.0,7.035810470581055,0.15242266654968262,10256.0,10.39988899230957,500.0,-0.0066663059405982494
1288,-0.0009830655762925744,-0.0025911452248692513,0.003080680500715971,0.0,2.7777778655035945e-07,-0.0009259259677492082,1.8518519937060773e-05,0.0,0.0,0.015530056320130825,0.0,0.9844699501991272,29.832921981811523,9.999999747378752e-06,0.0007278340053744614,0.0002816832566168159,0.009259259328246117,0.004629629664123058,0.24750444293022156,0.0,0.0,0.0,0.0,7.506991386413574,0.17539548873901367,9597.0,10.412422180175781,500.0,-0.005985400639474392
1289,-0.00100036954972893,-0.00238079484552145,0.0031304226722568274,-7.412185141220107e-07,1.1111111319905831e-07,0.0,1.1111112144135404e-05,0.0,0.0,0.015611437149345875,0.0,0.9843885898590088,29.83661651611328,0.0012974634300917387,-0.009303304366767406,4.69233600597363e-06,0.0055555556900799274,0.0,0.2504836618900299,0.0,0.0,0.0,0.0,6.798511028289795,0.15088129043579102,10609.0,10.418975830078125,500.0,-0.0037316151428967714
1290,-0.0010060664499178529,-0.002825577510520816,0.003164013149216771,-3.56967007064668e-07,1.0416665645607281e-06,0.0,2.0833333110203966e-05,0.0,0.0,0.014241536147892475,0.0,0.9857584834098816,29.842317581176758,0.004378939047455788,-0.015902874991297722,4.643230113288155e-06,0.010416666977107525,0.0,0.2494463473558426,0.0,0.0,0.0,0.0,6.87661600112915,0.149705171585083,10493.0,10.427854537963867,500.0,-0.006411009002476931
1291,-0.0010037225438281894,-0.003332667052745819,0.002921266248449683,0.0,0.0,-0.0069444444961845875,0.0,0.0,0.0,0.014390734024345875,0.0,0.9856092929840088,29.849384307861328,9.999999747378752e-06,0.000992650049738586,0.004339807201176882,0.0,0.0347222238779068,0.24691571295261383,0.0,0.0,0.0,0.0,6.993617057800293,0.14862847328186035,10322.0,10.438151359558105,499.739990234375,-0.0774279534816742
1292,-0.0009921760065481067,-0.003104978473857045,0.003054522443562746,-2.963748738693539e-05,3.65740675078996e-06,-0.004320987965911627,6.481481977971271e-05,0.0,0.0,0.01656087301671505,0.0,0.9834391474723816,29.854902267456055,0.0008649755618534982,-0.001977827399969101,0.0007786066271364689,0.032407406717538834,0.021604938432574272,0.25048521161079407,0.0,0.0,0.0,0.0,6.9813127517700195,0.15111517906188965,10337.0,10.451757431030273,500.0,-0.01151866465806961
1293,-0.0009918489959090948,-0.003489983966574073,0.003008181694895029,-9.62329181675159e-07,1.3888889327517973e-07,-0.007407407741993666,2.777777990559116e-05,0.0,0.0,0.0170762799680233,0.0,0.9829237461090088,29.86980628967285,9.999999747378752e-06,-0.002538153436034918,0.0007890404667705297,0.013888888992369175,0.03703703731298447,0.24778535962104797,0.0,0.0,0.0,0.0,6.931445121765137,0.1520392894744873,10408.0,10.463907241821289,497.2300109863281,-0.04983776435256004
1294,-0.0010115614859387279,-0.0029704081825912,0.0031274526845663786,0.0,0.0,-0.005059523973613977,0.0,0.0,0.0,0.0188123919069767,0.0,0.981187641620636,29.87616729736328,9.999999747378752e-06,-0.0027220193296670914,0.00135817751288414,0.0,0.0252976194024086,0.2486153393983841,0.0,0.0,0.0,0.0,6.932769775390625,0.15491080284118652,10402.0,10.475639343261719,498.0299987792969,-0.029443439096212387
1295,-0.001011539134196937,-0.0031378641724586487,0.0030462739523500204,0.0,0.0,0.0,0.0,0.0,0.0,0.0173475481569767,0.0,0.982652485370636,29.883914947509766,0.0012974634300917387,-0.009325802326202393,9.297872566094156e-06,0.0,0.0,0.2471059113740921,0.0,0.0,0.0,0.0,7.111270904541016,0.1516890525817871,10151.0,10.48351764678955,500.0,-0.010269931517541409
1296,-0.0010132332099601626,-0.0044450000859797,0.0030054564122110605,-5.947383030502351e-08,4.629629657415535e-08,-0.003703703870996833,9.259259968530387e-06,0.0,0.0,0.01607259176671505,0.0,0.9839274287223816,29.89087677001953,9.999999747378752e-06,-0.0007015890441834927,0.00044017742038704455,0.004629629664123058,0.018518518656492233,0.2493041306734085,0.0,0.0,0.0,0.0,7.138985633850098,0.15042448043823242,10114.0,10.489103317260742,496.92999267578125,-0.03469984978437424
1297,-0.0010325480252504349,-0.004134428687393665,0.0028988320846110582,0.0,0.0,0.0,0.0,0.0,0.0,0.014146593399345875,0.0,0.9858534336090088,29.896934509277344,0.0012974634300917387,-0.004953684285283089,3.207914414815605e-05,0.0,0.0,0.2532847821712494,0.0,0.0,0.0,0.0,7.220536231994629,0.1495676040649414,10003.0,10.505669593811035,500.0,-0.028266487643122673
1298,-0.0010082655353471637,-0.004128692205995321,0.002962082624435425,-1.6873890729129926e-07,1.8402774912829045e-06,-0.0040013231337070465,3.4722226700978354e-05,2.5642277250881307e-05,0.0,0.01459418423473835,0.0,0.9854058027267456,29.91318702697754,9.999999747378752e-06,-0.0033996934071183205,0.001345477532595396,0.0173611119389534,0.020006615668535233,0.24519658088684082,0.0,0.0,0.0,0.0,7.597990036010742,0.14757728576660156,9518.0,10.516095161437988,490.1400146484375,-0.08694647252559662
1299,-0.0010080138454213738,-0.00431302934885025,0.002883708104491234,0.0,0.0,-0.0033399472013115883,0.0,0.0,0.0,0.014743381179869175,0.0,0.9852566123008728,29.91969108581543,0.0012974634300917387,-0.0025329941418021917,0.0005879498785361648,0.0,0.016699736937880516,0.24580103158950806,0.0,0.0,0.0,0.0,7.245974540710449,0.1512916088104248,9966.0,10.533658027648926,494.7300109863281,-0.06543365865945816
1300,-0.0010138993384316564,-0.004312317352741957,0.0029844369273632765,0.0,0.0,-0.0007936508627608418,0.0,0.0,0.0,0.013156467117369175,0.0,0.9868435263633728,29.93853187561035,9.999999747378752e-06,-0.0010792105458676815,0.0001942626404343173,0.0,0.003968254197388887,0.24894312024116516,0.0,0.0,0.0,0.0,7.787449836730957,0.14734649658203125,9291.0,10.547937393188477,500.0,-0.021787341684103012
1301,-0.0010093040764331818,-0.003937059082090855,0.0030328594148159027,0.0,0.0,0.0,0.0,0.0,0.0,0.01318359375,0.0,0.98681640625,29.94404411315918,0.0019461950287222862,-0.005997973959892988,1.9691611669259146e-05,0.0,0.0,0.24977244436740875,0.0,0.0,0.0,0.0,7.453709602355957,0.1503136157989502,9695.0,10.559793472290039,500.0,-0.015196180902421474
1302,-0.0010094171157106757,-0.005290911067277193,0.002952901879325509,-2.269286824230221e-06,3.4722222608252196e-07,-0.0009259259677492082,1.388888995279558e-05,0.0,0.0,0.012858073227107525,0.0,0.9871419072151184,29.96294593811035,9.999999747378752e-06,-0.0006754497881047428,0.00040751395863480866,0.0069444444961845875,0.004629629664123058,0.2497115135192871,0.0,0.0,0.0,0.0,7.359458923339844,0.14896488189697266,9819.0,10.5781888961792,495.4700012207031,-0.054240819066762924
1303,-0.0010210073087364435,-0.0043440028093755245,0.0029360793996602297,0.0,0.0,0.0,0.0,0.0,0.0,0.01318359375,0.0,0.98681640625,29.96836280822754,0.0019461950287222862,-0.006988846696913242,7.182070021372056e-06,0.0,0.0,0.24925705790519714,0.0,0.0,0.0,0.0,7.595039367675781,0.1527397632598877,9516.0,10.585498809814453,500.0,-0.013995170593261719
1304,-0.0010185273131355643,-0.004907254129648209,0.0029333962593227625,0.0,0.0,0.0,0.0,0.0,0.0,0.01318359375,0.0,0.98681640625,29.981922149658203,0.0029192925430834293,-0.009922266006469727,4.198286660539452e-06,0.0,0.0,0.24961447715759277,0.0,0.0,0.0,0.0,7.255850791931152,0.16517972946166992,9935.0,10.613203048706055,500.0,-0.034752361476421356
1305,-0.0009990683756768703,-0.003976316191256046,0.002977514872327447,-4.983890278253966e-08,6.944444521650439e-07,0.0,2.777777990559116e-05,0.0,0.0,0.01276312954723835,0.0,0.9872368574142456,30.000871658325195,0.0019461950287222862,-0.012538675218820572,3.0163216706569074e-06,0.013888888992369175,0.0,0.24845443665981293,0.0,0.0,0.0,0.0,7.475467205047607,0.15148520469665527,9666.0,10.628628730773926,500.0,-0.010644267313182354
1306,-0.0009811503114178777,-0.003941237926483154,0.0029886632692068815,-4.746725235094118e-10,3.9682539920704585e-08,0.0,7.936508154671174e-06,0.0,0.0,0.010240343399345875,0.0,0.9897596836090088,30.003116607666016,0.0019461950287222862,-0.012176045216619968,3.1095039503270527e-06,0.003968254197388887,0.0,0.25154104828834534,0.0,0.0,0.0,0.0,7.147361755371094,0.15064167976379395,10102.0,10.630172729492188,500.0,-0.017296500504016876
1307,-0.0009722320828586817,-0.0034320824779570103,0.0029886953998357058,-8.571558282710612e-06,3.3333333249174757e-07,-0.0011111112544313073,2.0370373022160493e-05,2.2162139430292882e-05,0.0,0.009033203125,0.0,0.990966796875,30.005266189575195,9.999999747378752e-06,-0.0005252374103292823,0.0003925145138055086,0.010185185819864273,0.0055555556900799274,0.25305160880088806,0.0,0.0,0.0,0.0,7.803121566772461,0.15233159065246582,9267.0,10.632349014282227,497.5400085449219,-0.03128109499812126
1308,-0.0009625627426430583,-0.0032431052532047033,0.002999406075105071,-5.419079229795898e-07,1.851851862966214e-07,0.0,1.8518519937060773e-05,0.0,0.0,0.006768120918422937,0.0,0.9932318925857544,30.007476806640625,0.0012974634300917387,-0.00849287398159504,3.4127210710721556e-06,0.009259259328246117,0.0,0.25115951895713806,0.0,0.0,0.0,0.0,7.378533363342285,0.18381571769714355,9749.0,10.634696960449219,500.0,-0.011357802897691727
1309,-0.0009530527167953551,-0.0032776466105133295,0.003026785794645548,0.0,0.0,0.0,0.0,0.0,0.0,0.00629340298473835,0.0,0.9937065839767456,30.00351333618164,0.0029192925430834293,-0.013396007008850574,3.7221998354652897e-06,0.0,0.0,0.24563053250312805,0.0,0.0,0.0,0.0,7.697020530700684,0.15266060829162598,9392.0,10.634696960449219,500.0,-0.01266311202198267
1310,-0.0009611072018742561,-0.003062323434278369,0.0029675874393433332,0.0,1.3888889327517973e-07,-0.0013888889225199819,2.777777990559116e-05,0.0,0.0,0.0056016710586845875,0.0,0.9943983554840088,30.00394630432129,9.999999747378752e-06,0.0010394500568509102,0.00040720784454606473,0.013888888992369175,0.0069444444961845875,0.24802833795547485,0.0,0.0,0.0,0.0,7.288963794708252,0.15101361274719238,9909.0,10.637954711914062,499.54998779296875,-0.03292339667677879
1311,-0.0009517348953522742,-0.0029683622997254133,0.002855965169146657,-1.4488242072729918e-07,2.9166668014113384e-07,-0.0034722222480922937,1.8055558030027896e-05,0.0,0.0,0.006076388992369175,0.0,0.9939236044883728,30.00800132751465,9.999999747378752e-06,-0.002344377338886261,0.0007979549118317664,0.00902777723968029,0.0173611119389534,0.25058069825172424,0.0,0.0,0.0,0.0,7.381845474243164,0.14939618110656738,9789.0,10.646035194396973,494.42999267578125,-0.05131484568119049
1312,-0.0009479688596911728,-0.0030180299654603004,0.0028587724082171917,-1.2337086729985458e-07,9.25925931483107e-08,-0.0013888889225199819,9.259259968530387e-06,0.0,0.0,0.00556098110973835,0.0,0.9944390058517456,30.013704299926758,9.999999747378752e-06,-0.0020305041689425707,0.00040725720464251935,0.004629629664123058,0.0069444444961845875,0.2500414252281189,0.0,0.0,0.0,0.0,8.008471488952637,0.15320253372192383,9033.0,10.652326583862305,499.6099853515625,-0.02938092313706875
1313,-0.000937926466576755,-0.002835915656760335,0.002977872034534812,-3.936629155987248e-08,7.936507984140917e-08,0.0,7.936508154671174e-06,1.5814524090274062e-07,0.0,0.003879123367369175,0.0,0.9961208701133728,30.016071319580078,0.0008649755618534982,-0.008661512285470963,3.6563394587574294e-06,0.003968254197388887,0.0,0.2527492940425873,0.0,0.0,0.0,0.0,8.08133316040039,0.15299534797668457,8953.0,10.65100383758545,500.0,-0.007696904707700014
1314,-0.0009356921655125916,-0.0025361801963299513,0.0028809201903641224,-4.0007768120631226e-07,3.0643738568869594e-07,-0.003293650923296809,2.3368607799056917e-05,0.0,0.0,0.0038655598182231188,0.0,0.9961344599723816,30.013383865356445,9.999999747378752e-06,-0.0016334188403561711,0.0008633085526525974,0.011684303171932697,0.01646825298666954,0.2473413199186325,0.0,0.0,0.0,0.0,7.4243059158325195,0.15069317817687988,9733.0,10.651276588439941,495.4800109863281,-0.04825019836425781
1315,-0.0009304620325565338,-0.0029343776404857635,0.0029341981280595064,0.0,0.0,-0.0011111112544313073,0.0,0.0,0.0,0.0048692491836845875,0.0,0.9951307773590088,30.01847267150879,0.0012974634300917387,-0.0007787909125909209,0.0001049470592988655,0.0,0.0055555556900799274,0.24649593234062195,0.0,0.0,0.0,0.0,7.641350746154785,0.15197348594665527,9460.0,10.66820240020752,500.0,-0.012455745600163937
1316,-0.0009159139590337873,-0.0029377692844718695,0.0029989266768097878,-5.835390197717061e-07,8.333333312293689e-07,0.0,2.777777990559116e-05,0.0,0.0,0.00470648892223835,0.0,0.9952934980392456,30.026229858398438,0.0029192925430834293,-0.01393968891352415,3.757003923965385e-06,0.013888888992369175,0.0,0.24949084222316742,0.0,0.0,0.0,0.0,8.006216049194336,0.15331339836120605,9035.0,10.652694702148438,500.0,-0.008297902531921864
1317,-0.0009045728365890682,-0.00316004385240376,0.0028590557631105185,-4.3110222236464324e-07,8.333333312293689e-07,-0.004166666883975267,2.777777990559116e-05,0.0,0.0,0.005032009445130825,0.0,0.9949679970741272,30.010473251342773,9.999999747378752e-06,-0.0010492679430171847,0.0010154955089092255,0.013888888992369175,0.02083333395421505,0.24995163083076477,0.0,0.0,0.0,0.0,7.4766950607299805,0.16005206108093262,9654.0,10.649601936340332,495.7699890136719,-0.05336294695734978
1318,-0.0009061603341251612,-0.0031482367776334286,0.002845791867002845,-5.084517624709406e-07,1.0416666640367112e-07,-0.0006944444612599909,6.94444497639779e-06,0.0,0.0,0.006008571945130825,0.0,0.9939914345741272,30.016183853149414,0.0008649755618534982,-0.0024759091902524233,0.0004079654172528535,0.0034722222480922937,0.0034722222480922937,0.25242143869400024,0.0,0.0,0.0,0.0,7.16098690032959,0.15216851234436035,10081.0,10.669349670410156,497.2900085449219,-0.03243245184421539
1319,-0.0008661013562232256,-0.0034504453651607037,0.0029079339001327753,-9.280558543878215e-08,5.925925847805047e-07,-0.009841271676123142,2.962963299069088e-05,2.622185490963602e-07,0.0,0.009128146804869175,0.0,0.9908718466758728,30.034103393554688,9.999999747378752e-06,-0.0033799700904637575,0.0023455095943063498,0.014814815483987331,0.04920634999871254,0.2512965202331543,0.0,0.0,0.0,0.0,7.539982795715332,0.14905905723571777,9588.0,10.681259155273438,499.2099914550781,-0.05115542188286781
1320,-0.0008738638134673238,-0.0034254873171448708,0.0029354440048336983,-2.3218497346988443e-07,2.3148147931806307e-07,-0.0040873014368116856,9.259259968530387e-06,0.0,0.0,0.011257595382630825,0.0,0.9887424111366272,30.037899017333984,9.999999747378752e-06,-0.003176937811076641,0.001418037456460297,0.004629629664123058,0.02043650858104229,0.2504343092441559,0.0,0.0,0.0,0.0,7.403492450714111,0.14914631843566895,9761.0,10.686370849609375,496.6400146484375,-0.07292334735393524
1321,-0.0008787525002844632,-0.003661589464172721,0.0029300248716026545,-2.046933695964981e-05,1.6111094737425447e-05,-0.006911376025527716,2.777777990559116e-05,0.0006415992975234985,0.0,0.013522678054869175,0.0,0.9864773154258728,30.04194450378418,9.999999747378752e-06,-0.003158250357955694,0.0015093546826392412,0.013888888992369175,0.034556880593299866,0.2509726881980896,0.013888888992369175,0.0,0.0,0.0,7.907985687255859,0.19283556938171387,9101.0,10.692017555236816,497.3900146484375,-0.07459481805562973
1322,-0.0008758556796237826,-0.004120190627872944,0.0029839500784873962,-4.739868927572388e-06,4.814814928977285e-07,-0.013333333656191826,4.0740746044320986e-05,0.0,0.0,0.0156521275639534,0.0,0.9843478798866272,30.047447204589844,9.999999747378752e-06,-0.0027804069686681032,0.0016856821021065116,0.020370371639728546,0.06666667014360428,0.25147175788879395,0.0,0.0,0.0,0.0,7.185764312744141,0.1503281593322754,10050.0,10.699323654174805,497.0400085449219,-0.07556186616420746
1323,-0.0008577838889323175,-0.002834735671058297,0.0031337025575339794,-4.974751632857988e-08,3.472222331879493e-08,-0.003240741090849042,6.94444497639779e-06,0.0,0.0,0.01727973110973835,0.0,0.9827202558517456,30.056339263916016,0.0012974634300917387,-0.0010645678266882896,0.0007821392500773072,0.0034722222480922937,0.016203705221414566,0.24788141250610352,0.0,0.0,0.0,0.0,7.458715438842773,0.15048837661743164,9689.0,10.721484184265137,497.7099914550781,-0.047557033598423004
1324,-0.0008515652734786272,-0.0037483081687241793,0.002990191103890538,-3.5996822589368094e-06,8.796296242508106e-07,-0.004034391604363918,2.777777990559116e-05,6.127533538347052e-07,0.0,0.01875813864171505,0.0,0.9812418818473816,30.077451705932617,9.999999747378752e-06,0.014084294438362122,0.0009181385976262391,0.013888888992369175,0.020171958953142166,0.2508911192417145,0.0,0.0,0.0,0.0,7.5214152336120605,0.14973235130310059,9611.0,10.735163688659668,499.3399963378906,-0.03514261543750763
1325,-0.0008977747056633234,-0.004346529953181744,0.00292609678581357,-4.006597464467632e-06,4.7685180106782354e-06,-0.0013888889225199819,5.092592982691713e-05,4.104384970560204e-06,0.0,0.01840549148619175,0.0,0.9815945029258728,30.08268165588379,2.2500000341096893e-05,-0.0029952821787446737,0.0004590333846863359,0.025462964549660683,0.0069444444961845875,0.2519899010658264,0.0,0.0,0.0,0.0,7.488765716552734,0.15085458755493164,9650.0,10.74452018737793,499.8800048828125,-0.04056520015001297
1326,-0.0008853069739416242,-0.004828849341720343,0.002919993828982115,-4.943816293234704e-06,2.6865075142268324e-06,-0.0011111112544313073,5.515873272088356e-05,1.294584990318981e-07,0.0,0.01847330667078495,0.0,0.9815266728401184,30.09144401550293,0.0012974634300917387,0.00815668422728777,0.0002718605101108551,0.02757936529815197,0.0055555556900799274,0.24913623929023743,0.0,0.0,0.0,0.0,7.102762222290039,0.17561554908752441,10129.0,10.763140678405762,500.0,-0.03515506908297539
1327,-0.0008908027084544301,-0.003474080702289939,0.002955676754936576,-3.9418682717951015e-06,4.143518310684158e-07,-0.002500000176951289,8.28703778097406e-05,0.0,0.0,0.01888020895421505,0.0,0.9811198115348816,30.10712242126465,9.999999747378752e-06,0.0014616171829402447,0.00037673520273528993,0.04143518581986427,0.012500000186264515,0.2597734034061432,0.0,0.0,0.0,0.0,7.811729907989502,0.1516127586364746,9258.0,10.772500038146973,500.0,-0.0041015115566551685
1328,-0.0008640995365567505,-0.006790305022150278,0.002948080189526081,-1.0195782124355901e-05,3.9007936720736325e-06,0.0,0.00019034394063055515,0.0,0.0,0.0179443359375,0.0,0.9820556640625,30.111379623413086,0.0012974634300917387,-0.006899894680827856,1.0218243005510885e-05,0.0951719656586647,0.0,0.24353551864624023,0.0,0.0,0.0,0.0,7.6970672607421875,0.17958831787109375,9360.0,10.782438278198242,500.0,-0.03207721188664436
1329,-0.000871982250828296,-0.002191794803366065,0.0029390810523182154,-1.7800677198920312e-07,2.3148147931806307e-07,-0.00296296295709908,9.259259968530387e-06,0.0,0.0,0.017578125,0.0,0.982421875,30.11815071105957,9.999999747378752e-06,-0.001748652313835919,0.0007153227925300598,0.004629629664123058,0.014814815483987331,0.24232202768325806,0.0,0.0,0.0,0.0,8.002887725830078,0.1492903232574463,9043.0,10.786394119262695,499.04998779296875,-0.022001618519425392
1330,-0.0008851135498844087,-0.0023828542325645685,0.003050246275961399,-6.207679916769848e-07,5.555555731007189e-07,-0.0009259259677492082,2.777777990559116e-05,0.0,0.0,0.0184461809694767,0.0,0.981553852558136,30.1213436126709,9.999999747378752e-06,-0.0013226858573034406,0.00030027772299945354,0.013888888992369175,0.004629629664123058,0.2504047453403473,0.0,0.0,0.0,0.0,7.746460914611816,0.15113425254821777,9335.0,10.79247760772705,500.0,-0.002942237537354231
1331,-0.0008737602038308978,-0.002113841939717531,0.0030150003731250763,-1.5479986359423492e-06,3.125000205272954e-07,-0.0006944444612599909,1.8055558030027896e-05,0.0,0.0,0.0178087018430233,0.0,0.9821913242340088,30.126110076904297,9.999999747378752e-06,-0.0017934862989932299,0.0004407377855386585,0.00902777723968029,0.0034722222480922937,0.24958260357379913,0.0,0.0,0.0,0.0,7.754974842071533,0.1502819061279297,9326.0,10.798959732055664,499.30999755859375,-0.01812802627682686
1332,-0.0009073061519302428,-0.0018660707864910364,0.002902497537434101,-1.4970672168601595e-07,1.3888889327517973e-07,0.0,1.388888995279558e-05,2.942668970717932e-07,0.0,0.017333984375,0.0,0.982666015625,30.134777069091797,0.0019461950287222862,0.0050992523320019245,3.401090361876413e-05,0.0069444444961845875,0.0,0.24986644089221954,0.0,0.0,0.0,0.0,6.971034049987793,0.1500086784362793,10353.0,10.822212219238281,500.0,0.0002844567352440208
1333,-0.0008798744529485703,-0.0022886304650455713,0.0030581841710954905,0.0,0.0,-0.0027777778450399637,0.0,0.0,0.0,0.013916015625,0.0,0.986083984375,30.154504776000977,9.999999747378752e-06,0.00040457863360643387,0.0004155403294134885,0.0,0.013888888992369175,0.2533324956893921,0.0,0.0,0.0,0.0,7.299922943115234,0.1526346206665039,9892.0,10.832113265991211,499.1400146484375,-0.024252424016594887
1334,-0.0008792819571681321,-0.0024360299576073885,0.0028372490778565407,-5.061810952611268e-07,1.3888889327517973e-07,-0.0011111112544313073,9.259259968530387e-06,0.0,0.0,0.0123426653444767,0.0,0.987657368183136,30.15932273864746,0.0008649755618534982,-0.0014437721110880375,0.0002631011011544615,0.004629629664123058,0.0055555556900799274,0.251472532749176,0.0,0.0,0.0,0.0,7.439347743988037,0.15264534950256348,9711.0,10.845003128051758,500.0,0.0015810849145054817
1335,-0.0008742416393943131,-0.0038502076640725136,0.0028871968388557434,-2.3191162767943752e-07,2.283950664150325e-07,-0.002932098926976323,1.728395181999076e-05,1.3737007975578308e-08,0.0,0.0106201171875,0.0,0.9893798828125,30.17384910583496,9.999999747378752e-06,-0.0018772509647533298,0.0010098249185830355,0.008641975931823254,0.014660494402050972,0.24478816986083984,0.0,0.0,0.0,0.0,7.137540817260742,0.1491527557373047,10118.0,10.856852531433105,494.1000061035156,-0.06724829971790314
1336,-0.0008645239286124706,-0.0020504037383943796,0.0030111828818917274,-8.555588237868506e-07,9.25925931483107e-08,-0.0018518519354984164,9.259259968530387e-06,0.0,0.0,0.009548611007630825,0.0,0.9904513955116272,30.178485870361328,9.999999747378752e-06,-0.0013038971228525043,0.00039612443652004004,0.004629629664123058,0.009259259328246117,0.2523041069507599,0.0,0.0,0.0,0.0,7.697670936584473,0.15001845359802246,9394.0,10.863676071166992,499.4700012207031,-0.019575627520680428
1337,-0.0008674509008415043,-0.0025757758412510157,0.002985402476042509,-1.659902579831396e-07,1.0277777846567915e-06,0.0,6.666666740784422e-05,1.715340971486512e-07,0.0,0.008395724929869175,0.0,0.9916042685508728,30.183805465698242,0.0012974634300917387,-0.007214722689241171,5.630519353871932e-06,0.03333333507180214,0.0,0.24530665576457977,0.0,0.0,0.0,0.0,7.809572219848633,0.15087628364562988,9261.0,10.872306823730469,500.0,-0.004365766420960426
1338,-0.0008405295084230602,-0.002890660660341382,0.0029613529331982136,-1.1809034958787379e-06,9.25925931483107e-08,-0.004365080036222935,1.8518519937060773e-05,0.0,0.0,0.0079345703125,0.0,0.9920654296875,30.191085815429688,9.999999747378752e-06,-0.0019414793932810426,0.001324250246398151,0.009259259328246117,0.02182539738714695,0.24984832108020782,0.0,0.0,0.0,0.0,7.699250221252441,0.16662287712097168,9373.0,10.878796577453613,497.7699890136719,-0.06555117666721344
1339,-0.0008525039302185178,-0.002942753955721855,0.002968831220641732,-1.4274941122494056e-06,3.1481482665185467e-07,-0.0006944444612599909,2.962963299069088e-05,0.0,0.0,0.0089111328125,0.0,0.9910888671875,30.19658088684082,0.0012974634300917387,-0.0015474183019250631,0.00022841051395516843,0.014814815483987331,0.0034722222480922937,0.2510563135147095,0.0,0.0,0.0,0.0,7.671903133392334,0.14995050430297852,9425.0,10.896173477172852,500.0,-0.008557450957596302
1340,-0.0008290041005238891,-0.002831924008205533,0.0029066980350762606,-2.0913644505071716e-07,3.1018518598102673e-07,0.0,3.4259264793945476e-05,0.0,0.0,0.00824652798473835,0.0,0.9917534589767456,30.214460372924805,0.0019461950287222862,-0.005043995101004839,8.034945494728163e-06,0.017129629850387573,0.0,0.25160467624664307,0.0,0.0,0.0,0.0,7.992363929748535,0.15060734748840332,9054.0,10.909111976623535,500.0,-0.00666991388425231
1341,-0.0008276918670162559,-0.002406227635219693,0.0028819504659622908,-1.0728948751648204e-07,1.3227513306901528e-07,0.0,1.410934783052653e-05,0.0,0.0,0.00739203579723835,0.0,0.9926079511642456,30.224576950073242,0.0019461950287222862,-0.008232911117374897,5.412899554357864e-06,0.007054673973470926,0.0,0.2479526251554489,0.0,0.0,0.0,0.0,7.550622940063477,0.14924001693725586,9575.0,10.920698165893555,500.0,-0.0020167038310319185
1342,-0.000826965260785073,-0.0025182634126394987,0.00290880654938519,-4.79319282931101e-07,1.5555555137325427e-06,-0.0021825397852808237,6.666666740784422e-05,2.506421651560231e-06,0.0,0.0077989366836845875,0.0,0.9922010898590088,30.22854232788086,9.999999747378752e-06,0.0008888145675882697,0.0006666347035206854,0.03333333507180214,0.010912698693573475,0.2486499696969986,0.0,0.0,0.0,0.0,7.588797569274902,0.15356898307800293,9522.0,10.922507286071777,499.1199951171875,-0.02542390115559101
1343,-0.0008115954115055501,-0.0023809883277863264,0.003012311179190874,0.0,0.0,0.0,0.0,0.0,0.0,0.0077039930038154125,0.0,0.992296040058136,30.230369567871094,0.0012974634300917387,-0.007884454913437366,6.260450390982442e-06,0.0,0.0,0.25276055932044983,0.0,0.0,0.0,0.0,8.059842109680176,0.15042495727539062,8979.0,10.925000190734863,500.0,-0.0006262024398893118
1344,-0.0007934411987662315,-0.0024429294280707836,0.0031409517396241426,0.0,0.0,-0.0013888889225199819,0.0,0.0,0.0,0.0072157117538154125,0.0,0.992784321308136,30.245840072631836,0.004378939047455788,-0.0018293377943336964,0.03518496826291084,0.0,0.0069444444961845875,0.25106874108314514,0.0,0.0,0.0,0.0,7.620530605316162,0.14993762969970703,9488.0,10.979233741760254,495.45001220703125,-0.023933859542012215
1345,-0.0007853709394112229,-0.002866275142878294,0.002981762867420912,-2.3610910204752145e-07,1.1111111319905831e-07,0.0,1.1111112144135404e-05,0.0,0.0,0.0072157117538154125,0.0,0.992784321308136,30.28322982788086,0.0012974634300917387,-0.0016291135689243674,0.0042380415834486485,0.0055555556900799274,0.0,0.2495553195476532,0.0,0.0,0.0,0.0,7.9093427658081055,0.15085053443908691,9147.0,10.995515823364258,500.0,-0.0035003982484340668
1346,-0.0007671182975172997,-0.002477736910805106,0.0030457826796919107,-1.1513814115460264e-06,6.299603114712227e-07,-0.006435185670852661,3.3399472158635035e-05,0.0,0.0,0.007500542793422937,0.0,0.9924994707107544,30.299053192138672,0.0029192925430834293,-0.004114437848329544,0.0020635174587368965,0.016699736937880516,0.03217592462897301,0.24822227656841278,0.0,0.0,0.0,0.0,7.759139060974121,0.1702890396118164,9298.0,11.034991264343262,488.3500061035156,-0.08159726858139038
1347,-0.0007592611364088953,-0.002580501139163971,0.003106069751083851,-2.4899682316004146e-08,7.407407451864856e-07,-0.0051917992532253265,1.8518519937060773e-05,0.0,0.0,0.010606554336845875,0.0,0.9893934726715088,30.344898223876953,0.004378939047455788,-0.0043874518014490604,0.0014550475170835853,0.009259259328246117,0.025958994403481483,0.24781370162963867,0.0,0.0,0.0,0.0,7.581460952758789,0.1499791145324707,9536.0,11.100367546081543,500.0,-0.004443431738764048
1348,-0.0007391690160147846,-0.003292204113677144,0.0029858567286282778,-3.2854775326995878e-06,1.5674602309445618e-06,-0.007870371453464031,7.275132520589978e-05,0.0,0.0,0.011447482742369175,0.0,0.9885525107383728,30.39771270751953,0.0065684085711836815,-0.0033580514136701822,0.0014891219325363636,0.036375660449266434,0.03935185447335243,0.2474544793367386,0.0,0.0,0.0,0.0,7.31060791015625,0.15267729759216309,9878.0,11.17869758605957,490.69000244140625,-0.07106589525938034
1349,-0.0007398993475362659,-0.003009270178154111,0.002938415389508009,-1.1800104857684346e-06,4.0123458688867686e-07,-0.003703703870996833,1.5432098734891042e-05,0.0,0.0,0.01201714389026165,0.0,0.9879828691482544,30.431982040405273,9.999999747378752e-06,0.005326910875737667,0.003382796421647072,0.0077160499058663845,0.018518518656492233,0.251033216714859,0.0,0.0,0.0,0.0,8.000965118408203,0.1494431495666504,9045.0,11.193317413330078,493.5299987792969,-0.049907386302948
1350,-0.0007426865049637854,-0.003032456384971738,0.002843649359419942,-1.064297521224944e-06,4.5634917000825226e-07,-0.008716930635273457,3.5714288969757035e-05,0.0,0.0,0.01325141079723835,0.0,0.9867485761642456,30.43859100341797,0.0012974634300917387,-0.0033167751971632242,0.0022661620751023293,0.01785714365541935,0.043584659695625305,0.2482886016368866,0.0,0.0,0.0,0.0,7.6747612953186035,0.14755487442016602,9425.0,11.212282180786133,484.6700134277344,-0.08509505540132523
1351,-0.0007333303219638765,-0.002718443050980568,0.0029192541260272264,-5.507066020982165e-07,5.324074550117075e-07,-0.008472222834825516,2.3148148102336563e-05,0.0,0.0,0.01595052145421505,0.0,0.9840494990348816,30.46579933166504,0.0029192925430834293,-0.004972410853952169,0.0020048643928021193,0.011574074625968933,0.04236111044883728,0.2564140856266022,0.0,0.0,0.0,0.0,7.297458648681641,0.16388535499572754,9881.0,11.257369995117188,490.239990234375,-0.0852014422416687
1352,-0.0007098865462467074,-0.002788394223898649,0.0031139147467911243,-4.699945179709175e-07,1.1574073965903153e-07,-0.007083333097398281,2.3148148102336563e-05,0.0,0.0,0.01787651889026165,0.0,0.9821234941482544,30.498422622680664,0.0029192925430834293,-0.00432922737672925,0.0019701134879142046,0.011574074625968933,0.03541666641831398,0.25339099764823914,0.0,0.0,0.0,0.0,7.47171688079834,0.16653180122375488,9652.0,11.30522346496582,484.3800048828125,-0.08280951529741287
1353,-0.0007127754506655037,-0.003261933336034417,0.0030375788919627666,-1.0352819117542822e-06,1.8055553709928063e-06,-0.003888888983055949,2.777777990559116e-05,0.0,0.0,0.0187852643430233,0.0,0.9812147617340088,30.540332794189453,0.0029192925430834293,-0.001574520138092339,0.0005924788420088589,0.013888888992369175,0.01944444514811039,0.25301334261894226,0.0,0.0,0.0,0.0,7.173561096191406,0.16169095039367676,10051.0,11.364137649536133,496.6000061035156,-0.02324543334543705
1354,-0.0007325276383198798,-0.003059162525460124,0.0030055216047912836,-2.167253114748746e-06,2.652116336321342e-06,-0.007460317574441433,0.0001283068850170821,2.632719713346887e-07,0.0,0.01985677145421505,0.0,0.9801432490348816,30.572046279907227,9.999999747378752e-06,-0.0006190429558046162,0.0009535264107398689,0.06415344029664993,0.03730158880352974,0.25101152062416077,0.0,0.0,0.0,0.0,7.581056594848633,0.1471700668334961,9540.0,11.384183883666992,499.7699890136719,-0.02869371883571148
1355,-0.0007442173082381487,-0.0035694981925189495,0.00310555100440979,-4.851698122365633e-06,1.3148147672836785e-06,-0.0006944444612599909,5.7407411077292636e-05,2.8953786923580083e-08,0.0,0.02060275711119175,0.0,0.9793972373008728,30.578327178955078,0.0012974634300917387,-0.0017520437249913812,0.00042273287544958293,0.028703702613711357,0.0034722222480922937,0.24704037606716156,0.0,0.0,0.0,0.0,7.818629264831543,0.15194106101989746,9250.0,11.40156078338623,496.1499938964844,-0.03304619342088699
1356,-0.0007331141387112439,-0.0038372809067368507,0.0029697457794100046,-7.554097578577057e-07,4.930555519422342e-07,-0.0009259259677492082,2.91666692646686e-05,0.0,0.0,0.0207790806889534,0.0,0.9792209267616272,30.590940475463867,9.999999747378752e-06,0.001252446905709803,0.0003195747849531472,0.01458333246409893,0.004629629664123058,0.2484103888273239,0.0,0.0,0.0,0.0,7.758624076843262,0.15555286407470703,9315.0,11.409095764160156,500.0,-0.026819150894880295
1357,-0.000752915337216109,-0.0033215852454304695,0.0030116066336631775,-1.3546556374421925e-06,4.027777720239101e-07,0.0,4.3518521124497056e-05,0.0,0.0,0.0205078125,0.0,0.9794921875,30.592193603515625,0.0012974634300917387,-0.008810245431959629,1.940581751114223e-05,0.021759258583188057,0.0,0.25094524025917053,0.0,0.0,0.0,0.0,7.051405429840088,0.15026617050170898,10237.0,11.409326553344727,500.0,-0.014459623023867607
1358,-0.0007423389470204711,-0.003401771653443575,0.0031428448855876923,-2.2538445136888186e-06,8.564814493183803e-07,0.0,5.555555981118232e-05,0.0,0.0,0.0201280377805233,0.0,0.9798719882965088,30.597183227539062,0.004378939047455788,-0.011848262511193752,1.5267436538124457e-05,0.02777777798473835,0.0,0.25398388504981995,0.0,0.0,0.0,0.0,7.247757911682129,0.14644670486450195,9971.0,11.427793502807617,500.0,-0.013420832343399525
1359,-0.0007815369172021747,-0.002566372510045767,0.0030399856623262167,-1.6316276969519095e-06,8.263888275905629e-07,0.0,5.892857734579593e-05,0.0,0.0,0.02001953125,0.0,0.97998046875,30.609909057617188,0.0019461950287222862,-0.010336723178625107,6.504596512968419e-06,0.02946428395807743,0.0,0.2550659775733948,0.0,0.0,0.0,0.0,7.348160266876221,0.14933371543884277,9833.0,11.436994552612305,500.0,-0.0036331848241388798
1360,-0.0007579756202176213,-0.00272786570712924,0.0030460201669484377,-2.715660002650111e-06,2.602512950033997e-06,0.0,7.738095155218616e-05,0.0,0.0,0.01911078579723835,0.0,0.9808892011642456,30.610599517822266,0.0029192925430834293,-0.01075790822505951,6.669273261650233e-06,0.0386904776096344,0.0,0.2490062266588211,0.0,0.0,0.0,0.0,6.991263389587402,0.14867591857910156,10326.0,11.435993194580078,500.0,-0.0039138272404670715
1361,-0.00076779950177297,-0.0027844097930938005,0.0030325783882290125,-2.6628270006767707e-06,2.8333329282759223e-06,0.0,7.129630103008822e-05,0.0,0.0,0.0158962681889534,0.0,0.9841037392616272,30.608444213867188,9.999999747378752e-06,-0.007478685118257999,5.1167003221053164e-06,0.035648148506879807,0.0,0.25138989090919495,0.0,0.0,0.0,0.0,7.8244147300720215,0.14769673347473145,9248.0,11.438408851623535,500.0,-0.005468124523758888
1362,-0.0007842553895898163,-0.002579155145213008,0.0031292003113776445,-1.5232137684506597e-06,7.804232495800534e-07,-0.0006172839784994721,5.423280890681781e-05,0.0,0.0,0.0142957903444767,0.0,0.985704243183136,30.614351272583008,0.0019461950287222862,-0.0018001343123614788,0.0004061043437104672,0.027116401121020317,0.003086419776082039,0.24772630631923676,0.0,0.0,0.0,0.0,7.395658016204834,0.14754199981689453,9774.0,11.462081909179688,495.82000732421875,-0.018640954047441483
1363,-0.0007690292550250888,-0.0031767499167472124,0.003034918801859021,-7.329148843382427e-07,6.8783066353717e-07,-0.001410934841260314,3.4391538065392524e-05,0.0,0.0,0.013590495102107525,0.0,0.9864094853401184,30.635732650756836,9.999999747378752e-06,-0.0012881614966318011,0.000717845861800015,0.017195768654346466,0.007054673973470926,0.25137171149253845,0.0,0.0,0.0,0.0,7.398785591125488,0.14678668975830078,9771.0,11.476579666137695,495.4100036621094,-0.04673801362514496
1364,-0.0007914039888419211,-0.0032364539802074432,0.0029811651911586523,-5.0815979193430394e-05,1.28240742469643e-06,0.0,8.253968553617597e-05,0.0,0.0,0.01201714389026165,0.0,0.9879828691482544,30.63877296447754,0.0012974634300917387,-0.008902521803975105,8.819456525088754e-06,0.04126984253525734,0.0,0.2500254213809967,0.0,0.0,0.0,0.0,7.318240165710449,0.1512773036956787,9870.0,11.481740951538086,500.0,-0.0071892025880515575
1365,-0.0007611045730300248,-0.0026021201629191637,0.0030400522518903017,-6.51943764751195e-07,3.888888784331357e-07,0.0,2.0370373022160493e-05,5.680509502781206e-07,0.0,0.009114583022892475,0.0,0.9908854365348816,30.6404972076416,0.0029192925430834293,-0.013256529346108437,4.402642844070215e-06,0.010185185819864273,0.0,0.24943286180496216,0.0,0.0,0.0,0.0,7.273977279663086,0.1486186981201172,9932.0,11.479883193969727,500.0,-0.0052680401131510735
1366,-0.0008038072846829891,-0.003489534603431821,0.0029641634318977594,-4.372914645500714e-06,5.921295723965159e-06,0.0,0.00013472222781274468,0.0,0.0,0.006035699043422937,0.0,0.9939643144607544,30.63941764831543,0.004378939047455788,-0.0027858144603669643,6.098867379478179e-05,0.06736110895872116,0.0,0.25376665592193604,0.0,0.0,0.0,0.0,7.227701187133789,0.15269255638122559,9989.0,11.493425369262695,500.0,-0.00453160610049963
1367,-0.000800174253527075,-0.002496161498129368,0.0030479878187179565,-3.5651412417792017e-06,1.3591270544566214e-06,0.0,9.126984514296055e-05,0.0,0.0,0.00409613735973835,0.0,0.9959038496017456,30.652362823486328,0.0019461950287222862,-0.012857206165790558,0.0004318016581237316,0.0456349216401577,0.0,0.2547203600406647,0.0,0.0,0.0,0.0,7.088904857635498,0.15002846717834473,10184.0,11.506448745727539,500.0,-0.0007031435379758477
1368,-0.0007855617441236973,-0.002479399787262082,0.002939659170806408,-5.67436984511005e-07,1.2037035048706457e-06,-0.0027777778450399637,1.8518519937060773e-05,5.581253390118945e-06,0.0,0.003390842117369175,0.0,0.9966091513633728,30.65476417541504,9.999999747378752e-06,0.0013370950473472476,0.00014548057515639812,0.009259259328246117,0.013888888992369175,0.25029006600379944,0.0,0.0,0.0,0.0,8.1445951461792,0.15105557441711426,8887.0,11.510485649108887,500.0,-0.003911828156560659
1369,-0.000801931950263679,-0.002557736588642001,0.0030781603418290615,-4.26255292040878e-06,2.592592181827058e-06,-0.002500000176951289,4.6296296204673126e-05,0.0,0.0,0.0035671659279614687,0.0,0.9964328408241272,30.660297393798828,0.00017085937724914402,-0.0016609437298029661,0.00035116434446536005,0.023148149251937866,0.012500000186264515,0.2510569393634796,0.0,0.0,0.0,0.0,7.54938268661499,0.14971923828125,9576.0,11.526150703430176,500.0,0.0004746557679027319
1370,-0.0008113054791465402,-0.0021608658134937286,0.002948044566437602,-4.5481439769901044e-07,1.0141091024706839e-06,-0.0027777778450399637,1.410934783052653e-05,0.0,0.0,0.0033094617538154125,0.0,0.996690571308136,30.673995971679688,9.999999747378752e-06,-0.0015537396539002657,0.00035623833537101746,0.007054673973470926,0.013888888992369175,0.25055059790611267,0.0,0.0,0.0,0.0,7.951216220855713,0.14829063415527344,9102.0,11.53960132598877,499.82000732421875,-0.019548727199435234
1371,-0.0007911041029728949,-0.00283103808760643,0.0030740529764443636,-4.096173597645247e-06,2.0882937405986013e-06,0.0,9.821428830036893e-05,0.0,0.0,0.00341796875,0.0,0.99658203125,30.677555084228516,0.0012974634300917387,-0.008415055461227894,3.3678329600661527e-06,0.0491071417927742,0.0,0.2487703412771225,0.0,0.0,0.0,0.0,7.14785099029541,0.15272951126098633,10098.0,11.540327072143555,500.0,0.0011239416198804975
1372,-0.0008051753393374383,-0.002350557129830122,0.0029937983490526676,-4.4744152205566934e-07,6.944444663758986e-08,-0.00296296295709908,1.388888995279558e-05,0.0,0.0,0.0041368273086845875,0.0,0.9958631992340088,30.676563262939453,9.999999747378752e-06,-0.0006128809181973338,0.0005210608360357583,0.0069444444961845875,0.014814815483987331,0.2502494156360626,0.0,0.0,0.0,0.0,7.5610032081604,0.1461338996887207,9566.0,11.543603897094727,497.6000061035156,-0.022215336561203003
1373,-0.0008507271413691342,-0.0025290916673839092,0.0030619646422564983,0.0,0.0,0.0,0.0,0.0,0.0,0.00439453125,0.0,0.99560546875,30.679317474365234,0.0019461950287222862,-0.008893604390323162,2.8483370897447458e-06,0.0,0.0,0.24939566850662231,0.0,0.0,0.0,0.0,7.296798229217529,0.19391345977783203,9842.0,11.54452896118164,500.0,0.000160799638251774
1374,-0.0008163432357832789,-0.002121212426573038,0.003116767853498459,-3.1167806469056814e-07,9.25925931483107e-08,0.0,1.8518519937060773e-05,0.0,0.0,0.00439453125,0.0,0.99560546875,30.667966842651367,0.0029192925430834293,-0.012439499609172344,6.326336006168276e-05,0.009259259328246117,0.0,0.25732412934303284,0.0,0.0,0.0,0.0,7.372900009155273,0.15012240409851074,9800.0,11.52332592010498,500.0,0.0021698360797017813
1375,-0.0008265218348242342,-0.0023899071384221315,0.0030872870702296495,-1.6958129123167964e-08,4.1666666561468446e-07,0.0,2.777777990559116e-05,7.776543498039246e-08,0.0,0.00439453125,0.0,0.99560546875,30.648115158081055,0.004378939047455788,-0.011152165941894054,1.4979861589381471e-05,0.013888888992369175,0.0,0.25212961435317993,0.0,0.0,0.0,0.0,7.200867652893066,0.15288209915161133,10025.0,11.482983589172363,500.0,-0.0024651321582496166
1376,-0.000822698522824794,-0.002216510009020567,0.0031109575647860765,0.0,0.0,0.0,0.0,0.0,0.0,0.0042317709885537624,0.0,0.9957682490348816,30.614099502563477,0.0029192925430834293,-0.011319508776068687,0.001548472442664206,0.0,0.0,0.24928948283195496,0.0,0.0,0.0,0.0,7.675316333770752,0.14659953117370605,9425.0,11.444488525390625,500.0,0.0010815332643687725
1377,-0.0008213109686039388,-0.0021868955809623003,0.0030566644854843616,-1.5205753811642353e-07,9.25925931483107e-08,0.0,1.8518519937060773e-05,0.0,0.0,0.0035400390625,0.0,0.9964599609375,30.603605270385742,0.004378939047455788,-0.010585050098598003,4.417691161506809e-05,0.009259259328246117,0.0,0.2526111602783203,0.0,0.0,0.0,0.0,7.700162887573242,0.14819788932800293,9394.0,11.447556495666504,500.0,0.0009187374962493777
1378,-0.0008002559770829976,-0.0021342705003917217,0.0031192409805953503,-2.6810388931153284e-07,1.9841270670895028e-07,-0.002314814832061529,7.936508154671174e-06,1.3628285842059995e-06,0.0,0.0030653211288154125,0.0,0.996934711933136,30.607593536376953,9.999999747378752e-06,8.815339970169589e-05,0.000796958920545876,0.003968254197388887,0.011574074625968933,0.25174379348754883,0.0,0.0,0.0,0.0,7.316555976867676,0.15674042701721191,9865.0,11.450996398925781,490.9700012207031,-0.03787106275558472
1379,-0.0008062822744250298,-0.002030321629717946,0.003140504937618971,0.0,0.0,0.0,0.0,0.0,0.0,0.00390625,0.0,0.99609375,30.60959815979004,0.0019461950287222862,-0.008465874940156937,7.094368356774794e-06,0.0,0.0,0.2497134804725647,0.0,0.0,0.0,0.0,7.425004959106445,0.16622376441955566,9712.0,11.45389175415039,500.0,0.0020217716228216887
1380,-0.0007963962852954865,-0.0020866028498858213,0.0031458598095923662,-4.039377756726026e-07,2.7777778655035945e-07,0.0,5.555555981118232e-05,0.0,0.0,0.00390625,0.0,0.99609375,30.605552673339844,0.0029192925430834293,-0.012003579176962376,3.2033451134338975e-05,0.02777777798473835,0.0,0.2526402771472931,0.0,0.0,0.0,0.0,7.030477046966553,0.14736270904541016,10271.0,11.445114135742188,500.0,0.00043142447248101234
1381,-0.0008209276129491627,-0.001881778473034501,0.003115099621936679,0.0,0.0,-0.0015873017255216837,0.0,0.0,0.0,0.0042317709885537624,0.0,0.9957682490348816,30.60196876525879,9.999999747378752e-06,-0.0018255802569910884,0.0007850154070183635,0.0,0.007936508394777775,0.2480112761259079,0.0,0.0,0.0,0.0,7.209083557128906,0.1515491008758545,10016.0,11.446066856384277,493.9700012207031,-0.03594955801963806
1382,-0.0008112642099149525,-0.0018549271626397967,0.003139968728646636,0.0,0.0,-0.0007936508627608418,0.0,0.0,0.0,0.0046522351913154125,0.0,0.995347797870636,30.60573387145996,3.3749998692655936e-05,-0.0012859051348641515,0.0003664001415017992,0.0,0.003968254197388887,0.25013017654418945,0.0,0.0,0.0,0.0,8.384806632995605,0.15039587020874023,8638.0,11.45633602142334,495.6099853515625,-0.015341992489993572
1383,-0.0008024598355405033,-0.0020439596846699715,0.0030457330867648125,0.0,0.0,-0.0013888889225199819,0.0,0.0,0.0,0.004326714668422937,0.0,0.9956732988357544,30.61299705505371,9.999999747378752e-06,-0.0014420271618291736,0.0003480283485259861,0.0,0.0069444444961845875,0.24964147806167603,0.0,0.0,0.0,0.0,7.449851036071777,0.14863085746765137,9702.0,11.463418960571289,500.0,0.0014634804101660848
1384,-0.0007743188762106001,-0.0019062662031501532,0.0030358689837157726,0.0,0.0,0.0,0.0,0.0,0.0,0.0040283203125,0.0,0.9959716796875,30.616531372070312,0.0012974634300917387,-0.008199827745556831,4.1470684664091095e-06,0.0,0.0,0.2510151267051697,0.0,0.0,0.0,0.0,7.418441295623779,0.15052056312561035,9740.0,11.462493896484375,500.0,0.0021858487743884325
1385,-0.0007484186207875609,-0.001970200100913644,0.0030516870319843292,-3.92154788642074e-08,4.629629657415535e-08,-0.0013888889225199819,9.259259968530387e-06,0.0,0.0,0.004055446945130825,0.0,0.9959445595741272,30.613601684570312,9.999999747378752e-06,-0.0008109758491627872,0.00039375340566039085,0.004629629664123058,0.0069444444961845875,0.2526054382324219,0.0,0.0,0.0,0.0,7.609193801879883,0.14983344078063965,9502.0,11.459711074829102,495.6600036621094,-0.015000577084720135
1386,-0.0007656871457584202,-0.0020907509606331587,0.0029191409703344107,0.0,0.0,-0.0011111112544313073,0.0,0.0,0.0,0.003757053054869175,0.0,0.9962429404258728,30.61527442932129,9.999999747378752e-06,-0.001546875573694706,0.00039685674710199237,0.0,0.0055555556900799274,0.24880358576774597,0.0,0.0,0.0,0.0,7.564462661743164,0.17725181579589844,9523.0,11.463557243347168,495.739990234375,-0.018962718546390533
1387,-0.0007854984723962843,-0.0019065783126279712,0.0029599645640701056,0.0,0.0,-0.0013888889225199819,0.0,0.0,0.0,0.0039876303635537624,0.0,0.9960123896598816,30.618732452392578,9.999999747378752e-06,-0.0018575213616713881,0.0004003872745670378,0.0,0.0069444444961845875,0.2488279938697815,0.0,0.0,0.0,0.0,7.140923976898193,0.14522624015808105,10118.0,11.469442367553711,499.67999267578125,-0.018104474991559982
1388,-0.0007666683522984385,-0.0019043202046304941,0.0028696756344288588,-3.199695086664178e-08,8.101851989295028e-08,0.0,1.6203704944928177e-05,0.0,0.0,0.00439453125,0.0,0.99560546875,30.62112808227539,0.0012974634300917387,-0.008648522198200226,2.542361698942841e-06,0.008101852610707283,0.0,0.2492617815732956,0.0,0.0,0.0,0.0,7.251980781555176,0.1520705223083496,9957.0,11.469823837280273,500.0,0.002793858991935849
1389,-0.0007393967243842781,-0.002139723626896739,0.0030294584576040506,0.0,0.0,0.0,0.0,0.0,0.0,0.00439453125,0.0,0.99560546875,30.606704711914062,0.0029192925430834293,-0.011879079975187778,2.2227125100471312e-06,0.0,0.0,0.2531112730503082,0.0,0.0,0.0,0.0,7.114931583404541,0.15282392501831055,10144.0,11.447136878967285,500.0,0.0020792779978364706
1390,-0.0007737766136415303,-0.0019458007300272584,0.0029061618261039257,0.0,6.944444663758986e-08,-0.0005555556272156537,1.388888995279558e-05,2.532945302391454e-07,0.0,0.0044759116135537624,0.0,0.9955241084098816,30.603437423706055,9.999999747378752e-06,-0.0006029456853866577,0.00040422892197966576,0.0069444444961845875,0.0027777778450399637,0.25225216150283813,0.0,0.0,0.0,0.0,6.9815568923950195,0.14900565147399902,10339.0,11.450644493103027,499.3699951171875,-0.016913792118430138
1391,-0.0007662533316761255,-0.0019069986883550882,0.002791861305013299,-4.035760241549724e-07,9.25925931483107e-08,0.0,1.8518519937060773e-05,0.0,0.0,0.0048828125,0.0,0.9951171875,30.60620880126953,0.0019461950287222862,-0.008593985810875893,2.6738296128314687e-06,0.009259259328246117,0.0,0.253670334815979,0.0,0.0,0.0,0.0,6.841075897216797,0.150146484375,10545.0,11.457928657531738,500.0,0.0013372956309467554
1392,-0.0007559926598332822,-0.0018127887742593884,0.0027027905452996492,-3.678952253949319e-09,2.7777778655035945e-07,0.0,1.388888995279558e-05,0.0,0.0,0.004638671875,0.0,0.995361328125,30.612037658691406,0.0019461950287222862,-0.011229296214878559,0.0033205756917595863,0.0069444444961845875,0.0,0.2491413801908493,0.0,0.0,0.0,0.0,7.560935020446777,0.1495964527130127,9561.0,11.476694107055664,500.0,0.0012631644494831562
1393,-0.0007755383849143982,-0.0017753421561792493,0.002690104069188237,-1.0837538866326213e-07,5.5555556599529154e-08,0.0,1.1111112144135404e-05,0.0,0.0,0.00390625,0.0,0.99609375,30.627561569213867,0.0029192925430834293,-0.0063764494843780994,4.8720568884164095e-05,0.0055555556900799274,0.0,0.250882089138031,0.0,0.0,0.0,0.0,7.049139976501465,0.15016603469848633,10240.0,11.5025634765625,500.0,0.001926527125760913
1394,-0.0007806313806213439,-0.0018814618233591318,0.0027839518152177334,0.0,0.0,-0.0022045858204364777,0.0,0.0,0.0,0.004638671875,0.0,0.995361328125,30.636920928955078,9.999999747378752e-06,0.0010116170160472393,0.0009629777050577104,0.0,0.011022929102182388,0.24968793988227844,0.0,0.0,0.0,0.0,6.8837175369262695,0.15009307861328125,10481.0,11.504786491394043,498.6400146484375,-0.0388086773455143
1395,-0.0007703721639700234,-0.002064644591882825,0.0025781034491956234,0.0,0.0,-0.0034259259700775146,0.0,0.0,0.0,0.005588107742369175,0.0,0.9944118857383728,30.63899803161621,5.062499985797331e-05,-0.0024972236715257168,0.0010918199550360441,0.0,0.017129629850387573,0.24898311495780945,0.0,0.0,0.0,0.0,7.182051658630371,0.15243077278137207,10052.0,11.509217262268066,498.94000244140625,-0.04572334885597229
1396,-0.0007617718074470758,-0.001971522578969598,0.002685340354219079,0.0,0.0,-0.0027777778450399637,0.0,0.0,0.0,0.005615234375,0.0,0.994384765625,30.648263931274414,0.0019461950287222862,-0.0019921930506825447,0.00037839211290702224,0.0,0.013888888992369175,0.2493676394224167,0.0,0.0,0.0,0.0,7.244124412536621,0.1503748893737793,9970.0,11.534934997558594,499.1000061035156,-0.022119784727692604
1397,-0.0007717723492532969,-0.001970237120985985,0.0027053358498960733,0.0,0.0,0.0,0.0,0.0,0.0,0.0054931640625,0.0,0.9945068359375,30.67293930053711,0.0019461950287222862,-0.0044576916843652725,0.00016735603276174515,0.0,0.0,0.2518240511417389,0.0,0.0,0.0,0.0,7.742537498474121,0.15338540077209473,9337.0,11.557461738586426,500.0,-0.0033795973286032677
1398,-0.0007906499085947871,-0.0019859247840940952,0.0027063910383731127,0.0,6.944444663758986e-08,0.0,1.388888995279558e-05,0.0,0.0,0.00537109375,0.0,0.99462890625,30.673656463623047,0.004378939047455788,-0.008457946591079235,8.25799725134857e-06,0.0069444444961845875,0.0,0.250785768032074,0.0,0.0,0.0,0.0,7.06280517578125,0.1668226718902588,10198.0,11.561193466186523,500.0,-0.00024673587176948786
1399,-0.0008068667375482619,-0.0019570018630474806,0.002491692779585719,0.0,0.0,0.0,0.0,0.0,0.0,0.0051405164413154125,0.0,0.994859516620636,30.673189163208008,0.0029192925430834293,-0.011507558636367321,0.019031770527362823,0.0,0.0,0.24937163293361664,0.0,0.0,0.0,0.0,7.352090835571289,0.15218758583068848,9824.0,11.5551118850708,500.0,-0.0017086867010220885
1400,-0.0007939156494103372,-0.0019227697048336267,0.002592087723314762,0.0,0.0,0.0,0.0,0.0,0.0,0.004665798507630825,0.0,0.9953342080116272,30.66971206665039,0.0029192925430834293,-0.008059116080403328,8.799431088846177e-05,0.0,0.0,0.2516064941883087,0.0,0.0,0.0,0.0,6.985513687133789,0.15149259567260742,10330.0,11.55943489074707,500.0,-0.00014562472642865032
1401,-0.0007569055887870491,-0.002735933056101203,0.002516732085496187,0.0,0.0,0.0,0.0,0.0,0.0,0.0042588976211845875,0.0,0.9957411289215088,30.68067169189453,0.0012974634300917387,-0.001918512280099094,4.9020811275113374e-05,0.0,0.0,0.24573996663093567,0.0,0.0,0.0,0.0,6.9459733963012695,0.14927959442138672,10391.0,11.576494216918945,500.0,-0.008163410238921642
1402,-0.0007938554626889527,-0.0020731904078274965,0.002662498038262129,0.0,0.0,0.0,0.0,0.0,0.0,0.00390625,0.0,0.99609375,30.69797706604004,0.0029192925430834293,-0.007214454934000969,6.632694567088038e-05,0.0,0.0,0.2530929744243622,0.0,0.0,0.0,0.0,7.788601875305176,0.15023183822631836,9287.0,11.599440574645996,500.0,-0.0008576079271733761
1403,-0.0007787845679558814,-0.0023761040065437555,0.00277982116676867,0.0,0.0,-0.0011111112544313073,0.0,0.0,0.0,0.0039469399489462376,0.0,0.9960530400276184,30.704391479492188,9.999999747378752e-06,0.002058823360130191,0.0004075721953995526,0.0,0.0055555556900799274,0.24743856489658356,0.0,0.0,0.0,0.0,7.27948522567749,0.14907431602478027,9924.0,11.601908683776855,499.0799865722656,-0.023950131610035896
1404,-0.0007742187008261681,-0.002081969054415822,0.002811978803947568,-3.929012226677742e-09,5.5555556599529154e-08,0.0,1.1111112144135404e-05,0.0,0.0,0.0042588976211845875,0.0,0.9957411289215088,30.708133697509766,0.0019461950287222862,-0.00856957957148552,3.9669688703725114e-05,0.0055555556900799274,0.0,0.25209173560142517,0.0,0.0,0.0,0.0,7.018588066101074,0.14569306373596191,10291.0,11.615467071533203,500.0,0.0015353530179709196
1405,-0.0007480966742150486,-0.0022857908625155687,0.003100763773545623,0.0,0.0,-0.0027777778450399637,0.0,0.0,0.0,0.004326714668422937,0.0,0.9956732988357544,30.728347778320312,0.004378939047455788,-0.0012322711991146207,0.00024469595518894494,0.0,0.013888888992369175,0.25623491406440735,0.0,0.0,0.0,0.0,7.263968467712402,0.15335440635681152,9939.0,11.668097496032715,500.0,-0.00021281474619172513
1406,-0.0007498660706914961,-0.002421113895252347,0.002903583226725459,-7.834423776387212e-09,6.944444663758986e-08,-0.0013888889225199819,1.388888995279558e-05,0.0,0.0,0.004733615554869175,0.0,0.9952663779258728,30.764402389526367,9.999999747378752e-06,0.002198396483436227,0.0008559362613596022,0.0069444444961845875,0.0069444444961845875,0.25222477316856384,0.0,0.0,0.0,0.0,7.181136131286621,0.17779827117919922,10018.0,11.693342208862305,495.2900085449219,-0.022138282656669617
1407,-0.0007724856259301305,-0.0017550529446452856,0.0028571144212037325,0.0,1.5873015968281834e-07,-0.0007936508627608418,7.936508154671174e-06,4.8996439545589965e-06,0.0,0.005154079757630825,0.0,0.9948459267616272,30.771316528320312,0.0005766503745689988,-0.001414686907082796,0.000386702420655638,0.003968254197388887,0.003968254197388887,0.2517548203468323,0.0,0.0,0.0,0.0,7.475434303283691,0.1498708724975586,9668.0,11.706262588500977,499.7900085449219,-0.018202612176537514
1408,-0.0007501136278733611,-0.0019465506775304675,0.0029059594962745905,0.0,0.0,-0.003240741090849042,0.0,0.0,0.0,0.0047743055038154125,0.0,0.995225727558136,30.799882888793945,0.004378939047455788,-0.003055882640182972,0.0007727493648417294,0.0,0.016203705221414566,0.25448697805404663,0.0,0.0,0.0,0.0,7.1045050621032715,0.147536039352417,10166.0,11.776394844055176,491.5299987792969,-0.03776682913303375
1409,-0.0007620315300300717,-0.001999290892854333,0.002928733127191663,0.0,0.0,-0.0019047620007768273,0.0,0.0,0.0,0.004611545242369175,0.0,0.9953884482383728,30.847261428833008,9.999999747378752e-06,-2.905202200054191e-05,0.000536518229637295,0.0,0.009523809887468815,0.24879105389118195,0.0,0.0,0.0,0.0,7.469216346740723,0.14716148376464844,9680.0,11.80895709991455,499.3699951171875,-0.018442969769239426
1410,-0.0007511501316912472,-0.0021325871348381042,0.0029072079341858625,0.0,0.0,-0.0022222225088626146,0.0,0.0,0.0,0.0045030382461845875,0.0,0.9954969882965088,30.854135513305664,9.999999747378752e-06,-0.002332555828616023,0.0007917798939161003,0.0,0.011111111380159855,0.2525410056114197,0.0,0.0,0.0,0.0,7.445845603942871,0.14965081214904785,9706.0,11.818480491638184,499.6400146484375,-0.03930792585015297
1411,-0.0007418364402838051,-0.001912727952003479,0.0029402864165604115,0.0,0.0,-0.0067195771262049675,0.0,0.0,0.0,0.006130642257630825,0.0,0.9938693642616272,30.86144256591797,9.999999747378752e-06,-0.0032765627838671207,0.0022693476639688015,0.0,0.03359788656234741,0.2516266405582428,0.0,0.0,0.0,0.0,7.646535873413086,0.15037298202514648,9456.0,11.829575538635254,492.2300109863281,-0.11824572086334229
1412,-0.0007432418642565608,-0.0017514710780233145,0.00300025986507535,0.0,0.0,-0.007460317574441433,0.0,0.0,0.0,0.009494357742369175,0.0,0.9905056357383728,30.868261337280273,9.999999747378752e-06,-0.0029219770804047585,0.0014253634726628661,0.0,0.03730158880352974,0.24948804080486298,0.0,0.0,0.0,0.0,7.320206642150879,0.16184306144714355,9853.0,11.836012840270996,494.6099853515625,-0.03522847965359688
1413,-0.0007425682269968092,-0.0016914342995733023,0.0029507805593311787,0.0,0.0,-0.023679453879594803,0.0,0.0,0.0,0.014431423507630825,0.0,0.9855685830116272,30.873594284057617,9.999999747378752e-06,-0.0053297970443964005,0.006108521483838558,0.0,0.11839726567268372,0.24343524873256683,0.0,0.0,0.0,0.0,7.878897190093994,0.1519031524658203,9180.0,11.84440803527832,476.3500061035156,-0.25700393319129944
1414,-0.0007445986848324537,-0.0015891084913164377,0.002884035697206855,0.0,0.0,-0.024444444105029106,0.0,0.0,0.0,0.0247667096555233,0.0,0.9752333164215088,30.88266944885254,0.0012974634300917387,-0.0044734179973602295,0.0053086779080331326,0.0,0.12222222238779068,0.25361305475234985,0.0,0.0,0.0,0.0,7.29116153717041,0.14732003211975098,9911.0,11.868062973022461,478.1000061035156,-0.23489782214164734
1415,-0.0007724820752628148,-0.0016922642244026065,0.0028382325544953346,0.0,0.0,-0.022574957460165024,0.0,0.0,0.0,0.0327962227165699,0.0,0.9672037959098816,30.900394439697266,9.999999747378752e-06,-0.0014575860695913434,0.0026232970412820578,0.0,0.11287477612495422,0.24447284638881683,0.0,0.0,0.0,0.0,7.37545108795166,0.14879465103149414,9798.0,11.879472732543945,480.1000061035156,-0.19676007330417633
1416,-0.0007733074598945677,-0.0016752645606175065,0.0029391604475677013,0.0,0.0,-0.010092592798173428,0.0,0.0,0.0,0.03662109375,0.0,0.96337890625,30.905330657958984,0.0012974634300917387,-0.004100133199244738,0.0022849971428513527,0.0,0.05046296492218971,0.24591165781021118,0.0,0.0,0.0,0.0,7.351828575134277,0.1596066951751709,9815.0,11.893424987792969,489.8999938964844,-0.07613099366426468
1417,-0.000805026211310178,-0.0016300681745633483,0.002887399634346366,-2.0925826049733587e-07,2.3148147931806307e-07,-0.006302910391241312,3.703703987412155e-05,1.6787090828529472e-08,0.0,0.0398084856569767,0.0,0.960191547870636,30.920711517333984,9.999999747378752e-06,-0.002741520293056965,0.0011976469540968537,0.018518518656492233,0.03151455149054527,0.24870067834854126,0.0,0.0,0.0,0.0,7.320838451385498,0.15201926231384277,9866.0,11.907727241516113,492.1400146484375,-0.09302879124879837
1418,-0.00080867885844782,-0.001852339948527515,0.0028660178650170565,0.0,0.0,-0.0027777780778706074,0.0,0.0,0.0,0.0415988489985466,0.0,0.9584011435508728,30.927091598510742,1.4999999621068127e-05,-0.00212983600795269,0.00047240545973181725,0.0,0.013888888992369175,0.252705842256546,0.0,0.0,0.0,0.0,7.367218494415283,0.15245342254638672,9804.0,11.919864654541016,496.05999755859375,-0.015056191012263298
1419,-0.0007890628767199814,-0.002353661460801959,0.0029608889017254114,0.0,0.0,-0.0013888889225199819,0.0,0.0,0.0,0.0415852852165699,0.0,0.9584147334098816,30.937164306640625,9.999999747378752e-06,-0.0017083878628909588,0.00021836714586243033,0.0,0.0069444444961845875,0.2480974793434143,0.0,0.0,0.0,0.0,7.069328308105469,0.15384340286254883,10207.0,11.933603286743164,498.0299987792969,-0.026931891217827797
1420,-0.0007875783485360444,-0.002722694305703044,0.00283816852606833,0.0,0.0,-0.008703703992068768,0.0,0.0,0.0,0.0432671457529068,0.0,0.9567328691482544,30.94713592529297,9.999999747378752e-06,-0.0028555383905768394,0.0008492916240356863,0.0,0.043518517166376114,0.24389143288135529,0.0,0.0,0.0,0.0,7.157649993896484,0.15079712867736816,10088.0,11.946005821228027,482.6000061035156,-0.10472723841667175
1421,-0.0008173399837687612,-0.002022534841671586,0.0028253276832401752,0.0,0.0,0.0,0.0,0.0,0.0,0.0441080741584301,0.0,0.9558919072151184,30.954986572265625,9.999999747378752e-06,-0.0033327059354633093,2.7518137358129025e-05,0.0,0.0,0.2524889409542084,0.0,0.0,0.0,0.0,7.353145122528076,0.1748366355895996,9793.0,11.955572128295898,500.0,-0.0003242007805965841
1422,-0.0007971302256919444,-0.0018223273800686002,0.00293122255243361,0.0,0.0,-0.006435185205191374,0.0,0.0,0.0,0.0443793423473835,0.0,0.9556206464767456,30.960674285888672,9.999999747378752e-06,-0.003068644320592284,0.0016295205568894744,0.0,0.03217592462897301,0.24676138162612915,0.0,0.0,0.0,0.0,6.948357582092285,0.15251946449279785,10382.0,11.962652206420898,486.9800109863281,-0.057993195950984955
1423,-0.0008130460628308356,-0.0018221677746623755,0.002777466317638755,0.0,0.0,-0.0006944444612599909,0.0,0.0,0.0,0.0446506068110466,0.0,0.9553493857383728,30.9670467376709,9.999999747378752e-06,-0.0019090735586360097,8.909773168852553e-05,0.0,0.0034722222480922937,0.24970854818820953,0.0,0.0,0.0,0.0,7.238950729370117,0.14961838722229004,9978.0,11.974123001098633,500.0,0.0001459805789636448
1424,-0.0008352816221304238,-0.0023114432115107775,0.0027469731867313385,0.0,0.0,-0.0009259259677492082,0.0,0.0,0.0,0.0441758893430233,0.0,0.9558241367340088,30.97300148010254,9.999999747378752e-06,-0.0020061631221324205,0.000398523174226284,0.0,0.004629629664123058,0.250267893075943,0.0,0.0,0.0,0.0,7.0007219314575195,0.15023064613342285,10310.0,11.979822158813477,498.42999267578125,-0.025265013799071312
1425,-0.0007981165545061231,-0.0017663950566202402,0.002990651410073042,-1.6529108748386534e-08,1.9841270670895028e-07,0.0,7.936508154671174e-06,0.0,0.0,0.0423448346555233,0.0,0.9576551914215088,30.97847557067871,0.0012974634300917387,-0.0037426892668008804,3.835470852209255e-05,0.003968254197388887,0.0,0.25344887375831604,0.0,0.0,0.0,0.0,7.195845603942871,0.1541581153869629,10031.0,11.995491027832031,500.0,0.005956745706498623
1426,-0.0007901819772087038,-0.0018631969578564167,0.0027170805260539055,0.0,8.333333880727878e-07,-0.0050925929099321365,1.8518519937060773e-05,0.0,0.0,0.0392659492790699,0.0,0.9607340693473816,30.99247169494629,9.999999747378752e-06,-0.003777415258809924,0.0012059543514624238,0.009259259328246117,0.025462964549660683,0.24775198101997375,0.0,0.0,0.0,0.0,7.56874942779541,0.15076494216918945,9550.0,12.0073823928833,495.55999755859375,-0.06007813662290573
1427,-0.0007990450831130147,-0.00176616117823869,0.002751923631876707,0.0,0.0,-0.002314814832061529,0.0,0.0,0.0,0.0358208566904068,0.0,0.9641791582107544,30.998647689819336,9.999999747378752e-06,-0.00177361152600497,0.00042578388820402324,0.0,0.011574074625968933,0.2489866465330124,0.0,0.0,0.0,0.0,7.546405792236328,0.1519458293914795,9577.0,12.02131175994873,498.0400085449219,-0.01662219874560833
1428,-0.0008114672382362187,-0.001759967883117497,0.0027393996715545654,-2.6775865080708172e-08,6.944444663758986e-08,-0.0018055556574836373,1.388888995279558e-05,0.0,0.0,0.0262451171875,0.0,0.9737548828125,31.00641441345215,9.999999747378752e-06,-0.002431462984532118,0.0005640685558319092,0.0069444444961845875,0.00902777723968029,0.25481489300727844,0.0,0.0,0.0,0.0,7.366825580596924,0.14937210083007812,9809.0,12.029182434082031,495.8900146484375,-0.03850681707262993
1429,-0.0008218426955863833,-0.0022103250958025455,0.0027223911602050066,0.0,0.0,-0.002500000176951289,0.0,0.0,0.0,0.01985677145421505,0.0,0.9801432490348816,31.01137924194336,9.999999747378752e-06,-0.002575366757810116,0.0005058317328803241,0.0,0.012500000186264515,0.25685369968414307,0.0,0.0,0.0,0.0,6.838632583618164,0.15034270286560059,10549.0,12.035168647766113,496.5199890136719,-0.04116596654057503
1430,-0.0008100121049210429,-0.00181584432721138,0.002739273477345705,0.0,0.0,-0.002698412863537669,0.0,0.0,0.0,0.01752387173473835,0.0,0.9824761152267456,31.015735626220703,9.999999747378752e-06,-0.0019854065030813217,0.00014684131019748747,0.0,0.01349206455051899,0.25311195850372314,0.0,0.0,0.0,0.0,7.23887825012207,0.14923095703125,9979.0,12.041394233703613,496.0400085449219,-0.03861595690250397
1431,-0.0008067077142186463,-0.001670069876126945,0.0027473403606563807,0.0,0.0,-0.0009259259677492082,0.0,0.0,0.0,0.01494683139026165,0.0,0.9850531816482544,31.021696090698242,9.999999747378752e-06,-0.0019856197759509087,0.00040251712198369205,0.0,0.004629629664123058,0.24387532472610474,0.0,0.0,0.0,0.0,6.769723415374756,0.14954924583435059,10655.0,12.052639961242676,495.9599914550781,-0.016401275992393494
1432,-0.0008028892916627228,-0.0016260896809399128,0.0028750367928296328,0.0,0.0,0.0,0.0,0.0,0.0,0.012980143539607525,0.0,0.9870198369026184,31.02973175048828,9.999999747378752e-06,0.003351010149344802,3.348905374878086e-05,0.0,0.0,0.25162723660469055,0.0,0.0,0.0,0.0,7.036368370056152,0.15104126930236816,10257.0,12.063517570495605,500.0,0.0055020758882164955
1433,-0.0007989933947101235,-0.0017060213722288609,0.002729558851569891,0.0,0.0,-0.0029761907644569874,0.0,0.0,0.0,0.01299370639026165,0.0,0.9870063066482544,31.038013458251953,9.999999747378752e-06,-0.00018016021931543946,0.0004722138401120901,0.0,0.014880952425301075,0.25080862641334534,0.0,0.0,0.0,0.0,6.8754425048828125,0.1484355926513672,10496.0,12.07702350616455,490.7900085449219,-0.05957907810807228
1434,-0.0007899187621660531,-0.001646913238801062,0.002720088232308626,-2.0818090717966697e-07,1.3888889327517973e-07,-0.0011111112544313073,2.777777990559116e-05,0.0,0.0,0.011881510727107525,0.0,0.9881184697151184,31.04861831665039,2.2500000341096893e-05,-3.058240326936357e-05,0.00027773616602644324,0.013888888992369175,0.0055555556900799274,0.25384587049484253,0.0,0.0,0.0,0.0,7.256983280181885,0.18454933166503906,9907.0,12.094812393188477,497.1099853515625,-0.014897946268320084
1435,-0.0007967377896420658,-0.0019023048225790262,0.0028150423895567656,-1.4919278612524067e-07,2.0833333280734223e-07,-0.0027777778450399637,3.4722226700978354e-05,0.0,0.0,0.011393229477107525,0.0,0.9886067509651184,31.06338882446289,0.0029192925430834293,0.0009683776879683137,6.523765478050336e-05,0.0173611119389534,0.013888888992369175,0.2486976534128189,0.0,0.0,0.0,0.0,6.7187819480896,0.14828848838806152,10736.0,12.127248764038086,498.0199890136719,-0.018831271678209305
1436,-0.0007839869358576834,-0.0020237218122929335,0.0028656695503741503,0.0,0.0,-0.007592592854052782,0.0,0.0,0.0,0.011081271804869175,0.0,0.9889187216758728,31.089763641357422,9.999999747378752e-06,0.00098664709366858,0.0005155711551196873,0.0,0.037962961941957474,0.2537490427494049,0.0,0.0,0.0,0.0,6.927281379699707,0.14855289459228516,10419.0,12.145150184631348,496.510009765625,-0.04025327414274216
1437,-0.0007876062882132828,-0.0019283145666122437,0.002801165683194995,-4.927311891833597e-09,1.851851862966214e-07,0.0,1.8518519937060773e-05,0.0,0.0,0.01032172329723835,0.0,0.9896782636642456,31.09600067138672,0.0019461950287222862,-0.0017985084559768438,1.9606326532084495e-05,0.009259259328246117,0.0,0.2549881339073181,0.0,0.0,0.0,0.0,7.480674743652344,0.14930033683776855,9662.0,12.163288116455078,500.0,0.0013898846227675676
1438,-0.000777384324464947,-0.0018357146764174104,0.0028569616843014956,0.0,0.0,0.0,0.0,0.0,0.0,0.010091145522892475,0.0,0.9899088740348816,31.113000869750977,0.00011390625149942935,0.007496412843465805,8.305008122988511e-06,0.0,0.0,0.24992015957832336,0.0,0.0,0.0,0.0,7.497448921203613,0.14966082572937012,9641.0,12.18090534210205,500.0,0.005469182506203651
1439,-0.000759319809731096,-0.0015936344861984253,0.0029431076254695654,0.0,0.0,-0.0021825397852808237,0.0,0.0,0.0,0.010091145522892475,0.0,0.9899088740348816,31.119098663330078,9.999999747378752e-06,-0.0037189526483416557,0.0012009412748739123,0.0,0.010912698693573475,0.2509474754333496,0.0,0.0,0.0,0.0,7.518651485443115,0.14760613441467285,9617.0,12.188224792480469,497.7900085449219,-0.05471816286444664
1440,-0.0007648066384717822,-0.0019196716602891684,0.0027743102982640266,-6.611089986563456e-08,2.7777778655035945e-07,0.0,1.388888995279558e-05,1.0064493238814975e-07,0.0,0.01081000454723835,0.0,0.9891899824142456,31.121980667114258,0.0019461950287222862,-0.0034304966684430838,8.170361979864538e-06,0.0069444444961845875,0.0,0.250154972076416,0.0,0.0,0.0,0.0,8.123462677001953,0.14985442161560059,8911.0,12.194446563720703,500.0,-3.042858952539973e-05
1441,-0.0007607045699842274,-0.002413173671811819,0.002958608092740178,0.0,0.0,-0.00296296295709908,0.0,0.0,0.0,0.009616428054869175,0.0,0.9903835654258728,31.130859375,9.999999747378752e-06,-0.001085725612938404,0.000673749833367765,0.0,0.014814815483987331,0.2565262019634247,0.0,0.0,0.0,0.0,7.637540817260742,0.19017314910888672,9418.0,12.207128524780273,495.75,-0.02438746765255928
1442,-0.0007231062045320868,-0.002034285804256797,0.0029766603838652372,0.0,0.0,-0.0027777780778706074,0.0,0.0,0.0,0.009982638992369175,0.0,0.9900173544883728,31.136159896850586,9.999999747378752e-06,-0.0020816626492887735,0.000710835331119597,0.0,0.013888888992369175,0.2510501444339752,0.0,0.0,0.0,0.0,8.019927978515625,0.1509561538696289,9023.0,12.216398239135742,495.25,-0.01755901239812374
1443,-0.0007572754402644932,-0.0018514521652832627,0.003004770027473569,0.0,0.0,-0.0025462964549660683,0.0,0.0,0.0,0.0100233294069767,0.0,0.989976704120636,31.1442928314209,9.999999747378752e-06,-0.0019950238056480885,0.0006863934686407447,0.0,0.012731482274830341,0.247685506939888,0.0,0.0,0.0,0.0,7.1264848709106445,0.16306662559509277,10114.0,12.229903221130371,494.0199890136719,-0.033593907952308655
1444,-0.0007629048195667565,-0.001728394185192883,0.0029897959902882576,0.0,0.0,0.0,0.0,0.0,0.0,0.0092909075319767,0.0,0.990709125995636,31.150537490844727,0.0012974634300917387,-0.008556187152862549,3.1955901249602903e-06,0.0,0.0,0.25052961707115173,0.0,0.0,0.0,0.0,7.458933353424072,0.14776968955993652,9692.0,12.235921859741211,500.0,0.005187326110899448
1445,-0.000751555897295475,-0.0019089797278866172,0.002841457724571228,-3.193048669913878e-08,6.944444663758986e-08,0.0,1.388888995279558e-05,0.0,0.0,0.008504231460392475,0.0,0.9914957880973816,31.15048599243164,9.999999747378752e-06,-0.012497098185122013,3.78566710423911e-06,0.0069444444961845875,0.0,0.24825511872768402,0.0,0.0,0.0,0.0,7.0321831703186035,0.15041780471801758,10264.0,12.23828125,500.0,0.0034888063091784716
1446,-0.0007433216669596732,-0.0020351691637188196,0.003134882776066661,-1.84601436359344e-08,1.3888889327517973e-07,-0.0013888889225199819,2.777777990559116e-05,0.0,0.0,0.008517795242369175,0.0,0.9914821982383728,31.15277099609375,9.999999747378752e-06,-0.0015709490980952978,0.00039172745891846716,0.013888888992369175,0.0069444444961845875,0.24624183773994446,0.0,0.0,0.0,0.0,7.045290946960449,0.15137767791748047,10244.0,12.245512008666992,499.75,-0.01659306325018406
1447,-0.0007503543165512383,-0.0020050648599863052,0.0031285083387047052,0.0,0.0,-0.0011111112544313073,0.0,0.0,0.0,0.008219401352107525,0.0,0.9917805790901184,31.159259796142578,9.999999747378752e-06,-0.0018210947746410966,0.0004075448086950928,0.0,0.0055555556900799274,0.2502686083316803,0.0,0.0,0.0,0.0,7.0479044914245605,0.14976024627685547,10243.0,12.257241249084473,498.0899963378906,-0.018200187012553215
1448,-0.0007384515483863652,-0.003570822300389409,0.0030049504712224007,-3.0743713068659417e-06,1.851851862966214e-07,-0.001719576888717711,3.703703987412155e-05,0.0,0.0,0.00812445767223835,0.0,0.9918755292892456,31.166385650634766,9.999999747378752e-06,-0.002227483317255974,0.0006801531999371946,0.018518518656492233,0.008597884327173233,0.24979014694690704,0.0,0.0,0.0,0.0,7.0852460861206055,0.1497328281402588,10190.0,12.265520095825195,493.17999267578125,-0.048222120851278305
1449,-0.000741892377845943,-0.0019466765224933624,0.0031735438387840986,-7.346146730924374e-07,5.555555731007189e-07,0.0,2.777777990559116e-05,0.0,0.0,0.008015950210392475,0.0,0.9919840693473816,31.17102813720703,0.0012974634300917387,-0.0080304816365242,3.6580934192897985e-06,0.013888888992369175,0.0,0.24693961441516876,0.0,0.0,0.0,0.0,7.202793598175049,0.1515648365020752,10025.0,12.270248413085938,500.0,0.004549010656774044
1450,-0.0007498636259697378,-0.0021643724758177996,0.0031411214731633663,-1.7264633243030403e-06,1.4166668051984743e-06,-0.003395061707124114,3.888889114023186e-05,0.0,0.0,0.0074055991135537624,0.0,0.9925944209098816,31.171951293945312,9.999999747378752e-06,-0.001577245770022273,0.00046010996447876096,0.01944444514811039,0.01697530783712864,0.25345829129219055,0.0,0.0,0.0,0.0,7.540680885314941,0.14826154708862305,9588.0,12.27131462097168,495.8699951171875,-0.02128302864730358
1451,-0.0007590988534502685,-0.002047991845756769,0.003236164106056094,0.0,0.0,-0.004629629664123058,0.0,0.0,0.0,0.0080702044069767,0.0,0.991929829120636,31.174407958984375,9.999999747378752e-06,-0.0016024340875446796,0.000603893306106329,0.0,0.023148149251937866,0.2502164840698242,0.0,0.0,0.0,0.0,7.295408248901367,0.14896368980407715,9903.0,12.277562141418457,500.0,0.005765141919255257
1452,-0.0007334011606872082,-0.0020165604073554277,0.0032278348226100206,-1.5453196056114393e-08,9.25925931483107e-08,-0.011296297423541546,1.8518519937060773e-05,0.0,0.0,0.009562174789607525,0.0,0.9904378056526184,31.17825698852539,9.999999747378752e-06,-0.0028056995943188667,0.0013431162806227803,0.009259259328246117,0.05648148059844971,0.25198084115982056,0.0,0.0,0.0,0.0,7.145807266235352,0.144728422164917,10112.0,12.283302307128906,493.739990234375,-0.03577490150928497
1453,-0.0007313102832995355,-0.0020784989465028048,0.003110681427642703,-2.859804659749443e-08,8.101851989295028e-08,-0.002645503031089902,1.6203704944928177e-05,0.0,0.0,0.0102674700319767,0.0,0.989732563495636,31.181495666503906,9.999999747378752e-06,-0.002913940232247114,0.0011104941368103027,0.008101852610707283,0.013227513991296291,0.2518940269947052,0.0,0.0,0.0,0.0,7.072607040405273,0.15036654472351074,10207.0,12.28702163696289,491.94000244140625,-0.03390174359083176
1454,-0.0007499050698243082,-0.0022494415752589703,0.0031262363772839308,-5.167854624232859e-07,5.555555731007189e-07,-0.004682539962232113,2.777777990559116e-05,0.0,0.0,0.0108778215944767,0.0,0.989122211933136,31.185176849365234,9.999999747378752e-06,-0.0032961159013211727,0.001561368233524263,0.013888888992369175,0.02341269887983799,0.25213780999183655,0.0,0.0,0.0,0.0,7.034952163696289,0.14926838874816895,10262.0,12.293902397155762,497.1600036621094,-0.07722846418619156
1455,-0.0007530844304710627,-0.0026077525690197945,0.003251067828387022,-2.0792581381101627e-06,2.6388889295958506e-07,-0.00296296295709908,5.2777777455048636e-05,0.0,0.0,0.01220703125,0.0,0.98779296875,31.189144134521484,9.999999747378752e-06,-0.001687847776338458,0.0004909253912046552,0.02638889104127884,0.014814815483987331,0.24985721707344055,0.0,0.0,0.0,0.0,7.125677108764648,0.15271854400634766,10129.0,12.298650741577148,500.0,-0.0034470350947231054
1456,-0.0007599259843118489,-0.001748204231262207,0.0030940298456698656,-6.671606911368144e-08,3.9682539920704585e-08,-0.002336860867217183,7.936508154671174e-06,0.0,0.0,0.012451171875,0.0,0.987548828125,31.193401336669922,9.999999747378752e-06,-0.0027157790027558804,0.0009093264234252274,0.003968254197388887,0.011684303171932697,0.25003546476364136,0.0,0.0,0.0,0.0,7.534312725067139,0.1870410442352295,9548.0,12.305856704711914,496.1000061035156,-0.015466651879251003
1457,-0.0007458213367499411,-0.0018970295786857605,0.003059392562136054,0.0,0.0,-0.009027778171002865,0.0,0.0,0.0,0.013088650070130825,0.0,0.9869113564491272,31.19794464111328,9.999999747378752e-06,-0.0024272813461720943,0.0008731579873710871,0.0,0.0451388880610466,0.2522733211517334,0.0,0.0,0.0,0.0,7.122957229614258,0.15061187744140625,10136.0,12.311822891235352,498.79998779296875,-0.016777770593762398
1458,-0.0007465914241038263,-0.0025314439553767443,0.0031786360777914524,0.0,1.7857142609045695e-07,-0.002513227751478553,3.5714288969757035e-05,0.0,0.0,0.013916015625,0.0,0.986083984375,31.201988220214844,9.999999747378752e-06,-0.0028925177175551653,0.001016925205476582,0.01785714365541935,0.012566138058900833,0.24685409665107727,0.0,0.0,0.0,0.0,6.925040245056152,0.14450550079345703,10428.0,12.318342208862305,493.1199951171875,-0.03439423069357872
1459,-0.0007152575417421758,-0.002206428674980998,0.0030267895199358463,0.0,0.0,-0.004166666883975267,0.0,0.0,0.0,0.015231662429869175,0.0,0.9847683310508728,31.205907821655273,9.999999747378752e-06,-0.0020846521947532892,0.0007334467954933643,0.0,0.02083333395421505,0.24914582073688507,0.0,0.0,0.0,0.0,6.698126316070557,0.15549325942993164,10757.0,12.322487831115723,491.94000244140625,-0.039850834757089615
1460,-0.0007414050051011145,-0.0017589591443538666,0.0032674067188054323,-1.1229142415913884e-07,2.2222222639811662e-07,-0.0009259259677492082,2.222222428827081e-05,0.0,0.0,0.015353732742369175,0.0,0.9846462607383728,31.208919525146484,9.999999747378752e-06,-0.002013001125305891,0.00040270944009535015,0.011111111380159855,0.004629629664123058,0.2520546317100525,0.0,0.0,0.0,0.0,7.222918510437012,0.15403509140014648,9994.0,12.32763671875,496.0,-0.013585347682237625
1461,-0.0007550882291980088,-0.0017144770827144384,0.0032148282043635845,0.0,0.0,0.0,0.0,0.0,0.0,0.0150146484375,0.0,0.9849853515625,31.213645935058594,9.999999747378752e-06,-0.003500597784295678,1.5259052815963514e-05,0.0,0.0,0.2493533045053482,0.0,0.0,0.0,0.0,7.204049587249756,0.15018439292907715,10025.0,12.334723472595215,500.0,0.0069904085248708725
1462,-0.0007523730746470392,-0.0019494337029755116,0.003264817176386714,-6.153909453132655e-07,6.944444663758986e-08,-0.002500000176951289,1.388888995279558e-05,0.0,0.0,0.0145399309694767,0.0,0.985460102558136,31.220046997070312,9.999999747378752e-06,-0.001822838676162064,0.00047662254655733705,0.0069444444961845875,0.012500000186264515,0.24998612701892853,0.0,0.0,0.0,0.0,7.432530403137207,0.15047693252563477,9722.0,12.347319602966309,492.5400085449219,-0.03908979520201683
1463,-0.0007629849715158343,-0.002007534261792898,0.003191667376086116,0.0,5.5555556599529154e-08,0.0,1.1111112144135404e-05,0.0,0.0,0.01459418423473835,0.0,0.9854058027267456,31.226627349853516,9.999999747378752e-06,-0.0051309531554579735,1.9182598407496698e-05,0.0055555556900799274,0.0,0.2473352700471878,0.0,0.0,0.0,0.0,8.133746147155762,0.14994430541992188,8900.0,12.353602409362793,500.0,-2.3558983230032027e-05
1464,-0.0007479224586859345,-0.0022781698498874903,0.0032218911219388247,-1.8105057009165648e-08,1.8518517208576668e-07,-0.003580247052013874,1.2345679351710714e-05,0.0,0.0,0.015163845382630825,0.0,0.9848361611366272,31.229963302612305,9.999999747378752e-06,-0.002197723602876067,0.0007048090337775648,0.006172839552164078,0.017901236191391945,0.2465781718492508,0.0,0.0,0.0,0.0,6.7141547203063965,0.14881372451782227,10742.0,12.358160972595215,500.0,-0.007436718326061964
1465,-0.000760305963922292,-0.002140976022928953,0.003220358630642295,-3.277335451912222e-07,8.624338079243898e-07,0.0,4.5502649300033227e-05,1.4392816183317336e-07,0.0,0.0142822265625,0.0,0.9857177734375,31.236555099487305,0.0005766503745689988,-0.004902285989373922,3.0307819542940706e-05,0.022751325741410255,0.0,0.24900266528129578,0.0,0.0,0.0,0.0,7.812040328979492,0.1592409610748291,9249.0,12.375009536743164,500.0,0.002892365911975503
1466,-0.0007591390167362988,-0.0021724856924265623,0.003136108862236142,-2.2527178344944332e-08,4.027777720239101e-07,0.0,2.5000001187436283e-05,0.0,0.0,0.012681749649345875,0.0,0.9873182773590088,31.252473831176758,2.2500000341096893e-05,-0.005713402293622494,3.677763743326068e-05,0.012500000186264515,0.0,0.2457990199327469,0.0,0.0,0.0,0.0,7.895784378051758,0.15313982963562012,9159.0,12.392073631286621,500.0,0.007891116663813591
1467,-0.000749226484913379,-0.002018142957240343,0.0030308999121189117,-4.6290929844872153e-07,1.8055553709928063e-06,-0.005747354589402676,2.0833333110203966e-05,0.0,0.0,0.013034396804869175,0.0,0.9869655966758728,31.25763702392578,9.999999747378752e-06,-0.0037783170118927956,0.0017058390658348799,0.010416666977107525,0.028736770153045654,0.2536610960960388,0.0,0.0,0.0,0.0,7.624423027038574,0.1507730484008789,9482.0,12.39705753326416,485.8500061035156,-0.08390346169471741
1468,-0.0007584687555208802,-0.0021794112399220467,0.003135721432045102,-6.06156049798301e-07,1.0952379625450703e-06,-0.0011111112544313073,3.015873153344728e-05,2.1430975039038458e-07,0.0,0.01372612826526165,0.0,0.9862738847732544,31.264501571655273,0.0019461950287222862,-0.003602060489356518,3.669861689559184e-05,0.01507936604321003,0.0055555556900799274,0.24670535326004028,0.0,0.0,0.0,0.0,7.312838554382324,0.16548991203308105,9858.0,12.421600341796875,500.0,-0.003631066530942917
1469,-0.0007423083297908306,-0.003334610490128398,0.0032027382403612137,-1.232004251505714e-06,2.0833338112424826e-06,-0.0020370371639728546,2.0370373022160493e-05,1.3449229641082638e-07,0.0,0.012491862289607525,0.0,0.9875081181526184,31.283050537109375,9.999999747378752e-06,0.00107129558455199,7.603199628647417e-05,0.010185185819864273,0.010185185819864273,0.2524838149547577,0.0,0.0,0.0,0.0,8.500448226928711,0.1555945873260498,8517.0,12.435269355773926,497.1199951171875,-0.04207494854927063
1470,-0.0007703523733653128,-0.0039943549782037735,0.0032357624731957912,-2.047691936013507e-07,2.1604938638120075e-07,-0.0011111112544313073,6.172839675855357e-06,2.7982796524383957e-08,0.0,0.0120849609375,0.0,0.9879150390625,31.288684844970703,2.2500000341096893e-05,-0.0016598220681771636,0.00022287688625510782,0.003086419776082039,0.0055555556900799274,0.2464902102947235,0.0,0.0,0.0,0.0,7.408703804016113,0.14963293075561523,9754.0,12.448808670043945,500.0,0.003045283956453204
1471,-0.0007322926539927721,-0.0036194659769535065,0.003124725539237261,0.0,0.0,-0.001719576888717711,0.0,0.0,0.0,0.011271159164607525,0.0,0.9887288212776184,31.297077178955078,9.999999747378752e-06,-0.001679668202996254,0.0006761195254512131,0.0,0.008597884327173233,0.2529926896095276,0.0,0.0,0.0,0.0,6.898608207702637,0.15246200561523438,10456.0,12.457923889160156,495.25,-0.027193943038582802
1472,-0.0007609192398376763,-0.0020685282070189714,0.0032218974083662033,-1.7855969645097503e-06,3.174603193656367e-07,-0.0020833334419876337,7.936508154671174e-06,0.0,0.0,0.01165093295276165,0.0,0.9883490800857544,31.302974700927734,0.0012974634300917387,-0.0026681774761527777,0.0003951305989176035,0.003968254197388887,0.010416666977107525,0.25462204217910767,0.0,0.0,0.0,0.0,7.299549102783203,0.15578031539916992,9889.0,12.472949981689453,500.0,0.0011865119449794292
1473,-0.0007658855174668133,-0.00210142252035439,0.0032432142179459333,-1.0447240583744133e-07,4.6296295863612613e-07,-0.0027777780778706074,3.703703987412155e-05,0.0,0.0,0.0113661028444767,0.0,0.988633930683136,31.315242767333984,9.999999747378752e-06,-0.0010970105649903417,0.00044704359606839716,0.018518518656492233,0.013888888992369175,0.24751846492290497,0.0,0.0,0.0,0.0,6.793305397033691,0.1513509750366211,10616.0,12.482627868652344,496.3399963378906,-0.011566706001758575
1474,-0.000759853923227638,-0.0018806920852512121,0.0030149887315928936,0.0,0.0,0.0,0.0,0.0,0.0,0.0109998919069767,0.0,0.989000141620636,31.319250106811523,3.3749998692655936e-05,-0.004212287720292807,1.350317234027898e-05,0.0,0.0,0.24675427377223969,0.0,0.0,0.0,0.0,7.4915947914123535,0.149672269821167,9648.0,12.492840766906738,500.0,0.0063083479180932045
1475,-0.0007618711097165942,-0.0020493874326348305,0.0031567136757075787,-2.676802068890538e-08,4.027777720239101e-07,-0.0031481485348194838,2.5000001187436283e-05,0.0,0.0,0.011325412429869175,0.0,0.9886745810508728,31.326173782348633,9.999999747378752e-06,-0.00337463291361928,0.0008520845440216362,0.012500000186264515,0.015740741044282913,0.24593883752822876,0.0,0.0,0.0,0.0,6.838783264160156,0.1507718563079834,10548.0,12.50056266784668,492.0400085449219,-0.037805769592523575
1476,-0.0007775741396471858,-0.0028459099121391773,0.0031020636670291424,-8.1350954417303e-08,5.46296291759063e-07,-0.0027777778450399637,7.592593465233222e-05,0.0,0.0,0.011949327774345875,0.0,0.9880506992340088,31.33156967163086,9.999999747378752e-06,-0.0016405251808464527,0.00014689429372083396,0.037962961941957474,0.013888888992369175,0.2558068335056305,0.0,0.0,0.0,0.0,7.083096504211426,0.15071845054626465,10192.0,12.510697364807129,497.57000732421875,-0.0191507488489151
1477,-0.0007843831554055214,-0.0014266060898080468,0.003246133914217353,-4.567338010019739e-07,1.5740741332592734e-07,-0.0009259259677492082,2.0370373022160493e-05,0.0,0.0,0.01213921420276165,0.0,0.9878607988357544,31.341888427734375,0.0029192925430834293,-0.0004700910940300673,0.0009180203778669238,0.010185185819864273,0.004629629664123058,0.24518254399299622,0.0,0.0,0.0,0.0,7.709650993347168,0.15201973915100098,9378.0,12.546142578125,500.0,0.010797932744026184
1478,-0.0007735720719210804,-0.0018292537424713373,0.0032199302222579718,-8.035218712620917e-08,9.25925931483107e-08,0.0,1.8518519937060773e-05,0.0,0.0,0.010891384445130825,0.0,0.9891086220741272,31.365478515625,9.999999747378752e-06,0.002396132331341505,0.0009131963597610593,0.009259259328246117,0.0,0.24773699045181274,0.0,0.0,0.0,0.0,7.152156829833984,0.15005803108215332,10096.0,12.558355331420898,500.0,0.005366628523916006
1479,-0.0007860113400965929,-0.0015675800386816263,0.0032810166012495756,-4.7562056693095656e-07,1.5416666201417684e-06,0.0,6.574075086973608e-05,0.0,0.0,0.0107421875,0.0,0.9892578125,31.370162963867188,0.0012974634300917387,-0.007177047897130251,5.47284544154536e-05,0.032870370894670486,0.0,0.25117790699005127,0.0,0.0,0.0,0.0,8.043134689331055,0.15070819854736328,8997.0,12.572311401367188,500.0,0.007047528866678476
1480,-0.0007644736906513572,-0.0032485148403793573,0.003133573802188039,-8.514222713529307e-07,2.1031742107879836e-06,-0.002513227751478553,3.5714288969757035e-05,0.0,0.0,0.0109998919069767,0.0,0.989000141620636,31.383256912231445,9.999999747378752e-06,-0.00315235648304224,0.0005634829285554588,0.01785714365541935,0.012566138058900833,0.2520410716533661,0.0,0.0,0.0,0.0,8.047578811645508,0.1486530303955078,8995.0,12.584909439086914,490.55999755859375,-0.06897182017564774
1481,-0.0007688698242418468,-0.0023442835081368685,0.003347014309838414,-1.0506920888886384e-09,2.69841279987304e-07,-0.002314814832061529,3.492063478915952e-05,0.0,0.0,0.0111219622194767,0.0,0.988878071308136,31.391450881958008,0.0029192925430834293,-0.0013601150130853057,0.0002667663502506912,0.01746031828224659,0.011574074625968933,0.2533074617385864,0.0,0.0,0.0,0.0,7.078142166137695,0.15243077278137207,10196.0,12.616471290588379,497.2900085449219,-0.018963569775223732
1482,-0.0007779204752296209,-0.0016185349086299539,0.0033202373888343573,0.0,0.0,-0.0009259259677492082,0.0,0.0,0.0,0.009318034164607525,0.0,0.9906819462776184,31.418371200561523,9.999999747378752e-06,0.00018353354244027287,0.0007431618869304657,0.0,0.004629629664123058,0.2509937882423401,0.0,0.0,0.0,0.0,7.4974870681762695,0.15073418617248535,9639.0,12.637901306152344,497.94000244140625,-0.01338895969092846
1483,-0.0007681860006414354,-0.0019008397357538342,0.003384968964383006,-3.8425895354521344e-08,2.7777778655035945e-07,-0.0020833334419876337,1.388888995279558e-05,0.0,0.0,0.009128146804869175,0.0,0.9908718466758728,31.424522399902344,9.999999747378752e-06,-0.0023717815056443214,0.0006348516908474267,0.0069444444961845875,0.010416666977107525,0.2505273222923279,0.0,0.0,0.0,0.0,7.567575454711914,0.1524372100830078,9550.0,12.649839401245117,492.3800048828125,-0.029868148267269135
1484,-0.0007624179124832153,-0.001501349383033812,0.003310251282528043,-1.2101459390123637e-07,1.087962800738751e-06,-0.004166666883975267,4.166666985838674e-05,0.0,0.0,0.009860568679869175,0.0,0.9901394248008728,31.43290138244629,9.999999747378752e-06,-0.0021331736352294683,0.00076147576328367,0.0208333358168602,0.02083333395421505,0.2516893446445465,0.0,0.0,0.0,0.0,6.912351608276367,0.1508321762084961,10438.0,12.662857055664062,489.7200012207031,-0.048729244619607925
1485,-0.0007876654271967709,-0.0013509467244148254,0.0032709469087421894,-3.9885634350866894e-07,3.086419724240841e-07,0.0,2.4691360522410832e-05,0.0,0.0,0.010104709304869175,0.0,0.9898952841758728,31.44123649597168,0.0019461950287222862,-0.005287589970976114,7.280016234290088e-06,0.012345679104328156,0.0,0.2459244728088379,0.0,0.0,0.0,0.0,6.857989311218262,0.19698834419250488,10450.0,12.679244995117188,500.0,0.008730774745345116
1486,-0.000775045424234122,-0.0016554320463910699,0.00322878104634583,0.0,0.0,0.0,0.0,0.0,0.0,0.008816189132630825,0.0,0.9911838173866272,31.4498348236084,0.0012974634300917387,-0.009519404731690884,0.00026715704007074237,0.0,0.0,0.2527131736278534,0.0,0.0,0.0,0.0,6.878556251525879,0.15358257293701172,10484.0,12.693347930908203,500.0,0.01043088361620903
1487,-0.0007853546412661672,-0.0012148383539170027,0.0033706773538142443,-7.085619699864765e-07,1.6203703978590056e-07,0.0,3.2407409889856353e-05,0.0,0.0,0.007893879897892475,0.0,0.9921061396598816,31.450162887573242,0.0019461950287222862,-0.008429529145359993,6.4109503910003696e-06,0.016203705221414566,0.0,0.2461869716644287,0.0,0.0,0.0,0.0,7.363790512084961,0.17030620574951172,9785.0,12.685229301452637,500.0,0.013654503971338272
1488,-0.0007751016528345644,-0.0012856748653575778,0.003359314287081361,-2.5699137040646747e-08,1.3888889327517973e-07,0.0,9.259259968530387e-06,0.0,0.0,0.0077989366836845875,0.0,0.9922010898590088,31.437210083007812,0.004378939047455788,-0.011930380016565323,0.1423696130514145,0.004629629664123058,0.0,0.250944048166275,0.0,0.0,0.0,0.0,7.307394981384277,0.20490121841430664,9814.0,12.668281555175781,500.0,0.013525241054594517
1489,-0.0007719603599980474,-0.0012748456792905927,0.0032848836854100227,-5.243178691216599e-08,9.72222210293694e-07,0.0,2.777777990559116e-05,0.0,0.0,0.007080078125,0.0,0.992919921875,31.43994903564453,0.0029192925430834293,-0.009611215442419052,0.02947300300002098,0.013888888992369175,0.0,0.25039568543434143,0.0,0.0,0.0,0.0,6.822353363037109,0.1610548496246338,10557.0,12.696921348571777,500.0,0.011873695999383926
1490,-0.0007755742990411818,-0.0011901772813871503,0.003344226162880659,0.0,0.0,0.0,0.0,0.0,0.0,0.00592719204723835,0.0,0.9940727949142456,31.46132469177246,0.004378939047455788,-0.006164446007460356,0.0012473947135731578,0.0,0.0,0.2494300752878189,0.0,0.0,0.0,0.0,7.472838878631592,0.1736893653869629,9642.0,12.734643936157227,500.0,0.012197483330965042
1491,-0.0007647579186595976,-0.0011639591539278626,0.0032495777122676373,0.0,0.0,-0.0005555556272156537,0.0,0.0,0.0,0.005547417793422937,0.0,0.9944525957107544,31.48919105529785,0.0065684085711836815,-0.0036797653883695602,0.000497770553920418,0.0,0.0027777778450399637,0.25456681847572327,0.0,0.0,0.0,0.0,7.466310977935791,0.14968538284301758,9680.0,12.799363136291504,495.3399963378906,-0.007301229517906904
1492,-0.0007735121180303395,-0.0012190223205834627,0.0033017979003489017,0.0,0.0,0.0,0.0,0.0,0.0,0.005859375,0.0,0.994140625,31.521291732788086,0.0012974634300917387,-0.004492057021707296,0.00014510538312606514,0.0,0.0,0.2416910082101822,0.0,0.0,0.0,0.0,7.917829990386963,0.14716577529907227,9141.0,12.819584846496582,500.0,0.013035597279667854
1493,-0.0008007928263396025,-0.0011143641313537955,0.003315629670396447,0.0,1.1904762686754111e-07,0.0,7.936508154671174e-06,0.0,0.0,0.005859375,0.0,0.994140625,31.536176681518555,0.0065684085711836815,-0.012902858667075634,9.313995542470366e-05,0.003968254197388887,0.0,0.24870708584785461,0.0,0.0,0.0,0.0,7.44254207611084,0.15244793891906738,9707.0,12.853161811828613,500.0,0.013421415351331234
1494,-0.0008048395975492895,-0.0012305120471864939,0.0032941431272774935,-3.1949284107213316e-08,1.9444443921656784e-07,-0.003240741090849042,1.8055558030027896e-05,0.0,0.0,0.0059814453125,0.0,0.9940185546875,31.54742431640625,9.999999747378752e-06,0.002524816896766424,0.0007223765132948756,0.00902777723968029,0.016203705221414566,0.2484094351530075,0.0,0.0,0.0,0.0,6.9922685623168945,0.1526045799255371,10319.0,12.857434272766113,499.239990234375,-0.00832353811711073
1495,-0.000800887995865196,-0.0011531428899616003,0.0033229878172278404,0.0,0.0,0.0,0.0,0.0,0.0,0.004543728195130825,0.0,0.9954562783241272,31.551103591918945,0.0019461950287222862,-0.009208816103637218,3.770236799027771e-05,0.0,0.0,0.25043970346450806,0.0,0.0,0.0,0.0,7.911638259887695,0.1505584716796875,9144.0,12.871490478515625,500.0,0.012819908559322357
1496,-0.000778987247031182,-0.001205860055051744,0.0032102607656270266,-5.194418406517798e-08,4.629629657415535e-08,-0.0034722222480922937,9.259259968530387e-06,0.0,0.0,0.005032009445130825,0.0,0.9949679970741272,31.57279396057129,0.004378939047455788,-0.00314536620862782,0.00110307103022933,0.004629629664123058,0.0173611119389534,0.25113117694854736,0.0,0.0,0.0,0.0,7.636257171630859,0.15167665481567383,9466.0,12.931371688842773,490.9200134277344,-0.026879029348492622
1497,-0.0007970102014951408,-0.001255021896213293,0.003247819608077407,0.0,0.0,0.0,0.0,0.0,0.0,0.0051133898086845875,0.0,0.9948866367340088,31.615985870361328,0.004378939047455788,-0.012766358442604542,0.00693490682169795,0.0,0.0,0.24691142141819,0.0,0.0,0.0,0.0,7.608869552612305,0.16137123107910156,9488.0,12.966144561767578,500.0,0.011436193250119686
1498,-0.0007990021840669215,-0.001202622428536415,0.0031965349335223436,0.0,0.0,0.0,0.0,0.0,0.0,0.0036485460586845875,0.0,0.9963514804840088,31.61598777770996,0.0029192925430834293,-0.007722451351583004,0.00023893745674286038,0.0,0.0,0.2497922033071518,0.0,0.0,0.0,0.0,6.815153121948242,0.14772677421569824,10588.0,12.981156349182129,500.0,0.01113799400627613
1499,-0.0008047875599004328,-0.0011382597731426358,0.003097919514402747,-9.478020146502786e-09,1.1904762686754111e-07,0.0,7.936508154671174e-06,0.0,0.0,0.0029296875,0.0,0.9970703125,31.626230239868164,0.004378939047455788,-0.012208757922053337,4.067910140292952e-06,0.003968254197388887,0.0,0.2508622705936432,0.0,0.0,0.0,0.0,7.010997772216797,0.15131068229675293,10293.0,12.994600296020508,500.0,0.011951345019042492
1500,-0.0008031245670281351,-0.0011157550616189837,0.0030827864538878202,0.0,0.0,-0.0011111112544313073,0.0,0.0,0.0,0.0031331379432231188,0.0,0.9968668818473816,31.629467010498047,9.999999747378752e-06,0.00016327995399478823,0.0003683321119751781,0.0,0.0055555556900799274,0.2520750164985657,0.0,0.0,0.0,0.0,6.905019760131836,0.16443634033203125,10429.0,13.001341819763184,495.1499938964844,-0.008837946690618992
1501,-0.0008118808618746698,-0.0012013680534437299,0.0032113620545715094,0.0,0.0,0.0,0.0,0.0,0.0,0.00341796875,0.0,0.99658203125,31.632186889648438,0.0019461950287222862,-0.008290269412100315,2.8978204227314563e-06,0.0,0.0,0.25652116537094116,0.0,0.0,0.0,0.0,6.782994747161865,0.14957284927368164,10635.0,13.007156372070312,500.0,0.011060110293328762
1502,-0.0007997829816304147,-0.0012360502732917666,0.003228936344385147,-3.126029213262882e-08,3.9682539920704585e-08,0.0,7.936508154671174e-06,0.0,0.0,0.00341796875,0.0,0.99658203125,31.625459671020508,0.0065684085711836815,-0.01289372518658638,2.577273789938772e-06,0.003968254197388887,0.0,0.253290593624115,0.0,0.0,0.0,0.0,6.698403358459473,0.1531982421875,10760.0,12.999542236328125,500.0,0.012470342218875885
1503,-0.0007990261656232178,-0.0011903643608093262,0.0031122590880841017,0.0,1.0185184606825715e-07,0.0,2.0370373022160493e-05,0.0,0.0,0.00341796875,0.0,0.99658203125,31.623106002807617,0.0065684085711836815,-0.010825485922396183,2.579479087216896e-06,0.010185185819864273,0.0,0.25056272745132446,0.0,0.0,0.0,0.0,7.174821853637695,0.15211820602416992,10062.0,12.990837097167969,500.0,0.011462551541626453
1504,-0.0008173792157322168,-0.0012086036149412394,0.0030338214710354805,0.0,0.0,-0.0007936508627608418,0.0,0.0,0.0,0.0034993488807231188,0.0,0.9965006709098816,31.618215560913086,9.999999747378752e-06,-0.0006529314559884369,0.00040587704279460013,0.0,0.003968254197388887,0.25802335143089294,0.0,0.0,0.0,0.0,7.315019607543945,0.148148775100708,9878.0,12.9949951171875,495.8800048828125,-0.010593146085739136
1505,-0.0008025745628401637,-0.0012569413520395756,0.003141761291772127,0.0,1.6666666624587378e-07,-0.0018518519354984164,1.1111112144135404e-05,0.0,0.0,0.0037841796875,0.0,0.9962158203125,31.622358322143555,9.999999747378752e-06,-0.0018553404370322824,0.0004050369025208056,0.0055555556900799274,0.009259259328246117,0.24455243349075317,0.0,0.0,0.0,0.0,6.995227813720703,0.1504838466644287,10317.0,13.004727363586426,498.07000732421875,-0.00881609320640564
1506,-0.0008079510880634189,-0.001188909518532455,0.0031281968113034964,0.0,0.0,0.0,0.0,0.0,0.0,0.00390625,0.0,0.99609375,31.624961853027344,0.0029192925430834293,-0.008339556865394115,2.8747344913426787e-06,0.0,0.0,0.2537524402141571,0.0,0.0,0.0,0.0,7.659701824188232,0.15105366706848145,9439.0,12.993354797363281,500.0,0.011401033028960228
1507,-0.0007832330884411931,-0.0011968329781666398,0.00313598127104342,-7.227948373156323e-08,1.1111111319905831e-07,0.0,2.222222428827081e-05,0.0,0.0,0.00390625,0.0,0.99609375,31.618820190429688,0.004378939047455788,-0.012630246579647064,0.00501526752486825,0.011111111380159855,0.0,0.2530173659324646,0.0,0.0,0.0,0.0,7.445262908935547,0.1514899730682373,9705.0,12.996831893920898,500.0,0.01167287491261959
1508,-0.0007941795629449189,-0.0012181574711576104,0.0032632064539939165,0.0,0.0,0.0,0.0,0.0,0.0,0.0031873914413154125,0.0,0.996812641620636,31.62181282043457,0.0065684085711836815,-0.013757314532995224,0.0002744470548350364,0.0,0.0,0.2512964606285095,0.0,0.0,0.0,0.0,7.210852146148682,0.15069198608398438,10015.0,13.009366035461426,500.0,0.011829075403511524
1509,-0.0007902392535470426,-0.001272291992790997,0.0032672774977982044,-2.163227691198699e-06,1.5046296653054014e-07,0.0,1.6203704944928177e-05,0.0,0.0,0.0029296875,0.0,0.9970703125,31.622753143310547,0.004378939047455788,-0.010259277187287807,0.0012075641425326467,0.008101852610707283,0.0,0.2523477077484131,0.0,0.0,0.0,0.0,7.87361478805542,0.19152617454528809,9141.0,12.993806838989258,500.0,0.01231413334608078
1510,-0.0007949349237605929,-0.00122087262570858,0.0031057181768119335,0.0,0.0,0.0,0.0,0.0,0.0,0.0020345051307231188,0.0,0.9979655146598816,31.612083435058594,0.0065684085711836815,-0.01292042899876833,2.300418054801412e-05,0.0,0.0,0.2535199820995331,0.0,0.0,0.0,0.0,7.4526567459106445,0.15782999992370605,9687.0,12.989011764526367,500.0,0.011107037775218487
1511,-0.000787224736995995,-0.001236473093740642,0.0032222357112914324,0.0,0.0,0.0,0.0,0.0,0.0,0.00146484375,0.0,0.99853515625,31.6042537689209,0.0029192925430834293,-0.007546462118625641,4.8071010496641975e-06,0.0,0.0,0.24692749977111816,0.0,0.0,0.0,0.0,6.861020565032959,0.15081238746643066,10514.0,12.969974517822266,500.0,0.01200349535793066
1512,-0.0007823610212653875,-0.0011552509386092424,0.00325847789645195,0.0,0.0,0.0,0.0,0.0,0.0,0.00146484375,0.0,0.99853515625,31.59101676940918,0.004378939047455788,-0.013002891093492508,7.070208539516898e-06,0.0,0.0,0.24479985237121582,0.0,0.0,0.0,0.0,6.916216850280762,0.18256282806396484,10386.0,12.954122543334961,500.0,0.013756568543612957
1513,-0.0008032035548239946,-0.001231874106451869,0.003147970885038376,0.0,0.0,-0.0007936508627608418,0.0,0.0,0.0,0.0016954210586845875,0.0,0.9983046054840088,31.589683532714844,9.999999747378752e-06,0.0030282940715551376,0.0003917357244063169,0.0,0.003968254197388887,0.24989372491836548,0.0,0.0,0.0,0.0,7.542315483093262,0.14945411682128906,9585.0,12.957425117492676,495.94000244140625,-0.008875207975506783
1514,-0.0007914984598755836,-0.001128586009144783,0.00311786076053977,-1.8221594189071766e-07,7.936507984140917e-08,0.0,7.936508154671174e-06,5.2420161544830535e-09,0.0,0.0016954210586845875,0.0,0.9983046054840088,31.588956832885742,0.0029192925430834293,-0.008916240185499191,4.883954716206063e-06,0.003968254197388887,0.0,0.25190654397010803,0.0,0.0,0.0,0.0,6.876116752624512,0.14985203742980957,10493.0,12.948902130126953,500.0,0.012559058144688606
1515,-0.0007904570084065199,-0.0011672611581161618,0.0029364274814724922,-8.609789148295022e-08,3.086420008457935e-08,-0.0055555556900799274,6.172839675855357e-06,0.0,0.0,0.0018988715019077063,0.0,0.9981011152267456,31.581890106201172,9.999999747378752e-06,0.0009212735458277166,0.00021395523799583316,0.003086419776082039,0.02777777798473835,0.2523558735847473,0.0,0.0,0.0,0.0,7.255131721496582,0.18671154975891113,9907.0,12.949148178100586,500.0,0.010307369753718376
1516,-0.0008094772347249091,-0.001154180383309722,0.003079452086240053,0.0,0.0,0.0,0.0,0.0,0.0,0.001953125,0.0,0.998046875,31.58179473876953,0.0029192925430834293,-0.009234375320374966,4.235632331983652e-06,0.0,0.0,0.2500588595867157,0.0,0.0,0.0,0.0,7.2509446144104,0.1491386890411377,9963.0,12.941946983337402,500.0,0.011115610599517822
1517,-0.0008215210982598364,-0.0010965958936139941,0.0031746942549943924,0.0,0.0,-0.001620370545424521,0.0,0.0,0.0,0.0027940538711845875,0.0,0.9972059726715088,31.574764251708984,9.999999747378752e-06,0.0004143900005146861,0.00038227683398872614,0.0,0.008101852610707283,0.24466760456562042,0.0,0.0,0.0,0.0,6.9751739501953125,0.15830564498901367,10335.0,12.94212532043457,495.8599853515625,-0.006800083443522453
1518,-0.0008184625185094774,-0.0010726890759542584,0.00315680424682796,0.0,1.7361111304126098e-07,0.0,3.4722226700978354e-05,0.0,0.0,0.0027940538711845875,0.0,0.9972059726715088,31.573942184448242,0.0019461950287222862,-0.008744560182094574,3.1616114029020537e-06,0.0173611119389534,0.0,0.24930031597614288,0.0,0.0,0.0,0.0,7.2713847160339355,0.19483542442321777,9874.0,12.932514190673828,500.0,0.014303497038781643
1519,-0.0008142067235894501,-0.0010963246459141374,0.0031977735925465822,-3.7805275354685364e-08,9.25925931483107e-08,0.0,1.8518519937060773e-05,0.0,0.0,0.002292209304869175,0.0,0.9977077841758728,31.55889892578125,0.0065684085711836815,-0.013478579930961132,2.4798252979962854e-06,0.009259259328246117,0.0,0.24826522171497345,0.0,0.0,0.0,0.0,7.710529804229736,0.15908002853393555,9368.0,12.925748825073242,500.0,0.01180229801684618
1520,-0.0008280662004835904,-0.0011693619890138507,0.0031234424095600843,-6.856732426285816e-08,8.333333880727878e-07,-0.0007936508627608418,1.8518519937060773e-05,0.0,0.0,0.0021023221779614687,0.0,0.9978976845741272,31.571495056152344,9.999999747378752e-06,0.000502806156873703,0.0003999276377726346,0.009259259328246117,0.003968254197388887,0.2498263269662857,0.0,0.0,0.0,0.0,6.916007041931152,0.14936304092407227,10435.0,12.943132400512695,495.5799865722656,-0.00812810193747282
1521,-0.0008266344666481018,-0.0011822432279586792,0.0030845829751342535,0.0,4.12698398122302e-07,0.0,1.9047620298806578e-05,0.0,0.0,0.00244140625,0.0,0.99755859375,31.573163986206055,0.0019461950287222862,-0.009036142379045486,2.6706634344009217e-06,0.009523809887468815,0.0,0.24676823616027832,0.0,0.0,0.0,0.0,7.681855201721191,0.15093588829040527,9412.0,12.937732696533203,500.0,0.012195583432912827
1522,-0.0008160782163031399,-0.0011570159113034606,0.0031033079139888287,0.0,0.0,0.0,0.0,0.0,0.0,0.00244140625,0.0,0.99755859375,31.555164337158203,0.004378939047455788,-0.013151997700333595,2.7518713068275247e-06,0.0,0.0,0.25044748187065125,0.0,0.0,0.0,0.0,7.2372846603393555,0.14356565475463867,9989.0,12.917279243469238,500.0,0.01058991253376007
1523,-0.0008209823863580823,-0.0010594839695841074,0.0032447518315166235,0.0,0.0,0.0,0.0,0.0,0.0,0.00244140625,0.0,0.99755859375,31.54896354675293,0.004378939047455788,-0.008886012248694897,1.0486776773177553e-05,0.0,0.0,0.24808984994888306,0.0,0.0,0.0,0.0,7.542832374572754,0.14966773986816406,9584.0,12.900276184082031,500.0,0.013600385747849941
1524,-0.0008046220173127949,-0.0010426508961245418,0.0031677712686359882,-2.0026074132317717e-09,2.546296116179292e-07,-0.0027777778450399637,1.6203704944928177e-05,0.0,0.0,0.0028889973182231188,0.0,0.9971110224723816,31.539520263671875,9.999999747378752e-06,0.0006260543595999479,0.00018094437837135047,0.008101852610707283,0.013888888992369175,0.24993735551834106,0.0,0.0,0.0,0.0,7.528402328491211,0.14435958862304688,9609.0,12.902318954467773,500.0,0.012016097083687782
1525,-0.0007603599224239588,-0.0010460708290338516,0.0031999261118471622,0.0,2.7777778299764577e-08,-0.00898148212581873,5.555556072067702e-06,0.0,0.0,0.0038655598182231188,0.0,0.9961344599723816,31.544275283813477,9.999999747378752e-06,-0.0034859334118664265,0.0023611828219145536,0.0027777778450399637,0.04490740969777107,0.24992506206035614,0.0,0.0,0.0,0.0,7.424054145812988,0.1487717628479004,9735.0,12.914376258850098,477.32000732421875,-0.10731405764818192
1526,-0.0007865504594519734,-0.0011705228826031089,0.003311700886115432,0.0,0.0,0.0,0.0,0.0,0.0,0.005859375,0.0,0.994140625,31.546361923217773,0.0029192925430834293,-0.008719108067452908,2.892121983677498e-06,0.0,0.0,0.24893082678318024,0.0,0.0,0.0,0.0,7.307525634765625,0.16871953010559082,9861.0,12.90115737915039,500.0,0.012916970998048782
1527,-0.0007787444046698511,-0.0012032358208671212,0.0032487770076841116,0.0,0.0,-0.0022222225088626146,0.0,0.0,0.0,0.006103515625,0.0,0.993896484375,31.532154083251953,9.999999747378752e-06,-0.0011310064001008868,0.00045985757606104016,0.0,0.011111111380159855,0.2504701018333435,0.0,0.0,0.0,0.0,7.611849784851074,0.18555951118469238,9455.0,12.894993782043457,495.489990234375,-0.007264045067131519
1528,-0.0007824764470569789,-0.0012899789726361632,0.003270679386332631,0.0,0.0,0.0,0.0,0.0,0.0,0.00634765625,0.0,0.99365234375,31.534618377685547,0.0019461950287222862,-0.00885346531867981,2.0631323423003778e-06,0.0,0.0,0.2536998391151428,0.0,0.0,0.0,0.0,7.187660217285156,0.18305516242980957,10002.0,12.901033401489258,500.0,0.012458876706659794
1529,-0.0007626854931004345,-0.0012114070123061538,0.003234491916373372,0.0,0.0,0.0,0.0,0.0,0.0,0.005859375,0.0,0.994140625,31.526948928833008,0.004378939047455788,-0.014941366389393806,2.203576286774478e-06,0.0,0.0,0.2513236999511719,0.0,0.0,0.0,0.0,7.560205936431885,0.1504807472229004,9561.0,12.873579025268555,500.0,0.012840434908866882
1530,-0.000768867030274123,-0.0011068213498219848,0.0033079052809625864,-2.141876933592357e-07,3.9682539920704585e-08,-0.0015432100044563413,7.936508154671174e-06,0.0,0.0,0.0062120226211845875,0.0,0.9937880039215088,31.51569366455078,9.999999747378752e-06,-0.000420384225435555,0.0007815056014806032,0.003968254197388887,0.0077160499058663845,0.24455486238002777,0.0,0.0,0.0,0.0,7.087237358093262,0.14909100532531738,10188.0,12.871315002441406,499.2200012207031,-0.024830536916851997
1531,-0.0007735235267318785,-0.0010786911007016897,0.0031564149539917707,-1.2640947488762322e-07,3.1283067869480874e-07,-0.0011111112544313073,5.145503018866293e-05,0.0,0.0,0.00629340298473835,0.0,0.9937065839767456,31.518423080444336,9.999999747378752e-06,-0.0011548732873052359,0.0003253270115237683,0.025727514177560806,0.0055555556900799274,0.24998588860034943,0.0,0.0,0.0,0.0,7.2166972160339355,0.1496889591217041,10008.0,12.878528594970703,497.07000732421875,-0.0063323997892439365
1532,-0.0007435241714119911,-0.0010206028819084167,0.0032208727207034826,-1.424257760618275e-07,3.240740511500917e-07,-0.003240741090849042,9.259259968530387e-06,0.0,0.0,0.0069986977614462376,0.0,0.9930012822151184,31.523300170898438,9.999999747378752e-06,-0.0020879062358289957,0.0006401132559403777,0.004629629664123058,0.016203705221414566,0.24552270770072937,0.0,0.0,0.0,0.0,7.18016242980957,0.1500263214111328,10058.0,12.885464668273926,497.82000732421875,-0.004904112312942743
1533,-0.0007564332918263972,-0.0009477075655013323,0.0031629097647964954,0.0,8.333333312293689e-08,-0.002500000176951289,5.555556072067702e-06,0.0,0.0,0.007473415695130825,0.0,0.9925265908241272,31.530664443969727,9.999999747378752e-06,-0.0022790099028497934,0.0008026487776078284,0.0027777778450399637,0.012500000186264515,0.2513052225112915,0.0,0.0,0.0,0.0,7.648787498474121,0.18073201179504395,9416.0,12.902139663696289,490.69000244140625,-0.02574392780661583
1534,-0.0007460401393473148,-0.0009735042694956064,0.003163624322041869,-3.4404547477606684e-07,2.7083333975497226e-07,-0.0025462964549660683,1.8055558030027896e-05,0.0,0.0,0.00884331576526165,0.0,0.9911566972732544,31.5413761138916,2.2500000341096893e-05,-0.0017608881462365389,0.0005386533448472619,0.00902777723968029,0.012731482274830341,0.25133270025253296,0.0,0.0,0.0,0.0,7.863778114318848,0.16927170753479004,9178.0,12.918904304504395,495.9100036621094,-0.006228449754416943
1535,-0.0007493736920878291,-0.0010048345429822803,0.0030656130984425545,0.0,0.0,0.0,0.0,0.0,0.0,0.0087890625,0.0,0.9912109375,31.547767639160156,0.0019461950287222862,-0.010218148119747639,2.6265481665177504e-06,0.0,0.0,0.2508794069290161,0.0,0.0,0.0,0.0,7.0478515625,0.1504073143005371,10242.0,12.914299011230469,500.0,0.012919478118419647
1536,-0.0007565275300294161,-0.0010014926083385944,0.003151785349473357,-3.02468095014774e-08,3.9682539920704585e-08,0.0,7.936508154671174e-06,0.0,0.0,0.0087890625,0.0,0.9912109375,31.522520065307617,0.0029192925430834293,-0.011706512421369553,0.0007405003416351974,0.003968254197388887,0.0,0.24353033304214478,0.0,0.0,0.0,0.0,7.623222351074219,0.1735680103302002,9456.0,12.885380744934082,500.0,0.014441121369600296
1537,-0.0007404161733575165,-0.0010125689441338181,0.003074962878599763,-9.282955737432985e-09,4.629629657415535e-08,0.0,9.259259968530387e-06,0.0,0.0,0.008775499649345875,0.0,0.9912245273590088,31.508243560791016,0.004378939047455788,-0.013940495438873768,6.996386218816042e-05,0.004629629664123058,0.0,0.2507871687412262,0.0,0.0,0.0,0.0,7.073467254638672,0.14956951141357422,10207.0,12.85141372680664,500.0,0.013227954506874084
1538,-0.0007458487525582314,-0.0009669899591244757,0.0030200504697859287,-2.2841906854864646e-07,4.1666666561468446e-07,0.0,2.777777990559116e-05,0.0,0.0,0.00830078125,0.0,0.99169921875,31.489784240722656,0.0029192925430834293,-0.010568312369287014,5.133845206728438e-06,0.013888888992369175,0.0,0.24849571287631989,0.0,0.0,0.0,0.0,7.687861442565918,0.14997601509094238,9406.0,12.856022834777832,500.0,0.012259512208402157
1539,-0.0007439939654432237,-0.000994499889202416,0.0030037208925932646,-1.0089698889714782e-06,7.824074259588087e-07,0.0,4.907407856080681e-05,1.7471860473960987e-06,0.0,0.0070393881760537624,0.0,0.9929606318473816,31.494382858276367,0.004378939047455788,-0.013333729468286037,3.0387466267711716e-06,0.024537036195397377,0.0,0.24902470409870148,0.0,0.0,0.0,0.0,7.5354814529418945,0.1495800018310547,9593.0,12.855470657348633,500.0,0.012514603324234486
1540,-0.0007472767611034214,-0.0009472008096054196,0.0027159336023032665,-1.4331060071981483e-07,2.499999993688107e-07,0.0,2.5000001187436283e-05,0.0,0.0,0.00531684048473835,0.0,0.9946831464767456,31.4848575592041,0.0029192925430834293,-0.013814641162753105,0.0023577935062348843,0.012500000186264515,0.0,0.24907128512859344,0.0,0.0,0.0,0.0,7.078385829925537,0.1823711395263672,10154.0,12.84769058227539,500.0,0.009745602495968342
1541,-0.0007542099338024855,-0.0009512627148069441,0.00257697026245296,-8.809734026726801e-06,1.7857142609045695e-07,0.0,3.5714288969757035e-05,0.0,0.0,0.004787868820130825,0.0,0.9952121376991272,31.468509674072266,0.0029192925430834293,-0.01221240684390068,4.917139904137002e-06,0.01785714365541935,0.0,0.24908921122550964,0.0,0.0,0.0,0.0,7.260457992553711,0.18822622299194336,9898.0,12.810623168945312,500.0,0.00807008147239685
1542,-0.0007310272776521742,-0.0008830883307382464,0.0027095379773527384,-2.559169445248699e-07,1.666666804567285e-07,0.0,2.222222428827081e-05,0.0,0.0,0.00439453125,0.0,0.99560546875,31.451690673828125,0.0029192925430834293,-0.010682012885808945,3.53731570612581e-06,0.011111111380159855,0.0,0.2451360523700714,0.0,0.0,0.0,0.0,7.337027549743652,0.15026021003723145,9847.0,12.802530288696289,500.0,0.011549524962902069
1543,-0.0007505117682740092,-0.0008364725508727133,0.0028015777934342623,-7.328238571524537e-10,1.6666666624587378e-07,0.0,1.1111112144135404e-05,0.0,0.0,0.00439453125,0.0,0.99560546875,31.44160270690918,0.0029192925430834293,-0.011807560920715332,3.85125804314157e-06,0.0055555556900799274,0.0,0.24848508834838867,0.0,0.0,0.0,0.0,7.120936870574951,0.1928081512451172,10080.0,12.79119873046875,500.0,0.012916617095470428
1544,-0.0007598421070724726,-0.0008633674588054419,0.003089205827564001,-7.475188823491408e-08,7.698412787249254e-07,0.0,4.087301931576803e-05,0.0,0.0,0.003879123367369175,0.0,0.9961208701133728,31.430931091308594,0.0029192925430834293,-0.011046058498322964,3.1606962238583947e-06,0.02043650858104229,0.0,0.25044485926628113,0.0,0.0,0.0,0.0,7.3586626052856445,0.149763822555542,9819.0,12.772895812988281,500.0,0.014909526333212852
1545,-0.0007526528206653893,-0.0009155296138487756,0.0028583805542439222,-1.1197593963174768e-08,3.9682539920704585e-08,0.0,7.936508154671174e-06,0.0,0.0,0.0030110676307231188,0.0,0.9969889521598816,31.415185928344727,0.0029192925430834293,-0.012077626772224903,6.900808330101427e-06,0.003968254197388887,0.0,0.2509364187717438,0.0,0.0,0.0,0.0,7.384683132171631,0.19067883491516113,9732.0,12.758920669555664,500.0,0.011792833916842937
1546,-0.0007569071021862328,-0.0008324313093908131,0.0029020318761467934,-8.467719858629152e-09,1.3888889327517973e-07,-0.0013888889225199819,1.388888995279558e-05,0.0,0.0,0.0024685331154614687,0.0,0.9975314736366272,31.414098739624023,9.999999747378752e-06,-2.091444912366569e-06,0.0003612317959778011,0.0069444444961845875,0.0069444444961845875,0.25150373578071594,0.0,0.0,0.0,0.0,7.391406059265137,0.15057706832885742,9775.0,12.762051582336426,495.4800109863281,-0.00771041214466095
1547,-0.0007505742250941694,-0.0008718470926396549,0.0028815476689487696,0.0,0.0,0.0,0.0,0.0,0.0,0.002170138992369175,0.0,0.9978298544883728,31.415164947509766,0.0019461950287222862,-0.009222469292581081,2.888893732233555e-06,0.0,0.0,0.2437649816274643,0.0,0.0,0.0,0.0,8.182144165039062,0.1552596092224121,8843.0,12.760028839111328,500.0,0.012121658772230148
1548,-0.0007317113922908902,-0.0008648794610053301,0.0029439807403832674,0.0,0.0,0.0,0.0,0.0,0.0,0.0006239149370230734,0.0,0.999376118183136,31.39815330505371,0.0065684085711836815,-0.014450304210186005,0.0010473422007635236,0.0,0.0,0.2498299777507782,0.0,0.0,0.0,0.0,7.204980850219727,0.19378161430358887,9964.0,12.724037170410156,500.0,0.014356247149407864
1549,-0.0007354644476436079,-0.0008851398597471416,0.002889550756663084,0.0,0.0,-0.004166666883975267,0.0,0.0,0.0,0.0010715060634538531,0.0,0.9989284873008728,31.391422271728516,9.999999747378752e-06,0.0007036998285911977,0.0017274059355258942,0.0,0.02083333395421505,0.24996934831142426,0.0,0.0,0.0,0.0,7.951276779174805,0.14993548393249512,9100.0,12.729476928710938,497.04998779296875,-0.008294418454170227
1550,-0.0007537088240496814,-0.0008847494027577341,0.002853705082088709,0.0,0.0,0.0,0.0,0.0,0.0,0.00146484375,0.0,0.99853515625,31.39390754699707,0.0019461950287222862,-0.01018600631505251,8.12443031463772e-05,0.0,0.0,0.24822749197483063,0.0,0.0,0.0,0.0,7.451777935028076,0.14836955070495605,9700.0,12.735363960266113,500.0,0.013334195129573345
1551,-0.0007487962720915675,-0.0009180409833788872,0.0029663953464478254,0.0,0.0,0.0,0.0,0.0,0.0,0.00146484375,0.0,0.99853515625,31.398752212524414,0.004378939047455788,-0.01322153490036726,6.924475746927783e-05,0.0,0.0,0.24743451178073883,0.0,0.0,0.0,0.0,7.025362014770508,0.1534264087677002,10270.0,12.740139961242676,500.0,0.013343981467187405
1552,-0.0007338557043112814,-0.0009460051078349352,0.0030948466155678034,0.0,0.0,-0.0018518519354984164,0.0,0.0,0.0,0.0017632378730922937,0.0,0.9982367753982544,31.405935287475586,0.0012974634300917387,-0.0003536526346579194,0.0003636697365436703,0.0,0.009259259328246117,0.2499566376209259,0.0,0.0,0.0,0.0,7.753687381744385,0.15261459350585938,9325.0,12.758221626281738,496.8900146484375,-0.004836300387978554
1553,-0.0007413220009766519,-0.0009576626471243799,0.0030963413883000612,0.0,0.0,0.0,0.0,0.0,0.0,0.001953125,0.0,0.998046875,31.422714233398438,0.004378939047455788,-0.016933290287852287,2.1459498384501785e-05,0.0,0.0,0.2510584890842438,0.0,0.0,0.0,0.0,7.05087423324585,0.150162935256958,10238.0,12.773892402648926,500.0,0.013765761628746986
1554,-0.0007420580950565636,-0.0009912155801430345,0.003058368107303977,0.0,0.0,0.0,0.0,0.0,0.0,0.001953125,0.0,0.998046875,31.418169021606445,0.004378939047455788,-0.014658661559224129,2.490316728653852e-05,0.0,0.0,0.24788300693035126,0.0,0.0,0.0,0.0,7.198413372039795,0.15014100074768066,10032.0,12.770235061645508,500.0,0.013226867653429508
1555,-0.0007219800027087331,-0.0010597908403724432,0.0031588126439601183,0.0,0.0,0.0,0.0,0.0,0.0,0.001953125,0.0,0.998046875,31.423839569091797,0.0029192925430834293,-0.013576519675552845,1.0064778507512528e-05,0.0,0.0,0.25064817070961,0.0,0.0,0.0,0.0,7.483485221862793,0.14853811264038086,9660.0,12.779291152954102,500.0,0.013711323030292988
1556,-0.0007374764536507428,-0.0011929880129173398,0.003067044774070382,0.0,0.0,0.0,0.0,0.0,0.0,0.001953125,0.0,0.998046875,31.418556213378906,0.004378939047455788,-0.014880752190947533,1.4698241102450993e-05,0.0,0.0,0.24961768090724945,0.0,0.0,0.0,0.0,7.4563188552856445,0.14962363243103027,9693.0,12.778131484985352,500.0,0.012004981748759747
1557,-0.0006967887748032808,-0.001115195220336318,0.003106785239651799,0.0,0.0,-0.0055555556900799274,0.0,0.0,0.0,0.0019802518654614687,0.0,0.9980197548866272,31.420448303222656,9.999999747378752e-06,0.0017515980871394277,0.00040311471093446016,0.0,0.02777777798473835,0.2488761991262436,0.0,0.0,0.0,0.0,7.401643753051758,0.15084409713745117,9762.0,12.782269477844238,495.3699951171875,-0.006729193031787872
1558,-0.0007046556565910578,-0.0011108840117231011,0.00321212993003428,0.0,0.0,0.0,0.0,0.0,0.0,0.00244140625,0.0,0.99755859375,31.422971725463867,0.0012974634300917387,-0.00987003743648529,6.900174867041642e-06,0.0,0.0,0.2454744130373001,0.0,0.0,0.0,0.0,7.458324432373047,0.1597137451171875,9678.0,12.786959648132324,500.0,0.01344379410147667
1559,-0.0007042499491944909,-0.0010764257749542594,0.0031076089944690466,0.0,0.0,0.0,0.0,0.0,0.0,0.00244140625,0.0,0.99755859375,31.410381317138672,0.004378939047455788,-0.01692437194287777,4.601729415298905e-06,0.0,0.0,0.2569778859615326,0.0,0.0,0.0,0.0,6.758013725280762,0.15071487426757812,10671.0,12.746931076049805,500.0,0.013574381358921528
1560,-0.0007083321106620133,-0.0011226848000660539,0.003150482662022114,0.0,0.0,0.0,0.0,0.0,0.0,0.0020887586288154125,0.0,0.997911274433136,31.3933162689209,0.0029192925430834293,-0.015608877874910831,2.5793266104301438e-05,0.0,0.0,0.24859274923801422,0.0,0.0,0.0,0.0,6.883523464202881,0.14997076988220215,10482.0,12.750798225402832,500.0,0.012693541124463081
1561,-0.000729040359146893,-0.0009686722187325358,0.00315369525924325,0.0,0.0,-0.0009259259677492082,0.0,0.0,0.0,0.002048068679869175,0.0,0.9979519248008728,31.395339965820312,9.999999747378752e-06,-0.0010289092315360904,0.00040314497891813517,0.0,0.004629629664123058,0.2503608763217926,0.0,0.0,0.0,0.0,7.729632377624512,0.14987993240356445,9356.0,12.753833770751953,495.6600036621094,-0.005556792952120304
1562,-0.000688524276483804,-0.000934736686758697,0.003223057370632887,0.0,0.0,-0.0069444444961845875,0.0,0.0,0.0,0.003634982742369175,0.0,0.9963650107383728,31.40074920654297,9.999999747378752e-06,-0.0013748450437560678,0.0006460584118030965,0.0,0.0347222238779068,0.24864980578422546,0.0,0.0,0.0,0.0,7.425498962402344,0.17661595344543457,9698.0,12.768101692199707,495.989990234375,-0.0038347505033016205
1563,-0.0007312179077416658,-0.0008922151173464954,0.003199682803824544,0.0,0.0,0.0,0.0,0.0,0.0,0.0032416449394077063,0.0,0.9967583417892456,31.40606117248535,0.0012974634300917387,-0.009412795305252075,2.834587121469667e-06,0.0,0.0,0.2513869106769562,0.0,0.0,0.0,0.0,7.890779495239258,0.15224814414978027,9166.0,12.765522956848145,500.0,0.01548696868121624
1564,-0.0007174558122642338,-0.0008883749251253903,0.0031459706369787455,0.0,0.0,0.0,0.0,0.0,0.0,0.0029296875,0.0,0.9970703125,31.394731521606445,0.004378939047455788,-0.016721243038773537,2.945945425381069e-06,0.0,0.0,0.24926921725273132,0.0,0.0,0.0,0.0,7.006171703338623,0.1498720645904541,10302.0,12.746888160705566,500.0,0.01641404815018177
1565,-0.0007159037631936371,-0.0007789566298015416,0.0030793005134910345,0.0,0.0,-0.0018518519354984164,0.0,0.0,0.0,0.0031195746269077063,0.0,0.9968804121017456,31.393075942993164,9.999999747378752e-06,0.0002865603019017726,0.00039449476753361523,0.0,0.009259259328246117,0.2504453659057617,0.0,0.0,0.0,0.0,7.43714714050293,0.15108990669250488,9716.0,12.753129005432129,495.6400146484375,-0.003382914001122117
1566,-0.0007164327544160187,-0.000932023162022233,0.0031450309325009584,0.0,0.0,0.0,0.0,0.0,0.0,0.0030653211288154125,0.0,0.996934711933136,31.39461898803711,0.0012974634300917387,-0.00978835765272379,2.9642790195794078e-06,0.0,0.0,0.250101238489151,0.0,0.0,0.0,0.0,7.429561614990234,0.14896345138549805,9728.0,12.752080917358398,500.0,0.014803650788962841
1567,-0.0007348370854742825,-0.0008411791641265154,0.0031488086096942425,0.0,0.0,0.0,0.0,0.0,0.0,0.0029296875,0.0,0.9970703125,31.384897232055664,0.004378939047455788,-0.01686788722872734,2.668745992195909e-06,0.0,0.0,0.2503974139690399,0.0,0.0,0.0,0.0,7.836996555328369,0.1794126033782959,9197.0,12.736042022705078,500.0,0.016057433560490608
1568,-0.0007460442720912397,-0.0007890738779678941,0.003260961500927806,0.0,0.0,0.0,0.0,0.0,0.0,0.0029296875,0.0,0.9970703125,31.378433227539062,0.0019461950287222862,-0.015503090806305408,0.0011051436886191368,0.0,0.0,0.2487218976020813,0.0,0.0,0.0,0.0,6.980677604675293,0.14891624450683594,10341.0,12.743677139282227,500.0,0.01648881658911705
1569,-0.0007205874426290393,-0.0007930481806397438,0.0032479732763022184,0.0,0.0,0.0,0.0,0.0,0.0,0.0029296875,0.0,0.9970703125,31.362573623657227,0.004378939047455788,-0.016660580411553383,2.430168751743622e-05,0.0,0.0,0.25380441546440125,0.0,0.0,0.0,0.0,7.699170112609863,0.14851975440979004,9394.0,12.694117546081543,500.0,0.016945021227002144
1570,-0.0007276370888575912,-0.0007552040624432266,0.00317072169855237,0.0,0.0,0.0,0.0,0.0,0.0,0.0029296875,0.0,0.9970703125,31.34246253967285,0.0019461950287222862,-0.013199543580412865,0.000630063412245363,0.0,0.0,0.25044018030166626,0.0,0.0,0.0,0.0,7.2428879737854,0.16215944290161133,9956.0,12.683279037475586,500.0,0.015297175385057926
1571,-0.0007309734355658293,-0.0007981241797097027,0.0031973111908882856,0.0,0.0,0.0,0.0,0.0,0.0,0.0028483073692768812,0.0,0.9971516728401184,31.332561492919922,0.004378939047455788,-0.016413602977991104,1.2059917025908362e-05,0.0,0.0,0.2509945034980774,0.0,0.0,0.0,0.0,6.983653545379639,0.16004705429077148,10320.0,12.676159858703613,500.0,0.01677655056118965
1572,-0.0007266262546181679,-0.0008201674791052938,0.003163459710776806,0.0,0.0,0.0,0.0,0.0,0.0,0.00244140625,0.0,0.99755859375,31.325912475585938,0.0029192925430834293,-0.013747958466410637,0.0007702216389589012,0.0,0.0,0.2515980303287506,0.0,0.0,0.0,0.0,7.842714309692383,0.14926409721374512,9225.0,12.65745735168457,500.0,0.016341008245944977
1573,-0.0007130413432605565,-0.0009167484240606427,0.0032084020785987377,0.0,0.0,0.0,0.0,0.0,0.0,0.00244140625,0.0,0.99755859375,31.3055477142334,0.004378939047455788,-0.016930606216192245,5.287880412652157e-05,0.0,0.0,0.2506354749202728,0.0,0.0,0.0,0.0,6.950872898101807,0.14865422248840332,10384.0,12.636571884155273,500.0,0.015255482867360115
1574,-0.0007144622504711151,-0.0008811813895590603,0.003192651318386197,0.0,0.0,-0.0013888889225199819,0.0,0.0,0.0,0.002536349929869175,0.0,0.9974636435508728,31.3013973236084,9.999999747378752e-06,0.0001875209854915738,0.0004029837728012353,0.0,0.0069444444961845875,0.25207486748695374,0.0,0.0,0.0,0.0,7.370454788208008,0.14554429054260254,9809.0,12.64198112487793,495.6199951171875,-0.0041892086155712605
1575,-0.0007159241358749568,-0.0008974692900665104,0.003092302707955241,0.0,6.944444521650439e-07,-0.0013888889225199819,2.777777990559116e-05,0.0,0.0,0.0030653211288154125,0.0,0.996934711933136,31.306596755981445,5.062499985797331e-05,-0.0011484926799312234,0.0003356727829668671,0.013888888992369175,0.0069444444961845875,0.2568221092224121,0.0,0.0,0.0,0.0,6.994935989379883,0.15088796615600586,10317.0,12.657238960266113,495.3500061035156,-0.00454820366576314
1576,-0.0007072101579979062,-0.0009153563878498971,0.0032838203478604555,0.0,0.0,0.0,0.0,0.0,0.0,0.0016004774952307343,0.0,0.998399555683136,31.311506271362305,0.0019461950287222862,-0.012936459854245186,3.1749480058351764e-06,0.0,0.0,0.24885296821594238,0.0,0.0,0.0,0.0,7.772653579711914,0.15169620513916016,9303.0,12.645883560180664,500.0,0.016265148296952248
1577,-0.0007068956620059907,-0.00087415223242715,0.0031422683969140053,0.0,0.0,0.0,0.0,0.0,0.0,0.00146484375,0.0,0.99853515625,31.291046142578125,0.004378939047455788,-0.015439164824783802,3.0379987947526388e-06,0.0,0.0,0.2496606558561325,0.0,0.0,0.0,0.0,7.36982536315918,0.14825725555419922,9806.0,12.612384796142578,500.0,0.015263142995536327
1578,-0.0006939525483176112,-0.000931442016735673,0.0031940501648932695,0.0,5.5555556599529154e-08,0.0,1.1111112144135404e-05,0.0,0.0,0.00146484375,0.0,0.99853515625,31.265846252441406,0.004378939047455788,-0.011644273065030575,0.0009344315622001886,0.0055555556900799274,0.0,0.2485472410917282,0.0,0.0,0.0,0.0,7.0064377784729,0.14748477935791016,10305.0,12.567700386047363,500.0,0.01532680168747902
1579,-0.0006866908515803516,-0.0009216934558935463,0.0030496835242956877,0.0,6.944444663758986e-08,0.0,1.388888995279558e-05,0.0,0.0,0.001220703125,0.0,0.998779296875,31.258445739746094,0.0029192925430834293,-0.012922068126499653,3.5446184483589604e-05,0.0069444444961845875,0.0,0.24520106613636017,0.0,0.0,0.0,0.0,7.3725786209106445,0.14975523948669434,9801.0,12.594533920288086,500.0,0.015029809437692165
1580,-0.0006937672151252627,-0.0009231724543496966,0.00301340501755476,0.0,0.0,0.0,0.0,0.0,0.0,0.0009765625,0.0,0.9990234375,31.268619537353516,0.0029192925430834293,-0.013456680811941624,2.0481165847741067e-05,0.0,0.0,0.25028565526008606,0.0,0.0,0.0,0.0,7.217253684997559,0.1876983642578125,9956.0,12.600038528442383,500.0,0.014032294973731041
1581,-0.0006854053935967386,-0.000971541740000248,0.0030594307463616133,-1.21622818483047e-07,4.1666666561468446e-07,0.0,2.777777990559116e-05,0.0,0.0,0.0009765625,0.0,0.9990234375,31.271591186523438,0.004378939047455788,-0.016747070476412773,8.263775271188933e-06,0.013888888992369175,0.0,0.25421079993247986,0.0,0.0,0.0,0.0,7.60009241104126,0.14946699142456055,9513.0,12.614960670471191,500.0,0.013158845715224743
1582,-0.0006632471922785044,-0.0010508719133213162,0.0031337409745901823,0.0,0.0,-0.0018055556574836373,0.0,0.0,0.0,0.0013699001865461469,0.0,0.9986301064491272,31.28073501586914,9.999999747378752e-06,0.0004942346713505685,0.0007565386476926506,0.0,0.00902777723968029,0.25447046756744385,0.0,0.0,0.0,0.0,7.013243675231934,0.14830493927001953,10294.0,12.62513542175293,490.82000732421875,-0.026920383796095848
1583,-0.0006777882808819413,-0.0009799785912036896,0.0031996394973248243,-6.706800093070342e-08,7.936507984140917e-08,0.0,7.936508154671174e-06,0.0,0.0,0.001953125,0.0,0.998046875,31.282350540161133,0.0019461950287222862,-0.010335172526538372,6.550337275257334e-06,0.003968254197388887,0.0,0.2540343999862671,0.0,0.0,0.0,0.0,7.144664764404297,0.15044307708740234,10106.0,12.624357223510742,500.0,0.014802730642259121
1584,-0.0006847974727861583,-0.0009468418429605663,0.003105766838416457,-8.514947325011235e-08,5.5555556599529154e-08,-0.0011111112544313073,1.1111112144135404e-05,0.0,0.0,0.0022650824394077063,0.0,0.9977349042892456,31.279821395874023,9.999999747378752e-06,-0.00034253826015628874,0.00035195506643503904,0.0055555556900799274,0.0055555556900799274,0.24858839809894562,0.0,0.0,0.0,0.0,7.576813697814941,0.1512739658355713,9540.0,12.625287055969238,497.2699890136719,-0.00541359419003129
1585,-0.0006689477595500648,-0.0010405767243355513,0.003139052540063858,0.0,0.0,-0.0021825397852808237,0.0,0.0,0.0,0.0029161241836845875,0.0,0.9970839023590088,31.29079246520996,0.0029192925430834293,-0.0018933569081127644,0.0006114068673923612,0.0,0.010912698693573475,0.24944350123405457,0.0,0.0,0.0,0.0,7.128508567810059,0.15122342109680176,10127.0,12.66940689086914,495.57000732421875,-0.005241631995886564
1586,-0.0006680452497676015,-0.0010499936761334538,0.0029955878853797913,0.0,0.0,-0.00296296295709908,0.0,0.0,0.0,0.0040418836288154125,0.0,0.995958149433136,31.32558822631836,9.999999747378752e-06,-0.002737956354394555,0.001149748801253736,0.0,0.014814815483987331,0.24969567358493805,0.0,0.0,0.0,0.0,7.0002923011779785,0.14891481399536133,10312.0,12.691673278808594,486.44000244140625,-0.04728752374649048
1587,-0.0006781179108656943,-0.0009984520729631186,0.002998779760673642,-7.030745052816201e-08,2.407407180271548e-07,-0.0027777780778706074,4.814815110876225e-05,0.0,0.0,0.0057373046875,0.0,0.9942626953125,31.333539962768555,1.4999999621068127e-05,-0.0009768741438165307,0.000398670177673921,0.024074073880910873,0.013888888992369175,0.2497902512550354,0.0,0.0,0.0,0.0,6.762354373931885,0.15064096450805664,10665.0,12.708499908447266,495.6400146484375,-0.0052684214897453785
1588,-0.0006748479208908975,-0.0010815976420417428,0.0030013765208423138,0.0,0.0,0.0,0.0,0.0,0.0,0.005710178054869175,0.0,0.9942898154258728,31.339828491210938,0.0012974634300917387,-0.010183654725551605,3.2773864404589403e-06,0.0,0.0,0.25367966294288635,0.0,0.0,0.0,0.0,7.028759002685547,0.14557814598083496,10276.0,12.702581405639648,500.0,0.012539396062493324
1589,-0.0006874315440654755,-0.0010398770682513714,0.003085173200815916,0.0,0.0,0.0,0.0,0.0,0.0,0.004977756179869175,0.0,0.9950222373008728,31.325284957885742,0.004378939047455788,-0.01579117216169834,3.024209263458033e-06,0.0,0.0,0.2538824677467346,0.0,0.0,0.0,0.0,7.031036853790283,0.1540842056274414,10261.0,12.668460845947266,500.0,0.013675546273589134
1590,-0.0007052450091578066,-0.0010289119090884924,0.003078572219237685,0.0,0.0,0.0,0.0,0.0,0.0,0.0048828125,0.0,0.9951171875,31.31029510498047,0.0029192925430834293,-0.013196304440498352,0.001496864017099142,0.0,0.0,0.24880088865756989,0.0,0.0,0.0,0.0,7.569085597991943,0.15079903602600098,9550.0,12.652730941772461,500.0,0.012707552872598171
1591,-0.0006908317445777357,-0.0010575806954875588,0.003184697823598981,0.0,0.0,-0.0006172839784994721,0.0,0.0,0.0,0.00519477017223835,0.0,0.9948052167892456,31.305953979492188,9.999999747378752e-06,0.00033962735324166715,0.0003785070148296654,0.0,0.003086419776082039,0.2508977949619293,0.0,0.0,0.0,0.0,7.514292240142822,0.15900301933288574,9608.0,12.654568672180176,500.0,0.014401264488697052
1592,-0.0006974147981964052,-0.0010286761680617929,0.0030874188523739576,-3.928634839667211e-07,1.6666666624587378e-07,0.0,1.1111112144135404e-05,0.0,0.0,0.00537109375,0.0,0.99462890625,31.30580711364746,0.0019461950287222862,-0.010103236883878708,5.09363280798425e-06,0.0055555556900799274,0.0,0.24666224420070648,0.0,0.0,0.0,0.0,7.035208702087402,0.14881038665771484,10262.0,12.6482515335083,500.0,0.014875831082463264
1593,-0.000683140242472291,-0.0009949158411473036,0.003157933708280325,-2.2233053176279327e-09,9.25925931483107e-08,-0.0006944444612599909,1.8518519937060773e-05,0.0,0.0,0.0054524741135537624,0.0,0.9945475459098816,31.299203872680664,9.999999747378752e-06,-0.0011025449493899941,0.00040741852717474103,0.009259259328246117,0.0034722222480922937,0.25045815110206604,0.0,0.0,0.0,0.0,7.168694496154785,0.14758014678955078,10077.0,12.646965026855469,497.3500061035156,-0.005229006055742502
1594,-0.0006985433283261955,-0.0010832678526639938,0.0032870157156139612,0.0,0.0,0.0,0.0,0.0,0.0,0.005859375,0.0,0.994140625,31.299898147583008,0.0019461950287222862,-0.009992594830691814,2.8794477202609414e-06,0.0,0.0,0.2500118017196655,0.0,0.0,0.0,0.0,7.329192638397217,0.14890408515930176,9859.0,12.646077156066895,500.0,0.01486020814627409
1595,-0.0006853882223367691,-0.0009990297257900238,0.0032667035702615976,0.0,9.25925931483107e-08,-0.0007936508627608418,1.8518519937060773e-05,0.0,0.0,0.0063340929336845875,0.0,0.9936659336090088,31.303573608398438,0.004378939047455788,-0.0008682945626787841,0.0001044685413944535,0.009259259328246117,0.003968254197388887,0.25109270215034485,0.0,0.0,0.0,0.0,7.490325927734375,0.14929437637329102,9650.0,12.684913635253906,500.0,0.01585542969405651
1596,-0.000685953360516578,-0.0010491624707356095,0.0031804891768842936,0.0,0.0,-0.0027777778450399637,0.0,0.0,0.0,0.0061848959885537624,0.0,0.9938151240348816,31.341157913208008,9.999999747378752e-06,-0.0002681422629393637,0.00356563669629395,0.0,0.013888888992369175,0.24664635956287384,0.0,0.0,0.0,0.0,6.96323823928833,0.14696884155273438,10369.0,12.716562271118164,495.4599914550781,-0.005148790311068296
1597,-0.0006930345552973449,-0.001052188454195857,0.003142018336802721,-1.2696132500877866e-07,8.333333312293689e-07,0.0,2.777777990559116e-05,0.0,0.0,0.005859375,0.0,0.994140625,31.346181869506836,0.0012974634300917387,-0.009659846313297749,4.9420374125475064e-05,0.013888888992369175,0.0,0.2505840063095093,0.0,0.0,0.0,0.0,6.7324042320251465,0.14950942993164062,10713.0,12.714850425720215,500.0,0.01543058268725872
1598,-0.0006902418099343777,-0.0010890300618484616,0.003143769223242998,0.0,0.0,0.0,0.0,0.0,0.0,0.0054931640625,0.0,0.9945068359375,31.338253021240234,0.004378939047455788,-0.015431292355060577,3.3029975838871906e-06,0.0,0.0,0.2526730000972748,0.0,0.0,0.0,0.0,7.168574810028076,0.14792132377624512,10076.0,12.689655303955078,500.0,0.013483032584190369
1599,-0.0006829733029007912,-0.0009717527427710593,0.0030791875906288624,0.0,0.0,0.0,0.0,0.0,0.0,0.004787868820130825,0.0,0.9952121376991272,31.32611083984375,0.0012974634300917387,-0.012708988972008228,2.7529335966391955e-06,0.0,0.0,0.24858805537223816,0.0,0.0,0.0,0.0,6.9038496017456055,0.15001988410949707,10452.0,12.68341064453125,500.0,0.01447474304586649
1600,-0.0006898939609527588,-0.0009026188054122031,0.0030974755063652992,-3.998163222718176e-08,1.1904762686754111e-07,0.0,7.936508154671174e-06,0.0,0.0,0.0035671659279614687,0.0,0.9964328408241272,31.317209243774414,0.004378939047455788,-0.01380191557109356,2.5979613837989746e-06,0.003968254197388887,0.0,0.2500832676887512,0.0,0.0,0.0,0.0,7.154712677001953,0.1691737174987793,10066.0,12.66288948059082,500.0,0.013990180566906929
1601,-0.0006578406319022179,-0.0009825641755014658,0.0031183469109237194,0.0,0.0,0.0,0.0,0.0,0.0,0.0020073784980922937,0.0,0.9979926347732544,31.31085205078125,0.0029192925430834293,-0.01375722885131836,3.012434035554179e-06,0.0,0.0,0.25402653217315674,0.0,0.0,0.0,0.0,7.297340393066406,0.14527225494384766,9906.0,12.666223526000977,500.0,0.01531884353607893
1602,-0.0006836818647570908,-0.0009361275588162243,0.0030378862284123898,0.0,0.0,0.0,0.0,0.0,0.0,0.001953125,0.0,0.998046875,31.298669815063477,0.004378939047455788,-0.015409042127430439,2.262031102873152e-06,0.0,0.0,0.25346943736076355,0.0,0.0,0.0,0.0,7.2118072509765625,0.16238927841186523,9998.0,12.640511512756348,500.0,0.014747630804777145
1603,-0.0006857904954813421,-0.0009176841122098267,0.0031379808206111193,0.0,0.0,0.0,0.0,0.0,0.0,0.001953125,0.0,0.998046875,31.292539596557617,0.0029192925430834293,-0.0141145596280694,2.0100404071854427e-05,0.0,0.0,0.25143930315971375,0.0,0.0,0.0,0.0,7.703239440917969,0.15005850791931152,9388.0,12.6357421875,500.0,0.01495688408613205
1604,-0.0006738136289641261,-0.0009529992239549756,0.0030465899035334587,-1.2548963468361762e-07,4.1666666561468446e-07,0.0,2.777777990559116e-05,0.0,0.0,0.001953125,0.0,0.998046875,31.279987335205078,0.0019461950287222862,-0.012695018202066422,0.0006353294593282044,0.013888888992369175,0.0,0.25365883111953735,0.0,0.0,0.0,0.0,7.249080657958984,0.15613985061645508,9956.0,12.618449211120605,500.0,0.013978153467178345
1605,-0.0006721675163134933,-0.000863929686602205,0.0032138186506927013,0.0,0.0,0.0,0.0,0.0,0.0,0.0015869140625,0.0,0.9984130859375,31.27239990234375,0.0029192925430834293,-0.014741731807589531,2.6725068892119452e-05,0.0,0.0,0.24988314509391785,0.0,0.0,0.0,0.0,7.229117393493652,0.15848445892333984,9979.0,12.609570503234863,500.0,0.01625567302107811
1606,-0.0006687307031825185,-0.0008798587368801236,0.0030839883256703615,0.0,0.0,0.0,0.0,0.0,0.0,0.00146484375,0.0,0.99853515625,31.269819259643555,0.004378939047455788,-0.01626872457563877,5.866441370017128e-06,0.0,0.0,0.24672508239746094,0.0,0.0,0.0,0.0,7.624258995056152,0.14957261085510254,9484.0,12.603813171386719,500.0,0.015202648937702179
1607,-0.0006719946395605803,-0.0009033438982442021,0.003104394068941474,0.0,5.5555556599529154e-08,0.0,1.1111112144135404e-05,0.0,0.0,0.0013292101211845875,0.0,0.9986708164215088,31.266828536987305,0.0019461950287222862,-0.014505078084766865,0.00015672894369345158,0.0055555556900799274,0.0,0.2496883124113083,0.0,0.0,0.0,0.0,6.977743148803711,0.1479339599609375,10346.0,12.603086471557617,500.0,0.014972932636737823
1608,-0.0006575056468136609,-0.0008555472013540566,0.003065153257921338,0.0,6.944444663758986e-08,0.0,1.388888995279558e-05,0.0,0.0,0.0009358723764307797,0.0,0.9990641474723816,31.260601043701172,0.0029192925430834293,-0.015359070152044296,0.000168032172950916,0.0069444444961845875,0.0,0.2517387568950653,0.0,0.0,0.0,0.0,7.231389045715332,0.1499953269958496,9988.0,12.592124938964844,500.0,0.016410427168011665
1609,-0.0006780016119591892,-0.0008998505072668195,0.003047277219593525,0.0,0.0,0.0,0.0,0.0,0.0,0.00048828125,0.0,0.99951171875,31.25478744506836,0.004378939047455788,-0.016048753634095192,6.807486442994559e-06,0.0,0.0,0.25198423862457275,0.0,0.0,0.0,0.0,7.2958292961120605,0.14783191680908203,9904.0,12.580499649047852,500.0,0.014828781597316265
1610,-0.0006696998025290668,-0.0008922009146772325,0.0031158116180449724,0.0,0.0,0.0,0.0,0.0,0.0,9.494357800576836e-05,0.0,0.9999050498008728,31.245859146118164,0.0029192925430834293,-0.014882158488035202,1.0293645573256072e-05,0.0,0.0,0.25153785943984985,0.0,0.0,0.0,0.0,7.0480637550354,0.14542150497436523,10249.0,12.57833194732666,500.0,0.014852369204163551
1611,-0.0006645138491876423,-0.0009068890358321369,0.0031489410903304815,0.0,0.0,0.0,0.0,0.0,0.0,0.0,0.0,1.0,31.233110427856445,0.0019461950287222862,-0.016655204817652702,0.0007213930948637426,0.0,0.0,0.25117960572242737,0.0,0.0,0.0,0.0,7.436715126037598,0.14793968200683594,9720.0,12.55966567993164,500.0,0.01492124143987894
1612,-0.0006615399033762515,-0.0009564209030941129,0.0031361139845103025,-4.6498431061081646e-07,1.2499999968440534e-07,0.0,2.5000001187436283e-05,0.0,0.0,0.0,0.0,1.0,31.214868545532227,0.004378939047455788,-0.018049122765660286,0.00012228995910845697,0.012500000186264515,0.0,0.24729765951633453,0.0,0.0,0.0,0.0,7.047380447387695,0.1516437530517578,10241.0,12.524794578552246,500.0,0.015590449795126915
1613,-0.0006563981296494603,-0.0009850362548604608,0.0030763985123485327,-1.8553361513795608e-08,2.539682668611931e-07,0.0,1.9047620298806578e-05,0.0,0.0,0.0,0.0,1.0,31.193992614746094,0.0019461950287222862,-0.01605438068509102,2.9448883651639335e-05,0.009523809887468815,0.0,0.24403458833694458,0.0,0.0,0.0,0.0,7.654073715209961,0.14735865592956543,9450.0,12.50471305847168,500.0,0.014241424389183521
1614,-0.0006414488889276981,-0.0009822094580158591,0.003146583214402199,-8.66772182916975e-08,3.3333333249174757e-07,0.0,1.1111112144135404e-05,0.0,0.0,0.0,0.0,1.0,31.179424285888672,0.004378939047455788,-0.0164909940212965,6.263722752919421e-06,0.0055555556900799274,0.0,0.2525070905685425,0.0,0.0,0.0,0.0,7.049434185028076,0.14792299270629883,10243.0,12.490708351135254,500.0,0.014918018132448196
1615,-0.0006557146552950144,-0.0009931375971063972,0.003078942187130451,-5.889275200843258e-08,6.018518661221606e-07,0.0,2.777777990559116e-05,0.0,0.0,0.0,0.0,1.0,31.172346115112305,0.0029192925430834293,-0.016292672604322433,7.1045478762243874e-06,0.013888888992369175,0.0,0.24879296123981476,0.0,0.0,0.0,0.0,6.690608978271484,0.16338849067687988,10756.0,12.488565444946289,500.0,0.015370647422969341
1616,-0.0006579029140993953,-0.0010477476753294468,0.003177599050104618,-4.66614551442035e-07,8.564814493183803e-07,0.0,4.166666622040793e-05,0.0,0.0,0.0,0.0,1.0,31.16788673400879,0.0029192925430834293,-0.01643846556544304,0.00010606087744235992,0.02083333395421505,0.0,0.2505147457122803,0.0,0.0,0.0,0.0,7.255919456481934,0.1536412239074707,9950.0,12.472453117370605,500.0,0.01622430421411991
1617,-0.0006381216226145625,-0.0010286017786711454,0.0033002097625285387,-2.9834293968633574e-07,4.6296295863612613e-07,0.0,1.8518519937060773e-05,0.0,0.0,0.0,0.0,1.0,31.15732765197754,0.0019461950287222862,-0.014387056231498718,0.0004102779203094542,0.009259259328246117,0.0,0.24763362109661102,0.0,0.0,0.0,0.0,7.682407379150391,0.1717534065246582,9387.0,12.469781875610352,500.0,0.016016971319913864
1618,-0.0006535171414725482,-0.0010494028683751822,0.003138886531814933,0.0,0.0,0.0,0.0,0.0,0.0,0.0,0.0,1.0,31.15023422241211,0.004378939047455788,-0.016119521111249924,4.710286702902522e-06,0.0,0.0,0.25459566712379456,0.0,0.0,0.0,0.0,7.052969455718994,0.14793157577514648,10238.0,12.446992874145508,500.0,0.01379032339900732
1619,-0.0006343167624436319,-0.000894889875780791,0.0032707485370337963,-3.4668545811911144e-09,4.629629657415535e-08,0.0,9.259259968530387e-06,0.0,0.0,0.0,0.0,1.0,31.143146514892578,0.0019461950287222862,-0.013516504317522049,4.319108484196477e-06,0.004629629664123058,0.0,0.25102153420448303,0.0,0.0,0.0,0.0,6.871541976928711,0.15114569664001465,10498.0,12.448921203613281,500.0,0.017058495432138443
1620,-0.0006397192482836545,-0.0009411475039087236,0.0031264580320566893,-2.977146884575177e-08,5.466270067699952e-07,0.0,5.3769843361806124e-05,5.492940502449528e-08,0.0,0.0,0.0,1.0,31.136661529541016,0.0029192925430834293,-0.013353727757930756,0.00019546315888874233,0.02688492089509964,0.0,0.2500998079776764,0.0,0.0,0.0,0.0,7.174899101257324,0.14955496788024902,10066.0,12.444051742553711,500.0,0.015209316276013851
1621,-0.0006262384122237563,-0.000919150304980576,0.0030810341704636812,0.0,0.0,0.0,0.0,0.0,0.0,0.0,0.0,1.0,31.134002685546875,0.004378939047455788,-0.016849268227815628,4.167777660768479e-05,0.0,0.0,0.24618132412433624,0.0,0.0,0.0,0.0,7.14540958404541,0.15171313285827637,10103.0,12.436796188354492,500.0,0.016345245763659477
1622,-0.0006385872839018703,-0.0008790473220869899,0.00312020187266171,0.0,9.25925931483107e-08,0.0,9.259259968530387e-06,0.0,0.0,0.0,0.0,1.0,31.12457847595215,0.0019461950287222862,-0.014987883158028126,0.0001839327742345631,0.004629629664123058,0.0,0.2503841817378998,0.0,0.0,0.0,0.0,7.451199054718018,0.15332531929016113,9695.0,12.419254302978516,500.0,0.015370762906968594
1623,-0.000628583540674299,-0.000978665892034769,0.0031078322790563107,0.0,0.0,0.0,0.0,0.0,0.0,0.0,0.0,1.0,31.10993194580078,0.004378939047455788,-0.01525538694113493,2.529069024603814e-05,0.0,0.0,0.24901944398880005,0.0,0.0,0.0,0.0,6.88743782043457,0.14811420440673828,10479.0,12.398134231567383,500.0,0.015291290357708931
1624,-0.0006290247547440231,-0.0009822321590036154,0.0031249511521309614,-2.7989727868771297e-07,6.944444663758986e-08,-0.0027777778450399637,1.388888995279558e-05,0.0,0.0,0.00040690103196538985,0.0,0.9995930790901184,31.105953216552734,9.999999747378752e-06,0.0016501753125339746,0.00026785233058035374,0.0069444444961845875,0.013888888992369175,0.25326108932495117,0.0,0.0,0.0,0.0,7.017614364624023,0.18976593017578125,10229.0,12.401369094848633,500.0,0.014742348343133926
1625,-0.0006267687422223389,-0.0009795405203476548,0.0031968692783266306,-6.720235035118094e-08,3.174603193656367e-07,-0.0007936508627608418,3.5714288969757035e-05,0.0,0.0,0.0005018446245230734,0.0,0.999498188495636,31.109899520874023,9.999999747378752e-06,-0.0020287749357521534,0.0004073695163242519,0.01785714365541935,0.003968254197388887,0.24684078991413116,0.0,0.0,0.0,0.0,7.377906799316406,0.15018582344055176,9793.0,12.411919593811035,495.75,-0.003884458914399147
1626,-0.0006174874142743647,-0.0012194622540846467,0.0033109423238784075,-3.112664330728876e-07,1.2499999968440534e-07,0.0,2.5000001187436283e-05,0.0,0.0,0.0009765625,0.0,0.9990234375,31.112539291381836,0.0019461950287222862,-0.010039975866675377,3.2575903787801508e-06,0.012500000186264515,0.0,0.2495446503162384,0.0,0.0,0.0,0.0,6.799314498901367,0.15015912055969238,10609.0,12.401992797851562,500.0,0.017700890079140663
1627,-0.0006219783099368215,-0.0009836953831836581,0.0032897102646529675,0.0,0.0,0.0,0.0,0.0,0.0,0.0009765625,0.0,0.9990234375,31.097488403320312,0.004378939047455788,-0.01603207364678383,2.787140147120226e-06,0.0,0.0,0.25110816955566406,0.0,0.0,0.0,0.0,6.811446189880371,0.14981412887573242,10591.0,12.391595840454102,500.0,0.01626676693558693
1628,-0.0006176324677653611,-0.0009501392487436533,0.0031909483950585127,0.0,0.0,0.0,0.0,0.0,0.0,0.0009765625,0.0,0.9990234375,31.09473991394043,0.004378939047455788,-0.014075133949518204,0.0008136953110806644,0.0,0.0,0.247306689620018,0.0,0.0,0.0,0.0,7.329069137573242,0.1455385684967041,9863.0,12.386640548706055,500.0,0.015611260198056698
1629,-0.0005997271509841084,-0.0009643876110203564,0.0032435168977826834,0.0,0.0,0.0,0.0,0.0,0.0,0.0009765625,0.0,0.9990234375,31.08446502685547,0.0029192925430834293,-0.016661232337355614,0.00037271552719175816,0.0,0.0,0.24417607486248016,0.0,0.0,0.0,0.0,7.179006099700928,0.17074060440063477,10031.0,12.368542671203613,500.0,0.017007961869239807
1630,-0.0006143719074316323,-0.0009353517089039087,0.0031574529130011797,0.0,0.0,-0.0009259259677492082,0.0,0.0,0.0,0.0010036892490461469,0.0,0.9989963173866272,31.073179244995117,9.999999747378752e-06,-0.001115331775508821,0.00042722391663119197,0.0,0.004629629664123058,0.2504747807979584,0.0,0.0,0.0,0.0,6.879538536071777,0.1511685848236084,10486.0,12.367191314697266,495.44000244140625,-0.002963807201012969
1631,-0.0006072855903767049,-0.0010098280617967248,0.0031980450730770826,-2.528276183966227e-07,1.1666666068776976e-06,0.0,2.222222428827081e-05,0.0,0.0,0.00146484375,0.0,0.99853515625,31.072294235229492,0.0019461950287222862,-0.010309452190995216,4.386500677355798e-06,0.011111111380159855,0.0,0.24841029942035675,0.0,0.0,0.0,0.0,8.120231628417969,0.193878173828125,8867.0,12.359214782714844,500.0,0.01620378904044628
1632,-0.0005918354145251215,-0.0009737192885950208,0.0033222539350390434,-5.007752292840451e-07,3.9682539920704585e-08,-0.0007936508627608418,7.936508154671174e-06,0.0,0.0,0.0015869140625,0.0,0.9984130859375,31.061098098754883,9.999999747378752e-06,3.880345684592612e-05,0.00040188163984566927,0.003968254197388887,0.003968254197388887,0.25174814462661743,0.0,0.0,0.0,0.0,7.7315568923950195,0.1478891372680664,9357.0,12.356411933898926,495.67999267578125,-0.0024986593052744865
1633,-0.0006124505889602005,-0.0009801731212064624,0.0032981312833726406,-1.1758804596695427e-08,9.25925931483107e-08,0.0,1.8518519937060773e-05,0.0,0.0,0.001953125,0.0,0.998046875,31.06090545654297,0.0019461950287222862,-0.01043452974408865,3.966100848629139e-06,0.009259259328246117,0.0,0.24645276367664337,0.0,0.0,0.0,0.0,7.5624189376831055,0.1484513282775879,9561.0,12.351667404174805,500.0,0.016863161697983742
1634,-0.0006011917139403522,-0.0009937522700056434,0.0032657580450177193,0.0,0.0,-0.0013888889225199819,0.0,0.0,0.0,0.0022243924904614687,0.0,0.9977756142616272,31.0519962310791,9.999999747378752e-06,0.0003971710102632642,0.0003748683666344732,0.0,0.0069444444961845875,0.2481214553117752,0.0,0.0,0.0,0.0,7.040067672729492,0.14699339866638184,10258.0,12.347280502319336,495.6700134277344,-0.0033079965505748987
1635,-0.000599107937887311,-0.0009413125808350742,0.0033279021736234426,0.0,0.0,-0.0021825397852808237,0.0,0.0,0.0,0.0032552082557231188,0.0,0.9967448115348816,31.058326721191406,0.0019461950287222862,-0.001413305988535285,0.00043793616350740194,0.0,0.010912698693573475,0.2533096373081207,0.0,0.0,0.0,0.0,7.031957149505615,0.1457357406616211,10271.0,12.3756103515625,500.0,0.018293190747499466
1636,-0.0005880270036868751,-0.0009423699229955673,0.00336470571346581,-4.232895367550782e-09,2.055555569313583e-06,-0.0037566141691058874,6.666666740784422e-05,0.0,0.0,0.004001193679869175,0.0,0.9959987998008728,31.08203125,9.999999747378752e-06,-0.0023470523301512003,0.001066624652594328,0.03333333507180214,0.018783070147037506,0.24743840098381042,0.0,0.0,0.0,0.0,7.537108421325684,0.14984583854675293,9591.0,12.393348693847656,491.7900085449219,-0.022231636568903923
1637,-0.0006051865639165044,-0.0009325778228230774,0.0031511292327195406,0.0,0.0,-0.0019047620007768273,0.0,0.0,0.0,0.0056559243239462376,0.0,0.9943440556526184,31.0877685546875,9.999999747378752e-06,-0.0017201167065650225,0.0004977356875315309,0.0,0.009523809887468815,0.2505175471305847,0.0,0.0,0.0,0.0,6.762434959411621,0.1501448154449463,10665.0,12.402896881103516,497.2699890136719,-0.0031685319263488054
1638,-0.0006078804726712406,-0.0009684793767519295,0.0030105714686214924,0.0,2.2222222639811662e-07,-0.0018518519354984164,1.1111112144135404e-05,0.0,0.0,0.0056559243239462376,0.0,0.9943440556526184,31.094289779663086,9.999999747378752e-06,-0.001367302262224257,0.00037845829501748085,0.0055555556900799274,0.009259259328246117,0.2525249123573303,0.0,0.0,0.0,0.0,7.1699090003967285,0.17913007736206055,10032.0,12.411638259887695,495.4100036621094,-0.005805231165140867
1639,-0.0006090516690164804,-0.0009795523947104812,0.003090004902333021,0.0,4.629629657415535e-08,-0.002314814832061529,9.259259968530387e-06,0.0,0.0,0.006374782882630825,0.0,0.9936252236366272,31.101871490478516,9.999999747378752e-06,-0.0018509534420445561,0.00050500372890383,0.004629629664123058,0.011574074625968933,0.2463657110929489,0.0,0.0,0.0,0.0,7.1951398849487305,0.15174388885498047,10035.0,12.421751976013184,497.1400146484375,-0.0054102144204080105
1640,-0.0006207688711583614,-0.000981025048531592,0.0031691351905465126,-4.45198423904003e-07,1.0532407941354904e-06,0.0,8.101852290565148e-05,3.135258737074764e-07,0.0,0.00634765625,0.0,0.99365234375,31.105079650878906,0.0019461950287222862,-0.010532133281230927,3.441017270233715e-06,0.040509261190891266,0.0,0.2499181479215622,0.0,0.0,0.0,0.0,7.889337062835693,0.15027236938476562,9170.0,12.417091369628906,500.0,0.015146682038903236
1641,-0.0006141578196547925,-0.0010942076332867146,0.0031814612448215485,0.0,3.9682539920704585e-08,-0.0018518519354984164,7.936508154671174e-06,0.0,0.0,0.0067138671875,0.0,0.9932861328125,31.095754623413086,9.999999747378752e-06,-0.0006134549039416015,0.0003126840456388891,0.003968254197388887,0.009259259328246117,0.24674545228481293,0.0,0.0,0.0,0.0,7.113849639892578,0.15143132209777832,10147.0,12.416130065917969,500.0,0.014447414316236973
1642,-0.0006416804390028119,-0.0010228846222162247,0.0032472191378474236,-5.073412268075117e-08,3.9682539920704585e-08,0.0,7.936508154671174e-06,0.0,0.0,0.0068359375,0.0,0.9931640625,31.094867706298828,0.0019461950287222862,-0.010252926498651505,3.0479516226478154e-06,0.003968254197388887,0.0,0.25285154581069946,0.0,0.0,0.0,0.0,6.868877410888672,0.1772918701171875,10463.0,12.410989761352539,500.0,0.016240788623690605
1643,-0.0006270021549426019,-0.0010637905215844512,0.0032256999984383583,0.0,0.0,0.0,0.0,0.0,0.0,0.0068359375,0.0,0.9931640625,31.074928283691406,0.004378939047455788,-0.016139401122927666,2.7740734367398545e-06,0.0,0.0,0.251110702753067,0.0,0.0,0.0,0.0,7.275662422180176,0.15004491806030273,9928.0,12.379785537719727,500.0,0.014205139130353928
1644,-0.0006336038932204247,-0.0010035940213128924,0.0033132052049040794,0.0,0.0,0.0,0.0,0.0,0.0,0.0067545571364462376,0.0,0.9932454228401184,31.068737030029297,0.004378939047455788,-0.0116456039249897,0.0010463605867698789,0.0,0.0,0.24805127084255219,0.0,0.0,0.0,0.0,6.6584672927856445,0.15219712257385254,10825.0,12.380867004394531,500.0,0.016140500083565712
1645,-0.0006567188538610935,-0.001382377464324236,0.0034054655116051435,0.0,3.240740511500917e-07,0.0,3.703703987412155e-05,0.0,0.0,0.00634765625,0.0,0.99365234375,31.074270248413086,0.0029192925430834293,-0.01320839673280716,0.004391201306134462,0.018518518656492233,0.0,0.254372239112854,0.0,0.0,0.0,0.0,7.338164329528809,0.15136504173278809,9844.0,12.402091979980469,500.0,0.014913599006831646
1646,-0.0006392225041054189,-0.0012131199473515153,0.0034382652956992388,-2.6557398502546903e-09,3.730158653070248e-07,0.0,3.015873153344728e-05,0.0,0.0,0.00617133267223835,0.0,0.9938286542892456,31.086593627929688,0.0029192925430834293,-0.013170105405151844,0.0001592328626429662,0.01507936604321003,0.0,0.25234857201576233,0.0,0.0,0.0,0.0,7.438541412353516,0.15055108070373535,9714.0,12.430830001831055,500.0,0.014560367912054062
1647,-0.000644134299363941,-0.0012827645987272263,0.0034077030140906572,-1.0761709745565895e-07,3.9682539920704585e-08,0.0,7.936508154671174e-06,0.0,0.0,0.005859375,0.0,0.994140625,31.102153778076172,0.0019461950287222862,-0.01208953931927681,4.0229642763733864e-05,0.003968254197388887,0.0,0.247235506772995,0.0,0.0,0.0,0.0,7.812627792358398,0.14953327178955078,9259.0,12.443090438842773,500.0,0.015430903062224388
1648,-0.0006527773221023381,-0.0012082444736734033,0.0034996350295841694,-1.6119038548367826e-07,1.9444443921656784e-07,0.0,3.888889114023186e-05,1.1157866453004317e-07,0.0,0.0054931640625,0.0,0.9945068359375,31.104705810546875,0.0029192925430834293,-0.014063628390431404,1.5221366993500851e-05,0.01944444514811039,0.0,0.25135743618011475,0.0,0.0,0.0,0.0,7.595639228820801,0.15127825736999512,9517.0,12.442085266113281,500.0,0.01663174107670784
1649,-0.000636000360827893,-0.0010381536558270454,0.0033489319030195475,0.0,0.0,0.0,0.0,0.0,0.0,0.004489474929869175,0.0,0.9955105185508728,31.114294052124023,0.004378939047455788,-0.014956032857298851,1.1886978427355643e-05,0.0,0.0,0.24798035621643066,0.0,0.0,0.0,0.0,7.4124674797058105,0.15016961097717285,9748.0,12.459344863891602,500.0,0.01777508109807968
1650,-0.0006546640070155263,-0.0009898771531879902,0.0033363252878189087,0.0,9.25925931483107e-08,-0.0013888889225199819,1.8518519937060773e-05,0.0,0.0,0.003634982742369175,0.0,0.9963650107383728,31.121679306030273,9.999999747378752e-06,0.0013564395485445857,0.000403176702093333,0.009259259328246117,0.0069444444961845875,0.2515880763530731,0.0,0.0,0.0,0.0,7.211175918579102,0.1892414093017578,9962.0,12.466412544250488,495.57000732421875,-0.0030607152730226517
1651,-0.0006539925816468894,-0.0009868963388726115,0.0034845347981899977,0.0,3.086420008457935e-08,0.0,6.172839675855357e-06,0.0,0.0,0.0025634765625,0.0,0.9974365234375,31.12483787536621,0.0012974634300917387,-0.010487977415323257,9.145903277385514e-06,0.003086419776082039,0.0,0.2484414279460907,0.0,0.0,0.0,0.0,7.520724773406982,0.14979791641235352,9611.0,12.473758697509766,500.0,0.01882338710129261
1652,-0.0006697066710330546,-0.001071026548743248,0.0033201880287379026,0.0,0.0,-0.0013888889225199819,0.0,0.0,0.0,0.002292209304869175,0.0,0.9977077841758728,31.128355026245117,9.999999747378752e-06,-0.0005784592940472066,0.00039175592246465385,0.0,0.0069444444961845875,0.2504725158214569,0.0,0.0,0.0,0.0,7.29378604888916,0.14870262145996094,9906.0,12.478520393371582,495.4700012207031,-0.0031375207472592592
1653,-0.0006596877356059849,-0.00101878447458148,0.003219864796847105,-6.912335948072723e-08,1.3888889327517973e-07,0.0,2.777777990559116e-05,0.0,0.0,0.0017903646221384406,0.0,0.9982096552848816,31.130155563354492,0.0019461950287222862,-0.010377243161201477,6.132323051133426e-06,0.013888888992369175,0.0,0.24902722239494324,0.0,0.0,0.0,0.0,7.324733257293701,0.15078067779541016,9862.0,12.480008125305176,500.0,0.01509119663387537
1654,-0.0006726881838403642,-0.0009674991015344858,0.00335878087207675,0.0,0.0,0.0,0.0,0.0,0.0,0.00146484375,0.0,0.99853515625,31.11823844909668,0.004378939047455788,-0.016231898218393326,4.132948106416734e-06,0.0,0.0,0.2513008117675781,0.0,0.0,0.0,0.0,7.25399112701416,0.1511690616607666,9956.0,12.4655122756958,500.0,0.01726083643734455
1655,-0.0006776992231607437,-0.0009803968714550138,0.003312827553600073,0.0,0.0,0.0,0.0,0.0,0.0,0.0010443793144077063,0.0,0.9989556074142456,31.11683464050293,0.004378939047455788,-0.012569449841976166,3.5768393900070805e-06,0.0,0.0,0.24593324959278107,0.0,0.0,0.0,0.0,6.845394611358643,0.15158963203430176,10537.0,12.470949172973633,500.0,0.01567132957279682
1656,-0.0006648690323345363,-0.000980835990048945,0.0032289002556353807,0.0,0.0,0.0,0.0,0.0,0.0,0.0009765625,0.0,0.9990234375,31.110517501831055,0.0029192925430834293,-0.013102399185299873,4.688652552431449e-06,0.0,0.0,0.25066205859184265,0.0,0.0,0.0,0.0,7.256937026977539,0.15375733375549316,9948.0,12.466720581054688,500.0,0.015365476720035076
1657,-0.000668190186843276,-0.0009676816407591105,0.0032898844219744205,-2.489475114941797e-08,1.4814814619512617e-07,0.0,2.962963299069088e-05,0.0,0.0,0.0009765625,0.0,0.9990234375,31.10586166381836,0.0029192925430834293,-0.012885136529803276,0.00017624195606913418,0.014814815483987331,0.0,0.2535773813724518,0.0,0.0,0.0,0.0,7.236928462982178,0.16593241691589355,9959.0,12.460487365722656,500.0,0.015676354989409447
1658,-0.0006685199332423508,-0.0009576559532433748,0.003213978838175535,0.0,0.0,0.0,0.0,0.0,0.0,0.0009765625,0.0,0.9990234375,31.0950927734375,0.004378939047455788,-0.017590060830116272,2.8581935112015344e-05,0.0,0.0,0.24838382005691528,0.0,0.0,0.0,0.0,7.170701503753662,0.15307307243347168,10066.0,12.435640335083008,500.0,0.015736520290374756
1659,-0.0006535444408655167,-0.0009321831166744232,0.0033700799103826284,0.0,0.0,-0.0009259259677492082,0.0,0.0,0.0,0.0010172525653615594,0.0,0.9989827275276184,31.086050033569336,9.999999747378752e-06,0.00041400158079341054,0.0004103782121092081,0.0,0.004629629664123058,0.25081300735473633,0.0,0.0,0.0,0.0,7.285037994384766,0.14905738830566406,9917.0,12.43848991394043,495.69000244140625,-0.001934829750098288
1660,-0.0006795022636651993,-0.0009172969730570912,0.003322574542835355,-1.0151362417332166e-08,4.629629657415535e-08,0.0,9.259259968530387e-06,0.0,0.0,0.00146484375,0.0,0.99853515625,31.08673667907715,0.0019461950287222862,-0.010508153587579727,3.0038900149520487e-06,0.004629629664123058,0.0,0.2493712157011032,0.0,0.0,0.0,0.0,6.992708206176758,0.15193414688110352,10319.0,12.434011459350586,500.0,0.01842683181166649
1661,-0.0006695221527479589,-0.0009968115482479334,0.003316109301522374,0.0,0.0,0.0,0.0,0.0,0.0,0.00146484375,0.0,0.99853515625,31.067182540893555,0.004378939047455788,-0.016855448484420776,3.1900663088890724e-06,0.0,0.0,0.2532578706741333,0.0,0.0,0.0,0.0,7.380832195281982,0.1514573097229004,9788.0,12.399216651916504,500.0,0.016529275104403496
1662,-0.0006561733898706734,-0.0009580599144101143,0.0033591289538890123,0.0,8.101851989295028e-08,0.0,1.6203704944928177e-05,0.0,0.0,0.00146484375,0.0,0.99853515625,31.061195373535156,0.0019461950287222862,-0.013843640685081482,1.4214898328646086e-05,0.008101852610707283,0.0,0.255376398563385,0.0,0.0,0.0,0.0,7.362497329711914,0.15827250480651855,9803.0,12.404260635375977,500.0,0.01705806888639927
1663,-0.0006560648907907307,-0.001044285367242992,0.003285580314695835,0.0,0.0,0.0,0.0,0.0,0.0,0.00146484375,0.0,0.99853515625,31.05129051208496,0.004378939047455788,-0.013847575522959232,0.00805051438510418,0.0,0.0,0.24972383677959442,0.0,0.0,0.0,0.0,7.686560153961182,0.15018701553344727,9407.0,12.389357566833496,500.0,0.01576889306306839
1664,-0.0006521834875456989,-0.0009894507238641381,0.0032365135848522186,0.0,0.0,0.0,0.0,0.0,0.0,0.0013970269355922937,0.0,0.9986029863357544,31.053316116333008,0.0019461950287222862,-0.01516939327120781,0.0009257842320948839,0.0,0.0,0.2529383897781372,0.0,0.0,0.0,0.0,7.2095537185668945,0.15201783180236816,10015.0,12.39569091796875,500.0,0.016012638807296753
1665,-0.000640219310298562,-0.0010132779134437442,0.003312927670776844,0.0,0.0,0.0,0.0,0.0,0.0,0.0009765625,0.0,0.9990234375,31.047576904296875,0.004378939047455788,-0.016475804150104523,1.1365739737811964e-05,0.0,0.0,0.25091683864593506,0.0,0.0,0.0,0.0,7.216053009033203,0.15056204795837402,10008.0,12.3811616897583,500.0,0.015713676810264587
1666,-0.0006380372797138989,-0.0010501970537006855,0.0031135515309870243,0.0,0.0,0.0,0.0,0.0,0.0,0.0007188585004769266,0.0,0.9992811679840088,31.04123306274414,0.0029192925430834293,-0.013442261144518852,3.751002395802061e-06,0.0,0.0,0.2549380660057068,0.0,0.0,0.0,0.0,6.78343391418457,0.15190649032592773,10630.0,12.37012767791748,500.0,0.013176660984754562
1667,-0.0006366433226503432,-0.0010631786426529288,0.0030928829219192266,0.0,9.25925931483107e-08,0.0,1.8518519937060773e-05,0.0,0.0,0.00048828125,0.0,0.99951171875,31.02813720703125,0.004378939047455788,-0.0156857967376709,3.3780925150495023e-06,0.009259259328246117,0.0,0.2481771558523178,0.0,0.0,0.0,0.0,7.097426414489746,0.14858412742614746,10174.0,12.336775779724121,500.0,0.014451369643211365
1668,-0.0006428781198337674,-0.001061509014107287,0.0031594347674399614,0.0,0.0,0.0,0.0,0.0,0.0,0.00048828125,0.0,0.99951171875,31.01389503479004,0.0029192925430834293,-0.012135278433561325,3.3556625567143783e-06,0.0,0.0,0.25246143341064453,0.0,0.0,0.0,0.0,7.40925407409668,0.15020418167114258,9753.0,12.327603340148926,500.0,0.015168304555118084
1669,-0.0006200295174494386,-0.0009802131680771708,0.003271761117503047,0.0,0.0,0.0,0.0,0.0,0.0,0.00048828125,0.0,0.99951171875,31.001928329467773,0.004378939047455788,-0.015235659666359425,3.1142053558141924e-06,0.0,0.0,0.2516968548297882,0.0,0.0,0.0,0.0,6.889169216156006,0.15053415298461914,10473.0,12.308453559875488,500.0,0.015519092790782452
1670,-0.0006410618661902845,-0.0010363601613789797,0.0032070588786154985,-5.825233628797832e-09,3.174603193656367e-07,0.0,6.349206523736939e-05,0.0,0.0,0.00048828125,0.0,0.99951171875,30.98699188232422,0.004378939047455788,-0.013992859050631523,3.081652721448336e-06,0.0317460335791111,0.0,0.2490260899066925,0.0,0.0,0.0,0.0,7.302914619445801,0.19729161262512207,9830.0,12.277124404907227,500.0,0.014978417195379734
1671,-0.00062701286515221,-0.0010352996177971363,0.003272637724876404,0.0,0.0,0.0,0.0,0.0,0.0,0.00048828125,0.0,0.99951171875,30.961498260498047,0.004378939047455788,-0.013533961959183216,3.0360845357790822e-06,0.0,0.0,0.2476453334093094,0.0,0.0,0.0,0.0,7.192120552062988,0.15106630325317383,10040.0,12.25314998626709,500.0,0.01611589826643467
1672,-0.0006325278081931174,-0.0009667697595432401,0.003194520715624094,0.0,0.0,0.0,0.0,0.0,0.0,0.00048828125,0.0,0.99951171875,30.94719123840332,0.0029192925430834293,-0.013325415551662445,2.696595174711547e-06,0.0,0.0,0.25334155559539795,0.0,0.0,0.0,0.0,7.351768493652344,0.1782376766204834,9791.0,12.232059478759766,500.0,0.016627104952931404
1673,-0.0006015578983351588,-0.0009266166016459465,0.003322897246107459,0.0,0.0,-0.0007936508627608418,0.0,0.0,0.0,0.00040690103196538985,0.0,0.9995930790901184,30.93337631225586,9.999999747378752e-06,0.0008820680668577552,0.0004064315289724618,0.0,0.003968254197388887,0.25386205315589905,0.0,0.0,0.0,0.0,7.57973575592041,0.15974020957946777,9526.0,12.227913856506348,495.3800048828125,-0.002093540970236063
1674,-0.0006105243228375912,-0.0008768175612203777,0.0033528406638652086,0.0,5.5555556599529154e-08,0.0,1.1111112144135404e-05,0.0,0.0,0.00048828125,0.0,0.99951171875,30.933610916137695,0.0019461950287222862,-0.010648698545992374,3.1811823646421544e-06,0.0055555556900799274,0.0,0.2504371702671051,0.0,0.0,0.0,0.0,7.430608749389648,0.15659403800964355,9717.0,12.219339370727539,500.0,0.018789736554026604
1675,-0.0006169689004309475,-0.000851260032504797,0.003321089781820774,0.0,0.0,0.0,0.0,0.0,0.0,0.00048828125,0.0,0.99951171875,30.916934967041016,0.004378939047455788,-0.0176457017660141,3.2334653496945975e-06,0.0,0.0,0.2498413771390915,0.0,0.0,0.0,0.0,7.923009872436523,0.190535306930542,9087.0,12.194204330444336,500.0,0.01791696436703205
1676,-0.0006183110526762903,-0.0008475934737361968,0.003278272459283471,0.0,0.0,0.0,0.0,0.0,0.0,0.00048828125,0.0,0.99951171875,30.900896072387695,0.0029192925430834293,-0.014548156410455704,3.5143493732903153e-06,0.0,0.0,0.2536301612854004,0.0,0.0,0.0,0.0,7.398115158081055,0.14945006370544434,9768.0,12.176615715026855,500.0,0.018477289006114006
1677,-0.0006115635042078793,-0.0009379055700264871,0.0033705716487020254,0.0,0.0,0.0,0.0,0.0,0.0,0.00048828125,0.0,0.99951171875,30.88039779663086,0.004378939047455788,-0.016455883160233498,3.3483956940472126e-06,0.0,0.0,0.25047212839126587,0.0,0.0,0.0,0.0,7.206910133361816,0.16370773315429688,10002.0,12.142278671264648,500.0,0.01750473491847515
1678,-0.0006092519033700228,-0.0008829591097310185,0.0032882499508559704,0.0,0.0,-0.0011111112544313073,0.0,0.0,0.0,0.0005832248134538531,0.0,0.9994167685508728,30.869531631469727,9.999999747378752e-06,0.001075253589078784,0.00040416285628452897,0.0,0.0055555556900799274,0.24905607104301453,0.0,0.0,0.0,0.0,7.538957595825195,0.15155386924743652,9586.0,12.143902778625488,495.6700134277344,-0.0017876774072647095
1679,-0.0006236087647266686,-0.0008693610434420407,0.0032986588776111603,-5.078646392320252e-09,1.3888889327517973e-07,-0.0007936508627608418,2.777777990559116e-05,0.0,0.0,0.0012478298740461469,0.0,0.9987521767616272,30.876007080078125,1.4999999621068127e-05,-0.0009506912901997566,0.0003744229325093329,0.013888888992369175,0.003968254197388887,0.25065648555755615,0.0,0.0,0.0,0.0,6.828807353973389,0.14953398704528809,10565.0,12.161407470703125,495.5899963378906,-0.001476908102631569
1680,-0.0006275091436691582,-0.0009279439691454172,0.00336845382116735,0.0,0.0,-0.0006172839784994721,0.0,0.0,0.0,0.0017632378730922937,0.0,0.9982367753982544,30.88763427734375,9.999999747378752e-06,-0.0013193323975428939,0.0003625708050094545,0.0,0.003086419776082039,0.2515108287334442,0.0,0.0,0.0,0.0,6.879090309143066,0.14888644218444824,10490.0,12.172843933105469,495.6700134277344,-0.0018599481554701924
1681,-0.0006231953739188612,-0.000879149476531893,0.0033032477367669344,0.0,0.0,-0.002314814832061529,0.0,0.0,0.0,0.0023735894355922937,0.0,0.9976264238357544,30.896726608276367,1.4999999621068127e-05,-0.002173876855522394,0.0007478696061298251,0.0,0.011574074625968933,0.24959151446819305,0.0,0.0,0.0,0.0,7.120994567871094,0.15184879302978516,10137.0,12.186718940734863,491.1300048828125,-0.021693259477615356
1682,-0.0006299333763308823,-0.0009065246558748186,0.0034166513942182064,0.0,0.0,0.0,0.0,0.0,0.0,0.0029296875,0.0,0.9970703125,30.9038143157959,0.0012974634300917387,-0.0115423072129488,3.433176743783406e-06,0.0,0.0,0.2517203986644745,0.0,0.0,0.0,0.0,7.441079139709473,0.18668770790100098,9665.0,12.189298629760742,500.0,0.019087892025709152
1683,-0.0006452880916185677,-0.0008192117093130946,0.0034247450530529022,-2.837594159643686e-08,5.5555556599529154e-08,-0.0018518519354984164,1.1111112144135404e-05,0.0,0.0,0.0033365886192768812,0.0,0.9966633915901184,30.900859832763672,9.999999747378752e-06,0.0005425054696388543,0.0002610308292787522,0.0055555556900799274,0.009259259328246117,0.251480370759964,0.0,0.0,0.0,0.0,7.478808403015137,0.14886903762817383,9665.0,12.189218521118164,500.0,0.01992747001349926
1684,-0.0006329443422146142,-0.0009086108184419572,0.0034558195620775223,-3.88620310332044e-06,2.7777778655035945e-07,0.0,2.777777990559116e-05,0.0,0.0,0.00341796875,0.0,0.99658203125,30.90093421936035,0.0019461950287222862,-0.010590110905468464,3.0063051781326067e-06,0.013888888992369175,0.0,0.24999983608722687,0.0,0.0,0.0,0.0,6.943689346313477,0.15168094635009766,10391.0,12.184446334838867,500.0,0.018971337005496025
1685,-0.0006413000519387424,-0.0008413025643676519,0.0034154695458710194,-2.0609331130572173e-08,4.629629657415535e-08,-0.0006944444612599909,9.259259968530387e-06,0.0,0.0,0.0036892362404614687,0.0,0.9963107705116272,30.89368438720703,9.999999747378752e-06,-0.0005977393593639135,0.00037406160845421255,0.004629629664123058,0.0034722222480922937,0.250104695558548,0.0,0.0,0.0,0.0,7.688058853149414,0.15021300315856934,9406.0,12.18260383605957,495.67999267578125,-0.00058844214072451
1686,-0.0006453992682509124,-0.0008036029757931828,0.0034025555942207575,0.0,9.25925931483107e-08,0.0,1.8518519937060773e-05,0.0,0.0,0.00390625,0.0,0.99609375,30.894990921020508,0.0019461950287222862,-0.010438214987516403,2.740296849879087e-06,0.009259259328246117,0.0,0.24964308738708496,0.0,0.0,0.0,0.0,7.915169715881348,0.1516721248626709,9139.0,12.182512283325195,500.0,0.019677268341183662
1687,-0.0006786927697248757,-0.0008059817482717335,0.0033172897528856993,0.0,0.0,0.0,0.0,0.0,0.0,0.0038384331855922937,0.0,0.9961615800857544,30.887128829956055,0.004378939047455788,-0.011878173798322678,3.40290989697678e-06,0.0,0.0,0.2522030174732208,0.0,0.0,0.0,0.0,7.112829685211182,0.14886116981506348,10153.0,12.179285049438477,500.0,0.017849940806627274
1688,-0.000671882473398,-0.0007841791957616806,0.003319503040984273,-3.540096571441609e-08,4.629629657415535e-08,0.0,9.259259968530387e-06,0.0,0.0,0.00341796875,0.0,0.99658203125,30.88029670715332,0.0029192925430834293,-0.014978685416281223,0.02060098387300968,0.004629629664123058,0.0,0.24983914196491241,0.0,0.0,0.0,0.0,7.597831726074219,0.14963817596435547,9516.0,12.164365768432617,500.0,0.017996490001678467
1689,-0.0006842357688583434,-0.000720417476259172,0.003413060214370489,-3.077180963373394e-07,1.6975307914890436e-07,0.0,3.3950618671951815e-05,5.629224233416608e-07,0.0,0.00341796875,0.0,0.99658203125,30.886232376098633,0.0029192925430834293,-0.012339192442595959,0.0009715355117805302,0.01697530783712864,0.0,0.24400359392166138,0.0,0.0,0.0,0.0,7.316695213317871,0.15128850936889648,9872.0,12.201581001281738,500.0,0.019574856385588646
1690,-0.0006935630808584392,-0.0007130103767849505,0.003364295233041048,-2.0273405709758663e-07,1.851851862966214e-07,0.0,1.8518519937060773e-05,8.375021707252017e-07,0.0,0.00341796875,0.0,0.99658203125,30.91339111328125,0.0019461950287222862,-0.011629304848611355,0.0003333960776217282,0.009259259328246117,0.0,0.24740144610404968,0.0,0.0,0.0,0.0,7.357753753662109,0.18174409866333008,9778.0,12.22907829284668,500.0,0.01895592175424099
1691,-0.0006911674863658845,-0.0007838423480279744,0.0033648167736828327,0.0,0.0,0.0,0.0,0.0,0.0,0.00341796875,0.0,0.99658203125,30.930418014526367,0.004378939047455788,-0.015354414470493793,0.00019559483916964382,0.0,0.0,0.24870067834854126,0.0,0.0,0.0,0.0,7.184138774871826,0.15088725090026855,10051.0,12.249711990356445,500.0,0.019504288211464882
1692,-0.0006839868729002774,-0.0009036552510224283,0.003452974371612072,-7.199274509872566e-10,9.25925931483107e-08,0.0,1.8518519937060773e-05,0.0,0.0,0.003268771804869175,0.0,0.9967312216758728,30.944244384765625,0.0019461950287222862,-0.009710744023323059,0.00023662591411266476,0.009259259328246117,0.0,0.2502366602420807,0.0,0.0,0.0,0.0,7.550713539123535,0.15459990501403809,9568.0,12.266844749450684,500.0,0.01821877807378769
1693,-0.0006892192759551108,-0.0008192558889277279,0.0034313546493649483,-1.3449460434244997e-09,6.944444663758986e-08,0.0,1.388888995279558e-05,0.0,0.0,0.0026041667442768812,0.0,0.9973958134651184,30.95001220703125,0.004378939047455788,-0.014430067501962185,0.0001217534372699447,0.0069444444961845875,0.0,0.25048404932022095,0.0,0.0,0.0,0.0,7.013439178466797,0.17387127876281738,10258.0,12.272480010986328,500.0,0.01844690926373005
1694,-0.0006918170838616788,-0.0008902118424884975,0.003494303673505783,0.0,2.7777778655035945e-07,0.0,1.8518519937060773e-05,0.0,0.0,0.0020887586288154125,0.0,0.997911274433136,30.952396392822266,0.0019461950287222862,-0.011936631985008717,7.771736272843555e-05,0.009259259328246117,0.0,0.24888859689235687,0.0,0.0,0.0,0.0,7.826084613800049,0.15284156799316406,9240.0,12.273757934570312,500.0,0.019475076347589493
1695,-0.0006994123687036335,-0.0009257408673875034,0.003449844429269433,0.0,0.0,0.0,0.0,0.0,0.0,0.0014241536846384406,0.0,0.9985758662223816,30.9544734954834,0.004378939047455788,-0.015403078868985176,3.9044487493811175e-05,0.0,0.0,0.25039413571357727,0.0,0.0,0.0,0.0,6.835235118865967,0.18072080612182617,10508.0,12.280769348144531,500.0,0.01882806606590748
1696,-0.0007050409913063049,-0.0009067625505849719,0.0034221697133034468,-3.311095753133486e-08,9.25925931483107e-08,0.0,6.172839675855357e-06,0.0,0.0,0.0009765625,0.0,0.9990234375,30.967363357543945,0.0029192925430834293,-0.01425989530980587,8.187800267478451e-05,0.003086419776082039,0.0,0.24854585528373718,0.0,0.0,0.0,0.0,6.809932708740234,0.14674162864685059,10598.0,12.295061111450195,500.0,0.017572125419974327
1697,-0.0006947193760424852,-0.0008563619921915233,0.003360697301104665,0.0,0.0,0.0,0.0,0.0,0.0,0.0005154079990461469,0.0,0.9994845986366272,30.971296310424805,0.0029192925430834293,-0.01643628254532814,3.9028112951200455e-05,0.0,0.0,0.2530156970024109,0.0,0.0,0.0,0.0,7.260964393615723,0.19213461875915527,9892.0,12.312774658203125,500.0,0.018615707755088806
1698,-0.0006803151918575168,-0.0008355900645256042,0.003394259372726083,-3.6890301924330515e-09,1.3888889327517973e-07,0.0,2.777777990559116e-05,0.0,0.0,0.00048828125,0.0,0.99951171875,30.977497100830078,0.004378939047455788,-0.017468297854065895,1.3077272342343349e-05,0.013888888992369175,0.0,0.24799175560474396,0.0,0.0,0.0,0.0,6.613415241241455,0.19868683815002441,10823.0,12.314868927001953,500.0,0.0195320937782526
1699,-0.0006960968021303415,-0.0008932229829952121,0.0033375625498592854,-1.8546934654750658e-08,9.25925931483107e-08,0.0,1.8518519937060773e-05,0.0,0.0,0.00016276042151730508,0.0,0.9998372197151184,30.9857234954834,0.0019461950287222862,-0.01652192696928978,1.233972670888761e-05,0.009259259328246117,0.0,0.2501915991306305,0.0,0.0,0.0,0.0,7.472395896911621,0.1505424976348877,9671.0,12.334510803222656,500.0,0.017909593880176544
1700,-0.000682658574078232,-0.0009448862401768565,0.003303881734609604,0.0,0.0,0.0,0.0,0.0,0.0,0.0,0.0,1.0,30.996219635009766,0.004378939047455788,-0.016054047271609306,7.5227790148346685e-06,0.0,0.0,0.2498595267534256,0.0,0.0,0.0,0.0,7.516082763671875,0.15163326263427734,9615.0,12.346796035766602,500.0,0.01712709851562977
1701,-0.0006942792679183185,-0.0008771996945142746,0.003388964105397463,0.0,0.0,0.0,0.0,0.0,0.0,0.0,0.0,1.0,30.998920440673828,0.0029192925430834293,-0.014635118655860424,7.309378361242125e-06,0.0,0.0,0.24819152057170868,0.0,0.0,0.0,0.0,7.61737585067749,0.14995098114013672,9492.0,12.332198143005371,500.0,0.01754920743405819
1702,-0.0006874623941257596,-0.0009090997627936304,0.0034378592390567064,0.0,0.0,0.0,0.0,0.0,0.0,0.0,0.0,1.0,30.984189987182617,0.004378939047455788,-0.018392564728856087,5.656097982864594e-06,0.0,0.0,0.2517925798892975,0.0,0.0,0.0,0.0,7.518862724304199,0.1788959503173828,9577.0,12.312459945678711,500.0,0.01778692938387394
1703,-0.000700454053003341,-0.000964455131907016,0.0034176595509052277,0.0,0.0,0.0,0.0,0.0,0.0,0.0,0.0,1.0,30.973546981811523,0.0029192925430834293,-0.015603943727910519,6.4129330894502345e-06,0.0,0.0,0.24480070173740387,0.0,0.0,0.0,0.0,7.13572883605957,0.17623043060302734,10083.0,12.310907363891602,500.0,0.018018944188952446
1704,-0.0007080512586981058,-0.000857179518789053,0.0034015371929854155,0.0,0.0,0.0,0.0,0.0,0.0,0.0,0.0,1.0,30.977394104003906,0.0029192925430834293,-0.013741406612098217,4.876336333836662e-06,0.0,0.0,0.24361345171928406,0.0,0.0,0.0,0.0,7.501003265380859,0.15155911445617676,9634.0,12.314125061035156,500.0,0.018458396196365356
1705,-0.0007060592761263251,-0.0008321221102960408,0.0034072943963110447,0.0,3.472222331879493e-08,0.0,6.94444497639779e-06,0.0,0.0,0.0,0.0,1.0,30.962718963623047,0.004378939047455788,-0.016462331637740135,1.0048310286947526e-05,0.0034722222480922937,0.0,0.25143784284591675,0.0,0.0,0.0,0.0,7.462532997131348,0.15297317504882812,9681.0,12.273942947387695,500.0,0.018625926226377487
1706,-0.0006917382124811411,-0.0008639554143883288,0.0033954211976379156,0.0,0.0,-0.0011111112544313073,0.0,0.0,0.0,0.00047471787547692657,0.0,0.9995253086090088,30.958314895629883,0.0012974634300917387,0.00010433504940010607,0.00010426151857245713,0.0,0.0055555556900799274,0.2452426701784134,0.0,0.0,0.0,0.0,7.843258857727051,0.15108609199523926,9222.0,12.289087295532227,500.0,0.017978761345148087
1707,-0.0006851049838587642,-0.000860027561429888,0.003196884412318468,0.0,1.3888889327517973e-07,-0.0055555556900799274,2.777777990559116e-05,0.0,0.0,0.0009087456855922937,0.0,0.9990912675857544,30.97934913635254,9.999999747378752e-06,0.0002490601618774235,0.0002423368423478678,0.013888888992369175,0.02777777798473835,0.250413179397583,0.0,0.0,0.0,0.0,6.916698455810547,0.15064668655395508,10432.0,12.312926292419434,500.0,0.017339220270514488
1708,-0.0006968203233554959,-0.0008985684835352004,0.0032539546955376863,0.0,9.25925931483107e-08,0.0,1.8518519937060773e-05,0.0,0.0,0.0009765625,0.0,0.9990234375,30.981578826904297,0.0019461950287222862,-0.010414301417768002,3.318638846394606e-06,0.009259259328246117,0.0,0.25188326835632324,0.0,0.0,0.0,0.0,7.0015974044799805,0.15557217597961426,10301.0,12.304123878479004,500.0,0.016961615532636642
1709,-0.0006914652185514569,-0.0008888273732736707,0.0033326600678265095,0.0,0.0,0.0,0.0,0.0,0.0,0.0009765625,0.0,0.9990234375,30.96380615234375,0.004378939047455788,-0.01770149916410446,3.286645323896664e-06,0.0,0.0,0.2426573485136032,0.0,0.0,0.0,0.0,7.413705825805664,0.15198779106140137,9745.0,12.28674030303955,500.0,0.017242727801203728
1710,-0.0007054100860841572,-0.0007994275656528771,0.0032467020209878683,-2.861128578501848e-08,2.2222222639811662e-07,0.0,2.222222428827081e-05,0.0,0.0,0.0009765625,0.0,0.9990234375,30.95261573791504,0.0029192925430834293,-0.014018325135111809,0.002011582488194108,0.011111111380159855,0.0,0.2480154037475586,0.0,0.0,0.0,0.0,6.7300214767456055,0.17412924766540527,10678.0,12.278617858886719,500.0,0.01788145676255226
1711,-0.0007007326930761337,-0.0008089513285085559,0.0033960500732064247,0.0,0.0,0.0,0.0,0.0,0.0,0.0009765625,0.0,0.9990234375,30.955068588256836,0.004378939047455788,-0.01636672392487526,2.248150121886283e-05,0.0,0.0,0.25520849227905273,0.0,0.0,0.0,0.0,6.968780040740967,0.14977645874023438,10357.0,12.290197372436523,500.0,0.01899546943604946
1712,-0.0006893718964420259,-0.000865227251779288,0.003238848177716136,0.0,0.0,0.0,0.0,0.0,0.0,0.0009765625,0.0,0.9990234375,30.969287872314453,0.0029192925430834293,-0.016196269541978836,9.659521310823038e-06,0.0,0.0,0.24889379739761353,0.0,0.0,0.0,0.0,6.845418930053711,0.15076136589050293,10538.0,12.308145523071289,500.0,0.017092378810048103
1713,-0.0007053563604131341,-0.0008629924850538373,0.0032772780396044254,0.0,0.0,0.0,0.0,0.0,0.0,0.0009765625,0.0,0.9990234375,30.97391700744629,0.0029192925430834293,-0.017567411065101624,1.4195973562891595e-05,0.0,0.0,0.24699145555496216,0.0,0.0,0.0,0.0,7.545690059661865,0.1512162685394287,9578.0,12.312261581420898,500.0,0.01806306280195713
1714,-0.0006838540430180728,-0.0008622559835202992,0.00322863576002419,0.0,0.0,0.0,0.0,0.0,0.0,0.0009765625,0.0,0.9990234375,30.97324562072754,0.0029192925430834293,-0.016788296401500702,5.08280390931759e-06,0.0,0.0,0.2485925406217575,0.0,0.0,0.0,0.0,7.841386318206787,0.14775872230529785,9228.0,12.310148239135742,500.0,0.018388930708169937
1715,-0.000708376697730273,-0.0008956734091043472,0.0033080310095101595,0.0,0.0,0.0,0.0,0.0,0.0,0.0009765625,0.0,0.9990234375,30.961017608642578,0.004378939047455788,-0.018196405842900276,4.8375295591540635e-06,0.0,0.0,0.25118914246559143,0.0,0.0,0.0,0.0,7.405669689178467,0.14834237098693848,9760.0,12.270132064819336,500.0,0.017348848283290863
1716,-0.0007101624505594373,-0.0008348609553650022,0.003351900028064847,-7.061160545163148e-08,6.712962772326136e-07,0.0,2.3148148102336563e-05,7.093573373140316e-08,0.0,0.0009765625,0.0,0.9990234375,30.942399978637695,0.0029192925430834293,-0.015329467132687569,4.761557192978216e-06,0.011574074625968933,0.0,0.24758274853229523,0.0,0.0,0.0,0.0,7.16408634185791,0.18068504333496094,10038.0,12.263073921203613,500.0,0.018740911036729813
1717,-0.0007035282324068248,-0.0008149766945280135,0.003228334942832589,-6.505531757738936e-08,1.3888889327517973e-07,-0.0006172839784994721,1.388888995279558e-05,0.0,0.0,0.0011935763759538531,0.0,0.9988064169883728,30.940221786499023,9.999999747378752e-06,-0.0009797022212296724,0.00038928340654820204,0.0069444444961845875,0.003086419776082039,0.24934329092502594,0.0,0.0,0.0,0.0,7.2366743087768555,0.14858269691467285,9983.0,12.265538215637207,499.5899963378906,-0.0019233004422858357
1718,-0.000706942577380687,-0.000873193028382957,0.003290712833404541,0.0,0.0,0.0,0.0,0.0,0.0,0.00146484375,0.0,0.99853515625,30.941804885864258,0.0019461950287222862,-0.010849161073565483,4.433885806065518e-06,0.0,0.0,0.24774056673049927,0.0,0.0,0.0,0.0,7.263014316558838,0.15311384201049805,9941.0,12.259843826293945,500.0,0.017946800217032433
1719,-0.0006923897308297455,-0.0008521879790350795,0.0033446394372731447,0.0,0.0,0.0,0.0,0.0,0.0,0.0014241536846384406,0.0,0.9985758662223816,30.93158721923828,0.0029192925430834293,-0.015085307881236076,0.0005493360804393888,0.0,0.0,0.252864271402359,0.0,0.0,0.0,0.0,7.126880168914795,0.1721179485321045,10101.0,12.247472763061523,500.0,0.017351899296045303
1720,-0.000701039913110435,-0.0008159458520822227,0.003305744379758835,0.0,0.0,-0.0006944444612599909,0.0,0.0,0.0,0.0012749566230922937,0.0,0.9987250566482544,30.933738708496094,9.999999747378752e-06,0.001754038967192173,0.0004153748450335115,0.0,0.0034722222480922937,0.25021278858184814,0.0,0.0,0.0,0.0,7.620343208312988,0.14888715744018555,9489.0,12.250905990600586,499.69000244140625,-0.0020602282602339983
1721,-0.0006960959290154278,-0.000882997817825526,0.003297594841569662,0.0,4.629629657415535e-08,0.0,9.259259968530387e-06,0.0,0.0,0.0009901259327307343,0.0,0.999009907245636,30.937772750854492,0.0019461950287222862,-0.011205768212676048,1.5021334547782317e-05,0.004629629664123058,0.0,0.25142279267311096,0.0,0.0,0.0,0.0,7.122032165527344,0.14980053901672363,10138.0,12.257913589477539,500.0,0.017866412177681923
1722,-0.0006943878252059221,-0.0009359685354866087,0.0032524215057492256,0.0,0.0,-0.0009259259677492082,0.0,0.0,0.0,0.0010715060634538531,0.0,0.9989284873008728,30.9409236907959,9.999999747378752e-06,-0.0010045228991657495,0.0004036382306367159,0.0,0.004629629664123058,0.25083497166633606,0.0,0.0,0.0,0.0,6.778789520263672,0.1502549648284912,10640.0,12.259933471679688,499.80999755859375,-0.0033282828517258167
1723,-0.0007105417898856103,-0.0008341783541254699,0.0032853824086487293,0.0,2.7777778655035945e-07,0.0,1.388888995279558e-05,0.0,0.0,0.00146484375,0.0,0.99853515625,30.943225860595703,0.0019461950287222862,-0.01069269422441721,7.461707355105318e-06,0.0069444444961845875,0.0,0.25394487380981445,0.0,0.0,0.0,0.0,7.148160457611084,0.1518077850341797,10099.0,12.261945724487305,500.0,0.01766679249703884
1724,-0.0007090429426170886,-0.0009312140173278749,0.0033492292277514935,-1.2485403821926866e-09,4.629629657415535e-08,0.0,9.259259968530387e-06,0.0,0.0,0.00146484375,0.0,0.99853515625,30.937023162841797,0.004378939047455788,-0.016880732029676437,5.612560471490724e-06,0.004629629664123058,0.0,0.24847909808158875,0.0,0.0,0.0,0.0,7.097847938537598,0.16197466850280762,10155.0,12.243059158325195,500.0,0.017267201095819473
1725,-0.0007231502677313983,-0.0009388717007823288,0.0032027927227318287,0.0,0.0,0.0,0.0,0.0,0.0,0.00146484375,0.0,0.99853515625,30.93072509765625,0.0019461950287222862,-0.01300154346972704,0.00011669968080241233,0.0,0.0,0.24649663269519806,0.0,0.0,0.0,0.0,6.496728897094727,0.1870276927947998,11030.0,12.230804443359375,500.0,0.014837297610938549
1726,-0.000717219605576247,-0.000987239764072001,0.0031861637253314257,0.0,0.0,-0.0009259259677492082,0.0,0.0,0.0,0.0016276041278615594,0.0,0.9983723759651184,30.922313690185547,9.999999747378752e-06,-0.0003490075469017029,0.00040254293708130717,0.0,0.004629629664123058,0.24917156994342804,0.0,0.0,0.0,0.0,7.3103790283203125,0.16417288780212402,9863.0,12.227560997009277,499.9700012207031,-0.00496124941855669
1727,-0.0007120210793800652,-0.0010176467476412654,0.0032607216853648424,0.0,0.0,-0.0018055556574836373,0.0,0.0,0.0,0.0025092230644077063,0.0,0.9974907636642456,30.925376892089844,9.999999747378752e-06,-0.002310890471562743,0.0005050005274824798,0.0,0.00902777723968029,0.24902650713920593,0.0,0.0,0.0,0.0,7.274233341217041,0.19168972969055176,9875.0,12.23597240447998,499.760009765625,-0.00483779888600111
1728,-0.0007110947044566274,-0.0009304691920988262,0.0032449858263134956,0.0,0.0,-0.003240741090849042,0.0,0.0,0.0,0.003662109375,0.0,0.996337890625,30.930904388427734,9.999999747378752e-06,-0.002104040002450347,0.0006127558881416917,0.0,0.016203705221414566,0.2512954771518707,0.0,0.0,0.0,0.0,7.6286749839782715,0.18159222602844238,9439.0,12.24281120300293,495.82000732421875,-0.0037295420188456774
1729,-0.0007228049216791987,-0.0010069474810734391,0.0032914422918111086,0.0,9.25925931483107e-08,-0.0034722222480922937,1.8518519937060773e-05,0.0,0.0,0.004543728195130825,0.0,0.9954562783241272,30.934383392333984,9.999999747378752e-06,-0.003592452732846141,0.0011364147067070007,0.009259259328246117,0.0173611119389534,0.24817034602165222,0.0,0.0,0.0,0.0,7.157616138458252,0.1482388973236084,10091.0,12.245282173156738,498.42999267578125,-0.02355131134390831
1730,-0.0007061564247123897,-0.0010031703859567642,0.003272345522418618,-5.964488347665053e-10,1.0185184606825715e-07,-0.004814815241843462,2.0370373022160493e-05,0.0,0.0,0.0058458116836845875,0.0,0.9941542148590088,30.9368896484375,9.999999747378752e-06,-0.0035144134890288115,0.0011651363456621766,0.010185185819864273,0.024074073880910873,0.25073352456092834,0.0,0.0,0.0,0.0,7.746773719787598,0.16188287734985352,9322.0,12.249929428100586,493.2699890136719,-0.04424088075757027
1731,-0.0007236021920107305,-0.0010889278491958976,0.0033376305364072323,-1.3390018871461962e-08,3.3179014735651435e-07,-0.004969135858118534,2.006173053814564e-05,3.459691200191628e-08,0.0,0.0077039930038154125,0.0,0.992296040058136,30.940540313720703,9.999999747378752e-06,-0.003431539284065366,0.0012762283440679312,0.010030863806605339,0.024845680221915245,0.2491346001625061,0.0,0.0,0.0,0.0,7.423408508300781,0.18492388725280762,9690.0,12.254693984985352,499.19000244140625,-0.024345703423023224
1732,-0.0007122080423869193,-0.0011273777345195413,0.003217387478798628,0.0,0.0,-0.0009259259677492082,0.0,0.0,0.0,0.00873480923473835,0.0,0.9912651777267456,30.94335174560547,9.999999747378752e-06,-0.0008832338498905301,0.0002113123337039724,0.0,0.004629629664123058,0.2510756552219391,0.0,0.0,0.0,0.0,8.074755668640137,0.14963364601135254,8964.0,12.257925033569336,500.0,0.013789373449981213
1733,-0.0007200362742878497,-0.0011528037721291184,0.003324351739138365,0.0,0.0,-0.0058357384987175465,0.0,0.0,0.0,0.00969780795276165,0.0,0.9903022050857544,30.945880889892578,9.999999747378752e-06,-0.0028478277381509542,0.0023376333992928267,0.0,0.029178692027926445,0.25287750363349915,0.0,0.0,0.0,0.0,8.029674530029297,0.15121722221374512,9012.0,12.261384963989258,493.7799987792969,-0.08560506254434586
1734,-0.0007297415286302567,-0.0011932807974517345,0.0033371744211763144,0.0,3.9682539920704585e-08,-0.008518518880009651,7.936508154671174e-06,0.0,0.0,0.01262749545276165,0.0,0.9873725175857544,30.94957160949707,9.999999747378752e-06,-0.004374085459858179,0.002243000315502286,0.003968254197388887,0.04259259253740311,0.24811728298664093,0.0,0.0,0.0,0.0,7.521612167358398,0.15336227416992188,9606.0,12.267011642456055,495.0899963378906,-0.08525119721889496
1735,-0.0007239845581352711,-0.0012245412217453122,0.0034152213484048843,0.0,0.0,-0.004367284011095762,0.0,0.0,0.0,0.0152723528444767,0.0,0.984727680683136,30.952898025512695,9.999999747378752e-06,-0.003814405295997858,0.0016015536384657025,0.0,0.0218364205211401,0.25071579217910767,0.0,0.0,0.0,0.0,7.614607810974121,0.1606884002685547,9482.0,12.269902229309082,495.3599853515625,-0.06488020718097687
1736,-0.000735076901037246,-0.0011841472005471587,0.0033197333104908466,-8.670424023193846e-08,3.796295970914798e-07,-0.0009259259677492082,2.0370373022160493e-05,3.6994202901041717e-07,0.0,0.0164930559694767,0.0,0.983506977558136,30.954896926879883,9.999999747378752e-06,-0.0022975639440119267,0.000406448554713279,0.010185185819864273,0.004629629664123058,0.24731111526489258,0.0,0.0,0.0,0.0,6.917570114135742,0.15830445289611816,10419.0,12.272520065307617,498.5799865722656,-0.005392253864556551
1737,-0.0007606030558235943,-0.0011903161648660898,0.0034317716490477324,0.0,0.0,-0.0021825397852808237,0.0,0.0,0.0,0.01718478836119175,0.0,0.9828152060508728,30.957134246826172,9.999999747378752e-06,-0.002623208798468113,0.000608172791544348,0.0,0.010912698693573475,0.24856778979301453,0.0,0.0,0.0,0.0,7.682110786437988,0.14715838432312012,9416.0,12.275848388671875,499.1700134277344,-0.004910953808575869
1738,-0.0007339238072745502,-0.0015001775464043021,0.0033306607510894537,0.0,0.0,-0.009212963283061981,0.0,0.0,0.0,0.0190294049680233,0.0,0.9809706211090088,30.959688186645508,9.999999747378752e-06,-0.004218351561576128,0.002237319480627775,0.0,0.04606481269001961,0.2500876188278198,0.0,0.0,0.0,0.0,6.930865287780762,0.1478738784790039,10415.0,12.279657363891602,494.4800109863281,-0.08560944348573685
1739,-0.0007109829457476735,-0.0012406063033267856,0.003291183849796653,0.0,3.9682539920704585e-08,-0.010185185819864273,7.936508154671174e-06,0.0,0.0,0.02155219204723835,0.0,0.9784477949142456,30.96258544921875,9.999999747378752e-06,-0.0030290524009615183,0.0012625682866200805,0.003968254197388887,0.050925929099321365,0.24977990984916687,0.0,0.0,0.0,0.0,6.897977828979492,0.15708422660827637,10450.0,12.283889770507812,496.6400146484375,-0.02535121515393257
1740,-0.0007125740521587431,-0.0013222391717135906,0.0032796431332826614,0.0,0.0,-0.006203704047948122,0.0,0.0,0.0,0.02251519076526165,0.0,0.9774848222732544,30.96631622314453,9.999999747378752e-06,-0.0034876354038715363,0.0016611241735517979,0.0,0.031018519774079323,0.25038954615592957,0.0,0.0,0.0,0.0,7.316555500030518,0.18901848793029785,9823.0,12.289777755737305,494.3500061035156,-0.06698543578386307
1741,-0.0007333362591452897,-0.0012150165857747197,0.0032758296001702547,0.0,0.0,-0.007407407741993666,0.0,0.0,0.0,0.02402072586119175,0.0,0.9759792685508728,30.969650268554688,9.999999747378752e-06,-0.002936934120953083,0.0013992934254929423,0.0,0.03703703731298447,0.24695388972759247,0.0,0.0,0.0,0.0,6.622774124145508,0.14979004859924316,10886.0,12.293225288391113,495.75,-0.046376947313547134
1742,-0.0007320903241634369,-0.001299734110943973,0.003224001033231616,0.0,0.0,-0.009629630483686924,0.0,0.0,0.0,0.02510579489171505,0.0,0.9748942255973816,30.972333908081055,9.999999747378752e-06,-0.004140959121286869,0.002418853808194399,0.0,0.04814814776182175,0.2503526508808136,0.0,0.0,0.0,0.0,7.187063217163086,0.1736748218536377,10016.0,12.296823501586914,491.4800109863281,-0.10673151165246964
1743,-0.0007355359266512096,-0.0011535938829183578,0.0032466233242303133,0.0,0.0,-0.003439153777435422,0.0,0.0,0.0,0.02701822854578495,0.0,0.9729817509651184,30.975141525268555,9.999999747378752e-06,-0.003324665129184723,0.0014485456049442291,0.0,0.017195768654346466,0.25213244557380676,0.0,0.0,0.0,0.0,7.269688129425049,0.14806056022644043,9939.0,12.300846099853516,496.2799987792969,-0.025848044082522392
1744,-0.0007403513882309198,-0.001126401126384735,0.003299533622339368,0.0,0.0,-0.0011111112544313073,0.0,0.0,0.0,0.02707248367369175,0.0,0.9729275107383728,30.98151969909668,0.0012974634300917387,-0.0011763040674850345,0.0003127773234155029,0.0,0.0055555556900799274,0.24512264132499695,0.0,0.0,0.0,0.0,7.317294120788574,0.14759206771850586,9876.0,12.320721626281738,500.0,0.014447365887463093
1745,-0.0007302554440684617,-0.0011252654949203134,0.0032660067081451416,0.0,0.0,-0.004351851996034384,0.0,0.0,0.0,0.0254991315305233,0.0,0.9745008945465088,30.995391845703125,9.999999747378752e-06,-0.0033553524408489466,0.0011632908135652542,0.0,0.021759258583188057,0.2557162940502167,0.0,0.0,0.0,0.0,6.845749378204346,0.14786267280578613,10542.0,12.327945709228516,496.19000244140625,-0.04658375307917595
1746,-0.0007392376428470016,-0.0010172897018492222,0.0033203146886080503,0.0,0.0,-0.003108465811237693,0.0,0.0,0.0,0.02644856832921505,0.0,0.9735514521598816,30.997636795043945,9.999999747378752e-06,-0.0033100966829806566,0.0011457443470135331,0.0,0.015542328357696533,0.2565639913082123,0.0,0.0,0.0,0.0,7.277257919311523,0.15990948677062988,9913.0,12.331655502319336,489.2200012207031,-0.04499198868870735
1747,-0.0007307101041078568,-0.001025314093567431,0.003290442982688546,0.0,0.0,-0.0011111112544313073,0.0,0.0,0.0,0.0263807512819767,0.0,0.973619282245636,30.99956512451172,9.999999747378752e-06,-0.0012226634426042438,0.000373580027371645,0.0,0.0055555556900799274,0.2520769536495209,0.0,0.0,0.0,0.0,7.270994186401367,0.1499159336090088,9935.0,12.33361530303955,499.05999755859375,-0.0046148113906383514
1748,-0.0007289375062100589,-0.0010605278657749295,0.0032692572567611933,0.0,0.0,-0.008778659626841545,0.0,0.0,0.0,0.0250379778444767,0.0,0.974962055683136,31.000993728637695,9.999999747378752e-06,-0.005302566569298506,0.002815516199916601,0.0,0.043893296271562576,0.24647651612758636,0.0,0.0,0.0,0.0,7.323586463928223,0.14905405044555664,9866.0,12.33556842803955,491.05999755859375,-0.10527283698320389
1749,-0.0007215145160444081,-0.0009877412812784314,0.0034231278114020824,0.0,0.0,-0.017111994326114655,0.0,0.0,0.0,0.0269911028444767,0.0,0.973008930683136,31.00289535522461,9.999999747378752e-06,-0.0038876524195075035,0.004087491426616907,0.0,0.08555997163057327,0.2507597506046295,0.0,0.0,0.0,0.0,7.537899017333984,0.14864706993103027,9591.0,12.338704109191895,489.1499938964844,-0.1426149159669876
1750,-0.0007213488570414484,-0.0009879779536277056,0.003364567644894123,-9.73652825031479e-10,7.936507984140917e-08,-0.013908730819821358,1.5873016309342347e-05,0.0,0.0,0.03058539517223835,0.0,0.9694145917892456,31.005352020263672,9.999999747378752e-06,-0.004064890556037426,0.0032430218998342752,0.007936508394777775,0.06954365223646164,0.24740277230739594,0.0,0.0,0.0,0.0,7.513917922973633,0.17548775672912598,9588.0,12.342422485351562,490.2200012207031,-0.12274659425020218
1751,-0.0007268440676853061,-0.0011367111001163721,0.0033620817121118307,0.0,0.0,-0.008425925858318806,0.0,0.0,0.0,0.0330946184694767,0.0,0.966905415058136,31.007999420166016,9.999999747378752e-06,-0.003918183967471123,0.0029579303227365017,0.0,0.04212963208556175,0.24763239920139313,0.0,0.0,0.0,0.0,7.111483573913574,0.14934515953063965,10154.0,12.346160888671875,491.54998779296875,-0.1053120419383049
1752,-0.0007482532528229058,-0.001112106954678893,0.0032529199961572886,0.0,6.944444663758986e-08,-0.011296297423541546,1.388888995279558e-05,0.0,0.0,0.0354275181889534,0.0,0.9645724892616272,31.01131820678711,9.999999747378752e-06,-0.003219968406483531,0.001955058192834258,0.0069444444961845875,0.05648148059844971,0.2463281899690628,0.0,0.0,0.0,0.0,7.663025856018066,0.15012574195861816,9436.0,12.351404190063477,495.260009765625,-0.04555885121226311
1753,-0.0007272554794326425,-0.0009365510195493698,0.003317018039524555,0.0,0.0,0.0,0.0,0.0,0.0,0.0343967005610466,0.0,0.9656032919883728,31.01495361328125,0.0012974634300917387,-0.01075790636241436,6.22493507762556e-06,0.0,0.0,0.2515733540058136,0.0,0.0,0.0,0.0,7.184507369995117,0.14931964874267578,10053.0,12.356534004211426,500.0,0.015995891764760017
1754,-0.0007634792127646506,-0.0011019199155271053,0.003291976172477007,0.0,0.0,0.0,0.0,0.0,0.0,0.0331624336540699,0.0,0.9668375849723816,31.014331817626953,9.999999747378752e-06,-0.005476446822285652,4.723848178400658e-06,0.0,0.0,0.2502657473087311,0.0,0.0,0.0,0.0,6.864735126495361,0.16065549850463867,10494.0,12.355801582336426,500.0,0.01386430487036705
1755,-0.0007542151142843068,-0.0009339426760561764,0.0032174093648791313,0.0,0.0,-0.0011111112544313073,0.0,0.0,0.0,0.0307888463139534,0.0,0.9692111611366272,31.0148868560791,9.999999747378752e-06,-0.0015700100921094418,0.00036168532096780837,0.0,0.0055555556900799274,0.2519972622394562,0.0,0.0,0.0,0.0,7.288600921630859,0.15415501594543457,9906.0,12.357062339782715,498.8699951171875,-0.004272148013114929
1756,-0.0007526163826696575,-0.0009433778468519449,0.003334422828629613,-2.9822592750861077e-07,1.6666666624587378e-07,-0.003240741090849042,1.1111112144135404e-05,0.0,0.0,0.02948676235973835,0.0,0.9705132246017456,31.01713752746582,9.999999747378752e-06,-0.0025760263670235872,0.0007209128816612065,0.0055555556900799274,0.016203705221414566,0.2514631748199463,0.0,0.0,0.0,0.0,7.1893205642700195,0.17413091659545898,10012.0,12.361066818237305,497.20001220703125,-0.02402595803141594
1757,-0.0007594237104058266,-0.0009491242817603052,0.003343647113069892,0.0,0.0,0.0,0.0,0.0,0.0,0.02714029885828495,0.0,0.9728596806526184,31.019779205322266,0.0008649755618534982,-0.009362629614770412,5.206421064940514e-06,0.0,0.0,0.24922990798950195,0.0,0.0,0.0,0.0,7.672998905181885,0.15106487274169922,9423.0,12.364076614379883,500.0,0.015511653386056423
1758,-0.000747126410715282,-0.0009244629763998091,0.003334767883643508,0.0,0.0,-0.004398148041218519,0.0,0.0,0.0,0.02620442770421505,0.0,0.9737955927848816,31.018932342529297,9.999999747378752e-06,-0.003857429837808013,0.0012131917756050825,0.0,0.021990740671753883,0.24899758398532867,0.0,0.0,0.0,0.0,7.751278877258301,0.15117883682250977,9329.0,12.364407539367676,494.7900085449219,-0.04430611804127693
1759,-0.0007448189426213503,-0.0008350610733032227,0.0032512431498616934,-6.829590404322516e-08,1.1574073965903153e-07,-0.0027777778450399637,2.3148148102336563e-05,0.0,0.0,0.02730306051671505,0.0,0.9726969599723816,31.02432632446289,0.0019461950287222862,-0.0016010662075132132,6.115028372732922e-05,0.011574074625968933,0.013888888992369175,0.24909774959087372,0.0,0.0,0.0,0.0,7.240569114685059,0.18216466903686523,9932.0,12.38609504699707,500.0,0.01671694964170456
1760,-0.0007451187120750546,-0.0009101579780690372,0.003357724752277136,0.0,5.555555162573e-07,-0.0027777778450399637,7.936508154671174e-06,0.0,0.0,0.02617730014026165,0.0,0.9738227128982544,31.039060592651367,9.999999747378752e-06,-0.0025351550430059433,0.0005508973845280707,0.003968254197388887,0.013888888992369175,0.24166913330554962,0.0,0.0,0.0,0.0,6.763339042663574,0.1504535675048828,10663.0,12.39227294921875,498.79998779296875,-0.0036859726533293724
1761,-0.0007520715007558465,-0.0012218515621498227,0.0033282870426774025,0.0,3.086420008457935e-08,-0.0011111112544313073,6.172839675855357e-06,0.0,0.0,0.0257432721555233,0.0,0.9742567539215088,31.04135513305664,9.999999747378752e-06,-0.0017451115418225527,0.0003981270710937679,0.003086419776082039,0.0055555556900799274,0.25223928689956665,0.0,0.0,0.0,0.0,7.905450820922852,0.15137338638305664,9151.0,12.397619247436523,498.6400146484375,-0.008549497462809086
1762,-0.0007696993998251855,-0.0016601175302639604,0.0031179063953459263,0.0,0.0,-0.0013888889225199819,0.0,0.0,0.0,0.02349175326526165,0.0,0.9765082597732544,31.045745849609375,9.999999747378752e-06,-0.001985822105780244,0.0003699134394992143,0.0,0.0069444444961845875,0.25499045848846436,0.0,0.0,0.0,0.0,7.3055219650268555,0.14776349067687988,9892.0,12.404901504516602,498.57000732421875,-0.016822034493088722
1763,-0.0007666117744520307,-0.0007925719837658107,0.0031983372755348682,0.0,0.0,-0.0021825397852808237,0.0,0.0,0.0,0.01950412429869175,0.0,0.9804958701133728,31.05341911315918,9.999999747378752e-06,-0.0017630301881581545,0.0004593188059516251,0.0,0.010912698693573475,0.25433412194252014,0.0,0.0,0.0,0.0,7.497692108154297,0.1482393741607666,9642.0,12.420511245727539,495.69000244140625,-0.0036379967350512743
1764,-0.0007541720988228917,-0.0008085029548965394,0.0032000525388866663,0.0,0.0,0.0,0.0,0.0,0.0,0.014933268539607525,0.0,0.9850667119026184,31.059951782226562,0.0012974634300917387,-0.010147245600819588,3.5660764297062997e-06,0.0,0.0,0.2522179186344147,0.0,0.0,0.0,0.0,6.723190784454346,0.1479511260986328,10730.0,12.420644760131836,500.0,0.015824349597096443
1765,-0.0007647999445907772,-0.002638092264533043,0.0031854372937232256,-2.3222574974113286e-09,1.3888889327517973e-07,0.0,2.777777990559116e-05,0.0,0.0,0.011189778335392475,0.0,0.9888102412223816,31.05714225769043,0.0005766503745689988,-0.013810685835778713,0.0003534330753609538,0.013888888992369175,0.0,0.2480223923921585,0.0,0.0,0.0,0.0,6.930874824523926,0.14841628074645996,10414.0,12.419970512390137,500.0,0.004171702079474926
1766,-0.0007298761047422886,-0.0007757035200484097,0.0031248421873897314,0.0,0.0,-0.0018518519354984164,0.0,0.0,0.0,0.0077039930038154125,0.0,0.992296040058136,31.055259704589844,9.999999747378752e-06,0.0017712791450321674,0.00016428518574684858,0.0,0.009259259328246117,0.25685733556747437,0.0,0.0,0.0,0.0,8.055112838745117,0.15464043617248535,8980.0,12.419339179992676,500.0,0.016728073358535767
1767,-0.0007577586220577359,-0.0007728064665570855,0.003174357581883669,0.0,0.0,0.0,0.0,0.0,0.0,0.0068359375,0.0,0.9931640625,31.05626106262207,0.0012974634300917387,-0.010840274393558502,2.9332875328691443e-06,0.0,0.0,0.25222349166870117,0.0,0.0,0.0,0.0,7.007819175720215,0.19434189796447754,10236.0,12.41760540008545,500.0,0.016775909811258316
1768,-0.000760971917770803,-0.0008058087551034987,0.0033232562709599733,0.0,0.0,0.0,0.0,0.0,0.0,0.0068359375,0.0,0.9931640625,31.042566299438477,0.0029192925430834293,-0.016056133434176445,2.935935981440707e-06,0.0,0.0,0.25008857250213623,0.0,0.0,0.0,0.0,6.876006126403809,0.1478583812713623,10496.0,12.392724990844727,500.0,0.017912251874804497
1769,-0.0007511029834859073,-0.0007275998359546065,0.003295603208243847,0.0,0.0,0.0,0.0,0.0,0.0,0.0064832898788154125,0.0,0.993516743183136,31.031095504760742,9.999999747378752e-06,-0.004862159490585327,3.1767701784701785e-06,0.0,0.0,0.2515101134777069,0.0,0.0,0.0,0.0,7.481325626373291,0.16006827354431152,9648.0,12.390552520751953,500.0,0.017518315464258194
1770,-0.0007197417435236275,-0.0007401682669296861,0.0032644113525748253,0.0,0.0,0.0,0.0,0.0,0.0,0.005642361007630825,0.0,0.9943576455116272,31.0300235748291,0.0012974634300917387,-0.009429650381207466,3.967693828599295e-06,0.0,0.0,0.24650181829929352,0.0,0.0,0.0,0.0,7.334418296813965,0.18574976921081543,9804.0,12.387033462524414,500.0,0.018492145463824272
1771,-0.0007421518093906343,-0.0007989754085429013,0.003313590306788683,-1.7000354901597348e-08,3.9682539920704585e-08,0.0,7.936508154671174e-06,0.0,0.0,0.00537109375,0.0,0.99462890625,31.01898956298828,0.00011390625149942935,-0.012728738598525524,3.873482910421444e-06,0.003968254197388887,0.0,0.24911420047283173,0.0,0.0,0.0,0.0,7.421764373779297,0.14837074279785156,9739.0,12.374029159545898,500.0,0.017761684954166412
1772,-0.0007426813244819641,-0.0007894404698163271,0.0032452584709972143,-2.5940948944480624e-06,2.3313492647503153e-07,0.0,1.4880953131068964e-05,0.0,0.0,0.0048963758163154125,0.0,0.995103657245636,31.012020111083984,0.0019461950287222862,-0.013170706108212471,4.635864115698496e-06,0.0074404762126505375,0.0,0.2505338788032532,0.0,0.0,0.0,0.0,7.702828407287598,0.14833354949951172,9390.0,12.359048843383789,500.0,0.01631762832403183
1773,-0.0007411097176373005,-0.0007926037651486695,0.0031614627223461866,0.0,0.0,0.0,0.0,0.0,0.0,0.003390842117369175,0.0,0.9966091513633728,31.001436233520508,9.999999747378752e-06,0.005919191986322403,9.903827594825998e-05,0.0,0.0,0.248836949467659,0.0,0.0,0.0,0.0,7.038630485534668,0.14750957489013672,10259.0,12.354373931884766,500.0,0.01725495606660843
1774,-0.0007390307728201151,-0.0007826930959708989,0.003280042437836528,0.0,0.0,0.0,0.0,0.0,0.0,0.0027940538711845875,0.0,0.9972059726715088,31.00328254699707,0.0012974634300917387,-0.009532234631478786,4.531339982349891e-06,0.0,0.0,0.2477734386920929,0.0,0.0,0.0,0.0,7.500751972198486,0.18208765983581543,9596.0,12.358345985412598,500.0,0.01643252931535244
1775,-0.0007359542069025338,-0.0007784836925566196,0.0032685501500964165,0.0,0.0,0.0,0.0,0.0,0.0,0.002197265625,0.0,0.997802734375,30.999570846557617,9.999999747378752e-06,-0.012212906032800674,3.7143977351661306e-06,0.0,0.0,0.24591132998466492,0.0,0.0,0.0,0.0,7.261571407318115,0.1480274200439453,9950.0,12.353960037231445,500.0,0.016925033181905746
1776,-0.000748061400372535,-0.004554674029350281,0.003043573349714279,0.0,0.0,-0.0018518519354984164,0.0,0.0,0.0,0.0016276041278615594,0.0,0.9983723759651184,31.00096893310547,9.999999747378752e-06,-0.0013514478923752904,0.000407365063438192,0.0,0.009259259328246117,0.2499927431344986,0.0,0.0,0.0,0.0,7.593361854553223,0.14837408065795898,9523.0,12.36072826385498,495.760009765625,-0.018057482317090034
1777,-0.0007370910025201738,-0.000953713315539062,0.003226310946047306,0.0,5.5555556599529154e-08,0.0,1.1111112144135404e-05,0.0,0.0,0.0013292101211845875,0.0,0.9986708164215088,31.00275993347168,0.0012974634300917387,-0.010614641942083836,2.9858858852094272e-06,0.0055555556900799274,0.0,0.25022760033607483,0.0,0.0,0.0,0.0,7.294363975524902,0.15095210075378418,9902.0,12.35327434539795,500.0,0.013775039464235306
1778,-0.0006955367280170321,-0.0007079823990352452,0.003348980098962784,0.0,0.0,0.0,0.0,0.0,0.0,0.0009765625,0.0,0.9990234375,30.9887638092041,0.0029192925430834293,-0.01448648888617754,0.004699845798313618,0.0,0.0,0.25320926308631897,0.0,0.0,0.0,0.0,7.001217842102051,0.16567111015319824,10287.0,12.334393501281738,500.0,0.019037283957004547
1779,-0.0007239310652948916,-0.0007744022877886891,0.0032878858037292957,0.0,0.0,-0.003395061707124114,0.0,0.0,0.0,0.0016276041278615594,0.0,0.9983723759651184,30.990238189697266,0.0029192925430834293,-0.0018486322369426489,0.0005567654734477401,0.0,0.01697530783712864,0.2510666847229004,0.0,0.0,0.0,0.0,7.086353302001953,0.1512460708618164,10186.0,12.366003036499023,495.8299865722656,-0.0023054375778883696
1780,-0.0007097509223967791,-0.0007159838569350541,0.0031818635761737823,-6.210566994013789e-08,3.086420008457935e-08,-0.0027777778450399637,6.172839675855357e-06,0.0,0.0,0.0018174913711845875,0.0,0.9981825351715088,31.02557373046875,0.004378939047455788,-0.0021037370897829533,0.00039013527566567063,0.003086419776082039,0.013888888992369175,0.24699483811855316,0.0,0.0,0.0,0.0,7.646238327026367,0.15113329887390137,9455.0,12.42492389678955,500.0,0.01659417152404785
1781,-0.000691366964019835,-0.0007523878011852503,0.003317095572128892,0.0,0.0,-0.0007936508627608418,0.0,0.0,0.0,0.0023464628029614687,0.0,0.9976535439491272,31.050813674926758,9.999999747378752e-06,0.003963822033256292,0.0003121887566521764,0.0,0.003968254197388887,0.2497491091489792,0.0,0.0,0.0,0.0,6.620759963989258,0.1620171070098877,10869.0,12.432744026184082,499.79998779296875,-0.001319937757216394
1782,-0.0007075262255966663,-0.0008051226614043117,0.003349746810272336,0.0,0.0,0.0,0.0,0.0,0.0,0.00244140625,0.0,0.99755859375,31.053001403808594,0.0012974634300917387,-0.010883914306759834,6.152915739221498e-05,0.0,0.0,0.24616935849189758,0.0,0.0,0.0,0.0,6.682991981506348,0.14971518516540527,10790.0,12.436629295349121,500.0,0.019298898056149483
1783,-0.0007226028246805072,-0.000788878824096173,0.003313901601359248,0.0,0.0,0.0,0.0,0.0,0.0,0.00244140625,0.0,0.99755859375,31.054929733276367,0.0012974634300917387,-0.011322969570755959,2.137215960829053e-05,0.0,0.0,0.2505282759666443,0.0,0.0,0.0,0.0,6.837647438049316,0.15115904808044434,10549.0,12.440474510192871,500.0,0.01803925260901451
1784,-0.0007234356598928571,-0.0007899614283815026,0.0033028782345354557,0.0,0.0,0.0,0.0,0.0,0.0,0.00244140625,0.0,0.99755859375,31.06243896484375,0.0029192925430834293,-0.013461546041071415,3.262705649831332e-05,0.0,0.0,0.248564675450325,0.0,0.0,0.0,0.0,7.139772415161133,0.1484375,10116.0,12.455933570861816,500.0,0.018465623259544373
1785,-0.0007335903355851769,-0.0007273935480043292,0.0033411458134651184,0.0,0.0,0.0,0.0,0.0,0.0,0.00244140625,0.0,0.99755859375,31.06696891784668,0.0012974634300917387,-0.013235031627118587,1.567702020111028e-05,0.0,0.0,0.25369974970817566,0.0,0.0,0.0,0.0,7.337457656860352,0.15065979957580566,9845.0,12.45224666595459,500.0,0.018227064982056618
1786,-0.0007111009326763451,-0.0007822301122359931,0.003289106534793973,-2.7439593708322718e-08,2.3809525373508222e-07,-0.0007936508627608418,7.936508154671174e-06,0.0,0.0,0.0027262370567768812,0.0,0.9972737431526184,31.067461013793945,0.0029192925430834293,-0.0021221605129539967,0.00036836814251728356,0.003968254197388887,0.003968254197388887,0.25163644552230835,0.0,0.0,0.0,0.0,7.411457061767578,0.14912033081054688,9751.0,12.466733932495117,495.9599914550781,-0.0017013608012348413
1787,-0.0006980527541600168,-0.0008041489054448903,0.0033722177613526583,0.0,0.0,0.0,0.0,0.0,0.0,0.0029296875,0.0,0.9970703125,31.082048416137695,0.0019461950287222862,-0.01779620163142681,0.005319295451045036,0.0,0.0,0.24585962295532227,0.0,0.0,0.0,0.0,7.401684761047363,0.14972281455993652,9763.0,12.475862503051758,500.0,0.018055560067296028
1788,-0.000718268915079534,-0.0008587276679463685,0.003289693733677268,0.0,0.0,-0.0027777778450399637,0.0,0.0,0.0,0.0031331379432231188,0.0,0.9968668818473816,31.075864791870117,9.999999747378752e-06,2.044564826064743e-05,0.0007169584278017282,0.0,0.013888888992369175,0.254067063331604,0.0,0.0,0.0,0.0,7.262698173522949,0.15543580055236816,9938.0,12.474093437194824,498.9100036621094,-0.003023110330104828
1789,-0.000726129743270576,-0.0008027879521250725,0.0032892723102122545,0.0,0.0,-0.0006944444612599909,0.0,0.0,0.0,0.0036892362404614687,0.0,0.9963107705116272,31.0808048248291,0.0019461950287222862,-0.001567678526043892,0.00041552085895091295,0.0,0.0034722222480922937,0.25152498483657837,0.0,0.0,0.0,0.0,7.191037178039551,0.15097999572753906,10041.0,12.495964050292969,495.9800109863281,-0.003203741507604718
1790,-0.000731731066480279,-0.0008240094757638872,0.0032677422277629375,0.0,0.0,-0.0020833334419876337,0.0,0.0,0.0,0.00434027798473835,0.0,0.9956597089767456,31.100473403930664,9.999999747378752e-06,-0.0007709431811235845,0.0007388456142507493,0.0,0.010416666977107525,0.24212582409381866,0.0,0.0,0.0,0.0,6.813239097595215,0.14782500267028809,10591.0,12.512336730957031,491.2699890136719,-0.023391395807266235
1791,-0.0007125998963601887,-0.0007542386301793158,0.003348312107846141,0.0,0.0,0.0,0.0,0.0,0.0,0.00439453125,0.0,0.99560546875,31.103057861328125,0.0012974634300917387,-0.011033406481146812,6.1400191952998284e-06,0.0,0.0,0.24973943829536438,0.0,0.0,0.0,0.0,7.357913017272949,0.1497182846069336,9820.0,12.511872291564941,500.0,0.018350588157773018
1792,-0.0007064622477628291,-0.000782929128035903,0.0032226894982159138,0.0,0.0,0.0,0.0,0.0,0.0,0.004367404617369175,0.0,0.9956325888633728,31.09331512451172,0.0012974634300917387,-0.015329982154071331,4.888968305749586e-06,0.0,0.0,0.24931998550891876,0.0,0.0,0.0,0.0,7.355243682861328,0.14756989479064941,9826.0,12.493646621704102,500.0,0.016324371099472046
1793,-0.0007038465118966997,-0.0007289253990165889,0.00317645282484591,-3.091428482093761e-07,7.407407451864856e-07,0.0,1.8518519937060773e-05,1.4189430430633365e-06,0.0,0.003634982742369175,0.0,0.9963650107383728,31.07638931274414,0.0012974634300917387,-0.015733137726783752,3.859459866362158e-06,0.009259259328246117,0.0,0.24426110088825226,0.0,0.0,0.0,0.0,7.2869133949279785,0.15362119674682617,9908.0,12.468297958374023,500.0,0.01738756150007248
1794,-0.0007029091939330101,-0.0007568987784907222,0.003285776125267148,0.0,0.0,0.0,0.0,0.0,0.0,0.0030110676307231188,0.0,0.9969889521598816,31.06485366821289,0.0008649755618534982,-0.014085262082517147,3.491926918286481e-06,0.0,0.0,0.2561582624912262,0.0,0.0,0.0,0.0,7.3310627937316895,0.1506969928741455,9854.0,12.45819091796875,500.0,0.017696503549814224
1795,-0.000730434141587466,-0.0008161516161635518,0.0032809136901050806,0.0,0.0,0.0,0.0,0.0,0.0,0.0024820964317768812,0.0,0.9975178837776184,31.061161041259766,0.0019461950287222862,-0.015943683683872223,3.1442332328879274e-06,0.0,0.0,0.25325942039489746,0.0,0.0,0.0,0.0,7.028871059417725,0.1470801830291748,10274.0,12.447986602783203,500.0,0.01783652976155281
1796,-0.0007070459541864693,-0.0008365195244550705,0.0033194655552506447,-3.5512758955746904e-08,6.944444663758986e-08,-0.0009259259677492082,1.388888995279558e-05,0.0,0.0,0.002685546875,0.0,0.997314453125,31.05483627319336,9.999999747378752e-06,0.0023215794935822487,0.0003863820165861398,0.0069444444961845875,0.004629629664123058,0.2535260021686554,0.0,0.0,0.0,0.0,6.367066383361816,0.14877796173095703,11315.0,12.446100234985352,499.5400085449219,-0.0025739173870533705
1797,-0.0006905978079885244,-0.0008388998685404658,0.0033674631267786026,0.0,0.0,0.0,0.0,0.0,0.0,0.0029296875,0.0,0.9970703125,31.05330467224121,0.0012974634300917387,-0.010417081415653229,2.6777699986269e-06,0.0,0.0,0.25143295526504517,0.0,0.0,0.0,0.0,7.855345726013184,0.1933896541595459,9160.0,12.436527252197266,500.0,0.017786912620067596
1798,-0.0007123133400455117,-0.0008168454514816403,0.003290728898718953,0.0,0.0,0.0,0.0,0.0,0.0,0.0029296875,0.0,0.9970703125,31.03742790222168,0.0012974634300917387,-0.0156465582549572,2.5816123070399044e-06,0.0,0.0,0.24942053854465485,0.0,0.0,0.0,0.0,7.818321704864502,0.17926549911499023,9218.0,12.414920806884766,500.0,0.017597874626517296
1799,-0.0007143776747398078,-0.0008737540920265019,0.0032610981725156307,0.0,0.0,-0.0007936508627608418,0.0,0.0,0.0,0.0032009549904614687,0.0,0.9967990517616272,31.028318405151367,9.999999747378752e-06,-0.0002468595339450985,0.0003753681667149067,0.0,0.003968254197388887,0.2527807652950287,0.0,0.0,0.0,0.0,8.332626342773438,0.14838552474975586,8693.0,12.413421630859375,499.6000061035156,-0.002946869470179081
1800,-0.0006916207494214177,-0.0009065357153303921,0.003237539203837514,0.0,0.0,-0.0027777778450399637,0.0,0.0,0.0,0.00341796875,0.0,0.99658203125,31.029827117919922,9.999999747378752e-06,-0.0030203871428966522,0.0007629190804436803,0.0,0.013888888992369175,0.24993695318698883,0.0,0.0,0.0,0.0,7.4693450927734375,0.14993071556091309,9676.0,12.416640281677246,497.6700134277344,-0.024517305195331573
1801,-0.000695589289534837,-0.0009230231516994536,0.0032906478736549616,0.0,0.0,-0.0025462964549660683,0.0,0.0,0.0,0.004082574043422937,0.0,0.9959174394607544,31.03262710571289,9.999999747378752e-06,-0.0026933951303362846,0.0008063919958658516,0.0,0.012731482274830341,0.25092872977256775,0.0,0.0,0.0,0.0,7.792450904846191,0.159867525100708,9271.0,12.420910835266113,497.5,-0.02380249835550785
1802,-0.0007054178859107196,-0.000959437747951597,0.003318177768960595,0.0,0.0,-0.0019047620007768273,0.0,0.0,0.0,0.004814995918422937,0.0,0.9951850175857544,31.036014556884766,9.999999747378752e-06,-0.003249567234888673,0.0008100431296043098,0.0,0.009523809887468815,0.2501319348812103,0.0,0.0,0.0,0.0,7.432708740234375,0.15161538124084473,9721.0,12.425562858581543,497.760009765625,-0.023802723735570908
1803,-0.0007191883050836623,-0.0008788280538283288,0.0033430811017751694,-5.034753769450617e-08,4.629629657415535e-08,-0.003240741090849042,9.259259968530387e-06,0.0,0.0,0.0055067273788154125,0.0,0.994493305683136,31.03958511352539,9.999999747378752e-06,-0.002988099819049239,0.000771519320551306,0.004629629664123058,0.016203705221414566,0.25083833932876587,0.0,0.0,0.0,0.0,7.756359100341797,0.1525576114654541,9322.0,12.430534362792969,498.2699890136719,-0.023458359763026237
1804,-0.0006999981123954058,-0.0008546764147467911,0.003308684565126896,0.0,0.0,-0.0013888889225199819,0.0,0.0,0.0,0.0055338540114462376,0.0,0.9944661259651184,31.04416847229004,9.999999747378752e-06,-0.0017473559128120542,0.0003373007057234645,0.0,0.0069444444961845875,0.24870650470256805,0.0,0.0,0.0,0.0,7.243996620178223,0.17212581634521484,9941.0,12.437917709350586,498.8699951171875,-0.003025712911039591
1805,-0.0007157223299145699,-0.0008331778808496892,0.003291740547865629,-1.1933971588717895e-09,9.25925931483107e-08,-0.0013888889225199819,1.8518519937060773e-05,0.0,0.0,0.005398220382630825,0.0,0.9946017861366272,31.048904418945312,9.999999747378752e-06,-0.0011405489640310407,0.00040826635085977614,0.009259259328246117,0.0069444444961845875,0.25056177377700806,0.0,0.0,0.0,0.0,7.41333532333374,0.18852472305297852,9698.0,12.443066596984863,499.4100036621094,-0.002409453270956874
1806,-0.0007060607895255089,-0.0009000194841064513,0.0033842858392745256,0.0,0.0,-0.0062500000931322575,0.0,0.0,0.0,0.006523980293422937,0.0,0.9934760332107544,31.051416397094727,9.999999747378752e-06,-0.003298810450360179,0.0011252322001382709,0.0,0.03125,0.24717088043689728,0.0,0.0,0.0,0.0,7.653676509857178,0.19277644157409668,9396.0,12.445047378540039,498.3800048828125,-0.043011169880628586
