iteration,Episode_Reward/action_rate,Episode_Reward/alignment,Episode_Reward/approach,Episode_Reward/backslide,Episode_Reward/contact,Episode_Reward/failure,Episode_Reward/first_contact,Episode_Reward/progress,Episode_Reward/success,Episode_Termination/failure,Episode_Termination/success,Episode_Termination/time_out,Loss/entropy,Loss/learning_rate,Loss/surrogate,Loss/value,Metrics/target_position/contact_seen,Metrics/target_position/failure,Metrics/target_position/goal_distance_m,Metrics/target_position/push_seen,Metrics/target_position/settled_time_s,Metrics/target_position/side_contact,Metrics/target_position/success,Perf/collection_time,Perf/learning_time,Perf/total_fps,Policy/mean_std,Train/mean_episode_length,Train/mean_reward
0,-3.6039487895322964e-05,-1.011787844618084e-06,0.00016650873294565827,0.0,0.0,-0.0045965611934661865,0.0,0.0,0.0,0.0006374783115461469,0.0,0.0370144322514534,11.389012336730957,0.009999999776482582,-0.002574739046394825,0.004343508277088404,0.0,0.022982804104685783,0.2436421662569046,0.0,0.0,0.0,0.0,32.78651809692383,0.23017001152038574,2233.0,1.0068631172180176,25.690000534057617,-0.09829851984977722
1,-0.00010980266233673319,-8.285313015221618e-06,0.00035460255458019674,0.0,0.0,-0.038117486983537674,0.0,0.0,0.0,0.0117323137819767,0.0,0.1122504323720932,11.50002384185791,0.009999999776482582,-0.004821582697331905,0.013700275681912899,0.0,0.19058741629123688,0.25352075695991516,0.0,0.0,0.0,0.0,36.726810455322266,0.14954185485839844,1999.0,1.0199450254440308,64.38999938964844,-0.4976488947868347
2,-0.00018213430303148925,-2.9946406357339583e-05,0.0004553986364044249,0.0,0.0,-0.032689597457647324,0.0,0.0,0.0,0.0298936627805233,0.0,0.1785481721162796,11.620777130126953,0.009999999776482582,-0.004638334736227989,0.008308595046401024,0.0,0.16344797611236572,0.2506205141544342,0.0,0.0,0.0,0.0,33.17613220214844,0.14360642433166504,2212.0,1.0345948934555054,96.36000061035156,-0.3177802264690399
3,-0.0002584032772574574,-6.446197221521288e-05,0.0006182412034831941,0.0,0.0,-0.00537698483094573,0.0,0.0,0.0,0.0378960520029068,0.0,0.2457682341337204,11.764917373657227,0.009999999776482582,-0.0023772134445607662,0.0012120077153667808,0.0,0.02688492275774479,0.24821949005126953,0.0,0.0,0.0,0.0,32.6985969543457,0.14599967002868652,2244.0,1.0516979694366455,132.74000549316406,-0.037639372050762177
4,-0.00033543698373250663,-0.00010876339365495369,0.0005921786651015282,0.0,0.0,-0.0018518519354984164,0.0,0.0,0.0,0.0387776680290699,0.0,0.3126356303691864,11.8366060256958,0.009999999776482582,-0.0011300944024696946,0.00039945129537954926,0.0,0.009259259328246117,0.2517765462398529,0.0,0.0,0.0,0.0,30.378662109375,0.14718174934387207,2415.0,1.0623337030410767,166.02000427246094,-0.018315449357032776
5,-0.0004110337467864156,-0.00016728082846384495,0.0007582727121189237,0.0,0.0,0.0,0.0,0.0,0.0,0.0390625,0.0,0.3795166015625,11.830986976623535,0.009999999776482582,-0.005787033122032881,1.6141833839355968e-05,0.0,0.0,0.24766339361667633,0.0,0.0,0.0,0.0,33.25372314453125,0.1531212329864502,2206.0,1.060908555984497,203.25999450683594,0.0021194994915276766
6,-0.0004908551345579326,-0.00025348359486088157,0.0008792593725956976,0.0,0.0,-0.0007936508627608418,0.0,0.0,0.0,0.0392930768430233,0.0,0.4485948383808136,11.963728904724121,0.009999999776482582,-0.0016263689612969756,0.00038273411337286234,0.0,0.003968254197388887,0.2427200973033905,0.0,0.0,0.0,0.0,34.491390228271484,0.1767408847808838,2126.0,1.0755277872085571,240.69000244140625,-0.017403217032551765
7,-0.0005643678014166653,-0.0003370399062987417,0.0009540623868815601,0.0,0.0,0.0,0.0,0.0,0.0,0.03955078125,0.0,0.5126546025276184,11.918868064880371,0.009999999776482582,-0.005358114838600159,9.442223017686047e-06,0.0,0.0,0.2456575185060501,0.0,0.0,0.0,0.0,32.01873779296875,0.16215300559997559,2291.0,1.0743319988250732,270.6199951171875,0.0005888821906410158
8,-0.000638345256447792,-0.00041765166679397225,0.0013502801302820444,0.0,0.0,-0.003293650923296809,0.0,0.0,0.0,0.0402967669069767,0.0,0.5718994140625,12.108626365661621,0.0008779149502515793,-0.0021674642339348793,0.0010955322068184614,0.0,0.01646825298666954,0.24968743324279785,0.0,0.0,0.0,0.0,35.8729362487793,0.15871310234069824,2046.0,1.1087623834609985,312.1199951171875,-0.037888795137405396
9,-0.0007108928984962404,-0.0005192009848542511,0.0012656538747251034,0.0,0.0,-0.010886243544518948,0.0,0.0,0.0,0.0426296666264534,0.0,0.6431477665901184,12.288827896118164,9.999999747378752e-06,-0.0027450965717434883,0.0029199763666838408,0.0,0.05443121865391731,0.25052934885025024,0.0,0.0,0.0,0.0,33.70011520385742,0.1627495288848877,2177.0,1.1297733783721924,343.2200012207031,-0.15947914123535156
10,-0.0007876793388277292,-0.0007172681507654488,0.0013942812802270055,0.0,0.0,-0.006975308991968632,0.0,0.0,0.0,0.0457628034055233,0.0,0.7082248330116272,12.35846996307373,0.0008649755618534982,-0.0018642586655914783,0.0018463016021996737,0.0,0.034876544028520584,0.2487024962902069,0.0,0.0,0.0,0.0,33.0651741027832,0.14592885971069336,2219.0,1.1415046453475952,383.4599914550781,-0.08141832798719406
11,-0.0008540842682123184,-0.000732260406948626,0.0012325771385803819,0.0,0.0,-0.011040565557777882,0.0,0.0,0.0,0.0499674491584301,0.0,0.7810600996017456,12.575468063354492,0.004378939047455788,-0.003480547107756138,0.003974731080234051,0.0,0.055202823132276535,0.24534708261489868,0.0,0.0,0.0,0.0,36.56661605834961,0.1499183177947998,2008.0,1.1804370880126953,409.1600036621094,-0.1407015174627304
12,-0.0008972229552455246,-0.0008692782721482217,0.002329943235963583,-7.262768235705153e-07,3.517857521728729e-06,-0.021951058879494667,3.293650661362335e-05,5.086068313175929e-07,0.0,0.0564914271235466,0.0,0.8564046025276184,12.793149948120117,0.0065684085711836815,-0.0038363360799849033,0.0059896837919950485,0.01646825298666954,0.10975529253482819,0.24946433305740356,0.0,0.0,0.0055555556900799274,0.0,36.796142578125,0.14687395095825195,1995.0,1.202834129333496,431.3999938964844,-0.18771861493587494
13,-0.0009901454905048013,-0.0009412894723936915,0.002850039629265666,-1.538113451715617e-06,1.1289678695902694e-05,-0.016534391790628433,8.57142877066508e-05,1.2642240676541405e-07,0.0,0.0647379532456398,0.0,0.9116618037223816,12.868456840515137,0.0065684085711836815,-0.0034236374776810408,0.0037137691397219896,0.04285714402794838,0.08267196267843246,0.24759186804294586,0.0,0.0,0.0,0.0,31.72166633605957,0.15569019317626953,2312.0,1.2142921686172485,479.1300048828125,-0.13198760151863098
14,-0.000960053235758096,-0.0007934950408525765,0.004299710039049387,-3.7924291973467916e-06,3.705990457092412e-05,-0.03750721737742424,0.00017458514776080847,2.0216091343172593e-06,0.0,0.0737711563706398,0.0,0.9262288212776184,13.039822578430176,0.009852612391114235,-0.0022304272279143333,0.010624502785503864,0.08729256689548492,0.1875360757112503,0.2520700991153717,0.0,0.0,0.0,0.0,35.21125411987305,0.15576171875,2084.0,1.2328232526779175,457.1400146484375,-0.35117536783218384
15,-0.0010112118907272816,-0.000795259140431881,0.0037405085749924183,-3.6905569231748814e-06,2.0673052858910523e-05,-0.02944684959948063,0.00010253527580061927,4.851369226344104e-07,0.0,0.0777452290058136,0.0,0.9222548007965088,13.110751152038574,0.004378939047455788,-0.0043160682544112206,0.0076771387830376625,0.05126763880252838,0.1472342610359192,0.25200191140174866,0.0,0.0,0.003968254197388887,0.0,36.224937438964844,0.1487259864807129,2026.0,1.2539379596710205,482.8399963378906,-0.18782076239585876
16,-0.0009874374372884631,-0.0009179440094158053,0.005450388416647911,-1.0138812285731547e-05,7.921259384602308e-05,-0.03670855611562729,0.00026119931135326624,1.101708903661347e-06,0.0,0.0759684219956398,0.0,0.9240315556526184,13.262495994567871,0.0065684085711836815,-0.004487055353820324,0.009859537705779076,0.13059964776039124,0.18354277312755585,0.2519931197166443,0.0,0.0,0.0069444444961845875,0.0,33.85262680053711,0.14863801002502441,2168.0,1.2732120752334595,466.3500061035156,-0.3406703770160675
17,-0.001020642346702516,-0.0010350458323955536,0.004517054185271263,-6.979780209803721e-06,3.0300909202196635e-05,-0.03362654522061348,0.00012037037959089503,1.1235960784006238e-07,0.0,0.084228515625,0.0,0.915771484375,13.331314086914062,0.009852612391114235,-0.004015366546809673,0.005697953049093485,0.06018518656492233,0.1681327223777771,0.2482844740152359,0.0,0.0,0.0,0.0,35.25141525268555,0.15219640731811523,2082.0,1.280832290649414,480.3399963378906,-0.2954537570476532
18,-0.0010602669790387154,-0.0012112805852666497,0.00470425421372056,-1.595771755091846e-05,6.974995631026104e-05,-0.01935185119509697,0.00021203704818617553,2.6989580348413256e-08,0.0,0.0927734375,0.0,0.9072265625,13.395064353942871,0.009852612391114235,-0.003734799800440669,0.0019639618694782257,0.10601852089166641,0.09675925970077515,0.24668815732002258,0.0,0.0,0.0,0.0,30.645828247070312,0.14716219902038574,2394.0,1.2894065380096436,490.9200134277344,-0.15382209420204163
19,-0.0010699824197217822,-0.001179446349851787,0.004157172981649637,-1.2006799806840718e-05,5.377311026677489e-05,-0.015185185708105564,0.00014351851132232696,3.7763109048682963e-06,0.0,0.0959743931889534,0.0,0.9040256142616272,13.427313804626465,0.009999999776482582,-0.00408697547391057,0.0017040047096088529,0.07175926119089127,0.07592592388391495,0.2483636885881424,0.0,0.0,0.0,0.0,34.191688537597656,0.14661169052124023,2147.0,1.294224739074707,498.3299865722656,-0.08477669209241867
20,-0.0010701555293053389,-0.0019803892355412245,0.005753178149461746,-3.036925227206666e-05,8.124532178044319e-05,-0.0069444444961845875,0.00022546297986991704,1.2913193359054276e-06,0.0,0.0990804061293602,0.0,0.9009196162223816,13.453137397766113,0.009999999776482582,-0.003373035928234458,0.0011524332221597433,0.11273148655891418,0.0347222238779068,0.24892933666706085,0.0,0.0,0.0,0.0,32.98770523071289,0.15310096740722656,2224.0,1.2976200580596924,494.5199890136719,-0.013552960939705372
21,-0.0010474276496097445,-0.002329095732420683,0.006846053060144186,-3.348903192090802e-05,0.00011060641554649919,-0.017592592164874077,0.0003259259683545679,1.2463953680708073e-05,0.0,0.100355364382267,0.0,0.899644672870636,13.549606323242188,0.006666666828095913,-0.003738055005669594,0.0027762027457356453,0.16296297311782837,0.08796296268701553,0.24894793331623077,0.0,0.0,0.0,0.0,31.471454620361328,0.1500871181488037,2331.0,1.3243893384933472,483.4800109863281,-0.1062236800789833
22,-0.0010302423033863306,-0.0031020385213196278,0.009602848440408707,-5.726265226257965e-05,0.00020055346249137074,-0.032103173434734344,0.0006369047914631665,2.0888808649033308e-05,0.0,0.105970598757267,0.0,0.894029438495636,13.754651069641113,0.006666666828095913,-0.005238764453679323,0.008366010151803493,0.3184524178504944,0.16051587462425232,0.2552982568740845,0.0,0.0,0.0,0.0,34.62699508666992,0.1475391387939453,2120.0,1.35773503780365,466.260009765625,-0.29231029748916626
23,-0.0010019958717748523,-0.0032989131286740303,0.01010024081915617,-6.969820242375135e-05,0.00016781406884547323,-0.041600532829761505,0.0006549603422172368,1.1885231288033538e-05,0.0,0.118055559694767,0.0,0.881944477558136,13.91612720489502,0.006666666828095913,-0.004339300096035004,0.01001488696783781,0.32748016715049744,0.20800264179706573,0.2516484260559082,0.0,0.0,0.0,0.0,38.60541534423828,0.14803385734558105,1902.0,1.3958759307861328,446.3399963378906,-0.36695197224617004
24,-0.001045677694492042,-0.00390692800283432,0.01075742393732071,-8.659982995595783e-05,0.00020742086053360254,-0.03681217506527901,0.0007435185834765434,6.481680884462548e-06,0.0,0.128811314702034,0.0,0.8711887001991272,14.135185241699219,0.006666666828095913,-0.005168023519217968,0.009383919648826122,0.371759295463562,0.18406085669994354,0.24649333953857422,0.0,0.0,0.0,0.0,37.702796936035156,0.17404747009277344,1946.0,1.4278422594070435,466.1199951171875,-0.25419342517852783
25,-0.0010990198934450746,-0.004726724699139595,0.010888048447668552,-6.439116259571165e-05,0.00017203070456162095,-0.02497154101729393,0.0006520162569358945,9.076193236978725e-06,0.0,0.134304478764534,0.0,0.8656955361366272,14.298711776733398,0.006666666828095913,-0.005296115297824144,0.006874441634863615,0.3260081112384796,0.12485770136117935,0.25230973958969116,0.0,0.0,0.009259259328246117,0.0,39.00631332397461,0.1494295597076416,1882.0,1.456721305847168,487.3900146484375,-0.21676219999790192
26,-0.0010843813652172685,-0.004656428936868906,0.011925175786018372,-8.494329085806385e-05,0.0001612410123925656,-0.030866404995322227,0.000700595264788717,5.334988600225188e-06,0.0,0.1396213173866272,0.0,0.8603786826133728,14.432106971740723,0.00296296295709908,-0.005734337493777275,0.009342404082417488,0.35029762983322144,0.1543319970369339,0.24537873268127441,0.0,0.0,0.0,0.0,36.70279312133789,0.15396642684936523,2000.0,1.483620524406433,473.29998779296875,-0.33466124534606934
27,-0.00109760626219213,-0.004959852900356054,0.01229297649115324,-8.559902926208451e-05,0.00022251278278417885,-0.030515875667333603,0.0008234127890318632,1.3943745216238312e-05,0.0,0.1451958566904068,0.0,0.8548041582107544,14.578065872192383,0.004444444552063942,-0.005501918029040098,0.005013608373701572,0.4117063581943512,0.1525793820619583,0.2497527301311493,0.0,0.0,0.0069444444961845875,0.0,33.67343521118164,0.1499176025390625,2179.0,1.5064363479614258,484.2099914550781,-0.14966006577014923
28,-0.0011325277155265212,-0.005571416579186916,0.012058648280799389,-9.198837506119162e-05,0.00019212621555197984,-0.010330689139664173,0.00064153439598158,2.737365548455273e-06,0.0,0.1409776508808136,0.0,0.8590223789215088,14.688941955566406,0.006666666828095913,-0.003207349218428135,0.0023225166369229555,0.32076719403266907,0.051653437316417694,0.24476797878742218,0.0,0.0,0.0,0.0,36.818416595458984,0.15484023094177246,1994.0,1.5247176885604858,493.17999267578125,-0.021887758746743202
29,-0.0011426924029365182,-0.005554956384003162,0.012058055959641933,-0.0001238495606230572,0.00022345202160067856,-0.0111177247017622,0.0006572771817445755,1.4415567420655861e-05,0.0,0.1292453408241272,0.0,0.8707546591758728,14.749753952026367,0.0008779149502515793,-0.004638689570128918,0.0033698345068842173,0.32863858342170715,0.05558862164616585,0.2537432312965393,0.0,0.0,0.03449074178934097,0.0,36.17597961425781,0.14552998542785645,2029.0,1.536402940750122,488.0299987792969,-0.031693294644355774
30,-0.001107692369259894,-0.004937296733260155,0.012327364645898342,-0.0004379680030979216,0.0002626221103128046,-0.026203704997897148,0.0007441798807121813,1.9243683709646575e-05,0.0,0.1212972030043602,0.0,0.8787028193473816,14.868897438049316,0.00296296295709908,-0.00603853166103363,0.006118553224951029,0.3720899820327759,0.1310185194015503,0.2508506774902344,0.0,0.0,0.021990740671753883,0.0,36.25249481201172,0.16381072998046875,2024.0,1.566781759262085,468.7799987792969,-0.1637369990348816
31,-0.0010970967123284936,-0.004473095294088125,0.013275622390210629,-0.0002445467980578542,0.0003798892430495471,-0.025370372459292412,0.0010611111065372825,2.9911332603660412e-05,0.0,0.1157769113779068,0.0,0.8842231035232544,14.97823715209961,0.0019753086380660534,-0.0057694800198078156,0.005431423429399729,0.5305555462837219,0.1268518567085266,0.251425176858902,0.0,0.0,0.0173611119389534,0.0,34.98820495605469,0.15078210830688477,2098.0,1.5834119319915771,457.9200134277344,-0.1641703099012375
32,-0.0010446930537000299,-0.0041046724654734135,0.015895353630185127,-0.0003552903654053807,0.00048360147047787905,-0.045370373874902725,0.001198765472508967,5.6296838010894135e-05,0.0,0.120863176882267,0.0,0.879136860370636,15.084407806396484,0.0019753086380660534,-0.0065336888656020164,0.008441601879894733,0.5993826985359192,0.22685183584690094,0.2483561784029007,0.0,0.0,0.01666666753590107,0.0,31.303150177001953,0.15060710906982422,2344.0,1.6078393459320068,437.19000244140625,-0.28277209401130676
33,-0.0011354736052453518,-0.00501488009467721,0.017231130972504616,-0.0003584598598536104,0.0006016106926836073,-0.025119049474596977,0.00165806885343045,0.00013575259072240442,0.0,0.1272379606962204,0.0,0.8727620244026184,15.165060043334961,0.00039018443203531206,-0.00619460130110383,0.006822226103395224,0.8290344476699829,0.12559525668621063,0.2521424889564514,0.004629629664123058,0.0,0.016203705221414566,0.0,34.34281539916992,0.1481952667236328,2137.0,1.6163561344146729,448.9700012207031,-0.22159697115421295
34,-0.0012103465851396322,-0.005577812436968088,0.01650046929717064,-0.00028646094142459333,0.0005093938671052456,-0.005555556155741215,0.0015096560819074512,6.351769116008654e-05,0.0,0.1290283203125,0.0,0.8709716796875,15.205524444580078,0.001316872425377369,-0.005815580021589994,0.0012261380907148123,0.7548280358314514,0.02777777798473835,0.24852851033210754,0.0,0.0,0.012500000186264515,0.0,29.66584014892578,0.14862346649169922,2472.0,1.6228843927383423,490.82000732421875,0.06021064892411232
35,-0.0012175545562058687,-0.005653367377817631,0.016353599727153778,-0.0001564258272992447,0.0004117127100471407,-0.007407407741993666,0.0014805556274950504,5.6182241678470746e-05,0.0,0.1293538361787796,0.0,0.8706461787223816,15.232970237731934,0.004444444552063942,-0.004602075554430485,0.0004908338305540383,0.7402777671813965,0.03703703731298447,0.2541716694831848,0.0,0.0,0.013888888992369175,0.0,28.00112533569336,0.14894461631774902,2619.0,1.6290102005004883,490.4800109863281,0.05253712832927704
36,-0.001243037753738463,-0.0055290707387030125,0.01601416803896427,-0.00013800623128190637,0.0004390384419821203,-0.0011111112544313073,0.0016108466079458594,2.1244755771476775e-05,0.0,0.1224772110581398,0.0,0.8775227665901184,15.320740699768066,0.006666666828095913,-0.0021945794578641653,0.000433174631325528,0.8054233193397522,0.0055555556900799274,0.25412920117378235,0.0,0.0,0.0055555556900799274,0.0,35.244476318359375,0.1456003189086914,2083.0,1.6486485004425049,496.4100036621094,0.08995993435382843
37,-0.0012435853714123368,-0.0050710407085716724,0.014161149971187115,-7.628945604665205e-05,0.00022006839571986347,-0.0006944444612599909,0.001022486831061542,1.073517523764167e-05,0.0,0.1073676198720932,0.0,0.8926323652267456,15.38419246673584,0.006666666828095913,-0.0008923858404159546,0.0002604984038043767,0.5112434029579163,0.0034722222480922937,0.25407886505126953,0.0,0.0,0.0,0.0,35.02763748168945,0.14732766151428223,2096.0,1.6605249643325806,500.0,0.09077531844377518
38,-0.0012479870347306132,-0.004721858538687229,0.01441855076700449,-5.77722821617499e-05,0.00019289941701572388,-0.002314814832061529,0.0009257274796254933,1.9833842088701203e-05,0.0,0.0913764089345932,0.0,0.9086235761642456,15.414070129394531,0.0008779149502515793,-0.001922140596434474,0.001248575747013092,0.4628637731075287,0.011574074625968933,0.25138670206069946,0.0,0.0,0.0,0.0,35.50667953491211,0.14550495147705078,2067.0,1.6697216033935547,491.5400085449219,0.055963411927223206
39,-0.0012288857251405716,-0.004745854530483484,0.014734570868313313,-6.231484439922497e-05,0.0001941686205100268,-0.005970418453216553,0.001081241061910987,1.1597052434808575e-05,0.0,0.0831027552485466,0.0,0.9168972373008728,15.501994132995605,0.00296296295709908,-0.003305360907688737,0.0019615001510828733,0.5406205058097839,0.029852092266082764,0.25161775946617126,0.0,0.0,0.0,0.0,34.93330383300781,0.14957022666931152,2101.0,1.695389986038208,492.9800109863281,0.06327789276838303
40,-0.0012229983694851398,-0.0048692962154746056,0.015129468403756618,-4.7834870201768354e-05,0.00019935787713620812,-0.009589947760105133,0.0010493387235328555,1.0557323548709974e-05,0.0,0.0747612863779068,0.0,0.9252387285232544,15.603442192077637,0.0005852766335010529,-0.0036162142641842365,0.0034864391200244427,0.524669349193573,0.04794973507523537,0.25084903836250305,0.0,0.0,0.0,0.0,35.590049743652344,0.1471269130706787,2063.0,1.7098801136016846,481.239990234375,0.0009491359815001488
41,-0.0012343033449724317,-0.004469979088753462,0.015513758175075054,-6.231559382285923e-05,0.00024119438603520393,-0.0076080248691141605,0.0012893519597128034,9.425842108612414e-06,0.0,0.0669216588139534,0.0,0.9330783486366272,15.68085765838623,0.00296296295709908,-0.0037920197937637568,0.0017913209740072489,0.6446759700775146,0.03804012015461922,0.255401611328125,0.0,0.0,0.0,0.0,34.937156677246094,0.14904189109802246,2101.0,1.7298234701156616,486.19000244140625,0.046368688344955444
42,-0.0012497204588726163,-0.004455994348973036,0.01630769856274128,-5.321166827343404e-05,0.00024213685537688434,-0.0028769841883331537,0.0013196428772062063,1.4055281098990235e-05,0.0,0.0636393204331398,0.0,0.9363606572151184,15.767349243164062,0.0019753086380660534,-0.002947089960798621,0.0011642283061519265,0.6598214507102966,0.014384920708835125,0.25293874740600586,0.0,0.0,0.0,0.0,37.50434494018555,0.146531343460083,1958.0,1.7474071979522705,495.4100036621094,0.1056358590722084
43,-0.001259215292520821,-0.00415504164993763,0.016782324761152267,-4.284722308511846e-05,0.00022007501684129238,-0.0030158732552081347,0.0013928251573815942,9.497994142293464e-06,0.0,0.0608317069709301,0.0,0.9391682744026184,15.875584602355957,0.004444444552063942,-0.0028646476566791534,0.0011041746474802494,0.6964126229286194,0.01507936604321003,0.24905821681022644,0.0,0.0,0.0,0.0,36.472198486328125,0.14630341529846191,2013.0,1.775916337966919,495.4800109863281,0.09197888523340225
44,-0.0012724109692499042,-0.004087148699909449,0.016540952026844025,-5.6130204029614106e-05,0.00022577909112442285,-0.002500000176951289,0.0013861112529411912,1.3415269677352626e-05,0.0,0.0551350899040699,0.0,0.9448649287223816,15.954184532165527,0.00039018443203531206,-0.0016248280880972743,0.0007980501977726817,0.6930555701255798,0.012500000186264515,0.2508528232574463,0.0,0.0,0.0,0.0,34.437740325927734,0.14530110359191895,2131.0,1.7838486433029175,495.989990234375,0.0907604992389679
45,-0.001269345753826201,-0.0035142500419169664,0.015712542459368706,-3.6298461054684594e-05,0.0001690486096777022,-0.0013888889225199819,0.0011290344409644604,8.145540959958453e-06,0.0,0.0488823801279068,0.0,0.9511176347732544,16.005603790283203,0.004444444552063942,-0.003093941370025277,0.000423190911533311,0.5645172595977783,0.0069444444961845875,0.24867340922355652,0.0,0.0,0.0,0.0,37.08707809448242,0.15840935707092285,1979.0,1.8000060319900513,495.79998779296875,0.1009199470281601
46,-0.0012743673287332058,-0.00325187505222857,0.015310670249164104,-3.570532498997636e-05,0.00015768781304359436,-0.0021825397852808237,0.000960317556746304,7.029328571661608e-06,0.0,0.0356038399040699,0.0,0.9643961787223816,16.102663040161133,0.006666666828095913,-0.002321781823411584,0.0008096391102299094,0.4801587164402008,0.010912698693573475,0.247372105717659,0.0,0.0,0.0,0.0,34.20326232910156,0.14590215682983398,2146.0,1.8256075382232666,491.7099914550781,0.07488972693681717
47,-0.001275529502891004,-0.0029368617106229067,0.014335972256958485,-2.8703843781840988e-05,0.00014082009147386998,0.0,0.0009912699460983276,6.499742994492408e-06,0.0,0.02593315951526165,0.0,0.9740668535232544,16.165136337280273,0.00039018443203531206,0.011706439778208733,4.0134986193152145e-05,0.49563494324684143,0.0,0.25258252024650574,0.0,0.0,0.0,0.0,36.10942840576172,0.14734196662902832,2033.0,1.828829288482666,500.0,0.11178936809301376
48,-0.001246160245500505,-0.0027498831041157246,0.014827996492385864,-4.9765672883950174e-05,0.00019326616893522441,-0.006898148916661739,0.0012546296929940581,8.088980393949896e-06,0.0,0.02251519076526165,0.0,0.9774848222732544,16.18069839477539,0.001316872425377369,-0.0030927592888474464,0.0019139503128826618,0.6273148655891418,0.03449074178934097,0.2536705434322357,0.0,0.0,0.0,0.0,29.660247802734375,0.1459956169128418,2473.0,1.840532898902893,482.4200134277344,0.039266571402549744
49,-0.0011885275598615408,-0.002337940037250519,0.016075586900115013,-4.660357444663532e-05,0.00021908791677560657,-0.023055557161569595,0.0013277778634801507,2.2669519239570946e-05,0.0,0.02521430142223835,0.0,0.9747856855392456,16.252138137817383,0.00017341530474368483,-0.002594204619526863,0.002486590528860688,0.6638889312744141,0.11527778208255768,0.2556532025337219,0.0,0.0,0.0,0.0,27.214282989501953,0.1898496150970459,2690.0,1.8519062995910645,470.79998779296875,-0.0399269200861454
50,-0.0012185581726953387,-0.00234330166131258,0.016550689935684204,-8.020832319743931e-05,0.0002834754704963416,-0.018584657460451126,0.0015630291309207678,1.4855898371024523e-05,0.0,0.03092447854578495,0.0,0.9690755009651184,16.291593551635742,5.1382310630287975e-05,-0.0035932527389377356,0.00484322989359498,0.781514585018158,0.09292328357696533,0.2488396167755127,0.0,0.0,0.0,0.0,34.4398193359375,0.14706087112426758,2131.0,1.860864281654358,480.1000061035156,0.005768342409282923
51,-0.0012562139891088009,-0.0021519875153899193,0.016935093328356743,-9.008704364532605e-05,0.0002796477638185024,-0.008425925858318806,0.001567724859341979,1.2541786418296397e-05,0.0,0.0340304896235466,0.0,0.9659695029258728,16.329143524169922,0.001316872425377369,-0.003639551578089595,0.002224971540272236,0.7838624119758606,0.04212963208556175,0.25322696566581726,0.0,0.0,0.0,0.0,34.54664611816406,0.14509177207946777,2125.0,1.8746378421783447,482.8599853515625,0.05387439206242561
52,-0.001284860773012042,-0.0019615301862359047,0.017232593148946762,-0.00012398112448863685,0.0002730290580075234,-0.0035714288242161274,0.0016924605006352067,1.843721474870108e-05,0.0,0.0353190116584301,0.0,0.9646809697151184,16.419437408447266,0.004444444552063942,-0.00403220858424902,0.0010300679132342339,0.846230149269104,0.01785714365541935,0.24667437374591827,0.0,0.0,0.0,0.0,34.25270080566406,0.1491386890411377,2143.0,1.8974767923355103,492.0400085449219,0.11869754642248154
53,-0.0012948167277500033,-0.0016121813096106052,0.016838619485497475,-0.00013411589316092432,0.0002476047375239432,-0.0022222225088626146,0.0015514009865000844,1.0498283700144384e-05,0.0,0.0335015207529068,0.0,0.9664984941482544,16.532312393188477,0.006666666828095913,-0.0007528762216679752,0.0007901493809185922,0.7757004499435425,0.011111111380159855,0.24820907413959503,0.0,0.0,0.0,0.0,36.752410888671875,0.14769721031188965,1998.0,1.919697880744934,495.989990234375,0.1386280655860901
54,-0.001301410491578281,-0.0017740072216838598,0.01651870645582676,-0.00011567846377147362,0.00024051085347309709,-0.0020370371639728546,0.0013750882353633642,1.2623403563338798e-05,0.0,0.02950032614171505,0.0,0.9704996943473816,16.602834701538086,0.006666666828095913,-0.0013994872570037842,0.0006315018399618566,0.6875441074371338,0.010185185819864273,0.25442633032798767,0.0,0.0,0.0,0.0,33.068702697753906,0.1856071949005127,2217.0,1.939026951789856,500.0,0.1514800786972046
55,-0.0013192470651119947,-0.0019226007862016559,0.016233937814831734,-0.00011248881492065266,0.000272432022029534,0.0,0.0014391314471140504,1.3104313438816462e-05,0.0,0.02555338479578495,0.0,0.9744465947151184,16.63267707824707,0.006666666828095913,-0.002205098047852516,0.0001097260756068863,0.7195656895637512,0.0,0.25157955288887024,0.0,0.0,0.0,0.0,32.25504684448242,0.17641973495483398,2273.0,1.9366154670715332,500.0,0.1462215930223465
56,-0.0013019886100664735,-0.0016788510838523507,0.016378475353121758,-0.00011360891221556813,0.0002690461406018585,-0.004188712686300278,0.0015087082283571362,1.1138640729768667e-05,0.0,0.02499728836119175,0.0,0.9750027060508728,16.657485961914062,0.001316872425377369,-0.0018461851868778467,0.0017801219364628196,0.7543540596961975,0.02094356343150139,0.24977953732013702,0.0,0.0,0.0,0.0,36.954872131347656,0.16044259071350098,1986.0,1.9535272121429443,488.8299865722656,0.09296141564846039
57,-0.0012652712175622582,-0.00148302991874516,0.016493964940309525,-0.00011916205403394997,0.00032849321723915637,-0.01486772671341896,0.0016132858581840992,2.5451947294641286e-05,0.0,0.0269911028444767,0.0,0.973008930683136,16.71583366394043,7.707346958341077e-05,-0.003769625909626484,0.0035629640333354473,0.8066428303718567,0.07433862239122391,0.2502269148826599,0.0,0.0,0.0,0.0,39.61904525756836,0.14753437042236328,1854.0,1.9610947370529175,477.8299865722656,0.015979275107383728
58,-0.0012526493519544601,-0.0011691931867972016,0.01699732057750225,-0.00014745790394954383,0.00038335108547471464,-0.01644841395318508,0.0017105821752920747,2.137595583917573e-05,0.0,0.0332438163459301,0.0,0.9667561650276184,16.747419357299805,0.001316872425377369,-0.00420899223536253,0.0038570391479879618,0.8552910685539246,0.08224206417798996,0.2507355809211731,0.0,0.0,0.013888888992369175,0.0,36.36564254760742,0.14847397804260254,2019.0,1.975058674812317,475.67999267578125,0.04739395156502724
59,-0.0012659926433116198,-0.001266309292986989,0.018147990107536316,-0.00017032933828886598,0.00041499853250570595,-0.013765432871878147,0.0018115080893039703,4.56382695119828e-05,0.0,0.0380995012819767,0.0,0.961900532245636,16.837194442749023,0.00296296295709908,-0.0043068802915513515,0.0027168719097971916,0.9057539701461792,0.06882716715335846,0.25113949179649353,0.0,0.0,0.0,0.0,34.9407958984375,0.14613032341003418,2101.0,1.9995896816253662,486.239990234375,0.09600446373224258
60,-0.0012929508229717612,-0.001409896300174296,0.01849242113530636,-0.00019803400209639221,0.0004522280069068074,-0.009589947760105133,0.0018485449254512787,5.17604494234547e-05,0.0,0.0409342460334301,0.0,0.9590657353401184,16.91762351989746,0.001316872425377369,-0.004319182597100735,0.002884381450712681,0.9242725372314453,0.04794973507523537,0.2502289116382599,0.0,0.0,0.0,0.0,33.41692352294922,0.14820623397827148,2196.0,2.0179460048675537,480.8800048828125,0.05823635682463646
61,-0.0012263339012861252,-0.0015286196721717715,0.019158722832798958,-0.00020904802659060806,0.0003327992162667215,-0.029219575226306915,0.0017429894069209695,4.4753800466423854e-05,0.0,0.0462646484375,0.0,0.9537353515625,16.981586456298828,0.0005852766335010529,-0.005229294765740633,0.005498157814145088,0.871494710445404,0.14609786868095398,0.2485504150390625,0.0,0.0,0.0,0.0,31.036521911621094,0.14714932441711426,2364.0,2.030848741531372,448.2900085449219,-0.10785102099180222
62,-0.001325290068052709,-0.0013201190158724785,0.018317116424441338,-0.00022782786982133985,0.0003664916439447552,-0.0034259259700775146,0.0018962965114042163,3.80242126993835e-05,0.0,0.0495198555290699,0.0,0.9504801630973816,17.041669845581055,0.004444444552063942,-0.0043022469617426395,0.0010007537202909589,0.9481480717658997,0.017129629850387573,0.2541574537754059,0.0,0.0,0.009259259328246117,0.0,31.906997680664062,0.14821982383728027,2300.0,2.045597553253174,489.0199890136719,0.11903112381696701
63,-0.0012563198106363416,-0.0014795070746913552,0.017995139583945274,-0.0002101842110278085,0.000308097165543586,-0.019166668877005577,0.0018712965538725257,0.00022881780751049519,0.0,0.049072265625,0.0,0.950927734375,17.0738582611084,0.0008779149502515793,-0.004577095620334148,0.004032929893583059,0.9356482028961182,0.09583333879709244,0.249895840883255,0.009259259328246117,0.0,0.0,0.0,31.957944869995117,0.19521546363830566,2293.0,2.0540924072265625,470.1600036621094,-0.025684215128421783
64,-0.0013308642664924264,-0.0017948229797184467,0.016848841682076454,-0.00018413849466014653,0.00032818273757584393,-0.0013888889225199819,0.00171322759706527,4.1240993596147746e-05,0.0,0.0460205078125,0.0,0.9539794921875,17.129352569580078,0.004444444552063942,-0.0021424151491373777,0.0009481612942181528,0.8566137552261353,0.0069444444961845875,0.2523799240589142,0.0,0.0,0.012500000186264515,0.0,34.613101959228516,0.1517012119293213,2120.0,2.064117908477783,500.0,0.15227338671684265
65,-0.001332189072854817,-0.002004339825361967,0.016871511936187744,-0.0001528576685814187,0.00029041917878203094,-0.0009259259677492082,0.0015632276190444827,3.462402310105972e-05,0.0,0.0431721992790699,0.0,0.9568278193473816,17.162832260131836,0.006666666828095913,0.0007688374607823789,0.00042377880890853703,0.7816137671470642,0.004629629664123058,0.25309643149375916,0.0,0.0,0.0055555556900799274,0.0,36.4001350402832,0.1492931842803955,2017.0,2.072380304336548,498.8599853515625,0.138137549161911
66,-0.0013294016243889928,-0.0016109199495986104,0.01709054596722126,-0.00016751777729950845,0.00034341323771514,-0.003240741090849042,0.0016556878108531237,6.985995423747227e-05,0.0,0.0417344830930233,0.0,0.9582655429840088,17.193344116210938,0.001316872425377369,-0.0013587451539933681,0.0007762775057926774,0.827843964099884,0.016203705221414566,0.2505306005477905,0.0,0.0,0.0034722222480922937,0.0,33.944522857666016,0.15299034118652344,2162.0,2.086188554763794,496.30999755859375,0.1221560537815094
67,-0.0013132671592757106,-0.0015377793461084366,0.01753307692706585,-0.00018334586638957262,0.00033812798210419714,-0.008703703992068768,0.0016674383077770472,6.303278496488929e-05,0.0,0.0425347238779068,0.0,0.9574652910232544,17.275047302246094,0.0019753086380660534,-0.004106177017092705,0.002005277667194605,0.8337191343307495,0.043518517166376114,0.24955874681472778,0.0,0.0,0.0,0.0,35.535667419433594,0.14809298515319824,2066.0,2.114255428314209,494.32000732421875,0.10664217919111252
68,-0.0013009426183998585,-0.0015338959638029337,0.018406547605991364,-0.0002089232875732705,0.0004137305950280279,-0.009126984514296055,0.001876256545074284,0.00012396393867675215,0.0,0.0440673828125,0.0,0.9559326171875,17.374107360839844,0.001316872425377369,-0.0035113170742988586,0.002171044237911701,0.9381283521652222,0.0456349179148674,0.24990908801555634,0.0,0.0,0.0,0.0,33.12540054321289,0.14623713493347168,2215.0,2.138376235961914,486.54998779296875,0.07864748686552048
69,-0.001283518853597343,-0.001640243106521666,0.018297726288437843,-0.0001886646932689473,0.00036889759940095246,-0.013553793542087078,0.0017899030353873968,7.625100261066109e-05,0.0,0.0472412109375,0.0,0.9527587890625,17.445392608642578,0.0008779149502515793,-0.005143042653799057,0.004234211519360542,0.8949515223503113,0.06776896119117737,0.24981768429279327,0.0,0.0,0.0,0.0,32.033592224121094,0.1544172763824463,2290.0,2.15324068069458,473.1199951171875,-0.026245037093758583
70,-0.001300129690207541,-0.0019487416138872504,0.018820736557245255,-0.00019337372214067727,0.0003624695527832955,-0.007096561137586832,0.0018701718654483557,0.00021179544273763895,0.0,0.0503065325319767,0.0,0.949693500995636,17.53896141052246,0.00296296295709908,-0.00443297391757369,0.0024767140857875347,0.9350859522819519,0.03548280522227287,0.2495902180671692,0.004629629664123058,0.0,0.0,0.0,33.49018859863281,0.15795159339904785,2191.0,2.1891708374023438,479.3599853515625,0.0564022921025753
71,-0.0012986072106286883,-0.001970144221559167,0.019135182723402977,-0.00016559433424845338,0.0003059591690544039,-0.007480159401893616,0.001874713459983468,8.77412167028524e-05,0.0,0.0512152798473835,0.0,0.9487847089767456,17.67341423034668,0.004444444552063942,-0.00397838931530714,0.002116162097081542,0.9373567700386047,0.03740079700946808,0.24933692812919617,0.0,0.0,0.0,0.0,36.964569091796875,0.1465473175048828,1986.0,2.224703311920166,490.6700134277344,0.11724024266004562
72,-0.001302422140724957,-0.002056076657027006,0.01824420504271984,-0.00019792147213593125,0.00025619484949856997,-0.005478395614773035,0.001769554684869945,9.619869524613023e-05,0.0,0.0467936210334301,0.0,0.9532063603401184,17.811437606811523,0.004444444552063942,-0.004310408141463995,0.0026978810783475637,0.8847773671150208,0.02739197574555874,0.25251853466033936,0.0,0.0,0.0,0.0,36.463741302490234,0.1902637481689453,2011.0,2.2692394256591797,475.04998779296875,0.04271509125828743
73,-0.0013085348764434457,-0.0019912964198738337,0.01709407940506935,-0.00014368251140695065,0.00018395921506453305,-0.0018518519354984164,0.0015583334024995565,5.2068906370550394e-05,0.0,0.0439181849360466,0.0,0.9560818076133728,17.911836624145508,0.006666666828095913,-0.003420591587200761,0.0004670174967031926,0.7791666984558105,0.009259259328246117,0.25041285157203674,0.0,0.0,0.0,0.0,34.52103805541992,0.15367603302001953,2126.0,2.274651050567627,495.6300048828125,0.13553179800510406
74,-0.0012994060525670648,-0.0020495951175689697,0.016652235761284828,-0.0001326566271018237,0.00019474072905723006,-0.0070899478159844875,0.0016173281474038959,5.058492752141319e-05,0.0,0.0421413853764534,0.0,0.9578586220741272,17.932361602783203,0.001316872425377369,-0.0030606777872890234,0.0015734239714220166,0.808664083480835,0.035449735820293427,0.25353923439979553,0.0,0.0,0.0,0.0,30.89456558227539,0.14638996124267578,2375.0,2.291957139968872,489.69000244140625,0.08714956045150757
75,-0.0012934228871017694,-0.0026862733066082,0.015392007306218147,-0.00010525951074669138,0.00012434257951099426,-0.004629630129784346,0.0012532408582046628,2.5388833819306456e-05,0.0,0.0375840924680233,0.0,0.9624159336090088,18.023971557617188,0.004444444552063942,-0.003318073693662882,0.0010567766148597002,0.6266204118728638,0.023148149251937866,0.2488536387681961,0.0,0.0,0.0,0.0,32.37644577026367,0.1470198631286621,2266.0,2.321897268295288,492.0,0.08543415367603302
76,-0.0012799056712538004,-0.0024561823811382055,0.01473937463015318,-9.958620648831129e-05,0.00010168648441322148,-0.006256614346057177,0.001130158780142665,0.00018008786719292402,0.0,0.0349799282848835,0.0,0.9650200605392456,18.138328552246094,0.004444444552063942,-0.003238810459151864,0.0016341344453394413,0.565079391002655,0.031283069401979446,0.2502554953098297,0.012500000186264515,0.0,0.0,0.0,27.793148040771484,0.1462862491607666,2638.0,2.3654754161834717,480.6300048828125,0.02225382812321186
77,-0.001301116426475346,-0.002196358749642968,0.015117662027478218,-0.00011618978896876797,0.0001351319078821689,-0.003888888983055949,0.0012129630194976926,6.615629536099732e-05,0.0,0.033203125,0.0,0.966796875,18.280603408813477,0.00296296295709908,-0.0023027067072689533,0.0013228842290118337,0.6064814925193787,0.01944444514811039,0.25486668944358826,0.0,0.0,0.0,0.0,28.879783630371094,0.14889168739318848,2539.0,2.4007649421691895,487.2900085449219,0.07542723417282104
78,-0.001295539434067905,-0.0021482643205672503,0.016084684059023857,-0.00013559579383581877,0.00020108871103730053,-0.006410934962332249,0.0014793210430070758,0.00011799913045251742,0.0,0.0337727852165699,0.0,0.9662272334098816,18.395952224731445,0.004444444552063942,-0.0035057009663432837,0.001266570296138525,0.7396605014801025,0.03205467760562897,0.2456074357032776,0.0,0.0,0.0,0.0,34.77012634277344,0.14794063568115234,2111.0,2.4358348846435547,493.2799987792969,0.10855825990438461
79,-0.0012982642510905862,-0.002482497366145253,0.016679363325238228,-0.0001542591053294018,0.00019665736181195825,-0.005462963599711657,0.0016846561338752508,6.235493492567912e-05,0.0,0.0353732630610466,0.0,0.9646267294883728,18.527849197387695,0.006666666828095913,-0.00286201573908329,0.0013759498251602054,0.8423280715942383,0.027314815670251846,0.2475769817829132,0.0,0.0,0.0,0.0,35.095394134521484,0.14776396751403809,2091.0,2.48085880279541,491.8399963378906,0.10934083163738251
80,-0.0013145977864041924,-0.002243140945211053,0.01732323132455349,-0.00014507232117466629,0.00024967954959720373,-0.004398148041218519,0.0017777116736397147,7.47444573789835e-05,0.0,0.0360107421875,0.0,0.9639892578125,18.629680633544922,0.001316872425377369,-0.0038978359661996365,0.001601325231604278,0.8888558149337769,0.021990740671753883,0.2546258568763733,0.0,0.0,0.0,0.0,35.25041961669922,0.14692974090576172,2082.0,2.5012435913085938,485.2699890136719,0.08101749420166016
81,-0.0013033063150942326,-0.002597774611786008,0.017470592632889748,-0.0001456233294447884,0.00026151505880989134,-0.005661375820636749,0.0018169531831517816,5.969119229121134e-05,0.0,0.0364854596555233,0.0,0.9635145664215088,18.683391571044922,0.0008779149502515793,-0.003082313807681203,0.0015816212398931384,0.9084766507148743,0.028306880965828896,0.25211572647094727,0.0,0.0,0.0,0.0,34.211612701416016,0.14752984046936035,2145.0,2.514525890350342,492.3599853515625,0.1101769506931305
82,-0.0013323271414265037,-0.0023077514488250017,0.017698653042316437,-0.00016256902017630637,0.00025306124007329345,-0.0025462964549660683,0.0018183202482759953,3.822367580141872e-05,0.0,0.035400390625,0.0,0.964599609375,18.74610137939453,0.00296296295709908,-0.0033149253576993942,0.0009179111220873892,0.9091600775718689,0.012731482274830341,0.24510295689105988,0.0,0.0,0.0,0.0,34.028865814208984,0.15335917472839355,2156.0,2.5434136390686035,496.20001220703125,0.1383047103881836
83,-0.0013146159471943974,-0.0029141746927052736,0.017154328525066376,-0.00013245457375887781,0.0002119027340086177,-0.0027777778450399637,0.0017631615046411753,6.365205626934767e-05,0.0,0.0325385220348835,0.0,0.9674614667892456,18.830036163330078,0.00296296295709908,-0.003330805106088519,0.0010953914606943727,0.8815807104110718,0.013888888992369175,0.24914073944091797,0.0,0.0,0.0,0.0,34.28031921386719,0.148406982421875,2141.0,2.56622314453125,492.0199890136719,0.10670444369316101
84,-0.0012905581388622522,-0.0027913853991776705,0.016316426917910576,-0.00012186971434857696,0.00019239714310970157,-0.007645503617823124,0.0015321428654715419,0.00010680898412829265,0.0,0.03093804232776165,0.0,0.9690619707107544,18.92117691040039,0.004444444552063942,-0.0034889455419033766,0.0020230142399668694,0.7660714387893677,0.03822751343250275,0.2480209618806839,0.0,0.0,0.0,0.0,33.029422760009766,0.14605164527893066,2222.0,2.6075103282928467,486.80999755859375,0.07899854332208633
85,-0.0013205051654949784,-0.0026392403524369,0.01606699824333191,-0.00013876587036065757,0.00016552137094549835,-0.003271605120971799,0.001651543308980763,7.195388025138527e-05,0.0,0.0287000872194767,0.0,0.971299946308136,19.01742935180664,0.0019753086380660534,-0.0029555298388004303,0.0015149402897804976,0.8257716298103333,0.01635802537202835,0.25010767579078674,0.0,0.0,0.0,0.0,32.531558990478516,0.1485297679901123,2256.0,2.6239724159240723,487.05999755859375,0.07766196876764297
86,-0.0013005663640797138,-0.002771145896986127,0.015913736075162888,-0.00015297856589313596,0.00016134511679410934,-0.006851851940155029,0.001608972786925733,4.7563746193191037e-05,0.0,0.02864583395421505,0.0,0.9713541865348816,19.08314323425293,0.00296296295709908,-0.0038561862893402576,0.0016564548714086413,0.8044863343238831,0.034259259700775146,0.2477126121520996,0.0,0.0,0.0,0.0,35.86386489868164,0.14571690559387207,2047.0,2.6522393226623535,491.2900085449219,0.09126534312963486
87,-0.0013139266520738602,-0.0027900587301701307,0.016408149152994156,-0.00011944455036427826,0.00016440209583379328,-0.005052910652011633,0.0016490300185978413,0.00018359057139605284,0.0,0.02875434048473835,0.0,0.9712456464767456,19.187158584594727,0.004444444552063942,-0.002847175346687436,0.0016149238217622042,0.8245150446891785,0.025264551863074303,0.24799829721450806,0.0069444444961845875,0.0,0.0,0.0,32.93299102783203,0.18673944473266602,2226.0,2.6921510696411133,487.5400085449219,0.07628866285085678
88,-0.001292107393965125,-0.0027097936253994703,0.016616789624094963,-0.00012524235353339463,0.0001829040702432394,-0.009126984514296055,0.001698412699624896,4.364942651591264e-05,0.0,0.02985297329723835,0.0,0.9701470136642456,19.34050750732422,0.004444444552063942,-0.00366054754704237,0.0025755742099136114,0.8492063879966736,0.0456349216401577,0.2485491931438446,0.0,0.0,0.0,0.0,33.686676025390625,0.16277694702148438,2178.0,2.7526724338531494,479.6199951171875,0.049299340695142746
89,-0.0012541987234726548,-0.002739222953096032,0.01614569127559662,-9.980842150980607e-05,0.00016309389320667833,-0.015185185708105564,0.001622222363948822,0.00011021232785424218,0.0,0.0313449427485466,0.0,0.9686550498008728,19.52727699279785,0.006666666828095913,-0.0036030642222613096,0.002978692762553692,0.8111111521720886,0.07592592388391495,0.2486504465341568,0.004629629664123058,0.0,0.0,0.0,30.989795684814453,0.152909517288208,2367.0,2.8209891319274902,468.69000244140625,0.003448922885581851
90,-0.0012750976020470262,-0.0031650785822421312,0.016104914247989655,-0.00011371482105460018,0.0001426444941898808,-0.011296296492218971,0.0016138228820636868,6.218493945198134e-05,0.0,0.0331624336540699,0.0,0.9668375849723816,19.6390323638916,9.999999747378752e-06,0.0017291351687163115,0.0014967962633818388,0.8069113492965698,0.05648148059844971,0.24995677173137665,0.0,0.0,0.0,0.0,29.954578399658203,0.1443781852722168,2449.0,2.83046293258667,482.29998779296875,0.05994433909654617
91,-0.0013462280621752143,-0.0034469659440219402,0.01617780700325966,-8.902354602469131e-05,0.0001703825982986018,-0.0021825397852808237,0.0016139551298692822,4.19920397689566e-05,0.0,0.0316975899040699,0.0,0.9683024287223816,19.653396606445312,0.0012974634300917387,-0.00216669007204473,0.0008343969820998609,0.8069775700569153,0.010912698693573475,0.2518734335899353,0.0,0.0,0.0,0.0,29.282381057739258,0.1458120346069336,2505.0,2.8413193225860596,495.4200134277344,0.09107537567615509
92,-0.0013450410915538669,-0.00391480652615428,0.01586475409567356,-0.00010249299521092325,0.00014895942877046764,-0.0069444444961845875,0.0014201278099790215,0.00015243186498992145,0.0,0.03093804232776165,0.0,0.9690619707107544,19.696041107177734,9.999999747378752e-06,-0.002350134076550603,0.002311778487637639,0.7100639343261719,0.0347222238779068,0.25320202112197876,0.0,0.0,0.0,0.0,32.87548065185547,0.1856527328491211,2230.0,2.851538896560669,492.70001220703125,0.004811720456928015
93,-0.001357075059786439,-0.00350379035808146,0.016131341457366943,-0.00010627580195432529,0.00016135878104250878,-0.0021825397852808237,0.0015337964287027717,5.718287138734013e-05,0.0,0.0320909284055233,0.0,0.9679090976715088,19.712934494018555,0.0029192925430834293,-0.002030677627772093,0.0011162117589265108,0.7668981552124023,0.010912698693573475,0.24932819604873657,0.0,0.0,0.0,0.0,32.35274887084961,0.15265798568725586,2268.0,2.8647966384887695,491.3800048828125,0.08910544961690903
94,-0.0013208668678998947,-0.0034104229416698217,0.016195088624954224,-0.00014541893324349076,0.00015767525474075228,-0.009642858058214188,0.0016535714967176318,5.223610787652433e-05,0.0,0.0329182930290699,0.0,0.9670817255973816,19.77166748046875,0.0012974634300917387,-0.004270600154995918,0.0025681278202682734,0.8267857432365417,0.04821429029107094,0.25189679861068726,0.0,0.0,0.0,0.0,34.33372116088867,0.14820432662963867,2138.0,2.885946273803711,479.3699951171875,0.012884169816970825
95,-0.0013166469288989902,-0.0034248600713908672,0.01648847945034504,-0.00010717476106947288,0.00016586034325882792,-0.0075374785810709,0.0015904762549325824,0.000339941238053143,0.0,0.0330674909055233,0.0,0.9669325351715088,19.859296798706055,0.004378939047455788,-0.003913125488907099,0.0027532910462468863,0.7952380776405334,0.03768738731741905,0.25047317147254944,0.0,0.0,0.0,0.0,35.50402069091797,0.1468656063079834,2068.0,2.9310555458068848,479.04998779296875,0.03847062960267067
96,-0.0013314893003553152,-0.0035255933180451393,0.017337346449494362,-0.00010727826156653464,0.00017818926426116377,-0.005555556155741215,0.001844687038101256,6.3336017774418e-05,0.0,0.0334337018430233,0.0,0.9665663242340088,19.9686336517334,0.004378939047455788,-0.0017780618509277701,0.0008214216213673353,0.9223434925079346,0.02777777798473835,0.25256577134132385,0.0,0.0,0.0,0.0,31.32778549194336,0.14473319053649902,2342.0,2.9603676795959473,491.260009765625,0.10150042176246643
97,-0.001358042354695499,-0.0035989354364573956,0.01728043332695961,-9.876445983536541e-05,0.00014631645171903074,-0.0011111112544313073,0.0018346559954807162,8.319198241224512e-05,0.0,0.0334201380610466,0.0,0.9665798544883728,20.03771209716797,0.0065684085711836815,-0.0023967307060956955,0.00029312921105884016,0.9173281192779541,0.0055555556900799274,0.24719534814357758,0.0,0.0,0.0,0.0,35.53466033935547,0.15067172050476074,2066.0,2.982355833053589,500.0,0.13989996910095215
98,-0.00136017263866961,-0.003425643313676119,0.016944436356425285,-9.1770758444909e-05,0.0001426261878805235,-0.0028306879103183746,0.0017382496735081077,7.194990757852793e-05,0.0,0.0314398892223835,0.0,0.9685600996017456,20.12125587463379,0.0065684085711836815,-0.001111621386371553,0.0009865183383226395,0.869124710559845,0.014153439551591873,0.2495046705007553,0.0,0.0,0.0,0.0,38.46060562133789,0.18520903587341309,1907.0,3.026062488555908,495.6499938964844,0.12191414088010788
99,-0.0013259812258183956,-0.003527809400111437,0.01691686362028122,-9.683908137958497e-05,0.00012966997746843845,-0.008648589253425598,0.00173505290877074,6.541654875036329e-05,0.0,0.0321044921875,0.0,0.9678955078125,20.191608428955078,0.0002562890585977584,-0.0021015016827732325,0.002859710715711117,0.8675264716148376,0.04324294626712799,0.24976947903633118,0.0,0.0,0.0,0.0,36.037715911865234,0.14739704132080078,2037.0,3.0360488891601562,473.6499938964844,0.016081372275948524
100,-0.00133129779715091,-0.003573416033759713,0.01761353760957718,-9.336027869721875e-05,0.00013837333244737238,-0.008498677983880043,0.0018140212632715702,7.025353261269629e-05,0.0,0.0338270403444767,0.0,0.966172993183136,20.215831756591797,0.0005766503745689988,-0.003406223375350237,0.0024321372620761395,0.9070106148719788,0.042493388056755066,0.25099077820777893,0.0,0.0,0.0,0.0,38.250328063964844,0.1483440399169922,1920.0,3.0478320121765137,486.989990234375,0.08733911067247391
101,-0.0012820834526792169,-0.002917942823842168,0.01736462675035,-7.853448914829642e-05,0.0001302987220697105,-0.01955246925354004,0.0017725309589877725,6.222362571861595e-05,0.0,0.03662109375,0.0,0.96337890625,20.258136749267578,0.0005766503745689988,-0.005046274978667498,0.0053711263462901115,0.8862654566764832,0.0977623388171196,0.24984659254550934,0.0,0.0,0.0,0.0,34.092960357666016,0.1453399658203125,2153.0,3.0654540061950684,455.8699951171875,-0.06966454535722733
102,-0.001328455749899149,-0.003175529884174466,0.01779833808541298,-7.988719880813733e-05,0.00012192392750876024,-0.012414022348821163,0.0018230159766972065,5.353206506697461e-05,0.0,0.0397135429084301,0.0,0.9602864384651184,20.309356689453125,0.0019461950287222862,-0.005279963836073875,0.0035387538373470306,0.9115079045295715,0.062070105224847794,0.24876250326633453,0.0,0.0,0.0,0.0,34.29600143432617,0.14323186874389648,2140.0,3.090456485748291,471.6099853515625,0.014037368819117546
103,-0.001365206902846694,-0.0033926123287528753,0.01777973212301731,-8.935485675465316e-05,0.00011872518371092156,-0.004960317630320787,0.001854629605077207,8.357300248462707e-05,0.0,0.0389268659055233,0.0,0.9610731601715088,20.386043548583984,0.004378939047455788,-0.004064951092004776,0.0013026518281549215,0.9273147583007812,0.0248015895485878,0.2480667680501938,0.0,0.0,0.0,0.0,30.041290283203125,0.14371848106384277,2442.0,3.1183266639709473,487.45001220703125,0.08695437759160995
104,-0.001372507307678461,-0.0031381845474243164,0.017844289541244507,-8.818700007395819e-05,0.00011615939001785591,-0.005277778021991253,0.0018435186939314008,6.886677874717861e-05,0.0,0.0369466133415699,0.0,0.9630534052848816,20.417558670043945,9.999999747378752e-06,0.003421447705477476,0.001061655580997467,0.921759307384491,0.02638888917863369,0.252591997385025,0.0,0.0,0.0,0.0,30.22616958618164,0.17270922660827637,2425.0,3.1214005947113037,487.44000244140625,0.08871834725141525
105,-0.0013980972580611706,-0.003516680793836713,0.017781484872102737,-6.311062315944582e-05,9.99510521069169e-05,0.0,0.001812037080526352,7.672268111491576e-05,0.0,0.0367702916264534,0.0,0.9632297158241272,20.424684524536133,0.0029192925430834293,-0.003963087219744921,2.809799843817018e-05,0.9060185551643372,0.0,0.250373512506485,0.0,0.0,0.0,0.0,31.24755859375,0.16014838218688965,2347.0,3.129051685333252,500.0,0.1540050059556961
106,-0.0013973263558000326,-0.003355366410687566,0.018183941021561623,-7.69554972066544e-05,0.00010402060433989391,0.0,0.0018524691695347428,7.118996290955693e-05,0.0,0.0350748710334301,0.0,0.9649251103401184,20.446216583251953,0.004378939047455788,-0.006022467743605375,4.0052564145298675e-05,0.9262345433235168,0.0,0.2513924241065979,0.0,0.0,0.0,0.0,35.65058135986328,0.15608835220336914,2059.0,3.135173797607422,500.0,0.15425989031791687
107,-0.0013856240548193455,-0.0031947216484695673,0.01805957593023777,-7.47375306673348e-05,9.873742237687111e-05,-0.00394179904833436,0.0018318122019991279,6.81936289765872e-05,0.0,0.0343560129404068,0.0,0.9656440019607544,20.45951271057129,0.0008649755618534982,-0.0030494167003780603,0.0012832924257963896,0.9159060716629028,0.019708996638655663,0.24809043109416962,0.0,0.0,0.0,0.0,31.717676162719727,0.14675140380859375,2313.0,3.1453514099121094,491.8299865722656,0.0933706983923912
108,-0.0013871740084141493,-0.0032315936405211687,0.017519250512123108,-7.166693831095472e-05,0.00011889781308127567,-0.003703703870996833,0.0017541005508974195,4.79021982755512e-05,0.0,0.0332302525639534,0.0,0.9667697548866272,20.522676467895508,0.004378939047455788,-0.002908968133851886,0.0006296812789514661,0.8770502805709839,0.018518518656492233,0.24865682423114777,0.0,0.0,0.0,0.0,32.07217788696289,0.2931220531463623,2277.0,3.1786813735961914,495.760009765625,0.12995006144046783
109,-0.0013743024319410324,-0.0028649242594838142,0.017661327496170998,-7.15816204319708e-05,0.00010199481039308012,-0.007546296808868647,0.0017724648350849748,5.004618287784979e-05,0.0,0.03081597201526165,0.0,0.9691840410232544,20.558834075927734,9.999999747378752e-06,-0.001921184128150344,0.0022687024902552366,0.886232316493988,0.037731483578681946,0.25532591342926025,0.0,0.0,0.0,0.0,34.149391174316406,0.14415836334228516,2149.0,3.180169105529785,482.20001220703125,0.0512753389775753
110,-0.0014036271022632718,-0.002670134184882045,0.018281275406479836,-0.0001307745260419324,0.00014878770161885768,-0.006812169216573238,0.001912037143483758,8.01359856268391e-05,0.0,0.0325927734375,0.0,0.9674072265625,20.568819046020508,0.0012974634300917387,-0.0024675813037902117,0.0017476278590038419,0.9560185670852661,0.034060850739479065,0.2475387006998062,0.0,0.0,0.0,0.0,32.05545425415039,0.1453104019165039,2289.0,3.191096544265747,488.07000732421875,0.08195380866527557
111,-0.0013765429612249136,-0.0025167600251734257,0.01862717606127262,-8.08612530818209e-05,0.0001415264414390549,-0.008981481194496155,0.0018587303347885609,6.052973913028836e-05,0.0,0.0344916470348835,0.0,0.9655083417892456,20.649858474731445,0.004378939047455788,-0.004139294382184744,0.002296257531270385,0.9293651580810547,0.04490740969777107,0.24926753342151642,0.0,0.0,0.0,0.0,34.012516021728516,0.1461317539215088,2158.0,3.2365012168884277,483.95001220703125,0.08529738336801529
112,-0.001367019023746252,-0.0025363864842802286,0.017505988478660583,-7.66442171880044e-05,0.00012993538985028863,-0.013101851567626,0.001901697600260377,0.0002837659849319607,0.0,0.0380995012819767,0.0,0.961900532245636,20.75029754638672,0.0019461950287222862,-0.004276828374713659,0.004416577517986298,0.9508486986160278,0.06550925970077515,0.2495914101600647,0.008641975931823254,0.0,0.0,0.0,38.00107192993164,0.15579795837402344,1932.0,3.269991397857666,480.82000732421875,0.05391273275017738
113,-0.0013868077658116817,-0.0026359998155385256,0.01732134260237217,-0.00010687408212106675,0.00011796825128840283,-0.010105820372700691,0.0018315035849809647,5.199115184950642e-05,0.0,0.0389811210334301,0.0,0.9610188603401184,20.83911895751953,0.004378939047455788,-0.0044082896783947945,0.0017900726525112987,0.9157517552375793,0.050529103726148605,0.251361221075058,0.0,0.0,0.0,0.0,35.10590362548828,0.1466832160949707,2091.0,3.305488109588623,489.739990234375,0.09646030515432358
114,-0.0013795351842418313,-0.002458407776430249,0.01689670979976654,-0.00013054122973699123,0.00010544868564466015,-0.01399931963533163,0.001691684708930552,5.8056630223290995e-05,0.0,0.0384521484375,0.0,0.9615478515625,20.882841110229492,9.999999747378752e-06,-3.046457095479127e-05,0.0033759151119738817,0.8458423614501953,0.06999659538269043,0.2520410716533661,0.0,0.0,0.0034722222480922937,0.0,35.47264099121094,0.17357683181762695,2068.0,3.3103251457214355,481.3500061035156,-0.011519117280840874
115,-0.0014188475906848907,-0.002152662491425872,0.01686164177954197,-8.879526285454631e-05,0.0001267746847588569,-0.009212963283061981,0.0018467592308297753,5.0484075472922996e-05,0.0,0.0379503034055233,0.0,0.9620497226715088,20.893423080444336,0.0012974634300917387,-0.0032020010985434055,0.0014590268256142735,0.9233797192573547,0.046064816415309906,0.2523539960384369,0.0,0.0,0.0,0.0,33.69771957397461,0.14694666862487793,2178.0,3.320465087890625,496.0899963378906,0.10811649262905121
116,-0.001332892687059939,-0.0020215183030813932,0.016038401052355766,-0.00016054813750088215,0.00011474502389319241,-0.024054234847426414,0.001701719593256712,0.00021588164963759482,0.0,0.03857421875,0.0,0.96142578125,20.979167938232422,0.004378939047455788,-0.006590401288121939,0.006385501474142075,0.8508597612380981,0.12027116864919662,0.25016337633132935,0.0,0.0,0.0,0.0,34.11445999145508,0.1438307762145996,2152.0,3.377621650695801,469.95001220703125,-0.07426805049180984
117,-0.0012772221816703677,-0.0018347890581935644,0.01592230051755905,-0.0002614744007587433,0.0001413309946656227,-0.03342592716217041,0.0018523149192333221,0.0014644094044342637,0.0,0.0453830286860466,0.0,0.9546169638633728,21.10365867614746,0.0029192925430834293,-0.007240423932671547,0.011501921340823174,0.9261574149131775,0.16712962090969086,0.24210140109062195,0.05439814552664757,0.0,0.010185185819864273,0.0,36.15922164916992,0.17601966857910156,2029.0,3.4215118885040283,444.44000244140625,-0.18385089933872223
118,-0.0012660674983635545,-0.0017281644977629185,0.01588979922235012,-8.896608778741211e-05,0.00016358328866772354,-0.033472225069999695,0.0018287037964910269,9.368063911097124e-05,0.0,0.0536159947514534,0.0,0.9463840126991272,21.19236946105957,0.0029192925430834293,-0.005882970057427883,0.00607336638495326,0.9143518805503845,0.16736111044883728,0.24437284469604492,0.0,0.0,0.0,0.0,30.927595138549805,0.1479041576385498,2372.0,3.4610769748687744,437.44000244140625,-0.16959047317504883
119,-0.0013487432152032852,-0.0017577233957126737,0.01734943874180317,-8.965047163655981e-05,0.00014755090523976833,-0.017916666343808174,0.0018754630582407117,8.943495049607009e-05,0.0,0.0592447929084301,0.0,0.9407551884651184,21.305864334106445,0.0029192925430834293,-0.005794859956949949,0.0038830318953841925,0.9377314448356628,0.08958332985639572,0.24912579357624054,0.0,0.0,0.0,0.0,35.444618225097656,0.14676475524902344,2071.0,3.5096967220306396,465.1099853515625,-0.01891474239528179
120,-0.0014281640760600567,-0.0018039718270301819,0.017547564581036568,-0.0002530521887820214,0.00017094738723244518,-0.005191798787564039,0.001957341330125928,5.891030377824791e-05,0.0,0.0642632395029068,0.0,0.9357367753982544,21.41918182373047,0.0065684085711836815,-0.00352070783264935,0.0012922012247145176,0.9786706566810608,0.025958994403481483,0.2525748908519745,0.0055555556900799274,0.0,0.004629629664123058,0.0,36.62797927856445,0.14435386657714844,2004.0,3.560821056365967,496.510009765625,0.14604035019874573
121,-0.0014125866582617164,-0.0018004154553636909,0.0178199615329504,-0.00024200283223763108,0.0001823476341087371,-0.008957232348620892,0.00195493851788342,0.00015454595268238336,0.0,0.0652940571308136,0.0,0.9347059726715088,21.481842041015625,0.0012974634300917387,-0.004486840683966875,0.0026502383407205343,0.9774691462516785,0.044786158949136734,0.2493342012166977,0.0069444444961845875,0.0,0.0,0.0,31.247343063354492,0.17837738990783691,2346.0,3.578082323074341,476.8500061035156,0.046947356313467026
122,-0.001405691378749907,-0.0020724451169371605,0.01746595837175846,-0.00018983376503456384,0.00017077874508686364,-0.009201941080391407,0.0018907849444076419,0.00015970251115504652,0.0,0.0683051198720932,0.0,0.9316948652267456,21.540311813354492,0.004378939047455788,-0.004886355251073837,0.0032179388217628,0.9453924298286438,0.04600970074534416,0.24527443945407867,0.0,0.0,0.0,0.0,34.13114929199219,0.14612197875976562,2150.0,3.6154093742370605,479.3599853515625,0.059044867753982544
123,-0.0014371505239978433,-0.0022683702409267426,0.01732589304447174,-0.0002533550432417542,0.00019194175547454506,-0.009444444440305233,0.0019624338019639254,0.00028249682509340346,0.0,0.0705837681889534,0.0,0.9294162392616272,21.618478775024414,0.0012974634300917387,-0.0041611711494624615,0.0019050805130973458,0.9812169671058655,0.04722222313284874,0.24813133478164673,0.00902777723968029,0.0,0.013888888992369175,0.0,33.7431640625,0.17128562927246094,2173.0,3.639052629470825,488.7699890136719,0.10306072980165482
124,-0.001413848833180964,-0.0019979507196694613,0.01775076985359192,-0.00026760814944282174,0.00018359201203566045,-0.010524692013859749,0.0019249338656663895,0.0010227472521364689,0.0,0.0691460520029068,0.0,0.9308539628982544,21.67203140258789,0.004378939047455788,-0.005134956445544958,0.001656510983593762,0.9624670147895813,0.052623458206653595,0.24903173744678497,0.02777777798473835,0.0,0.0069444444961845875,0.0,32.41224670410156,0.14648032188415527,2264.0,3.6718246936798096,483.8900146484375,0.06369882076978683
125,-0.0014378116466104984,-0.0021512715611606836,0.017906082794070244,-0.0002782530209515244,0.00018592887499835342,-0.007936508394777775,0.0019563494715839624,0.0009489044896326959,0.0,0.0693088099360466,0.0,0.9306911826133728,21.737932205200195,0.0029192925430834293,-0.0025130840949714184,0.001318142982199788,0.97817462682724,0.0396825410425663,0.2495926022529602,0.023148149251937866,0.0,0.010185185819864273,0.0,32.835121154785156,0.17285656929016113,2233.0,3.7001423835754395,496.9599914550781,0.15195970237255096
126,-0.0014689617091789842,-0.0023711477406322956,0.017473233863711357,-0.00040394862298853695,0.00020347075769677758,-0.0025925927329808474,0.0019652778282761574,0.000220036759856157,0.0,0.0662434920668602,0.0,0.9337565302848816,21.8011474609375,0.0029192925430834293,-0.003536999924108386,0.001112000085413456,0.9826388955116272,0.012962964363396168,0.24962367117404938,0.003086419776082039,0.0,0.0077160499058663845,0.0,36.40587615966797,0.14407873153686523,2017.0,3.7283642292022705,492.3399963378906,0.11872535198926926
127,-0.0014119651168584824,-0.001908258069306612,0.017014963552355766,-0.00013629153545480222,0.00020394277817104012,-0.014250440523028374,0.0018710759468376637,0.00016872567357495427,0.0,0.0654975026845932,0.0,0.9345024824142456,21.84409523010254,0.0005766503745689988,-0.004321480169892311,0.0026534993667155504,0.9355379939079285,0.07125220447778702,0.2501820921897888,0.0,0.0,0.011574074625968933,0.0,36.272953033447266,0.1484062671661377,2024.0,3.740413188934326,478.3800048828125,0.054290663450956345
128,-0.0014234916307032108,-0.002116535557433963,0.017388224601745605,-0.00028021150501444936,0.0001955598418135196,-0.014907409437000751,0.0019194446504116058,0.00018445549358148128,0.0,0.0659857839345932,0.0,0.9340142011642456,21.883338928222656,0.0029192925430834293,-0.004747109487652779,0.003370149526745081,0.9597223401069641,0.07453703880310059,0.24932485818862915,0.0,0.0,0.0,0.0,33.329345703125,0.14917540550231934,2202.0,3.771216630935669,481.8399963378906,0.039713043719530106
129,-0.0014052066253498197,-0.0021529169753193855,0.017182419076561928,-0.0006524702184833586,0.00021060842846054584,-0.019589947536587715,0.001879100571386516,0.00012129791139159352,0.0,0.0673828125,0.0,0.9326171875,21.96114158630371,0.0019461950287222862,-0.005552997346967459,0.004439464304596186,0.9395502805709839,0.09794974327087402,0.25241509079933167,0.0,0.0,0.02083333395421505,0.0,33.29496765136719,0.1445779800415039,2204.0,3.8066325187683105,466.5899963378906,-0.06092019006609917
130,-0.0014872354222461581,-0.0021604381036013365,0.018301943317055702,-0.00041807637899182737,0.00022216829529497772,-0.003988095559179783,0.0019712962675839663,0.00033571914536878467,0.0,0.0654161274433136,0.0,0.9345839023590088,22.032411575317383,0.0019461950287222862,-0.004114462062716484,0.0015004482120275497,0.9856481552124023,0.01994047500193119,0.25182682275772095,0.009259259328246117,0.0,0.018518518656492233,0.0,34.027137756347656,0.14406728744506836,2157.0,3.8351681232452393,486.8800048828125,0.09220128506422043
131,-0.0014790663262829185,-0.002252839971333742,0.01775401458144188,-0.00011560124403331429,0.00020157669496256858,-0.0077380952425301075,0.0019305555615574121,0.00014357437612488866,0.0,0.0567762590944767,0.0,0.943223774433136,22.093263626098633,0.004378939047455788,-0.004358336329460144,0.00119681132491678,0.9652777910232544,0.0386904738843441,0.24895164370536804,0.0,0.0,0.0416666679084301,0.0,31.893592834472656,0.14902234077453613,2300.0,3.872474193572998,490.489990234375,0.1019958034157753
132,-0.0014540679985657334,-0.002113732509315014,0.018384648486971855,-0.000159903647727333,0.0002091944043058902,-0.009444444440305233,0.0019055554876103997,0.00045047368621453643,0.0,0.0482177734375,0.0,0.9517822265625,22.184738159179688,0.0065684085711836815,-0.002592786680907011,0.02941627986729145,0.9527777433395386,0.04722222313284874,0.24907703697681427,0.013888888992369175,0.0,0.0069444444961845875,0.0,31.76772117614746,0.15345978736877441,2309.0,3.9233713150024414,491.55999755859375,0.13132041692733765
133,-0.0015234955353662372,-0.002301284344866872,0.01883205771446228,-0.00014300116163212806,0.0001895434979815036,-0.0046913581900298595,0.001963888993486762,0.00011364887905074283,0.0,0.0447862409055233,0.0,0.9552137851715088,22.25942039489746,0.0019461950287222862,0.0042884815484285355,0.004964279476553202,0.9819443821907043,0.023456791415810585,0.25389161705970764,0.0,0.0,0.016203705221414566,0.0,34.21511459350586,0.1476883888244629,2145.0,3.949535369873047,499.8699951171875,0.1554132103919983
134,-0.0014887141296640038,-0.002308344468474388,0.019083136692643166,-0.00018667349650058895,0.00023034717014525086,-0.006851851940155029,0.0019749999046325684,0.00016728635819163173,0.0,0.0409613735973835,0.0,0.9590386152267456,22.32338523864746,0.004378939047455788,-0.002771205035969615,0.0017397025367245078,0.987500011920929,0.034259259700775146,0.25050902366638184,0.0,0.0,0.004629629664123058,0.0,36.388832092285156,0.15976428985595703,2017.0,3.9909422397613525,484.9700012207031,0.09466192126274109
135,-0.001472769770771265,-0.002013994148001075,0.01952672004699707,-0.0001401455228915438,0.00021869086776860058,-0.011944444850087166,0.0019074074225500226,0.00017711515829432756,0.0,0.0412190742790699,0.0,0.9587809443473816,22.421016693115234,0.0065684085711836815,-0.0036444731522351503,0.03464934974908829,0.953703761100769,0.05972222611308098,0.2539067268371582,0.0,0.0,0.0069444444961845875,0.0,31.329330444335938,0.19657039642333984,2338.0,4.039126396179199,476.9599914550781,0.06139473617076874
136,-0.001507316599600017,-0.0021886329632252455,0.01883704960346222,-0.0001447120012016967,0.0002160264120902866,-0.005509259644895792,0.0019263890571892262,0.00020495150238275528,0.0,0.0398084856569767,0.0,0.960191547870636,22.488916397094727,0.009852612391114235,-0.0031651745084673166,0.1117844358086586,0.9631945490837097,0.027546295896172523,0.2467733472585678,0.0,0.0,0.017129629850387573,0.0,34.709781646728516,0.15706181526184082,2114.0,4.053277492523193,487.3599853515625,0.11236561834812164
137,-0.0015453704399988055,-0.001984975766390562,0.019183261319994926,-0.00012620938650798053,0.00022855990391690284,-0.003580247052013874,0.0019660494290292263,0.00012782830162905157,0.0,0.0375298410654068,0.0,0.9624701738357544,22.531150817871094,0.009852612391114235,-0.003912235610187054,0.004444968421012163,0.9830247163772583,0.017901236191391945,0.24976618587970734,0.0,0.0,0.0317460298538208,0.0,35.05388641357422,0.15269207954406738,2094.0,4.081762790679932,494.0899963378906,0.13827994465827942
138,-0.0015581867191940546,-0.0017294867429882288,0.019393345341086388,-0.00016646136646158993,0.00024830782786011696,-0.0006944444612599909,0.001969907432794571,0.000219982786802575,0.0,0.0359022356569767,0.0,0.964097797870636,22.55384635925293,0.009999999776482582,-0.0037390138022601604,0.0012807004386559129,0.984953761100769,0.0034722222480922937,0.25039926171302795,0.0,0.0,0.009259259328246117,0.0,31.306814193725586,0.14151620864868164,2344.0,4.087224006652832,495.32000732421875,0.16220217943191528
139,-0.0015510596567764878,-0.0018175765872001648,0.019772687926888466,-0.00013779984146822244,0.00026417584740556777,-0.003472222713753581,0.00194907421246171,0.00029561921837739646,0.0,0.0341525599360466,0.0,0.9658474326133728,22.584226608276367,0.009999999776482582,-0.0028552613221108913,0.001491880277171731,0.9745371341705322,0.0173611119389534,0.24759557843208313,0.009259259328246117,0.0,0.027116402983665466,0.0,35.44649124145508,0.14412879943847656,2071.0,4.103994846343994,499.5899963378906,0.17098987102508545
140,-0.001569340587593615,-0.0019056594464927912,0.020149895921349525,-0.0001277028932236135,0.0002657518198247999,-0.003293650923296809,0.001968055497854948,0.00014978281978983432,0.0,0.0341525599360466,0.0,0.9658474326133728,22.618972778320312,0.009999999776482582,-0.003274486167356372,0.001584327663294971,0.9840277433395386,0.01646825298666954,0.24480584263801575,0.0,0.0,0.009523809887468815,0.0,36.0119743347168,0.1811203956604004,2037.0,4.128061771392822,495.5400085449219,0.15087659657001495
141,-0.0015647492837160826,-0.0019840106833726168,0.019511209800839424,-0.00014271397958509624,0.0002982268633786589,-0.00458333408460021,0.0018945328192785382,0.00012893475650344044,0.0,0.0325385220348835,0.0,0.9674614667892456,22.687856674194336,0.009999999776482582,-0.003021488431841135,0.0019670515321195126,0.9472662806510925,0.02291666716337204,0.24763891100883484,0.0,0.0,0.018287038430571556,0.0,36.193565368652344,0.1847691535949707,2026.0,4.173895359039307,490.4700012207031,0.09851706027984619
142,-0.0015750955790281296,-0.001867044367827475,0.02008933573961258,-0.00013707867765333503,0.00028318577096797526,-0.004120370838791132,0.0019726853352040052,0.00012089757365174592,0.0,0.03081597201526165,0.0,0.9691840410232544,22.727842330932617,0.004444444552063942,-0.0034547224640846252,0.0014707326190546155,0.9863426685333252,0.020601851865649223,0.2537909746170044,0.0,0.0,0.029894182458519936,0.0,34.90590286254883,0.18307757377624512,2101.0,4.190441131591797,492.57000732421875,0.1307598054409027
143,-0.0015988819068297744,-0.001892073662020266,0.02026355266571045,-0.00015448960766661912,0.0003242356760893017,0.0,0.001986111281439662,0.00021622475469484925,0.0,0.02701822854578495,0.0,0.9729817509651184,22.749006271362305,0.006666666828095913,0.0027648599352687597,0.00015230750432237983,0.9930555820465088,0.0,0.2511179745197296,0.0,0.0,0.03240741044282913,0.0,36.204933166503906,0.14673137664794922,2028.0,4.189703941345215,500.0,0.1937563121318817
144,-0.0015969013329595327,-0.0020902708638459444,0.020646844059228897,-0.00015754868218209594,0.00029159022960811853,-0.0011111112544313073,0.0019833333790302277,0.00021169880346860737,0.0,0.02289496548473835,0.0,0.9771050214767456,22.76028060913086,0.006666666828095913,-0.0004949878202751279,0.0004651728959288448,0.9916666150093079,0.0055555556900799274,0.2532610297203064,0.0,0.0,0.01944444514811039,0.0,34.077430725097656,0.14685535430908203,2154.0,4.197230339050293,495.6700134277344,0.17447622120380402
145,-0.0016144399996846914,-0.0019860996399074793,0.020733874291181564,-0.0001713717938400805,0.0003181427891831845,0.0,0.0019768518395721912,0.00018286715203430504,0.0,0.02152506448328495,0.0,0.9784749150276184,22.741613388061523,0.009999999776482582,-0.008356777019798756,0.001406405819579959,0.9884260296821594,0.0,0.24830511212348938,0.0,0.0,0.04722221940755844,0.0,29.84781265258789,0.14746308326721191,2457.0,4.187865257263184,500.0,0.1934797465801239
146,-0.001614934648387134,-0.0019966315012425184,0.020657211542129517,-0.0001696398394415155,0.0003049926890525967,-0.0027777780778706074,0.0019351852824911475,0.00021792612096760422,0.0,0.01984320767223835,0.0,0.9801567792892456,22.778589248657227,0.009999999776482582,-0.0021792789921164513,0.0009352820343337953,0.9675926566123962,0.013888888992369175,0.2538110911846161,0.0,0.0,0.0,0.0,31.286720275878906,0.1526014804840088,2345.0,4.2211713790893555,494.3500061035156,0.15444731712341309
147,-0.0016128201968967915,-0.002320970641449094,0.020269043743610382,-0.00016374119149986655,0.0002788798010442406,-0.0055555556900799274,0.0019114200258627534,0.00014462904073297977,0.0,0.01904296875,0.0,0.98095703125,22.83700942993164,0.004444444552063942,-0.0033555750269442797,0.0011789367999881506,0.9557098746299744,0.02777777798473835,0.2484665960073471,0.0,0.0,0.025925928726792336,0.0,32.68783187866211,0.14251947402954102,2245.0,4.257828235626221,499.3900146484375,0.16721102595329285
148,-0.001617560861632228,-0.0022040926851332188,0.020609207451343536,-0.00016509430133737624,0.00030831494950689375,-0.0034259259700775146,0.001999999862164259,0.0001468911359552294,0.0,0.0194227434694767,0.0,0.980577290058136,22.882923126220703,9.999999747378752e-06,-0.0014233419205993414,0.001187682501040399,1.0,0.017129629850387573,0.2503734230995178,0.0,0.0,0.020216049626469612,0.0,32.63008117675781,0.17458248138427734,2247.0,4.266658782958984,497.0400085449219,0.14545771479606628
149,-0.001612827181816101,-0.002186548663303256,0.01988494023680687,-0.0001460942003177479,0.0002784509852062911,-0.0050925929099321365,0.0019318783888593316,0.0001539045770186931,0.0,0.01839192770421505,0.0,0.9816080927848816,22.889799118041992,0.0065684085711836815,-0.0024131739046424627,0.0007930570864118636,0.9659392237663269,0.025462964549660683,0.25063055753707886,0.0,0.0,0.023148149251937866,0.0,36.44683074951172,0.18935847282409668,2012.0,4.275803565979004,495.3500061035156,0.1649683117866516
150,-0.001605849014595151,-0.002436684910207987,0.019840886816382408,-0.00012722957762889564,0.0002739370975177735,-0.005870811641216278,0.0019537259358912706,0.00014542882854584605,0.0,0.0163709856569767,0.0,0.983629047870636,22.916505813598633,9.999999747378752e-06,-0.0024883511941879988,0.003279786789789796,0.9768627882003784,0.02935405634343624,0.2521597445011139,0.0,0.0,0.013657407835125923,0.0,37.514034271240234,0.14660096168518066,1957.0,4.286285877227783,476.0,0.03225843980908394
151,-0.0015834791120141745,-0.002568067517131567,0.01926332153379917,-0.0002396637573838234,0.0002532553335186094,-0.010972223244607449,0.0018730821320787072,0.00012204294034745544,0.0,0.02035861648619175,0.0,0.9796413779258728,22.93000030517578,0.0008649755618534982,-0.002990140113979578,0.0029827579855918884,0.9365410208702087,0.05486111715435982,0.24751785397529602,0.0,0.0,0.01299603097140789,0.0,33.41154861450195,0.14368057250976562,2197.0,4.300971508026123,488.6000061035156,0.06935486942529678
152,-0.00160341861192137,-0.002269984455779195,0.020149899646639824,-0.00021169542742427438,0.000274509220616892,-0.006666666828095913,0.0019037036690860987,0.00010780252341646701,0.0,0.02194553054869175,0.0,0.9780544638633728,22.99939727783203,0.0019461950287222862,-0.0035653002560138702,0.0007552335155196488,0.9518518447875977,0.03333333507180214,0.24763835966587067,0.0,0.0,0.03333333507180214,0.0,33.96438217163086,0.17042255401611328,2159.0,4.343560218811035,495.8900146484375,0.16272380948066711
153,-0.0016269797924906015,-0.0026063253171741962,0.019588928669691086,-0.00022685031581204385,0.0002730783598963171,-0.004126984626054764,0.0019796297419816256,0.00020698734442703426,0.0,0.0217556431889534,0.0,0.9782443642616272,23.042804718017578,0.004378939047455788,-0.004323225934058428,0.0014591950457543135,0.9898148775100708,0.02063492126762867,0.2494366466999054,0.003968254197388887,0.0,0.009259259328246117,0.0,34.612979888916016,0.14544129371643066,2121.0,4.365800380706787,495.739990234375,0.1356552094221115
154,-0.0015854841331019998,-0.0024716162588447332,0.019234756007790565,-0.00016704201698303223,0.0002247184602310881,-0.009991182014346123,0.0018985449569299817,0.0001059673450072296,0.0,0.02313910610973835,0.0,0.9768608808517456,23.080842971801758,0.0002562890585977584,-0.003527397755533457,0.003668659133836627,0.9492724537849426,0.04995591193437576,0.2525300085544586,0.0,0.0,0.04521604999899864,0.0,36.6263542175293,0.14678668975830078,2004.0,4.380167484283447,480.989990234375,0.02852039784193039
155,-0.0015723637770861387,-0.0026218879502266645,0.019271472468972206,-0.0003097832959610969,0.00023243513714987785,-0.010293210856616497,0.0018540123710408807,0.00013704737648367882,0.0,0.02646213211119175,0.0,0.9735378623008728,23.124277114868164,0.0029192925430834293,-0.0041734990663826466,0.0024892345536500216,0.927006185054779,0.05146604776382446,0.2538088858127594,0.0055555556900799274,0.0,0.016203705221414566,0.0,32.98579025268555,0.14601850509643555,2225.0,4.420986175537109,487.19000244140625,0.10958870500326157
156,-0.0015536777209490538,-0.0028593263123184443,0.01915021240711212,-0.00019474478904157877,0.0002502370625734329,-0.013015874661505222,0.001853174646385014,0.00010956782352877781,0.0,0.0291748046875,0.0,0.9708251953125,23.207462310791016,0.0012974634300917387,-0.00418066093698144,0.003537761978805065,0.9265874028205872,0.06507936865091324,0.24659092724323273,0.0,0.0,0.01785714365541935,0.0,34.473148345947266,0.1678307056427002,2128.0,4.4596147537231445,474.9800109863281,0.03219982609152794
157,-0.0015730657614767551,-0.00236186059191823,0.018256762996315956,-0.00026307193911634386,0.000268203963059932,-0.010879631154239178,0.001884259283542633,0.00029240574804134667,0.0,0.0330539271235466,0.0,0.9669460654258728,23.2703857421875,0.0012974634300917387,-0.004792214371263981,0.002996291033923626,0.9421295523643494,0.054398149251937866,0.2507080137729645,0.0062500000931322575,0.0,0.037962961941957474,0.0,30.649965286254883,0.14287066459655762,2394.0,4.495590686798096,478.8999938964844,0.046155352145433426
158,-0.0015530348755419254,-0.0021338616497814655,0.018524786457419395,-0.00023272410908248276,0.0002629730443004519,-0.012283951044082642,0.0018799384124577045,0.00014111325435806066,0.0,0.0363091379404068,0.0,0.9636908769607544,23.343368530273438,0.004378939047455788,-0.005532748065888882,0.003671288723126054,0.9399691820144653,0.06141975149512291,0.24701976776123047,0.004629629664123058,0.0,0.026620371267199516,0.0,35.39272689819336,0.14561152458190918,2074.0,4.549346923828125,470.70001220703125,0.027636252343654633
159,-0.0015589785762131214,-0.0020656543783843517,0.018470773473381996,-0.00031122745713219047,0.00023040504311211407,-0.010482804849743843,0.001920635113492608,0.0008457478252239525,0.0,0.0411105677485466,0.0,0.9588894248008728,23.427234649658203,9.999999747378752e-06,-0.003662822535261512,0.0029061574023216963,0.9603174328804016,0.05241401866078377,0.2491069883108139,0.013888888992369175,0.0,0.0069444444961845875,0.0,31.935102462768555,0.14758515357971191,2298.0,4.572719097137451,476.80999755859375,0.05189487338066101
160,-0.0014952979981899261,-0.0018224817467853427,0.018231889232993126,-0.00019879043975379318,0.00021097747958265245,-0.01962963119149208,0.0018481484148651361,9.056152339326218e-05,0.0,0.0461561419069767,0.0,0.953843891620636,23.444541931152344,0.0019461950287222862,-0.0038497401401400566,0.004554311279207468,0.9240740537643433,0.09814814478158951,0.25213685631752014,0.0,0.0,0.0,0.0,33.5313720703125,0.14611220359802246,2189.0,4.592047214508057,459.19000244140625,-0.025895429775118828
161,-0.0015437141992151737,-0.001971155172213912,0.01846323348581791,-0.00021268644195515662,0.0002512728387955576,-0.013487654738128185,0.0018864197190850973,0.00010743155144155025,0.0,0.0503743477165699,0.0,0.9496256709098816,23.521482467651367,0.004378939047455788,-0.005346973892301321,0.003477234160527587,0.9432098865509033,0.0674382746219635,0.2509157061576843,0.0,0.0,0.011574074625968933,0.0,36.72198486328125,0.14510345458984375,1999.0,4.649731159210205,478.989990234375,0.050623927265405655
162,-0.00158079678658396,-0.0017776329768821597,0.0190221406519413,-0.00032891027512960136,0.00025137196644209325,-0.007142857648432255,0.0019313492812216282,0.0002649413072504103,0.0,0.0520290806889534,0.0,0.9479709267616272,23.625741958618164,0.009852612391114235,-0.0032887880224734545,0.07774803042411804,0.9656746983528137,0.0357142873108387,0.2436991035938263,0.009259259328246117,0.0,0.0,0.0,33.1695556640625,0.14651179313659668,2212.0,4.710515022277832,488.3599853515625,0.11621483415365219
163,-0.0015874603996053338,-0.0018082873430103064,0.0193253792822361,-0.00028066677623428404,0.0002919327816925943,-0.005145503208041191,0.0019170636078342795,0.00020834447059314698,0.0,0.0528157539665699,0.0,0.9471842646598816,23.71219253540039,0.009999999776482582,-0.004825503099709749,0.004659085534512997,0.9585316777229309,0.025727514177560806,0.24840347468852997,0.0,0.0,0.027546295896172523,0.0,35.415367126464844,0.14608240127563477,2073.0,4.746984958648682,487.239990234375,0.11829130351543427
164,-0.0016076448373496532,-0.0017049636226147413,0.019197871908545494,-0.00019533240993041545,0.00029447561246342957,-0.003910935018211603,0.0019251764751970768,0.0001435802987543866,0.0,0.0527886301279068,0.0,0.9472113847732544,23.761869430541992,0.009999999776482582,-0.0028110756538808346,0.003792861243709922,0.9625881910324097,0.01955467276275158,0.2508324682712555,0.0,0.0,0.02341269887983799,0.0,33.14905548095703,0.14596271514892578,2214.0,4.784422874450684,495.1400146484375,0.13730528950691223
165,-0.001603401848115027,-0.0015888562193140388,0.01985706202685833,-0.0001819401077227667,0.000286312832031399,-0.0017283952329307795,0.0019426809158176184,0.00011512665514601395,0.0,0.0487196184694767,0.0,0.951280415058136,23.809383392333984,0.009999999776482582,-0.005203628446906805,0.001110454206354916,0.9713404178619385,0.008641975931823254,0.24935324490070343,0.0,0.0,0.004629629664123058,0.0,34.377994537353516,0.1791222095489502,2133.0,4.800951957702637,496.3599853515625,0.1665206253528595
166,-0.0015971275279298425,-0.0016509226989001036,0.01978771574795246,-0.00015664884995203465,0.00028993116575293243,-0.0019047620007768273,0.001980952452868223,0.00019655936921481043,0.0,0.0475531704723835,0.0,0.9524468183517456,23.840980529785156,0.009999999776482582,-0.004327041562646627,0.0017499490641057491,0.9904761910438538,0.009523809887468815,0.2501690983772278,0.003968254197388887,0.0,0.04722222313284874,0.0,32.099430084228516,0.14161968231201172,2286.0,4.826208591461182,493.5199890136719,0.14865900576114655
167,-0.0015345491701737046,-0.0016388898948207498,0.019587263464927673,-0.00018655888561625034,0.00029331110999919474,-0.011673280969262123,0.0018860449781641364,0.0004206988087389618,0.0,0.0486518032848835,0.0,0.9513481855392456,23.92159652709961,0.009999999776482582,-0.004446929320693016,0.0034444909542798996,0.9430225491523743,0.058366406708955765,0.24667568504810333,0.0055555556900799274,0.0,0.03730158880352974,0.0,35.276432037353516,0.14863157272338867,2081.0,4.894439697265625,474.7300109863281,0.07235000282526016
168,-0.001541578327305615,-0.0015048658242449164,0.019464898854494095,-0.0001478425838286057,0.0002262317866552621,-0.014111552387475967,0.0018393740756437182,0.00025272666243836284,0.0,0.0533718541264534,0.0,0.9466281533241272,24.0185489654541,0.009999999776482582,-0.004884726833552122,0.003718507243320346,0.9196870923042297,0.07055775821208954,0.24824881553649902,0.004629629664123058,0.0,0.0069444444961845875,0.0,37.22923278808594,0.1458742618560791,1972.0,4.9571213722229,485.17999267578125,0.10329591482877731
169,-0.00150574604049325,-0.001480856561101973,0.019379908218979836,-0.00014232963440008461,0.00022814326803199947,-0.01647707261145115,0.001833289279602468,0.00014010230370331556,0.0,0.0543212890625,0.0,0.9456787109375,24.120197296142578,0.0019753086380660534,-0.005819390993565321,0.0062443409115076065,0.9166446328163147,0.08238536864519119,0.2449863702058792,0.0,0.0,0.013888888992369175,0.0,40.35514831542969,0.14408111572265625,1820.0,5.007872104644775,453.739990234375,-0.033993639051914215
170,-0.0015112017281353474,-0.0018028608756139874,0.01929417997598648,-0.0001464391389163211,0.0001933807070599869,-0.01844797469675541,0.0018432980868965387,0.00028452847618609667,0.0,0.0581868477165699,0.0,0.9418131709098816,24.201738357543945,0.004444444552063942,-0.0073423306457698345,0.00645124027505517,0.9216490983963013,0.0922398641705513,0.2484980672597885,0.0069444444961845875,0.0,0.007407407741993666,0.0,37.763084411621094,0.18305683135986328,1942.0,5.069857597351074,445.80999755859375,-0.10090325027704239
171,-0.0014989773044362664,-0.0016249115578830242,0.019505023956298828,-0.00013848303933627903,0.00022464657376985997,-0.020454145967960358,0.001877248752862215,0.00010930262942565605,0.0,0.0604790598154068,0.0,0.9395209550857544,24.30718994140625,0.0019753086380660534,-0.005826284643262625,0.005151120480149984,0.9386242628097534,0.10227072238922119,0.2533690929412842,0.0,0.0,0.0347222238779068,0.0,33.03254318237305,0.18986964225769043,2219.0,5.126631259918213,458.8399963378906,-0.03784266114234924
172,-0.001593923196196556,-0.0018855234375223517,0.01991618610918522,-0.0001397156302118674,0.00022707735479343683,-0.0047222222201526165,0.001934259315021336,0.00011419491784181446,0.0,0.0627170130610466,0.0,0.9372829794883728,24.385988235473633,0.009999999776482582,-0.0030495619866997004,0.0011217144783586264,0.9671295881271362,0.02361111156642437,0.2460939586162567,0.0,0.0,0.013888888992369175,0.0,34.79912567138672,0.14218902587890625,2110.0,5.173582553863525,495.8999938964844,0.16982759535312653
173,-0.0015763500705361366,-0.002042232546955347,0.02005348540842533,-0.0001601839467184618,0.00020858464995399117,-0.007870370522141457,0.00194907421246171,0.0001373185368720442,0.0,0.060302734375,0.0,0.939697265625,24.4486026763916,0.009999999776482582,-0.0033411276526749134,0.0013108080020174384,0.9745371341705322,0.039351850748062134,0.2486688643693924,0.0,0.0,0.009259259328246117,0.0,32.972537994384766,0.14568805694580078,2226.0,5.219019889831543,491.3800048828125,0.14243769645690918
174,-0.0015127332881093025,-0.0021481337025761604,0.019126879051327705,-0.00016438263992313296,0.00016016533481888473,-0.017976190894842148,0.0018493388779461384,0.00011344075755914673,0.0,0.0589328333735466,0.0,0.9410671591758728,24.52517318725586,0.006666666828095913,-0.005686760880053043,0.004304926376789808,0.9246692657470703,0.08988095074892044,0.24616236984729767,0.0,0.0,0.0,0.0,30.063838958740234,0.14829254150390625,2440.0,5.2852349281311035,460.3299865722656,-0.028644805774092674
175,-0.0016018816968426108,-0.0017956971423700452,0.019640183076262474,-0.00017013454635161906,0.00021913611271884292,-0.006534392014145851,0.0019296295940876007,0.00014796151663176715,0.0,0.0567762590944767,0.0,0.943223774433136,24.59671401977539,0.0008779149502515793,-0.003293405519798398,0.0020442798268049955,0.9648148417472839,0.032671958208084106,0.2508983612060547,0.0,0.0,0.0055555556900799274,0.0,37.51506805419922,0.18896079063415527,1955.0,5.304786682128906,483.0400085449219,0.08110332489013672
176,-0.0016443595523014665,-0.002141971606761217,0.01920979842543602,-0.00033024311414919794,0.00020096823573112488,0.0,0.0019295633537694812,0.00012107346265111119,0.0,0.0552707239985466,0.0,0.9447292685508728,24.58612632751465,0.006666666828095913,-0.006178627721965313,0.00011471646575955674,0.9647817611694336,0.0,0.2532901167869568,0.0,0.0,0.0,0.0,34.082069396972656,0.14807796478271484,2153.0,5.283022880554199,500.0,0.17422913014888763
177,-0.001526179607026279,-0.0018615650478750467,0.018823491409420967,-0.0001270656503038481,0.00019658662495203316,-0.016640210524201393,0.0018474869430065155,0.00014824877143837512,0.0,0.0547553189098835,0.0,0.9452446699142456,24.576091766357422,9.999999747378752e-06,-0.002522003371268511,0.004695296753197908,0.9237433671951294,0.08320105820894241,0.24991215765476227,0.0,0.0,0.0,0.0,34.21086120605469,0.153395414352417,2145.0,5.28688907623291,454.5899963378906,-0.04664308950304985
178,-0.0016147643327713013,-0.0017561095301061869,0.01957080140709877,-0.00019857726874761283,0.0002242709306301549,-0.007175926584750414,0.001902579446323216,0.00022998622443992645,0.0,0.0587971992790699,0.0,0.9412028193473816,24.590778350830078,0.0029192925430834293,-0.002808389486745,0.002511985832825303,0.951289713382721,0.03587963059544563,0.24918998777866364,0.003968254197388887,0.0,0.009722222574055195,0.0,35.48457717895508,0.14854764938354492,2069.0,5.3162689208984375,487.6199951171875,0.12476406991481781
179,-0.0015471420483663678,-0.0020020189695060253,0.020004766061902046,-0.00015990278916433454,0.00022532844741363078,-0.014775133691728115,0.001847619190812111,0.00013599023804999888,0.0,0.0609130859375,0.0,0.9390869140625,24.70904541015625,0.009852612391114235,-0.004399078898131847,0.0033491225913167,0.9238095879554749,0.07387566566467285,0.25070932507514954,0.0,0.0,0.013888888992369175,0.0,32.587623596191406,0.15269804000854492,2251.0,5.417471885681152,470.2799987792969,0.038959939032793045
180,-0.0015989776002243161,-0.0019051211420446634,0.020389873534440994,-0.0002458490780554712,0.00026541532133705914,-0.009589947760105133,0.001914682681672275,0.00011360901407897472,0.0,0.064453125,0.0,0.935546875,24.784467697143555,0.0019753086380660534,-0.0029651857912540436,0.0019786814227700233,0.9573413133621216,0.047949738800525665,0.25017493963241577,0.0,0.0,0.0,0.0,33.35682678222656,0.1466214656829834,2200.0,5.438963890075684,485.2200012207031,0.11024007946252823
181,-0.001570348278619349,-0.0025075215380638838,0.020472923293709755,-0.00020911339379381388,0.00023310114920604974,-0.014805997721850872,0.0018682099180296063,0.00016902360948733985,0.0,0.0654703751206398,0.0,0.9345296025276184,24.847105026245117,0.004444444552063942,-0.005344641860574484,0.004271175246685743,0.9341049194335938,0.07402998208999634,0.25447723269462585,0.0,0.0,0.0,0.0,36.56879425048828,0.1784965991973877,2006.0,5.495824337005615,472.67999267578125,0.020353028550744057
182,-0.0016237255185842514,-0.0028628287836909294,0.020246142521500587,-0.0002839664521161467,0.0002240227913716808,-0.005432099103927612,0.001934656291268766,9.105998469749466e-05,0.0,0.0627170130610466,0.0,0.9372829794883728,24.90410614013672,9.999999747378752e-06,-0.0020876936614513397,0.0017263765912503004,0.9673280715942383,0.02716049551963806,0.24786598980426788,0.0,0.0,0.0,0.0,34.63298034667969,0.14955401420593262,2119.0,5.511466979980469,489.5799865722656,0.11827055364847183
183,-0.001637015026062727,-0.003136139828711748,0.02021772973239422,-0.00027775950729846954,0.0002197668218286708,-0.004259259440004826,0.0019768518395721912,0.0001506877306383103,0.0,0.0586886927485466,0.0,0.9413112998008728,24.916744232177734,0.0029192925430834293,-0.0027911518700420856,0.0012115357676520944,0.9884260296821594,0.021296296268701553,0.2539399564266205,0.0,0.0,0.0069444444961845875,0.0,36.63481903076172,0.14815092086791992,2004.0,5.53131103515625,497.9100036621094,0.13346073031425476
184,-0.0016053792787715793,-0.0034938075114041567,0.019955212250351906,-0.000289172341581434,0.0001851747219916433,-0.010330688208341599,0.0019231241894885898,8.010207238839939e-05,0.0,0.0528021939098835,0.0,0.9471977949142456,24.96647834777832,0.0019461950287222862,-0.004678733181208372,0.0029436470940709114,0.9615620374679565,0.051653437316417694,0.25431838631629944,0.0,0.0,0.0,0.0,35.5424690246582,0.14770889282226562,2065.0,5.565814018249512,481.9100036621094,0.043663933873176575
185,-0.0016057121101766825,-0.0039413804188370705,0.01936222054064274,-0.00027006425079889596,0.0001905006356537342,-0.011944444850087166,0.0019324073800817132,0.00010609655873849988,0.0,0.0492078997194767,0.0,0.950792133808136,24.991016387939453,9.999999747378752e-06,-0.0014556065434589982,0.00371921737678349,0.9662036895751953,0.05972222611308098,0.24901337921619415,0.0,0.0,0.0,0.0,32.48938751220703,0.14558649063110352,2259.0,5.568115234375,490.6700134277344,0.016416631639003754
186,-0.0016356559935957193,-0.004138435702770948,0.01921331323683262,-0.0002730450651142746,0.00017447219579480588,-0.006481481716036797,0.001947993878275156,8.739409531699494e-05,0.0,0.0475124791264534,0.0,0.9524875283241272,25.001087188720703,0.0029192925430834293,-0.002959385747089982,0.001928352052345872,0.9739969372749329,0.032407406717538834,0.25105947256088257,0.0,0.0,0.0,0.0,33.66932678222656,0.14513897895812988,2180.0,5.588110446929932,490.4700012207031,0.07176415622234344
187,-0.0016151266172528267,-0.004222555551677942,0.018801655620336533,-0.0004476837639231235,0.00022315508977044374,-0.008201058954000473,0.001936508109793067,0.0001662855938775465,0.0,0.0475667305290699,0.0,0.9524332880973816,25.053083419799805,0.0065684085711836815,-0.003980827517807484,0.0017565216403454542,0.9682539701461792,0.041005294770002365,0.2493332177400589,0.0,0.0,0.0,0.0,29.83088493347168,0.14397168159484863,2459.0,5.625070571899414,486.44000244140625,0.06810826063156128
188,-0.001591042266227305,-0.0047659375704824924,0.019217321649193764,-0.00029916653875261545,0.00021780487440992147,-0.010701058432459831,0.0019332010997459292,0.00020931145991198719,0.0,0.0466037318110466,0.0,0.9533962607383728,25.077251434326172,9.999999747378752e-06,-0.001966816606000066,0.0023537480738013983,0.9666005373001099,0.053505294024944305,0.2529699504375458,0.003086419776082039,0.0,0.0,0.0,33.11605453491211,0.1461169719696045,2216.0,5.629429817199707,486.5799865722656,0.05048022046685219
189,-0.0016280229901894927,-0.005238950718194246,0.019844548776745796,-0.00028506290982477367,0.00023387664987239987,-0.004814815241843462,0.001970238285139203,0.0003872220404446125,0.0,0.0450575090944767,0.0,0.954942524433136,25.09170913696289,0.0019461950287222862,-0.0029135497752577066,0.001388530246913433,0.985119104385376,0.024074073880910873,0.2490069568157196,0.0055555556900799274,0.0,0.0,0.0,37.10538101196289,0.14884042739868164,1979.0,5.656697750091553,494.7900085449219,0.09307203441858292
190,-0.0016016896115615964,-0.0049596671015024185,0.020221853628754616,-0.00023677479475736618,0.0002556157123763114,-0.011534392833709717,0.0019425927894189954,0.0001846571103669703,0.0,0.0468885637819767,0.0,0.953111469745636,25.133392333984375,9.999999747378752e-06,-0.0032500457018613815,0.0029166126623749733,0.9712963104248047,0.05767195671796799,0.2501828670501709,0.0,0.0,0.0,0.0,31.63599395751953,0.18492794036865234,2316.0,5.670088768005371,490.05999755859375,0.02126781828701496
191,-0.0015980303287506104,-0.005381628405302763,0.02005757950246334,-0.00027266578399576247,0.0002514940279070288,-0.011203703470528126,0.001986111281439662,0.00017142461729235947,0.0,0.0493842251598835,0.0,0.9506157636642456,25.141517639160156,9.999999747378752e-06,-0.0029205791652202606,0.003089210484176874,0.9930555820465088,0.05601852387189865,0.2498067170381546,0.0,0.0,0.0,0.0,37.8719367980957,0.15951967239379883,1938.0,5.677424430847168,495.69000244140625,0.07317270338535309
192,-0.0015982880722731352,-0.006008751690387726,0.02051197551190853,-0.00023874855833128095,0.00025388356880284846,-0.006194885354489088,0.0019827161449939013,0.00013649875472765416,0.0,0.0468207485973835,0.0,0.9531792402267456,25.148452758789062,9.999999747378752e-06,-0.0012741601094603539,0.0024535944685339928,0.9913580417633057,0.030974427238106728,0.25042524933815,0.0,0.0,0.0,0.0,35.49702835083008,0.14591145515441895,2068.0,5.679987907409668,494.510009765625,0.05211326852440834
193,-0.0015708529390394688,-0.006348001305013895,0.020692365244030952,-0.00024195853620767593,0.00026643945602700114,-0.00923280417919159,0.0019722222350537777,0.00011229160736547783,0.0,0.0470648892223835,0.0,0.9529350996017456,25.15399742126465,9.999999747378752e-06,-0.00034381571458652616,0.0022012805566191673,0.9861111044883728,0.046164024621248245,0.2528494894504547,0.0,0.0,0.0,0.0,33.935245513916016,0.14400672912597656,2163.0,5.6847968101501465,496.7099914550781,0.08885107189416885
194,-0.001550633111037314,-0.007316643837839365,0.02033294551074505,-0.00027915084501728415,0.00024772650795057416,-0.028895504772663116,0.0019944445230066776,0.00029004228417761624,0.0,0.0475667305290699,0.0,0.9524332880973816,25.160598754882812,9.999999747378752e-06,-0.0026318554300814867,0.006780649535357952,0.9972222447395325,0.14447753131389618,0.25029072165489197,0.0055555556900799274,0.0,0.0,0.0,32.410736083984375,0.1449134349822998,2264.0,5.689353942871094,480.3800048828125,-0.14002089202404022
195,-0.0015424133744090796,-0.007236860692501068,0.020408235490322113,-0.000199862290173769,0.00026744112255983055,-0.027612434700131416,0.0019930556882172823,0.00012622350186575204,0.0,0.0537245012819767,0.0,0.946275532245636,25.168703079223633,9.999999747378752e-06,-0.002005895832553506,0.01184038259088993,0.9965277910232544,0.13806217908859253,0.24628348648548126,0.0,0.0,0.0,0.0,35.3410758972168,0.14142251014709473,2077.0,5.695788860321045,481.6499938964844,-0.24132563173770905
196,-0.0014875901397317648,-0.007914690300822258,0.02026250772178173,-0.0002392807073192671,0.000258936604950577,-0.03847222402691841,0.0019888889510184526,0.00014440252562053502,0.0,0.0638292133808136,0.0,0.9361708164215088,25.182308197021484,0.00011390625149942935,-0.003670481964945793,0.012053987011313438,0.9944444298744202,0.19236111640930176,0.25039640069007874,0.0,0.0,0.009259259328246117,0.0,33.798980712890625,0.15015769004821777,2171.0,5.711701393127441,475.19000244140625,-0.3143310248851776
197,-0.0015085478080436587,-0.008705919608473778,0.019705215469002724,-0.0001997527724597603,0.0002593197859823704,-0.021494710817933083,0.001990740653127432,0.00014942442066967487,0.0,0.0752495676279068,0.0,0.9247504472732544,25.207517623901367,0.0008649755618534982,-0.003944503143429756,0.0061812251806259155,0.9953704476356506,0.10747354477643967,0.2553817629814148,0.004629629664123058,0.0,0.0,0.0,38.426780700683594,0.1511702537536621,1911.0,5.728634357452393,482.6499938964844,-0.10518791526556015
198,-0.001506085623987019,-0.009246144443750381,0.020025584846735,-0.00021162984194234014,0.00025755554088391364,-0.028291847556829453,0.001979166641831398,0.00010673070937627926,0.0,0.0839301198720932,0.0,0.9160698652267456,25.23402976989746,9.999999747378752e-06,-0.0028847225476056337,0.007963906973600388,0.9895833134651184,0.14145924150943756,0.24513939023017883,0.0,0.0,0.0,0.0,33.897247314453125,0.14750337600708008,2165.0,5.741133213043213,490.0199890136719,-0.1668519228696823
199,-0.0014719137689098716,-0.009116378612816334,0.019304515793919563,-0.0001992990728467703,0.00024433265207335353,-0.030577603727579117,0.001986111281439662,0.00013473632861860096,0.0,0.0902642160654068,0.0,0.9097357988357544,25.243261337280273,7.593750342493877e-05,-0.0015379537362605333,0.00810225959867239,0.9930555820465088,0.15288801491260529,0.25036898255348206,0.0,0.0,0.0,0.0,33.11331558227539,0.14492416381835938,2216.0,5.748119354248047,486.69000244140625,-0.252642422914505
200,-0.0014785389648750424,-0.009326851926743984,0.01970922388136387,-0.00020117855456192046,0.00024209321418311447,-0.024074075743556023,0.0019055557204410434,0.00011966181045863777,0.0,0.0966118723154068,0.0,0.9033881425857544,25.262996673583984,0.0012974634300917387,-0.005056439433246851,0.00496257096529007,0.9527777433395386,0.12037037312984467,0.25034061074256897,0.0,0.0,0.0,0.0,30.239011764526367,0.14467525482177734,2426.0,5.771231651306152,487.239990234375,-0.1248479038476944
201,-0.0014989969786256552,-0.009681073017418385,0.01947939768433571,-0.00024286106054205447,0.00023102082195691764,-0.011944444850087166,0.0019629630260169506,9.589055844116956e-05,0.0,0.09912109375,0.0,0.90087890625,25.291725158691406,9.999999747378752e-06,-0.0005459813983179629,0.0026029148139059544,0.9814815521240234,0.05972222611308098,0.24697096645832062,0.0,0.0,0.0,0.0,29.765911102294922,0.1753523349761963,2462.0,5.778575420379639,492.6000061035156,-0.013777664862573147
202,-0.0015057813143357635,-0.010363089852035046,0.019482649862766266,-0.0001940143120009452,0.00021786638535559177,-0.0235185194760561,0.0019449074752628803,0.00015027874906081706,0.0,0.1013726145029068,0.0,0.8986274003982544,25.30152130126953,0.0019461950287222862,-0.0037966787349432707,0.005758230574429035,0.9724536538124084,0.11759260296821594,0.24803434312343597,0.0,0.0,0.0,0.0,32.380374908447266,0.14371490478515625,2266.0,5.798747539520264,493.17999267578125,-0.14638221263885498
203,-0.0015110060339793563,-0.011049795895814896,0.0205607321113348,-0.00016476881864946336,0.0002391567250015214,-0.013313493691384792,0.001999999862164259,0.0001420754852006212,0.0,0.1068929061293602,0.0,0.8931071162223816,25.332698822021484,9.999999747378752e-06,0.0023564465809613466,0.0043544527143239975,1.0,0.06656745821237564,0.2509414255619049,0.0,0.0,0.0,0.0,33.22923278808594,0.14586520195007324,2209.0,5.807904243469238,490.5199890136719,-0.1179884821176529
204,-0.0014765377854928374,-0.01023579016327858,0.02035728096961975,-0.00023131859779823571,0.00024147088697645813,-0.02547619119286537,0.0019703705329447985,0.0001753154065227136,0.0,0.110609270632267,0.0,0.889390766620636,25.342418670654297,0.0012974634300917387,-0.003394056111574173,0.005404300056397915,0.9851852059364319,0.12738095223903656,0.24985544383525848,0.0,0.0,0.0,0.0,31.1324520111084,0.1448042392730713,2357.0,5.8240251541137695,489.6600036621094,-0.09195750206708908
205,-0.001482438063248992,-0.010914895683526993,0.02053365856409073,-0.00029154171352274716,0.0002264279028167948,-0.018683863803744316,0.0019907408859580755,0.00017600752471480519,0.0,0.1148681640625,0.0,0.8851318359375,25.367292404174805,9.999999747378752e-06,0.0010062686633318663,0.0058921827003359795,0.9953704476356506,0.09341931343078613,0.2451528161764145,0.0,0.0,0.0,0.0,33.0086784362793,0.14481616020202637,2223.0,5.831751823425293,486.510009765625,-0.1279299259185791
206,-0.0014937802916392684,-0.01112393382936716,0.020512333139777184,-0.00021106211352162063,0.00022892348351888359,-0.019980158656835556,0.001980952452868223,0.00022545966203324497,0.0,0.1197509765625,0.0,0.8802490234375,25.376352310180664,0.0012974634300917387,-0.004112949129194021,0.005891467444598675,0.9904761910438538,0.09990079700946808,0.24933502078056335,0.0,0.0,0.0,0.0,36.71253967285156,0.1684567928314209,1999.0,5.847395420074463,488.05999755859375,-0.17853489518165588
207,-0.0014157586265355349,-0.010850305669009686,0.01987680420279503,-0.0002338642516406253,0.00019340409198775887,-0.029834657907485962,0.001875000074505806,0.00013905830564908683,0.0,0.1264105886220932,0.0,0.8735893964767456,25.435916900634766,0.0029192925430834293,-0.0060332464054226875,0.019965000450611115,0.9375,0.1491732895374298,0.25142139196395874,0.003968254197388887,0.0,0.0,0.0,33.02174758911133,0.17768430709838867,2220.0,5.903374671936035,479.8299865722656,-0.18758095800876617
208,-0.0014379785861819983,-0.011583328247070312,0.01918160542845726,-0.000275650731055066,0.0001756087876856327,-0.02370370365679264,0.0018429894698783755,0.00046721805119886994,0.0,0.1283094584941864,0.0,0.871690571308136,25.477006912231445,9.999999747378752e-06,-0.0036378703080117702,0.006174685433506966,0.9214947819709778,0.11851850897073746,0.24842657148838043,0.004629629664123058,0.0,0.0,0.0,32.84611892700195,0.14770793914794922,2234.0,5.907891750335693,485.8999938964844,-0.11597660183906555
209,-0.0014433814212679863,-0.012071496807038784,0.01958627812564373,-0.0003522882761899382,0.000174998989677988,-0.012275133281946182,0.001943915500305593,0.0001318683207500726,0.0,0.1247422993183136,0.0,0.8752577304840088,25.483524322509766,0.0008649755618534982,-0.0032480505760759115,0.00269624893553555,0.9719576239585876,0.06137566640973091,0.2529030740261078,0.0,0.0,0.0,0.0,34.52645492553711,0.14248871803283691,2126.0,5.920266151428223,489.42999267578125,-0.019428974017500877
210,-0.0014663187321275473,-0.011886516585946083,0.019029421731829643,-0.00017915359057951719,0.0001531984016764909,-0.010030863806605339,0.001873148255981505,0.00011284103675279766,0.0,0.115234375,0.0,0.884765625,25.499801635742188,9.999999747378752e-06,-0.001997685991227627,0.003026021411642432,0.9365741014480591,0.050154320895671844,0.2447391152381897,0.0,0.0,0.0,0.0,34.432918548583984,0.1430056095123291,2132.0,5.924803256988525,489.2200012207031,-0.04456663131713867
211,-0.0014539033873006701,-0.011641730554401875,0.01899818144738674,-0.0002750468847807497,0.00015684313257224858,-0.014358465559780598,0.001971230376511812,0.00019022605556529015,0.0,0.108412005007267,0.0,0.891588032245636,25.5075626373291,0.0012974634300917387,-0.0038008030969649553,0.004735997412353754,0.985615074634552,0.07179233431816101,0.24783968925476074,0.0034722222480922937,0.0,0.0,0.0,37.228126525878906,0.14188647270202637,1972.0,5.940449237823486,495.79998779296875,-0.0332040935754776
212,-0.0014278965536504984,-0.011529747396707535,0.019098704680800438,-0.00022691860795021057,0.00015542034816462547,-0.010207231156527996,0.0018891316140070558,0.0001911997387651354,0.0,0.1019965261220932,0.0,0.8980034589767456,25.553546905517578,0.0012974634300917387,-0.005489208269864321,0.003614243119955063,0.9445656538009644,0.051036156713962555,0.24975933134555817,0.0,0.0,0.0,0.0,33.177337646484375,0.148529052734375,2212.0,5.975846290588379,476.30999755859375,-0.07490558177232742
213,-0.0014207173371687531,-0.011079787276685238,0.019423136487603188,-0.00020891903841402382,0.00016188369772862643,-0.02003307081758976,0.0019353615352883935,0.00020895163470413536,0.0,0.0963406041264534,0.0,0.9036594033241272,25.588844299316406,0.0008649755618534982,-0.004929429851472378,0.0051958514377474785,0.967680811882019,0.10016534477472305,0.24638941884040833,0.0,0.0,0.0,0.0,33.94443130493164,0.17491936683654785,2160.0,5.998366832733154,486.0,-0.12444198131561279
214,-0.0014791996218264103,-0.01307889074087143,0.01945679448544979,-0.002769928425550461,0.0001709576608845964,-0.011673280969262123,0.0019888889510184526,0.00016994249017443508,0.0,0.0925699844956398,0.0,0.9074299931526184,25.60611915588379,9.999999747378752e-06,0.0010154551127925515,0.0026671101804822683,0.9944444298744202,0.058366406708955765,0.24763154983520508,0.0,0.0,0.0,0.0,33.90345001220703,0.17510485649108887,2163.0,6.003320217132568,489.9800109863281,-0.02776937186717987
215,-0.001455287798307836,-0.012118929997086525,0.01996414177119732,-0.000355439173290506,0.00019077776232734323,-0.017777778208255768,0.001958333421498537,0.0001355861168121919,0.0,0.0923800989985466,0.0,0.9076198935508728,25.615245819091797,0.0019461950287222862,-0.002982253208756447,0.003019139636307955,0.9791666865348816,0.08888889104127884,0.24570457637310028,0.0,0.0,0.0,0.0,30.300031661987305,0.14902544021606445,2421.0,6.023403167724609,486.7799987792969,-0.05378888174891472
216,-0.0015045595355331898,-0.012094944715499878,0.01994469203054905,-0.00040196868940256536,0.00019110050925519317,-0.012059084139764309,0.001986111281439662,0.0001542020618217066,0.0,0.0899386927485466,0.0,0.9100612998008728,25.642465591430664,9.999999747378752e-06,0.008508078753948212,0.0032536336220800877,0.9930555820465088,0.06029541790485382,0.2512420117855072,0.0,0.0,0.0,0.0,34.08203125,0.18858742713928223,2151.0,6.0317792892456055,493.6000061035156,-0.07680508494377136
217,-0.0014944717986509204,-0.012606177479028702,0.019772017374634743,-0.00020429256255738437,0.00019499435438774526,-0.010423281230032444,0.0019518519984558225,0.00014830942382104695,0.0,0.0866970494389534,0.0,0.9133029580116272,25.651714324951172,0.0012974634300917387,-0.0025281598791480064,0.0025949161499738693,0.975925862789154,0.05211640149354935,0.2510755956172943,0.0,0.0,0.0,0.0,31.58119010925293,0.14575672149658203,2323.0,6.047522068023682,496.4599914550781,-0.0167552400380373
218,-0.001468480215407908,-0.012070706114172935,0.02044520527124405,-0.00016990221047308296,0.00020224976469762623,-0.023778662085533142,0.0019314815290272236,0.00033892132341861725,0.0,0.0834147110581398,0.0,0.9165852665901184,25.678922653198242,0.00038443360244855285,-0.004951242823153734,0.005968168377876282,0.9657407402992249,0.11889330297708511,0.2495964914560318,0.009259259328246117,0.0,0.0,0.0,34.268375396728516,0.17547082901000977,2140.0,6.062014579772949,482.92999267578125,-0.17154467105865479
219,-0.0014417223865166306,-0.011837993748486042,0.020445074886083603,-0.0002301620988873765,0.00018851319327950478,-0.029954304918646812,0.001986111281439662,0.00019543194503057748,0.0,0.0825602188706398,0.0,0.9174397587776184,25.703588485717773,0.0002562890585977584,-0.004703563638031483,0.0073218620382249355,0.9930555820465088,0.1497715264558792,0.25048768520355225,0.0,0.0,0.0,0.0,37.30517578125,0.14463257789611816,1968.0,6.083024501800537,474.67999267578125,-0.24627922475337982
220,-0.0014940599212422967,-0.013239887543022633,0.020502472296357155,-0.00022516252647619694,0.00018928867939393967,-0.014894180931150913,0.001965740928426385,0.00020782991487067193,0.0,0.0860866978764534,0.0,0.9139133095741272,25.73371696472168,0.0029192925430834293,-0.005131893325597048,0.004145055543631315,0.9828703999519348,0.07447090744972229,0.2515854239463806,0.0,0.0,0.0,0.0,35.896728515625,0.17502284049987793,2043.0,6.115395545959473,489.8699951171875,-0.04007651284337044
221,-0.0014699742896482348,-0.01251282636076212,0.020019041374325752,-0.0003501048486214131,0.00018677269690670073,-0.02737213671207428,0.0019716050010174513,0.0001503523817518726,0.0,0.0852593332529068,0.0,0.9147406816482544,25.772022247314453,0.0008649755618534982,-0.004490639083087444,0.0070666600950062275,0.9858025312423706,0.1368606686592102,0.24827247858047485,0.0,0.0,0.0,0.0,32.83395004272461,0.15260577201843262,2235.0,6.135127067565918,487.3399963378906,-0.16203801333904266
222,-0.0014540771953761578,-0.013005141168832779,0.019376305863261223,-0.00047260316205210984,0.00016684543516021222,-0.03403439000248909,0.0019771605730056763,0.0002059949329122901,0.0,0.0857611745595932,0.0,0.9142388105392456,25.78996467590332,9.999999747378752e-06,-0.003118854481726885,0.007284247316420078,0.9885802865028381,0.17017194628715515,0.24800944328308105,0.0055555556900799274,0.0,0.0,0.0,34.148773193359375,0.17304396629333496,2148.0,6.143713474273682,482.6400146484375,-0.20585855841636658
223,-0.0014635628322139382,-0.012311520986258984,0.019543886184692383,-0.00020659674191847444,0.00017251256213057786,-0.0233994722366333,0.0019295635866001248,0.0002382399543421343,0.0,0.0906711146235466,0.0,0.9093288779258728,25.800016403198242,0.0012974634300917387,-0.003907437436282635,0.005515245255082846,0.9647817611694336,0.1169973611831665,0.24718137085437775,0.0,0.0,0.0,0.0,33.10026931762695,0.14464569091796875,2217.0,6.161752223968506,481.8299865722656,-0.08444507420063019
224,-0.0014703738270327449,-0.011786315590143204,0.019811362028121948,-0.00017088705499190837,0.00014994526281952858,-0.02463444136083126,0.001958333421498537,0.00015183161303866655,0.0,0.09521484375,0.0,0.90478515625,25.827306747436523,5.062499985797331e-05,-0.002107552019879222,0.007124366704374552,0.9791666865348816,0.12317220121622086,0.2508910894393921,0.0,0.0,0.0,0.0,35.80554962158203,0.14846396446228027,2050.0,6.172211647033691,484.0400085449219,-0.17761899530887604
225,-0.0014940606197342277,-0.012853443622589111,0.019500944763422012,-0.0001644792064325884,0.00017104252765420824,-0.014157850295305252,0.0019438271410763264,0.00020054310152772814,0.0,0.0967203751206398,0.0,0.9032796025276184,25.838489532470703,0.0012974634300917387,-0.0043225595727562904,0.004266419913619757,0.9719136357307434,0.07078924775123596,0.2445017546415329,0.0,0.0,0.0,0.0,35.241634368896484,0.15302777290344238,2083.0,6.188922882080078,483.5799865722656,-0.08516392111778259
226,-0.0014732887502759695,-0.012474476359784603,0.019526833668351173,-0.00014387324335984886,0.00016345374751836061,-0.01677181012928486,0.0019414057023823261,0.0001418340834788978,0.0,0.0990939661860466,0.0,0.9009060263633728,25.878002166748047,0.0029192925430834293,-0.006250523962080479,0.00540965935215354,0.9707027077674866,0.08385904878377914,0.2527114450931549,0.0,0.0,0.0,0.0,34.234169006347656,0.15139126777648926,2144.0,6.229457855224609,471.69000244140625,-0.1609380841255188
227,-0.0015173768624663353,-0.012395495548844337,0.019557658582925797,-0.00013432929699774832,0.00015111739048734307,-0.0073148151859641075,0.001968055497854948,0.00015954878472257406,0.0,0.0982666015625,0.0,0.9017333984375,25.951383590698242,0.0065684085711836815,-0.0034052259288728237,0.03762686997652054,0.9840277433395386,0.036574073135852814,0.24861523509025574,0.0,0.0,0.0,0.0,37.19163131713867,0.14836645126342773,1974.0,6.291639804840088,488.69000244140625,-0.004040883854031563
228,-0.00148552015889436,-0.012523848563432693,0.01923162117600441,-0.00016083566879387945,0.0001570509048178792,-0.02052469179034233,0.0019148149294778705,0.00013214093632996082,0.0,0.1002739816904068,0.0,0.8997260332107544,25.99671173095703,9.999999747378752e-06,-0.0028820009902119637,0.009474845603108406,0.9574074149131775,0.10262345522642136,0.2545081675052643,0.0,0.0,0.0,0.0,33.963890075683594,0.14073467254638672,2161.0,6.303140163421631,472.3599853515625,-0.2059200257062912
229,-0.001486283610574901,-0.012351487763226032,0.0188420582562685,-0.00019674153008963913,0.00014990275667514652,-0.014537036418914795,0.0019074074225500226,0.00014540294068865478,0.0,0.1020100936293602,0.0,0.8979899287223816,26.00971221923828,0.0029192925430834293,-0.0026217391714453697,0.003120866371318698,0.953703761100769,0.07268518954515457,0.24556319415569305,0.0,0.0,0.0,0.0,28.873397827148438,0.1474769115447998,2540.0,6.32731294631958,484.55999755859375,-0.02741892822086811
230,-0.0015074608381837606,-0.012964148074388504,0.019083494320511818,-0.00015569220704492182,0.0001389065000694245,-0.011093475855886936,0.0018723104149103165,0.00013693929940927774,0.0,0.1025255024433136,0.0,0.8974745273590088,26.055282592773438,0.0019461950287222862,-0.004236453212797642,0.0032997187227010727,0.9361552000045776,0.05546737462282181,0.2497696429491043,0.0,0.0,0.0,0.0,32.71755599975586,0.15245509147644043,2243.0,6.35939884185791,489.94000244140625,-0.05401095747947693
231,-0.0015247740084305406,-0.011832413263618946,0.019190076738595963,-0.00020665129704866558,0.00015487632481381297,-0.007328042760491371,0.001927248784340918,0.00016140032676048577,0.0,0.10107421875,0.0,0.89892578125,26.093555450439453,0.0012974634300917387,-0.004399703349918127,0.002745202975347638,0.9636242985725403,0.036640215665102005,0.24682416021823883,0.0,0.0,0.0,0.0,28.661922454833984,0.14711976051330566,2559.0,6.38530158996582,488.6199951171875,-0.04093696177005768
232,-0.0014667777577415109,-0.011995895765721798,0.01827988773584366,-0.0001364015188300982,0.00014508927415590733,-0.028445767238736153,0.0019018519669771194,0.00018382581765763462,0.0,0.1010199636220932,0.0,0.8989800214767456,26.11612319946289,9.999999747378752e-06,-0.005153073463588953,0.007481028325855732,0.9509259462356567,0.1422288417816162,0.24852271378040314,0.0,0.0,0.0,0.0,35.99720764160156,0.1456000804901123,2039.0,6.395915985107422,479.69000244140625,-0.15160363912582397
233,-0.0015145526267588139,-0.012668000534176826,0.019222179427742958,-0.00014883806579746306,0.00015495799016207457,-0.009497355669736862,0.0019444444915279746,0.00018097647989634424,0.0,0.0977783203125,0.0,0.9022216796875,26.12679672241211,0.0019461950287222862,-0.00283540110103786,0.0023558649700134993,0.9722222089767456,0.04748677462339401,0.250894695520401,0.0,0.0,0.0,0.0,34.06478500366211,0.1555473804473877,2154.0,6.416983604431152,492.8699951171875,-0.010355059988796711
234,-0.0015346122672781348,-0.013831104151904583,0.018817761912941933,-0.0004913255688734353,0.00014921327237971127,-0.004914021585136652,0.0019596561323851347,0.0001798123848857358,0.0,0.091552734375,0.0,0.908447265625,26.172588348388672,0.00038443360244855285,-0.0031287996098399162,0.0019871306139975786,0.9798281192779541,0.024570105597376823,0.25135698914527893,0.0,0.0,0.0,0.0,34.634559631347656,0.15005898475646973,2119.0,6.446075439453125,486.69000244140625,-0.02557099424302578
235,-0.001517152995802462,-0.013252992182970047,0.01912917010486126,-0.0010041052009910345,0.00015381148841697723,-0.007129629608243704,0.0019356482662260532,0.00016831030370667577,0.0,0.0856255441904068,0.0,0.9143744707107544,26.200258255004883,0.004378939047455788,-0.0043187919072806835,0.0022709371987730265,0.9678241014480591,0.035648148506879807,0.25083127617836,0.0,0.0,0.0,0.0,33.56482696533203,0.1810917854309082,2184.0,6.480610370635986,482.8500061035156,-0.024031903594732285
236,-0.0015554268611595035,-0.014563373290002346,0.019159400835633278,-0.0003114051360171288,0.00015360293036792427,-0.0027777778450399637,0.0019920633640140295,0.0002293756406288594,0.0,0.0775146484375,0.0,0.9224853515625,26.24599838256836,0.0029192925430834293,-0.0032901056110858917,0.0072768209502100945,0.9960317611694336,0.013888888992369175,0.24850350618362427,0.0,0.0,0.0,0.0,29.83686065673828,0.14516067504882812,2459.0,6.502758026123047,499.8999938964844,0.036237381398677826
237,-0.0015523327747359872,-0.013755147345364094,0.01907547190785408,-0.00013153855979908258,0.00014943748828954995,-0.003703703870996833,0.0019930556882172823,0.00020866948761977255,0.0,0.0687527135014534,0.0,0.9312472939491272,26.258895874023438,0.0012974634300917387,-0.0037347779143601656,0.0018137635197490454,0.9965277910232544,0.018518518656492233,0.24610856175422668,0.0,0.0,0.0,0.0,37.542537689208984,0.14510536193847656,1956.0,6.5190019607543945,498.1700134277344,0.03977363184094429
238,-0.0015541785396635532,-0.01458597183227539,0.01958847977221012,-0.00010576655768090859,0.0001380356989102438,-0.002006172901019454,0.0019938270561397076,0.00027937436243519187,0.0,0.0617404505610466,0.0,0.9382595419883728,26.29875946044922,0.004378939047455788,-0.004457845352590084,0.0007882931386120617,0.9969136118888855,0.010030863806605339,0.24814002215862274,0.0055555556900799274,0.0,0.0,0.0,33.70935821533203,0.14792490005493164,2177.0,6.559443473815918,499.3800048828125,0.03702422231435776
239,-0.0015636129537597299,-0.014175866730511189,0.01943601667881012,-0.00010917881445493549,0.0001438070903532207,-0.003703703870996833,0.0019740741699934006,0.0002289979747729376,0.0,0.0541856549680233,0.0,0.9458143711090088,26.333791732788086,0.009852612391114235,-0.0037966298405081034,0.0009123488562181592,0.9870370030403137,0.018518518656492233,0.24656108021736145,0.0,0.0,0.0,0.0,34.77428436279297,0.14557600021362305,2111.0,6.587235450744629,495.6700134277344,0.01700676791369915
240,-0.0015666174003854394,-0.013306205160915852,0.019662722945213318,-0.000287886883597821,0.00015276916383299977,-0.0032010586000978947,0.0019833333790302277,0.0001911289436975494,0.0,0.0478651262819767,0.0,0.952134907245636,26.37026023864746,0.0019753086380660534,-0.0033290483988821507,0.0011656229617074132,0.9916666746139526,0.016005292534828186,0.24987533688545227,0.0,0.0,0.0,0.0,33.79377365112305,0.14396882057189941,2172.0,6.61773681640625,492.2799987792969,0.02375807985663414
241,-0.0015358560485765338,-0.013641973957419395,0.019255202263593674,-0.00012204890663269907,0.0001436716120224446,-0.006851852405816317,0.0019592593889683485,0.00017057319928426296,0.0,0.0459391288459301,0.0,0.9540608525276184,26.42390251159668,0.006666666828095913,-0.0039960648864507675,0.001869239378720522,0.9796297550201416,0.034259259700775146,0.24854376912117004,0.0,0.0,0.0,0.0,33.4599609375,0.14202451705932617,2194.0,6.674383640289307,487.4599914550781,0.01371083315461874
242,-0.001523382612504065,-0.01355724036693573,0.01942242868244648,-0.0001088401404558681,0.00015349611931014806,-0.005833333823829889,0.0019555555190891027,0.00015741919924039394,0.0,0.0410427525639534,0.0,0.9589572548866272,26.46509552001953,0.001316872425377369,-0.0038000247441232204,0.001451347954571247,0.9777777791023254,0.02916666865348816,0.24807053804397583,0.0,0.0,0.0,0.0,31.504653930664062,0.14760112762451172,2329.0,6.692030906677246,483.6400146484375,-0.011524584144353867
243,-0.0015606387751176953,-0.013747621327638626,0.018661873415112495,-9.731089085107669e-05,0.00014604626630898565,-0.003108465811237693,0.0018994709243997931,0.00014470763562712818,0.0,0.0378824882209301,0.0,0.9621174931526184,26.5012264251709,0.004444444552063942,-0.004198807757347822,0.001104089547879994,0.9497354626655579,0.015542328357696533,0.2518586218357086,0.0,0.0,0.0,0.0,28.898666381835938,0.1475539207458496,2538.0,6.735206604003906,493.0299987792969,0.023184319958090782
244,-0.001555038383230567,-0.013788019306957722,0.019573917612433434,-0.00011597239063121378,0.00015070897643454373,-0.003240741090849042,0.0019648149609565735,0.0002487035817466676,0.0,0.03515625,0.0,0.96484375,26.530712127685547,9.999999747378752e-06,-0.0002725049271248281,0.0008406455744989216,0.9824074506759644,0.016203705221414566,0.24956072866916656,0.0,0.0,0.0,0.0,32.793521881103516,0.14699864387512207,2238.0,6.742324352264404,492.260009765625,0.025934377685189247
245,-0.0015394209185615182,-0.011961902491748333,0.01945650763809681,-0.00010342675523133948,0.0001502989325672388,-0.005555556155741215,0.0019490739796310663,0.0001761143357725814,0.0,0.0340576171875,0.0,0.9659423828125,26.53765296936035,0.0029192925430834293,-0.002320010680705309,0.001875231508165598,0.9745371341705322,0.02777777798473835,0.2505181133747101,0.0,0.0,0.0,0.0,32.63787841796875,0.17771339416503906,2246.0,6.759613037109375,487.04998779296875,0.013964498415589333
246,-0.0015783504350110888,-0.013082383200526237,0.019812868908047676,-0.00016166789282578975,0.0001565135462442413,0.0,0.001999999862164259,0.00020048576698172837,0.0,0.0273708775639534,0.0,0.9726291298866272,26.56949234008789,0.009999999776482582,-0.0024332888424396515,0.002626644680276513,1.0,0.0,0.25000226497650146,0.0,0.0,0.0,0.0,36.03907775878906,0.1442546844482422,2037.0,6.764134883880615,500.0,0.08143007010221481
247,-0.0015493961982429028,-0.013481867499649525,0.01951381005346775,-9.164062066702172e-05,0.0001418782921973616,-0.0031481485348194838,0.0019546295516192913,0.00018715794431045651,0.0,0.02300347201526165,0.0,0.9769965410232544,26.586538314819336,0.009999999776482582,-0.003224262734875083,0.002275644103065133,0.977314829826355,0.015740741044282913,0.2482709437608719,0.0,0.0,0.0,0.0,32.99462127685547,0.15286993980407715,2224.0,6.812559604644775,495.7799987792969,0.04962637647986412
248,-0.0015539774904027581,-0.01289417129009962,0.019682595506310463,-0.00011755702144000679,0.00014384236419573426,-0.003824956016615033,0.0019696869421750307,0.00015451553917955607,0.0,0.0221082903444767,0.0,0.977891743183136,26.62281036376953,0.0005852766335010529,-0.0027316808700561523,0.0021649757400155067,0.9848434925079346,0.019124779850244522,0.24580904841423035,0.0,0.0,0.0,0.0,33.53536605834961,0.17859268188476562,2186.0,6.824756622314453,487.4800109863281,0.022345243021845818
249,-0.0015473634703084826,-0.013275020755827427,0.019887275993824005,-0.00011851209274027497,0.00015126385551411659,-0.005185185465961695,0.0019592593889683485,0.00020865201076958328,0.0,0.0213758684694767,0.0,0.978624165058136,26.64447593688965,0.006666666828095913,-0.0038226882461458445,0.0010289010824635625,0.979629635810852,0.025925928726792336,0.24997632205486298,0.0,0.0,0.0,0.0,30.839426040649414,0.1487271785736084,2379.0,6.8532233238220215,493.6000061035156,0.03343090042471886
250,-0.0015827501192688942,-0.013308534398674965,0.01980603113770485,-0.00011196665582247078,0.00015845191956032068,-0.0011111112544313073,0.0019129631109535694,0.0001503476669313386,0.0,0.0205349400639534,0.0,0.9794650673866272,26.688077926635742,0.009999999776482582,-0.0036827302537858486,0.0005685834330506623,0.9564815163612366,0.0055555556900799274,0.24656248092651367,0.0,0.0,0.0,0.0,34.54084777832031,0.1527421474456787,2125.0,6.881225109100342,495.8900146484375,0.05427243933081627
251,-0.0015784880379214883,-0.013490519486367702,0.019628340378403664,-0.00010866512457141653,0.0001487933041062206,-0.0018518519354984164,0.0019236111547797918,0.00022849820379633456,0.0,0.01949056051671505,0.0,0.9805094599723816,26.715621948242188,0.009999999776482582,-0.0038861206267029047,0.002350439317524433,0.9618055820465088,0.009259259328246117,0.2533807158470154,0.0,0.0,0.0,0.0,36.751731872558594,0.14103341102600098,1998.0,6.925372123718262,496.0199890136719,0.05341406539082527
252,-0.001554020564071834,-0.012364314869046211,0.020147688686847687,-0.00010684230801416561,0.00014859875955153257,-0.006216931622475386,0.0019513227744027972,0.0002070069604087621,0.0,0.02091471292078495,0.0,0.9790852665901184,26.769588470458984,0.009999999776482582,-0.003472446696832776,0.002465873723849654,0.9756613969802856,0.031084656715393066,0.2517302930355072,0.0,0.0,0.0,0.0,34.8093376159668,0.14660954475402832,2109.0,6.97658634185791,495.739990234375,0.04795820266008377
253,-0.0015409109182655811,-0.01145992986857891,0.019761301577091217,-0.00012975913705304265,0.00013513230078388005,-0.00786616187542677,0.0019374998519197106,0.0001771248789737001,0.0,0.02294921875,0.0,0.97705078125,26.833213806152344,0.009999999776482582,-0.004460514523088932,0.0021758093498647213,0.96875,0.03933081030845642,0.246622696518898,0.0,0.0,0.0,0.0,35.423309326171875,0.1441340446472168,2072.0,7.040167331695557,484.739990234375,0.008304277434945107
254,-0.001526354462839663,-0.011262346990406513,0.019670778885483742,-0.00015095295384526253,0.0001267400657525286,-0.01046957727521658,0.0019012567354366183,0.00022009869280736893,0.0,0.02524142898619175,0.0,0.9747585654258728,26.87190055847168,9.999999747378752e-06,-0.0020547446329146624,0.003647313453257084,0.9506282806396484,0.05234788730740547,0.25100308656692505,0.0,0.0,0.0,0.0,30.815582275390625,0.14761829376220703,2381.0,7.047602653503418,470.44000244140625,-0.043032288551330566
255,-0.0015484296018257737,-0.010975862853229046,0.020168820396065712,-0.0001593240158399567,0.0001354880805592984,-0.007275132928043604,0.0019392857793718576,0.00016375536506529897,0.0,0.02695041336119175,0.0,0.9730495810508728,26.880023956298828,0.0019461950287222862,-0.002792076673358679,0.0021647526882588863,0.9696428775787354,0.036375660449266434,0.2573982775211334,0.0,0.0,0.0,0.0,32.11206817626953,0.14253854751586914,2285.0,7.066125869750977,490.1199951171875,0.04127487167716026
256,-0.0015330950263887644,-0.011041585355997086,0.020005447790026665,-0.00011528459435794502,0.00014997452672105283,-0.010648148134350777,0.001921296352520585,0.00019237620290368795,0.0,0.02685546875,0.0,0.97314453125,26.922624588012695,0.0065684085711836815,-0.004556541796773672,0.002055248012766242,0.960648238658905,0.05324074253439903,0.2516528069972992,0.0,0.0,0.0,0.0,30.753578186035156,0.1460425853729248,2386.0,7.112998008728027,479.04998779296875,-0.002917027333751321
257,-0.001536952331662178,-0.010890709236264229,0.02027983032166958,-0.00010715577082009986,0.00014583331358153373,-0.010277777910232544,0.001908333390019834,0.00021968303190078586,0.0,0.02852376364171505,0.0,0.9714762568473816,26.99325942993164,0.009999999776482582,-0.0038655113894492388,0.00745904678478837,0.9541666507720947,0.05138888955116272,0.25038841366767883,0.0,0.0,0.0,0.0,32.3837890625,0.1486051082611084,2266.0,7.197096347808838,478.5899963378906,-0.0002053101488854736
258,-0.0015523540787398815,-0.011021552607417107,0.01946679688990116,-0.00013930333079770207,0.00014473772898782045,-0.009671717882156372,0.0019236952066421509,0.00017630668298806995,0.0,0.0306260846555233,0.0,0.9693739414215088,27.05372428894043,9.999999747378752e-06,-0.0032371459528803825,0.003329851198941469,0.961847722530365,0.04835858568549156,0.2502281963825226,0.0,0.0,0.0,0.0,33.3088493347168,0.1450958251953125,2203.0,7.2151360511779785,480.0,-0.03028954192996025
259,-0.0015886471373960376,-0.010456085205078125,0.01973666064441204,-9.987966041080654e-05,0.0001383373892167583,-0.0032627868931740522,0.001911816536448896,0.00015132463886402547,0.0,0.0315619595348835,0.0,0.9684380292892456,27.06972885131836,0.004378939047455788,-0.0018890420906245708,0.0011425624834373593,0.9559083580970764,0.016313934698700905,0.25144702196121216,0.0,0.0,0.0,0.0,32.718753814697266,0.1454601287841797,2243.0,7.253612995147705,491.739990234375,0.05729376897215843
260,-0.0015855247620493174,-0.011183762922883034,0.020015396177768707,-0.00011841824743896723,0.00015509511285927147,-0.0024228396359831095,0.001964660594239831,0.00019238311506342143,0.0,0.0322672538459301,0.0,0.9677327275276184,27.134546279907227,0.009852612391114235,-0.003329843282699585,0.000922674429602921,0.9823302030563354,0.012114197015762329,0.2509160339832306,0.0,0.0,0.0,0.0,35.46376037597656,0.15374064445495605,2069.0,7.305107116699219,495.5899963378906,0.07805982977151871
261,-0.0016016451409086585,-0.010773777961730957,0.01996956206858158,-0.00013622664846479893,0.00016945350216701627,-0.0025420875754207373,0.0019735449459403753,0.00016040117770899087,0.0,0.0326741524040699,0.0,0.9673258662223816,27.17556381225586,0.006666666828095913,-0.0035734330303967,0.0009343841811642051,0.9867725372314453,0.012710437178611755,0.24872663617134094,0.0,0.0,0.0,0.0,34.17670822143555,0.17514395713806152,2146.0,7.341634273529053,495.42999267578125,0.0717911645770073
262,-0.0016057871980592608,-0.010842868126928806,0.019755104556679726,-0.0001331493549514562,0.0001569427695358172,0.0,0.0019642857369035482,0.00012277276255190372,0.0,0.0311279296875,0.0,0.9688720703125,27.18838882446289,0.009999999776482582,-0.008125592023134232,0.00014471563918050379,0.9821428656578064,0.0,0.25065720081329346,0.0,0.0,0.0,0.0,34.269508361816406,0.14386200904846191,2142.0,7.32896614074707,500.0,0.09655092656612396
263,-0.0016004765639081597,-0.010838874615728855,0.020114392042160034,-0.00013387377839535475,0.00018153370183426887,-0.0007936508627608418,0.0019703705329447985,0.00016096995386760682,0.0,0.0293104387819767,0.0,0.970689594745636,27.194599151611328,0.004444444552063942,-0.00301575125195086,0.00046654639299958944,0.9851852059364319,0.003968254197388887,0.25067874789237976,0.0,0.0,0.0,0.0,30.429960250854492,0.14513301849365234,2411.0,7.355020999908447,495.9200134277344,0.07481253892183304
264,-0.0015879791462793946,-0.010076488368213177,0.019940922036767006,-0.00011081077536800876,0.0001722677261568606,-0.001620370545424521,0.0019560186192393303,0.00021183557691983879,0.0,0.0297715924680233,0.0,0.9702284336090088,27.236589431762695,0.009999999776482582,-0.004683618433773518,0.0008095997618511319,0.9780093431472778,0.008101852610707283,0.24911175668239594,0.0,0.0,0.0,0.0,31.606428146362305,0.18048405647277832,2319.0,7.406618595123291,495.3999938964844,0.08756893128156662
265,-0.0015817038947716355,-0.01059088483452797,0.020281024277210236,-0.0001322628086199984,0.00017826906696427613,-0.00444223964586854,0.001957341330125928,0.00015736215573269874,0.0,0.03046332485973835,0.0,0.9695366621017456,27.26819610595703,9.999999747378752e-06,-0.0025613277684897184,0.002216327004134655,0.9786706566810608,0.02221120148897171,0.2514478266239166,0.0,0.0,0.0,0.0,34.36525344848633,0.177016019821167,2134.0,7.415356159210205,486.6499938964844,0.029917309060692787
266,-0.0015736226923763752,-0.009946278296411037,0.020070232450962067,-0.00012627553951460868,0.00016285691526718438,-0.005762787070125341,0.0019534833263605833,0.0001505258696852252,0.0,0.0297987200319767,0.0,0.970201313495636,27.27593994140625,0.0019461950287222862,-0.002783539704978466,0.0021812173072248697,0.97674161195755,0.028813932090997696,0.24705617129802704,0.0,0.0,0.0,0.0,34.1285400390625,0.17983651161193848,2148.0,7.4317307472229,478.989990234375,0.0018636102322489023
267,-0.001559416064992547,-0.010208763182163239,0.019984189420938492,-0.00011356679169693962,0.00016144316759891808,-0.009583333507180214,0.0019032409181818366,0.0001802924816729501,0.0,0.03073459304869175,0.0,0.9692654013633728,27.30088233947754,9.999999747378752e-06,-0.001851265667937696,0.0022410841193050146,0.9516203999519348,0.04791666939854622,0.2521775960922241,0.0,0.0,0.0,0.0,35.60939407348633,0.15987443923950195,2061.0,7.444329261779785,499.489990234375,0.07886789739131927
268,-0.001590579398907721,-0.00965109933167696,0.019416140392422676,-0.00012400410196278244,0.0001521239901194349,-0.002645503031089902,0.001974537270143628,0.0001858023024396971,0.0,0.02817111648619175,0.0,0.9718288779258728,27.31077003479004,0.0029192925430834293,-0.0024638338945806026,0.0012621302157640457,0.9872685670852661,0.013227513991296291,0.2513372004032135,0.0,0.0,0.0,0.0,32.979278564453125,0.14633536338806152,2225.0,7.464725971221924,487.260009765625,0.04217185452580452
269,-0.0015942335594445467,-0.009989425539970398,0.019756413996219635,-0.00010182376718148589,0.00015131842519622296,-0.0035714288242161274,0.001912037143483758,0.00020434644829947501,0.0,0.0267198346555233,0.0,0.9732801914215088,27.357894897460938,0.009852612391114235,-0.003791217692196369,0.0028123606462031603,0.9560185670852661,0.01785714365541935,0.24509917199611664,0.0,0.0,0.0,0.0,37.121150970458984,0.15187954902648926,1978.0,7.515495300292969,495.4800109863281,0.06145753338932991
270,-0.0016074733575806022,-0.010184366255998611,0.019354481250047684,-0.00013067017425782979,0.0001425416412530467,-0.0011111112544313073,0.0019660494290292263,0.00023754955327603966,0.0,0.02520073764026165,0.0,0.9747992753982544,27.387319564819336,0.009852612391114235,-0.0063627250492572784,0.02806544490158558,0.9830247163772583,0.0055555556900799274,0.2522190511226654,0.0,0.0,0.0,0.0,32.559898376464844,0.1450517177581787,2254.0,7.526538372039795,497.489990234375,0.07784825563430786
271,-0.0015731992898508906,-0.010460962541401386,0.018746018409729004,-9.731577301863581e-05,0.00012215276365168393,-0.006481482181698084,0.0018500001169741154,0.00014781701611354947,0.0,0.02323404885828495,0.0,0.9767659306526184,27.40737533569336,0.009852612391114235,-0.0030945842154324055,0.020769665017724037,0.9250000715255737,0.03240741044282913,0.2477496713399887,0.0,0.0,0.0,0.0,32.529415130615234,0.14812445640563965,2256.0,7.562849521636963,491.30999755859375,0.04623314365744591
272,-0.0016033260617405176,-0.009739275090396404,0.019112732261419296,-8.849001460475847e-05,0.00012591328413691372,-0.003703703870996833,0.001990740653127432,0.00015022758452687413,0.0,0.021240234375,0.0,0.978759765625,27.438079833984375,0.009852612391114235,-0.002252881182357669,0.0014440241502597928,0.9953704476356506,0.018518518656492233,0.24948684871196747,0.0,0.0,0.0,0.0,34.18895721435547,0.14599227905273438,2147.0,7.589000225067139,495.739990234375,0.07789596170186996
273,-0.0016152055468410254,-0.009749441407620907,0.018903058022260666,-8.965331653598696e-05,0.00012925262853968889,-0.0018518519354984164,0.0019012346165254712,0.0001432896387996152,0.0,0.01912434957921505,0.0,0.9808756709098816,27.462980270385742,0.009999999776482582,-0.006090957205742598,0.0007933519664220512,0.950617253780365,0.009259259328246117,0.25265994668006897,0.0,0.0,0.0,0.0,34.403778076171875,0.1486828327178955,2133.0,7.598536014556885,495.2099914550781,0.07301285862922668
274,-0.001636100118048489,-0.009933235123753548,0.019253551959991455,-0.00012272268941160291,0.0001441155036445707,0.0,0.0019398150034248829,0.00018541442113928497,0.0,0.017822265625,0.0,0.982177734375,27.463029861450195,0.006666666828095913,-0.005830198060721159,0.00032739766174927354,0.9699074625968933,0.0,0.24971744418144226,0.0,0.0,0.0,0.0,37.03156280517578,0.1861128807067871,1980.0,7.594827651977539,500.0,0.10151971876621246
275,-0.001640498056076467,-0.010101650841534138,0.01925620436668396,-0.00010025942174252123,0.0001471758441766724,0.0,0.0019907408859580755,0.00015920492296572775,0.0,0.01631673239171505,0.0,0.9836832880973816,27.4520263671875,0.006666666828095913,-0.0022032607812434435,0.00023246370255947113,0.9953704476356506,0.0,0.2504972815513611,0.0,0.0,0.0,0.0,34.999794006347656,0.14580845832824707,2097.0,7.60378885269165,500.0,0.10098753869533539
276,-0.0016432023840025067,-0.010059320367872715,0.019930895417928696,-0.00012737276847474277,0.0001515091280452907,0.0,0.001990740653127432,0.00015323788102250546,0.0,0.01611328125,0.0,0.98388671875,27.45786476135254,0.009999999776482582,-0.007008213084191084,0.00018595387518871576,0.9953704476356506,0.0,0.2513159215450287,0.0,0.0,0.0,0.0,34.015899658203125,0.14734601974487305,2158.0,7.6055755615234375,500.0,0.10673528909683228
277,-0.001601469237357378,-0.009659893810749054,0.019830316305160522,-0.00015635594900231808,0.00014946227020118386,-0.004629629664123058,0.00195370358414948,0.0001529302535345778,0.0,0.01645236648619175,0.0,0.9835476279258728,27.48643684387207,0.009999999776482582,-0.0022434161510318518,0.0008147260523401201,0.9768518805503845,0.023148149251937866,0.2525765001773834,0.0,0.0,0.0,0.0,32.78167724609375,0.14415407180786133,2239.0,7.641539573669434,495.6499938964844,0.08497548848390579
278,-0.0016311990329995751,-0.009752273559570312,0.020008634775877,-0.00014006151468493044,0.00014949138858355582,-0.0022222225088626146,0.0019888889510184526,0.00011866039130836725,0.0,0.01653374545276165,0.0,0.9834662675857544,27.51790428161621,0.009999999776482582,-0.004879130516201258,0.0006389205809682608,0.9944444298744202,0.011111111380159855,0.24639397859573364,0.0,0.0,0.0,0.0,31.947526931762695,0.14551258087158203,2297.0,7.669668674468994,499.8900146484375,0.08307549357414246
279,-0.0016288935439661145,-0.010022801347076893,0.019985657185316086,-0.00010767566709546372,0.00014809565618634224,-0.0018518519354984164,0.0019461419433355331,0.00016022445925045758,0.0,0.0159776471555233,0.0,0.9840223789215088,27.541404724121094,0.009999999776482582,-0.004856332670897245,0.0005092351930215955,0.9730709791183472,0.009259259328246117,0.2513841390609741,0.0,0.0,0.0,0.0,34.71385192871094,0.14795494079589844,2114.0,7.696665287017822,495.6600036621094,0.07873328030109406
280,-0.001600702409632504,-0.009623941965401173,0.019473232328891754,-9.482536552241072e-05,0.00013707108155358583,-0.006712963338941336,0.0018912036903202534,0.00013996609777677804,0.0,0.015041775070130825,0.0,0.9849582314491272,27.573158264160156,0.006666666828095913,-0.0034729763865470886,0.0012112018885090947,0.9456018805503845,0.033564817160367966,0.2521192729473114,0.0,0.0,0.0,0.0,36.41402053833008,0.14616131782531738,2016.0,7.734993934631348,495.3299865722656,0.0676865205168724
281,-0.0016225152648985386,-0.01051916740834713,0.01964469440281391,-0.00011135190288769081,0.00013824686175212264,-0.0027777778450399637,0.0019781747832894325,0.00011328738764859736,0.0,0.011678059585392475,0.0,0.9883219599723816,27.6171875,0.009999999776482582,-0.004158369265496731,0.0009637964540161192,0.9890873432159424,0.013888888992369175,0.2531019449234009,0.0,0.0,0.0,0.0,35.21192169189453,0.14328455924987793,2085.0,7.779919147491455,495.3500061035156,0.057061973959207535
282,-0.0016214038478210568,-0.010145710781216621,0.019580835476517677,-0.00010075813042931259,0.00013907802349422127,-0.0018518519354984164,0.0019814814440906048,0.00015539264131803066,0.0,0.010986328125,0.0,0.989013671875,27.639989852905273,0.009999999776482582,-0.006907633971422911,0.00037328433245420456,0.9907407760620117,0.009259259328246117,0.24962298572063446,0.0,0.0,0.0,0.0,32.97765350341797,0.1503598690032959,2225.0,7.785497188568115,500.0,0.09865076094865799
283,-0.0016336605185642838,-0.0104472441598773,0.01970757357776165,-8.536989480489865e-05,0.00012922925816383213,0.0,0.001985118957236409,0.00010882921196753159,0.0,0.00920952670276165,0.0,0.9907904863357544,27.619548797607422,0.009999999776482582,-0.00980394333600998,0.00023799671907909214,0.992559552192688,0.0,0.24863627552986145,0.0,0.0,0.0,0.0,32.83833694458008,0.1508498191833496,2234.0,7.769012451171875,500.0,0.09912791848182678
284,-0.0016257399693131447,-0.010771931149065495,0.019994273781776428,-7.890566485002637e-05,0.00013059104094281793,-0.00296296295709908,0.0019888889510184526,0.00014656137500423938,0.0,0.00908745639026165,0.0,0.9909125566482544,27.614635467529297,9.999999747378752e-06,0.017329618334770203,0.0012481926241889596,0.9944444298744202,0.014814815483987331,0.25128883123397827,0.0,0.0,0.0,0.0,30.11541748046875,0.1445789337158203,2436.0,7.770079135894775,495.3599853515625,0.057721495628356934
285,-0.0015734455082565546,-0.01019456796348095,0.019312391057610512,-9.750538447406143e-05,0.00011531347990967333,-0.0063492064364254475,0.0018833333160728216,0.00011849409929709509,0.0,0.00897894985973835,0.0,0.9910210371017456,27.62340545654297,0.0029192925430834293,-0.002299410756677389,0.0007262601866386831,0.9416667222976685,0.0317460335791111,0.25025638937950134,0.0,0.0,0.0,0.0,29.5423641204834,0.15437936782836914,2482.0,7.79644250869751,499.70001220703125,0.07517624646425247
286,-0.001569638610817492,-0.011057012714445591,0.01937098614871502,-8.450218592770398e-05,0.00012916243576910347,0.0,0.001986111281439662,0.00011980013368884102,0.0,0.008097331039607525,0.0,0.9919026494026184,27.645822525024414,0.0029192925430834293,-0.0066429018042981625,6.757117807865143e-05,0.9930555820465088,0.0,0.24559886753559113,0.0,0.0,0.0,0.0,33.22718048095703,0.14547491073608398,2209.0,7.795971393585205,500.0,0.09217897802591324
287,-0.0015173126012086868,-0.010276813991367817,0.01910068653523922,-8.450826135231182e-05,0.00010924964590230957,-0.005324074532836676,0.0018740741070359945,0.00012874766252934933,0.0,0.00835503451526165,0.0,0.9916449785232544,27.637725830078125,9.999999747378752e-06,-0.0019804348703473806,0.001603639917448163,0.9370370507240295,0.026620371267199516,0.2528034448623657,0.0,0.0,0.0,0.0,32.09228515625,0.1598658561706543,2285.0,7.797110557556152,487.010009765625,0.030819784849882126
288,-0.0014801750658079982,-0.00983576849102974,0.017783058807253838,-7.865628867875785e-05,9.440238500246778e-05,-0.005134680774062872,0.0018801348051056266,9.687149577075616e-05,0.0,0.010837131179869175,0.0,0.9891628623008728,27.643434524536133,0.0012974634300917387,-0.002883580746129155,0.001695625833235681,0.9400674104690552,0.02567340061068535,0.2529628574848175,0.0,0.0,0.0,0.0,35.03105163574219,0.1460411548614502,2095.0,7.811777591705322,487.2099914550781,0.027028026059269905
289,-0.0014937828527763486,-0.00936218909919262,0.017642706632614136,-0.00012902838352601975,9.271264570998028e-05,-0.0094790393486619,0.0018377494998276234,7.113496394595131e-05,0.0,0.013956706039607525,0.0,0.9860432744026184,27.6728572845459,0.0029192925430834293,-0.0051463511772453785,0.003222900442779064,0.9188746213912964,0.04739519581198692,0.2489037811756134,0.0,0.0,0.0,0.0,34.923553466796875,0.14745068550109863,2102.0,7.85078763961792,497.6499938964844,-0.029767274856567383
290,-0.0014523562276735902,-0.008657444268465042,0.018055178225040436,-0.00010427452070871368,9.077545837499201e-05,-0.019404763355851173,0.0018847222672775388,6.872686208225787e-05,0.0,0.01962619461119175,0.0,0.9803737998008728,27.706449508666992,9.999999747378752e-06,-0.0036404894199222326,0.00458147656172514,0.9423611760139465,0.09702382236719131,0.24590621888637543,0.0,0.0,0.0,0.0,34.14775085449219,0.15132498741149902,2149.0,7.86603307723999,490.5400085449219,-0.024803154170513153
291,-0.001372006256133318,-0.008016718551516533,0.01783585175871849,-6.556278094649315e-05,9.161000343738124e-05,-0.036225754767656326,0.0018337302608415484,8.853351027937606e-05,0.0,0.02826605923473835,0.0,0.9717339277267456,27.714248657226562,9.999999747378752e-06,-0.0038910824805498123,0.007612099405378103,0.9168650507926941,0.18112874031066895,0.24949748814105988,0.0,0.0,0.0,0.0,33.49510955810547,0.14528870582580566,2191.0,7.876224040985107,482.989990234375,-0.21187666058540344
292,-0.0014241798780858517,-0.00812380388379097,0.018003182485699654,-0.0004730226064566523,9.534919809084386e-05,-0.017989419400691986,0.0018345237476751208,0.0001568322186358273,0.0,0.0364040806889534,0.0,0.9635959267616272,27.721786499023438,0.0005766503745689988,-0.003833042224869132,0.004582407418638468,0.9172619581222534,0.08994708955287933,0.24465662240982056,0.0,0.0,0.0,0.0,31.913959503173828,0.14524555206298828,2299.0,7.88292932510376,487.8900146484375,-0.05762851610779762
293,-0.0014128772309049964,-0.007509816903620958,0.018412623554468155,-0.00047720668953843415,0.00010143584222532809,-0.016025133430957794,0.0018645942909643054,8.981607243185863e-05,0.0,0.0415717251598835,0.0,0.9584282636642456,27.740318298339844,9.999999747378752e-06,-0.004775171168148518,0.0030075598042458296,0.9322971701622009,0.08012566715478897,0.24543656408786774,0.0,0.0,0.0,0.0,34.2092399597168,0.14352774620056152,2146.0,7.900293827056885,490.1099853515625,-0.022893527522683144
294,-0.0014458083314821124,-0.00789158046245575,0.01810210384428501,-0.0006038661231286824,0.00010698443657020107,-0.008201058954000473,0.001879100571386516,0.00011013960465788841,0.0,0.0449354387819767,0.0,0.955064594745636,27.74932289123535,9.999999747378752e-06,-0.0026792087592184544,0.0023605478927493095,0.9395502805709839,0.041005294770002365,0.2494782656431198,0.0,0.0,0.0,0.0,36.60676574707031,0.1454308032989502,2006.0,7.909372806549072,495.19000244140625,0.06587602943181992
295,-0.001471400843001902,-0.007603880483657122,0.018501712009310722,-8.696723671164364e-05,9.506558126304299e-05,-0.0013888889225199819,0.001956349238753319,0.00010035196464741603,0.0,0.0460340715944767,0.0,0.953965961933136,27.75816535949707,0.004378939047455788,-0.003116325009614229,0.00029667909257113934,0.97817462682724,0.0069444444961845875,0.2494555562734604,0.0,0.0,0.0,0.0,34.44658279418945,0.14646673202514648,2131.0,7.9225921630859375,500.0,0.1151428297162056
296,-0.001445154775865376,-0.007137930952012539,0.01831153966486454,-6.368698086589575e-05,7.988811557879671e-05,-0.005802469328045845,0.0018966048955917358,6.552140257554129e-05,0.0,0.0456949882209301,0.0,0.9543049931526184,27.78658676147461,0.00011390625149942935,-0.0016554316971451044,0.002951804781332612,0.9483025074005127,0.029012348502874374,0.2508964240550995,0.0,0.0,0.0,0.0,34.369415283203125,0.15194439888000488,2135.0,7.949793338775635,482.70001220703125,0.009227984584867954
297,-0.0014691464602947235,-0.007630826905369759,0.017865503206849098,-8.6423140601255e-05,9.027512714965269e-05,-0.008756614290177822,0.0018384481081739068,9.607573883840814e-05,0.0,0.0493570975959301,0.0,0.9506428837776184,27.802553176879883,0.0029192925430834293,-0.003914541564881802,0.0017979253316298127,0.9192240238189697,0.04378306865692139,0.2506023943424225,0.0,0.0,0.0,0.0,33.43304443359375,0.14837861061096191,2195.0,7.976438999176025,491.4599914550781,0.042971424758434296
298,-0.0014828549465164542,-0.007647879421710968,0.01734776236116886,-6.897889397805557e-05,8.371141302632168e-05,-0.003703703870996833,0.0017365743406116962,0.00010211313201580197,0.0,0.0503607876598835,0.0,0.9496392011642456,27.849618911743164,0.004378939047455788,-0.003357651876285672,0.0012331502512097359,0.8682870268821716,0.018518518656492233,0.25344911217689514,0.0,0.0,0.0,0.0,35.37363052368164,0.14793896675109863,2075.0,8.034845352172852,487.0199890136719,0.044467609375715256
299,-0.0014600607100874186,-0.007058376912027597,0.01844889111816883,-7.995592022780329e-05,9.876784315565601e-05,-0.0044973548501729965,0.001853571622632444,0.00012575108848977834,0.0,0.0507134348154068,0.0,0.9492865800857544,27.893556594848633,9.999999747378752e-06,0.000357632408849895,0.0023969169706106186,0.9267857074737549,0.022486772388219833,0.2466474324464798,0.0,0.0,0.0,0.0,33.167259216308594,0.15032410621643066,2212.0,8.0557222366333,483.3800048828125,0.04213787242770195
300,-0.001470485352911055,-0.007637653034180403,0.017527034506201744,-7.135618943721056e-05,8.722982602193952e-05,-0.004814815241843462,0.0017648149514570832,9.490008960710838e-05,0.0,0.0525309257209301,0.0,0.9474690556526184,27.904937744140625,0.0019461950287222862,-0.002135343151167035,0.0011492068879306316,0.8824074268341064,0.024074073880910873,0.2529209554195404,0.0,0.0,0.0,0.0,33.33140563964844,0.14799952507019043,2202.0,8.079795837402344,491.69000244140625,0.05615828186273575
301,-0.0015120425960049033,-0.007601603865623474,0.017943046987056732,-8.331984281539917e-05,9.54443312366493e-05,-0.0021825397852808237,0.001819841330870986,0.0001183818094432354,0.0,0.0528293177485466,0.0,0.9471706748008728,27.94061851501465,0.0019461950287222862,-0.003722802735865116,0.0006740401149727404,0.9099205732345581,0.010912698693573475,0.24922771751880646,0.0,0.0,0.0,0.0,34.415863037109375,0.14427399635314941,2133.0,8.106588363647461,499.9800109863281,0.08795426785945892
302,-0.0014553070068359375,-0.007328799460083246,0.01822509430348873,-9.917198622133583e-05,0.00011182617890881374,-0.007275132928043604,0.0018926768098026514,0.00017076150106731802,0.0,0.0512288399040699,0.0,0.9487711787223816,27.96106719970703,9.999999747378752e-06,-0.0038713039830327034,0.002169880084693432,0.9463384747505188,0.036375660449266434,0.2487211972475052,0.0,0.0,0.0,0.0,36.26231002807617,0.14463543891906738,2025.0,8.121575355529785,484.9599914550781,0.038633882999420166
303,-0.0014741994673386216,-0.007171662524342537,0.01841943897306919,-0.00010828312952071428,0.00011830720177385956,-0.003339947434142232,0.001917989575304091,0.00012997750309295952,0.0,0.0505099818110466,0.0,0.9494900107383728,27.96910858154297,0.0019461950287222862,-0.0025176263879984617,0.0009333846974186599,0.9589947462081909,0.016699736937880516,0.2514348328113556,0.0,0.0,0.0,0.0,33.44078826904297,0.14136242866516113,2195.0,8.134765625,496.8399963378906,0.09598895907402039
304,-0.0015060646692290902,-0.006830259226262569,0.01908576861023903,-0.00011567676847334951,0.00012920367589686066,-0.0015432100044563413,0.0018921297742053866,0.00013935632887296379,0.0,0.0457492396235466,0.0,0.9542507529258728,27.98263168334961,9.999999747378752e-06,0.00024330885207746178,0.0006755845388397574,0.946064829826355,0.0077160499058663845,0.25569555163383484,0.0,0.0,0.0,0.0,34.21544647216797,0.1456007957458496,2145.0,8.14062786102295,495.510009765625,0.10258906334638596
305,-0.0014784467639401555,-0.006544547621160746,0.018933899700641632,-9.588055399945006e-05,0.00012272220919840038,-0.006587301846593618,0.001947222277522087,0.00016200881509575993,0.0,0.0371500663459301,0.0,0.9628499150276184,27.99062728881836,0.0029192925430834293,-0.0026142646092921495,0.0018677458865568042,0.9736111164093018,0.03293650597333908,0.2523174285888672,0.0,0.0,0.0,0.0,35.10249328613281,0.18938159942626953,2089.0,8.163363456726074,487.20001220703125,0.04912211745977402
306,-0.0014819467905908823,-0.0058913566172122955,0.019292103126645088,-0.00011450504825916141,0.0001371094404021278,-0.01263889018446207,0.0019314815290272236,0.00020226578635629267,0.0,0.03082953579723835,0.0,0.9691704511642456,28.016023635864258,9.999999747378752e-06,-0.0027429964393377304,0.002835773630067706,0.9657407402992249,0.06319444626569748,0.2527673542499542,0.0,0.0,0.0,0.0,35.331050872802734,0.14522314071655273,2078.0,8.174026489257812,482.80999755859375,0.02362823858857155
307,-0.0014968288596719503,-0.005710613448172808,0.019317802041769028,-0.00010879941692110151,0.00013410150131676346,-0.008201058954000473,0.0019448412349447608,0.0002385664265602827,0.0,0.0289577916264534,0.0,0.9710422158241272,28.026508331298828,0.0029192925430834293,-0.0022109614219516516,0.0011763956863433123,0.9724205732345581,0.041005294770002365,0.25087970495224,0.0,0.0,0.0,0.0,36.27607727050781,0.18194127082824707,2022.0,8.204527854919434,492.54998779296875,0.10348350554704666
308,-0.0015030434587970376,-0.006221454124897718,0.018800999969244003,-0.00014037181972526014,0.0001295803376706317,-0.008339948020875454,0.001906878431327641,0.00015880176215432584,0.0,0.0262586809694767,0.0,0.973741352558136,28.069366455078125,0.0019461950287222862,-0.004462000913918018,0.003716726554557681,0.9534391760826111,0.04169973358511925,0.24887265264987946,0.0,0.0,0.0,0.0,38.51591110229492,0.14517974853515625,1907.0,8.2424898147583,480.70001220703125,0.03386196121573448
309,-0.0015797537053003907,-0.006264505907893181,0.018808776512742043,-0.00010885202937060967,0.00012765383871737868,-0.002500000176951289,0.0019253968494012952,0.0002133311500074342,0.0,0.02750650979578495,0.0,0.9724934697151184,28.123279571533203,0.009852612391114235,-0.001883482444100082,0.0029737716540694237,0.9626984000205994,0.012500000186264515,0.25370103120803833,0.0,0.0,0.0,0.0,34.338653564453125,0.14669466018676758,2137.0,8.29919147491455,495.55999755859375,0.10982055217027664
310,-0.0015794823411852121,-0.006573373451828957,0.01908833719789982,-0.00011200813605682924,0.00013538093480747193,-0.0037566141691058874,0.00195370358414948,0.00015675887698307633,0.0,0.02753363735973835,0.0,0.9724663496017456,28.142101287841797,9.999999747378752e-06,-0.0017249046359211206,0.001639500493183732,0.9768518805503845,0.018783070147037506,0.24891291558742523,0.0,0.0,0.0,0.0,31.77960777282715,0.14417195320129395,2309.0,8.3048677444458,493.7300109863281,0.07264155149459839
311,-0.0015523119363933802,-0.006026475690305233,0.019687404856085777,-0.00015426673053298146,0.0001361922186333686,-0.006481481716036797,0.0019259258406236768,0.00013535442121792585,0.0,0.02545844204723835,0.0,0.9745415449142456,28.153209686279297,0.009852612391114235,-0.0021695499308407307,0.0008700206526555121,0.9629629850387573,0.032407406717538834,0.24595005810260773,0.0,0.0,0.0,0.0,33.29690170288086,0.1806342601776123,2202.0,8.337976455688477,491.1400146484375,0.10134155303239822
312,-0.001595805981196463,-0.00628056051209569,0.019087472930550575,-0.00011189719225512818,0.0001254930393770337,-0.00296296295709908,0.0019652778282761574,0.00016884782235138118,0.0,0.0255126953125,0.0,0.9744873046875,28.18488311767578,9.999999747378752e-06,0.0008204262121580541,0.000789135170634836,0.9826388955116272,0.014814815483987331,0.24919070303440094,0.0,0.0,0.0,0.0,32.06505584716797,0.14626049995422363,2288.0,8.350754737854004,495.7799987792969,0.08834268152713776
313,-0.001581434509716928,-0.005560002755373716,0.018629712983965874,-0.00012015719403279945,0.00012824403529521078,-0.014999998733401299,0.0019295635866001248,0.00015063583850860596,0.0,0.025390625,0.0,0.974609375,28.189170837402344,9.999999747378752e-06,-0.002466307720169425,0.0032729769591242075,0.9647817611694336,0.07500000298023224,0.2474992275238037,0.0,0.0,0.0,0.0,34.26683044433594,0.14800119400024414,2142.0,8.35721206665039,485.8599853515625,-0.02630752883851528
314,-0.0015323507832363248,-0.0055403197184205055,0.01843707077205181,-0.00013257305545266718,0.00013010227121412754,-0.018924163654446602,0.0019055557204410434,0.00013786982162855566,0.0,0.03020562045276165,0.0,0.9697943925857544,28.197189331054688,0.0008649755618534982,-0.003187389113008976,0.0049249110743403435,0.9527778625488281,0.09462080895900726,0.251650869846344,0.0,0.0,0.0,0.0,34.024723052978516,0.14780211448669434,2157.0,8.370774269104004,486.75,-0.02430117130279541
315,-0.0015654545277357101,-0.005694784224033356,0.018945859745144844,-0.00012144340144004673,0.00013554330507759005,-0.013487654738128185,0.0019722224678844213,0.00017243360343854874,0.0,0.0344509556889534,0.0,0.9655490517616272,28.22085189819336,9.999999747378752e-06,-0.001006713486276567,0.0040025184862315655,0.9861111044883728,0.0674382746219635,0.2520808279514313,0.0,0.0,0.0,0.0,34.48353576660156,0.15410327911376953,2128.0,8.390385627746582,489.75,-0.021620187908411026
316,-0.0015512595418840647,-0.005817066412419081,0.018495304509997368,-0.0001212696370203048,0.00013032405695412308,-0.020966211333870888,0.0018976189894601703,0.00012115505523979664,0.0,0.0410834439098835,0.0,0.9589165449142456,28.228078842163086,9.999999747378752e-06,-0.0036949533969163895,0.005703923758119345,0.9488095045089722,0.10483104735612869,0.24876782298088074,0.0,0.0,0.0,0.0,36.99153518676758,0.1485748291015625,1985.0,8.395842552185059,490.8299865722656,0.030624879524111748
317,-0.0016544521786272526,-0.006069600582122803,0.019088992848992348,-0.00012007869372610003,0.00017276253493037075,0.0,0.001936508109793067,0.0001728007773635909,0.0,0.0418565534055233,0.0,0.9581434726715088,28.23203468322754,0.0029192925430834293,-0.006384748965501785,0.00011633480607997626,0.9682539701461792,0.0,0.2521803379058838,0.0,0.0,0.0,0.0,35.55268096923828,0.14660382270812988,2065.0,8.394699096679688,500.0,0.13329093158245087
318,-0.0016310387291014194,-0.006408113520592451,0.0186943206936121,-0.00011664148041745648,0.00015365914441645145,-0.0027777778450399637,0.0019430555403232574,0.00012197229079902172,0.0,0.0410020612180233,0.0,0.9589979648590088,28.245880126953125,0.0065684085711836815,-0.003313925117254257,0.0024478239938616753,0.9715277552604675,0.013888888992369175,0.2526332139968872,0.0,0.0,0.0,0.0,34.815330505371094,0.14534783363342285,2108.0,8.448796272277832,494.07000732421875,0.08677403628826141
319,-0.0015951704699546099,-0.0060280743055045605,0.01896343007683754,-0.00011186120536876842,0.00014484852727036923,-0.004814815241843462,0.0019148149294778705,9.224328096024692e-05,0.0,0.0411105677485466,0.0,0.9588894248008728,28.3346004486084,0.009852612391114235,-0.0031307784374803305,0.08666843175888062,0.9574074149131775,0.024074073880910873,0.2483866810798645,0.0,0.0,0.0,0.0,32.66484832763672,0.14148330688476562,2247.0,8.52922534942627,498.70001220703125,0.1158379539847374
320,-0.0016206953441724181,-0.007188668008893728,0.018700171262025833,-0.00018149695824831724,0.00014982240099925548,-0.003703703870996833,0.001897222246043384,0.00014965453010518104,0.0,0.0394287109375,0.0,0.9605712890625,28.375783920288086,0.004444444552063942,-0.0029955466743558645,0.0028190244920551777,0.9486111402511597,0.018518518656492233,0.24980497360229492,0.0,0.0,0.0,0.0,32.27001953125,0.18624234199523926,2271.0,8.565872192382812,492.010009765625,0.06090899556875229
321,-0.0016279083210974932,-0.007051041815429926,0.018931299448013306,-0.00021191619453020394,0.000146396821946837,-0.009135802276432514,0.0019537038169801235,0.00014223875768948346,0.0,0.0396186001598835,0.0,0.9603813886642456,28.397048950195312,9.999999747378752e-06,0.0008859924855642021,0.0028530212584882975,0.9768518805503845,0.045679014176130295,0.24902445077896118,0.0,0.0,0.0,0.0,35.86200714111328,0.14638996124267578,2047.0,8.574137687683105,499.0899963378906,0.10034631192684174
322,-0.0016477016033604741,-0.007519866805523634,0.018744006752967834,-0.00014144771557766944,0.00014386077236849815,-0.0018518519354984164,0.001942129572853446,0.00018194635049439967,0.0,0.03857421875,0.0,0.96142578125,28.406829833984375,0.0065684085711836815,-0.004189418163150549,0.005302512086927891,0.9710648655891418,0.009259259328246117,0.2489844113588333,0.0034722222480922937,0.0,0.0027777778450399637,0.0,34.48482131958008,0.14344525337219238,2129.0,8.59202766418457,500.0,0.1205245703458786
323,-0.0016346839256584644,-0.007345626130700111,0.018726149573922157,-0.00016304670134559274,0.0001403111091349274,-0.002233445644378662,0.0019110871944576502,0.0001484815584262833,0.0,0.0372450090944767,0.0,0.962755024433136,28.4274845123291,9.999999747378752e-06,-0.0015840724809095263,0.0016922696959227324,0.9555435180664062,0.01116722822189331,0.2486705780029297,0.003086419776082039,0.0,0.0,0.0,32.1829948425293,0.17713427543640137,2278.0,8.605087280273438,495.75,0.08421396464109421
324,-0.0016122739762067795,-0.007392197847366333,0.018635865300893784,-0.00014749572437722236,0.00014780068886466324,-0.0044973548501729965,0.00194907421246171,0.00011421349336160347,0.0,0.0376654751598835,0.0,0.9623345136642456,28.43623924255371,0.0029192925430834293,-0.0033453642390668392,0.002994618844240904,0.9745371341705322,0.022486772388219833,0.2520413100719452,0.0,0.0,0.0,0.0,35.08490753173828,0.1472456455230713,2092.0,8.6270751953125,486.8399963378906,0.059813886880874634
325,-0.0016317926347255707,-0.007834588177502155,0.01883864775300026,-0.00013290930655784905,0.00014381921209860593,-0.0013888889225199819,0.001921296352520585,0.00017601597937755287,0.0,0.0376247838139534,0.0,0.9623752236366272,28.458805084228516,9.999999747378752e-06,0.0009197018225677311,0.0006872066296637058,0.960648238658905,0.0069444444961845875,0.24480564892292023,0.0,0.0,0.003968254197388887,0.0,31.40203857421875,0.141387939453125,2337.0,8.636902809143066,495.82000732421875,0.0961318165063858
326,-0.001591400825418532,-0.007408697623759508,0.018645791336894035,-0.000153632034198381,0.00013883099018130451,-0.0063492064364254475,0.0018754630582407117,0.0001410021068295464,0.0,0.0371229387819767,0.0,0.962877094745636,28.466196060180664,0.0029192925430834293,-0.003057928290218115,0.0013381937751546502,0.9377314448356628,0.0317460335791111,0.24011431634426117,0.0,0.0,0.0,0.0,29.534801483154297,0.1475989818572998,2483.0,8.656166076660156,495.2699890136719,0.07727359980344772
327,-0.001622286275960505,-0.00777470413595438,0.018739759922027588,-0.0001361875474685803,0.00015391191118396819,-0.004891975782811642,0.0019938270561397076,0.00026039700605906546,0.0,0.0368516705930233,0.0,0.9631483554840088,28.484067916870117,9.999999747378752e-06,0.0012034921674057841,0.0019894747529178858,0.9969136118888855,0.024459877982735634,0.24826855957508087,0.0,0.0,0.0,0.0,35.41612243652344,0.19005846977233887,2070.0,8.664040565490723,491.1199951171875,0.01917973719537258
328,-0.0014883404364809394,-0.006867393851280212,0.018855202943086624,-0.00014648046635556966,0.00014638854190707207,-0.037552911788225174,0.0019619709346443415,0.00023939396487548947,0.0,0.0348036028444767,0.0,0.965196430683136,28.488300323486328,9.999999747378752e-06,-0.0015087217325344682,0.008781530894339085,0.9809854626655579,0.18776455521583557,0.250488817691803,0.0,0.0,0.0,0.0,36.96754455566406,0.1461341381072998,1986.0,8.669646263122559,464.1400146484375,-0.2812689244747162
329,-0.001581754768267274,-0.007375331595540047,0.018550941720604897,-0.00014709020615555346,0.00015358507516793907,-0.009387125261127949,0.0019444447243586183,0.0001235200761584565,0.0,0.0407443568110466,0.0,0.9592556357383728,28.49291229248047,9.999999747378752e-06,-0.0024404535070061684,0.003359739203006029,0.9722222089767456,0.04693562537431717,0.25139155983924866,0.0,0.0,0.0,0.0,33.68669509887695,0.1767737865447998,2177.0,8.673806190490723,486.2699890136719,0.01237646397203207
330,-0.001617367728613317,-0.00829625315964222,0.018256910145282745,-0.0001645206502871588,0.00014606273907702416,-0.0046362439170479774,0.0019449496176093817,0.00012105832865927368,0.0,0.0356174036860466,0.0,0.9643825888633728,28.49658203125,9.999999747378752e-06,-0.002391259418800473,0.0018085940973833203,0.9724748730659485,0.023181216791272163,0.252288281917572,0.0,0.0,0.0,0.0,35.63398742675781,0.17746496200561523,2058.0,8.676953315734863,491.25,0.06251063942909241
331,-0.0015855549136176705,-0.007120292168110609,0.018767202273011208,-0.00013520366337615997,0.0001539349468657747,-0.007592592854052782,0.0019425927894189954,0.0001248730841325596,0.0,0.0348578579723835,0.0,0.9651421308517456,28.50825309753418,0.0029192925430834293,-0.002170343417674303,0.0015039854915812612,0.9712963104248047,0.037962961941957474,0.2533363401889801,0.0,0.0,0.0069444444961845875,0.0,35.46320343017578,0.18518352508544922,2068.0,8.709336280822754,491.5,0.0804741159081459
332,-0.0016035876469686627,-0.0075336042791605,0.018622111529111862,-0.0001842189667513594,0.0001546864805277437,-0.006812169682234526,0.0019457672024145722,0.00014642372843809426,0.0,0.0364583320915699,0.0,0.9635416865348816,28.544981002807617,0.0012974634300917387,-0.0033626395743340254,0.0011497415835037827,0.9728836417198181,0.034060850739479065,0.2477167695760727,0.0,0.0,0.0,0.0,31.746963500976562,0.17917180061340332,2309.0,8.737138748168945,495.9800109863281,0.07633768767118454
333,-0.0016005148645490408,-0.0074507975950837135,0.01862507313489914,-0.00021365338761825114,0.00016850989777594805,-0.006018518470227718,0.0019537038169801235,0.00015829959011171013,0.0,0.0367160364985466,0.0,0.9632839560508728,28.58085060119629,0.0065684085711836815,-0.004108851775527,0.0009829269256442785,0.9768518805503845,0.030092593282461166,0.2471552938222885,0.0,0.0,0.0,0.0,34.67949295043945,0.14856576919555664,2116.0,8.791282653808594,491.3599853515625,0.08058103173971176
334,-0.0015128672821447253,-0.007456895429641008,0.018456246703863144,-0.00023008929565548897,0.00015623851504642516,-0.0175661388784647,0.001886508078314364,0.0002062878484139219,0.0,0.0391710065305233,0.0,0.9608290195465088,28.607629776000977,9.999999747378752e-06,-0.0018818784737959504,0.004166114144027233,0.9432540535926819,0.08783069252967834,0.25339365005493164,0.0,0.0,0.0,0.0,32.340911865234375,0.14574933052062988,2269.0,8.796140670776367,474.0799865722656,-0.03565248101949692
335,-0.0015971495304256678,-0.007626834791153669,0.019030196592211723,-0.00017745187506079674,0.00015845389862079173,-0.007870371453464031,0.0019796297419816256,0.00014628480130340904,0.0,0.0399983711540699,0.0,0.9600016474723816,28.615262985229492,0.0019461950287222862,-0.0029772398993372917,0.0022258972749114037,0.9898147583007812,0.03935185447335243,0.24890705943107605,0.0,0.0,0.0069444444961845875,0.0,36.01216506958008,0.15727019309997559,2038.0,8.818714141845703,496.30999755859375,0.058504845947027206
336,-0.0015669030835852027,-0.006878718733787537,0.019087130203843117,-0.000135732363560237,0.00015395523223560303,-0.011287478730082512,0.0019296295940876007,0.00017651100642979145,0.0,0.0432264544069767,0.0,0.956773579120636,28.638158798217773,9.999999747378752e-06,-0.004026619251817465,0.003183893393725157,0.9648148417472839,0.05643739178776741,0.24468912184238434,0.0,0.0,0.0,0.0,34.92231369018555,0.1450352668762207,2102.0,8.830137252807617,483.0,0.0006059186416678131
337,-0.0015853398945182562,-0.007322534918785095,0.01894492842257023,-0.00015547296789009124,0.00015990716929081827,-0.008293651044368744,0.0019851853139698505,0.00019882908964063972,0.0,0.0457628034055233,0.0,0.9542372226715088,28.64249038696289,0.0012974634300917387,-0.003611031686887145,0.002538035623729229,0.9925926327705383,0.04146825522184372,0.24545001983642578,0.0,0.0,0.0,0.0,34.00626754760742,0.1491987705230713,2158.0,8.839223861694336,493.0299987792969,0.023857949301600456
338,-0.001552184228785336,-0.007811764255166054,0.019002314656972885,-0.00015441015420947224,0.0001370250975014642,-0.012222222983837128,0.001956790219992399,0.0001395149593008682,0.0,0.0490315742790699,0.0,0.9509684443473816,28.669475555419922,0.0029192925430834293,-0.005589242558926344,0.00386661640368402,0.9783950448036194,0.06111111119389534,0.2512720227241516,0.0,0.0,0.0,0.0,32.368675231933594,0.14785432815551758,2267.0,8.885269165039062,481.1700134277344,-0.020965315401554108
339,-0.001602943055331707,-0.0076360986568033695,0.01976836659014225,-0.00020233429677318782,0.00015758023073431104,-0.0036111113149672747,0.0019799384754151106,0.00018466744222678244,0.0,0.0504421666264534,0.0,0.9495578408241272,28.702098846435547,9.999999747378752e-06,0.0003271109308116138,0.0014275918947532773,0.9899691343307495,0.01805555447936058,0.2514551877975464,0.0,0.0,0.0,0.0,31.216915130615234,0.1409745216369629,2351.0,8.90109634399414,494.42999267578125,0.06687630712985992
340,-0.0015749781159684062,-0.008083775639533997,0.019833797588944435,-0.00023480581876356155,0.0001454278826713562,-0.012037036940455437,0.0019768518395721912,0.0001818126329453662,0.0,0.0524495430290699,0.0,0.9475504755973816,28.70811653137207,9.999999747378752e-06,-0.0026359441690146923,0.002172127366065979,0.9884260296821594,0.06018518656492233,0.2537651062011719,0.0,0.0,0.009259259328246117,0.0,31.69988441467285,0.14657902717590332,2315.0,8.910150527954102,493.6099853515625,0.002669147215783596
341,-0.0015466070035472512,-0.007957943715155125,0.01895938068628311,-0.00022551091387867928,0.000134825604618527,-0.009497354738414288,0.0019206790020689368,0.00018254571477882564,0.0,0.0539279505610466,0.0,0.9460720419883728,28.715774536132812,0.0012974634300917387,-0.0031663670670241117,0.002745196223258972,0.9603394269943237,0.047486770898103714,0.2502686679363251,0.0,0.0,0.0,0.0,37.362892150878906,0.15004324913024902,1965.0,8.924349784851074,485.79998779296875,0.01654473878443241
342,-0.001600538962520659,-0.008429097011685371,0.019575532525777817,-0.00018106852076016366,0.0001502709201304242,-0.002314814832061529,0.0019814814440906048,0.0001583910925546661,0.0,0.0500895194709301,0.0,0.9499104619026184,28.739295959472656,0.0065684085711836815,-0.0026101558469235897,0.0005590193904936314,0.9907407760620117,0.011574074625968933,0.24811410903930664,0.0,0.0,0.0,0.0,35.64867401123047,0.14898014068603516,2059.0,8.962865829467773,495.4700012207031,0.09893705695867538
343,-0.0015615945449098945,-0.007927585393190384,0.019243542104959488,-0.0001652703358558938,0.0001361001777695492,-0.004682539962232113,0.0019578044302761555,0.00015498690481763333,0.0,0.0419108085334301,0.0,0.9580891728401184,28.774696350097656,9.999999747378752e-06,-0.000595379329752177,0.0029742252081632614,0.9789021015167236,0.02341269887983799,0.2457657903432846,0.0,0.0,0.0,0.0,36.855037689208984,0.14560985565185547,1992.0,8.984201431274414,482.4700012207031,0.035179439932107925
344,-0.0015471171354874969,-0.007636676076799631,0.019500216469168663,-0.00024129792291205376,0.0001404521317454055,-0.008163580670952797,0.0019174383487552404,0.00022627237194683403,0.0,0.0422770194709301,0.0,0.9577229619026184,28.7839298248291,9.999999747378752e-06,-0.002742577577009797,0.0023938820231705904,0.9587191343307495,0.040817905217409134,0.2485988885164261,0.003968254197388887,0.0,0.0,0.0,34.30366897583008,0.14813661575317383,2140.0,8.998863220214844,498.19000244140625,0.06098175048828125
345,-0.001530701294541359,-0.008116306737065315,0.018703648820519447,-0.0001607645972399041,0.000138597417389974,-0.006820987910032272,0.00187870382796973,0.00020571979985106736,0.0,0.0425889752805233,0.0,0.9574110507965088,28.79911994934082,0.0029192925430834293,-0.002667497145012021,0.002050624694675207,0.9393518567085266,0.03410493582487106,0.25043708086013794,0.0,0.0,0.0,0.0,33.28662109375,0.14473199844360352,2205.0,9.025930404663086,487.9700012207031,0.031697459518909454
346,-0.0015697492053732276,-0.007664970122277737,0.019548656418919563,-0.00015940454613883048,0.00015950921806506813,-0.005046296399086714,0.0018782408442348242,0.0002305116504430771,0.0,0.0424669049680233,0.0,0.9575331211090088,28.8568115234375,0.009852612391114235,-0.0035207949113100767,0.008538215421140194,0.9391204118728638,0.025231480598449707,0.25081679224967957,0.013888888992369175,0.0,0.0,0.0,33.57315444946289,0.14934134483337402,2186.0,9.098492622375488,487.29998779296875,0.061990223824977875
347,-0.001593623892404139,-0.007853728719055653,0.01929442584514618,-0.00011656183778541163,0.00015861175779718906,-0.0027777780778706074,0.0019351852824911475,0.00015016464749351144,0.0,0.0431857630610466,0.0,0.9568142294883728,28.884519577026367,9.999999747378752e-06,0.009231560863554478,0.0007302755839191377,0.9675926566123962,0.013888888992369175,0.2495582103729248,0.0069444444961845875,0.0,0.0,0.0,33.40301513671875,0.18955206871032715,2194.0,9.101580619812012,500.0,0.11916717886924744
348,-0.0015680905198678374,-0.0072685531340539455,0.019327308982610703,-0.00016095422324724495,0.00014279207971412688,-0.006203703582286835,0.0018753968179225922,0.00012864563905168325,0.0,0.0399441197514534,0.0,0.9600558876991272,28.89440155029297,0.0029192925430834293,-0.0028931573033332825,0.002216682303696871,0.9376983642578125,0.031018519774079323,0.2477448284626007,0.0,0.0,0.0,0.0,34.90604782104492,0.1468958854675293,2103.0,9.137350082397461,488.989990234375,0.046810366213321686
349,-0.0015967851504683495,-0.007193861063569784,0.01936524175107479,-0.00011686543439282104,0.0001467955153202638,-0.005509259644895792,0.0018430554773658514,0.00016425324429292232,0.0,0.0394287109375,0.0,0.9605712890625,28.97046661376953,0.009852612391114235,-0.003985160030424595,0.0017442709067836404,0.9215277433395386,0.027546295896172523,0.2513337731361389,0.0,0.0,0.0,0.0,33.55386734008789,0.14820003509521484,2187.0,9.225869178771973,495.5299987792969,0.08704483509063721
350,-0.0015502282185479999,-0.007230467163026333,0.019347993656992912,-0.00013041053898632526,0.00013774038234259933,-0.01080687902867794,0.0018933862447738647,0.0001889657723950222,0.0,0.0386962890625,0.0,0.9613037109375,28.99736213684082,9.999999747378752e-06,-0.00272519513964653,0.004200604744255543,0.9466931223869324,0.05403439328074455,0.25075262784957886,0.0,0.0,0.0,0.0,36.08900451660156,0.14536356925964355,2034.0,9.23491096496582,478.25,-0.012954281643033028
351,-0.001568341045640409,-0.007292557042092085,0.01933959312736988,-0.00012862056610174477,0.00012235529720783234,-0.005511664319783449,0.0019161796662956476,0.00014153635129332542,0.0,0.0397677943110466,0.0,0.9602321982383728,29.005983352661133,0.0019461950287222862,-0.002583158202469349,0.0022879522293806076,0.9580898284912109,0.02755832113325596,0.24632732570171356,0.0,0.0,0.0,0.0,29.816232681274414,0.15519213676452637,2459.0,9.260686874389648,483.5799865722656,0.05043504014611244
352,-0.0015689458232373,-0.006583901587873697,0.01980910263955593,-0.0004305193724576384,0.00013510028657037765,-0.011635803617537022,0.001918672933243215,0.0002066189335891977,0.0,0.0392659492790699,0.0,0.9607340693473816,29.04389190673828,9.999999747378752e-06,-0.004219346214085817,0.003955767024308443,0.9593364000320435,0.058179013431072235,0.2526620030403137,0.0055555556900799274,0.0,0.0,0.0,32.427425384521484,0.14493894577026367,2263.0,9.293054580688477,481.2099914550781,0.01717206835746765
353,-0.0015869844937697053,-0.006940546911209822,0.0197032168507576,-0.0001376915315631777,0.00013974601461086422,-0.01185185182839632,0.001956878462806344,0.00014019093941897154,0.0,0.0403645820915699,0.0,0.9596354365348816,29.05670166015625,0.0029192925430834293,-0.0035147189628332853,0.0024616201408207417,0.9784391522407532,0.05925925448536873,0.2520894408226013,0.0,0.0,0.0,0.0,33.586585998535156,0.17937588691711426,2183.0,9.3215970993042,487.6700134277344,0.01310214027762413
354,-0.001591829233802855,-0.006561863236129284,0.019710473716259003,-0.00015203793009277433,0.00015842588618397713,-0.008055555634200573,0.0019629630260169506,0.0001325191551586613,0.0,0.0402560755610466,0.0,0.9597439169883728,29.091962814331055,0.0012974634300917387,-0.0038424283266067505,0.001908335485495627,0.9814815521240234,0.04027777910232544,0.24795082211494446,0.0,0.0,0.0,0.0,32.771446228027344,0.14687228202819824,2239.0,9.355023384094238,488.739990234375,0.05585385113954544
355,-0.0016211193287745118,-0.006853687111288309,0.01968124508857727,-0.00011778491170844063,0.00014526410086546093,-0.004166666883975267,0.0018818784737959504,0.00014472330803982913,0.0,0.0389539934694767,0.0,0.961046040058136,29.139568328857422,0.009852612391114235,-0.0037750310730189085,0.009935150854289532,0.94093918800354,0.02083333395421505,0.24880382418632507,0.0,0.0,0.0,0.0,33.87527847290039,0.15276765823364258,2166.0,9.429893493652344,500.0,0.13490745425224304
356,-0.0016344558680430055,-0.006647374946624041,0.019680043682456017,-0.00014021809329278767,0.0001467682741349563,-0.003888888983055949,0.0019336421974003315,0.0001800179306883365,0.0,0.0373942069709301,0.0,0.9626057744026184,29.186552047729492,0.009999999776482582,-0.004261241294443607,0.001501130172982812,0.966821014881134,0.01944444514811039,0.25068095326423645,0.0,0.0,0.0,0.0,36.68315505981445,0.18452167510986328,1999.0,9.477517127990723,498.8599853515625,0.11942677944898605
357,-0.0016354367835447192,-0.006489849649369717,0.01956484466791153,-0.0002341271028853953,0.00014430256851483136,-0.0021825400181114674,0.0019595681224018335,0.00016112295270431787,0.0,0.0364040806889534,0.0,0.9635959267616272,29.228656768798828,0.006666666828095913,-0.0019486170494928956,0.001954086357727647,0.9797840118408203,0.010912698693573475,0.25107312202453613,0.0,0.0,0.0,0.0,35.531654357910156,0.18780183792114258,2064.0,9.543998718261719,487.3999938964844,0.07535888254642487
358,-0.00162660947535187,-0.0059877424500882626,0.019346365705132484,-0.00012647193216253072,0.00016309114289470017,-0.004166666883975267,0.00194907421246171,0.0001366365613648668,0.0,0.0343560129404068,0.0,0.9656440019607544,29.280864715576172,0.009999999776482582,-0.0020602140575647354,0.0007012382266111672,0.9745371341705322,0.02083333395421505,0.25090375542640686,0.0,0.0,0.0,0.0,32.75614929199219,0.14923834800720215,2240.0,9.58970832824707,495.6300048828125,0.1162138506770134
359,-0.0016292058862745762,-0.006174782756716013,0.01938115619122982,-0.0001933621970238164,0.00016256920935120434,-0.00533068785443902,0.0019235449144616723,0.00015517440624535084,0.0,0.0336371548473835,0.0,0.9663628339767456,29.325593948364258,0.009999999776482582,-0.004400772042572498,0.0017368047265335917,0.9617725014686584,0.026653438806533813,0.24833212792873383,0.0,0.0,0.0,0.0,35.63795852661133,0.14586901664733887,2060.0,9.661093711853027,486.9100036621094,0.07312800735235214
360,-0.0015038197161629796,-0.005205332301557064,0.019073838368058205,-0.00012396306556183845,0.0001727651833789423,-0.02301587350666523,0.0017962964484468102,0.00017986579041462392,0.0,0.0362684465944767,0.0,0.963731586933136,29.398799896240234,0.009999999776482582,-0.004065847955644131,0.004239257890731096,0.898148238658905,0.1150793805718422,0.25124862790107727,0.0,0.0,0.0,0.0,33.266197204589844,0.14562129974365234,2206.0,9.783086776733398,461.32000732421875,-0.03484480455517769
361,-0.0016178860096260905,-0.005683726631104946,0.019345218315720558,-0.00019947371038142592,0.000202047944185324,-0.00783068872988224,0.001897222246043384,0.000212754457606934,0.0,0.0385470911860466,0.0,0.9614529013633728,29.479778289794922,0.004444444552063942,-0.0036268518306314945,0.0024648690596222878,0.9486111402511597,0.03915344178676605,0.2470870018005371,0.0,0.0,0.0,0.0,31.965431213378906,0.1482715606689453,2295.0,9.840723037719727,474.44000244140625,0.02381112426519394
362,-0.0015429729828611016,-0.004765495657920837,0.01892929896712303,-0.00013355343253351748,0.00021401695266831666,-0.019303351640701294,0.001801344915293157,0.0002686880761757493,0.0,0.0431857630610466,0.0,0.9568142294883728,29.530780792236328,0.006666666828095913,-0.006664187181740999,0.006125789135694504,0.9006723761558533,0.09651675820350647,0.2520090639591217,0.0,0.0,0.0,0.0,36.12556457519531,0.18816256523132324,2030.0,9.911115646362305,466.1000061035156,-0.008708368986845016
363,-0.0015976190334185958,-0.004908306989818811,0.019220083951950073,-0.00015877524856477976,0.00022421570611186326,-0.011671076528728008,0.0018701720982789993,0.00020131748169660568,0.0,0.0458170585334301,0.0,0.9541829228401184,29.609140396118164,0.009999999776482582,-0.004841712303459644,0.004373681731522083,0.9350860714912415,0.05835537984967232,0.24661098420619965,0.0,0.0,0.0,0.0,34.79099655151367,0.14865493774414062,2110.0,10.031789779663086,473.6300048828125,0.026295747607946396
364,-0.0016037175664678216,-0.004890621639788151,0.019585933536291122,-0.00013409109669737518,0.0002255538129247725,-0.011602935381233692,0.0018233646405860782,0.00010440623009344563,0.0,0.0460069440305233,0.0,0.9539930820465088,29.722156524658203,0.009999999776482582,-0.00485975993797183,0.004477661568671465,0.9116823673248291,0.05801467224955559,0.25264185667037964,0.0,0.0,0.0,0.0,36.71390914916992,0.1485888957977295,2000.0,10.181114196777344,466.5,-0.0041345334611833096
365,-0.0016490495763719082,-0.004269216675311327,0.020344462245702744,-0.00014111134805716574,0.00020761440100613981,-0.011481482535600662,0.001965740928426385,0.0001623595308046788,0.0,0.0467936210334301,0.0,0.9532063603401184,29.824024200439453,0.009999999776482582,-0.004062431864440441,0.002571167889982462,0.9828703999519348,0.05740741267800331,0.2533546984195709,0.0,0.0,0.0,0.0,31.316484451293945,0.1455540657043457,2343.0,10.289511680603027,487.5,0.08670859038829803
366,-0.001674752333201468,-0.0043268948793411255,0.01995578035712242,-0.00013300626596901566,0.0002245302894152701,-0.0024691361468285322,0.0019753086380660534,0.00019763995078392327,0.0,0.0442165806889534,0.0,0.9557834267616272,29.886520385742188,0.009999999776482582,-0.003262611571699381,0.0009951057145372033,0.9876543879508972,0.01234568003565073,0.25075069069862366,0.0,0.0,0.0,0.0,38.20895767211914,0.14928174018859863,1922.0,10.34085464477539,495.44000244140625,0.14138853549957275
367,-0.0016698314575478435,-0.004558764863759279,0.019817622378468513,-0.00015221285866573453,0.00025780557189136744,-0.004166666883975267,0.0019287036266177893,0.00015604317013639957,0.0,0.0414903424680233,0.0,0.9585096836090088,29.918983459472656,0.009999999776482582,-0.005096276756376028,0.0012694228207692504,0.9643518924713135,0.02083333395421505,0.24657133221626282,0.0,0.0,0.0,0.0,33.615142822265625,0.1974318027496338,2180.0,10.384641647338867,491.6600036621094,0.12331704795360565
368,-0.0016797927673906088,-0.004464487079530954,0.02019890770316124,-0.00015042001905385405,0.00023981017875485122,-0.0027777778450399637,0.0019722222350537777,0.0001588476006872952,0.0,0.0395914725959301,0.0,0.9604085087776184,29.955957412719727,0.009999999776482582,-0.004828264005482197,0.0017050527967512608,0.9861111044883728,0.013888888992369175,0.25107043981552124,0.0,0.0,0.0,0.0,34.25761795043945,0.14987802505493164,2142.0,10.437803268432617,491.6400146484375,0.12121027708053589
369,-0.0016849901294335723,-0.004250063095241785,0.020583203062415123,-0.00014866379206068814,0.00027228129329159856,-0.0038580249529331923,0.001919753267429769,0.00016500047058798373,0.0,0.0390896275639534,0.0,0.9609103798866272,29.99956703186035,0.009999999776482582,-0.003936762921512127,0.001148754614405334,0.9598765969276428,0.019290123134851456,0.2544983923435211,0.0,0.0,0.0,0.0,34.6510124206543,0.14888858795166016,2118.0,10.514442443847656,495.79998779296875,0.15170139074325562
370,-0.0016925166128203273,-0.004138776566833258,0.020458625629544258,-0.00015972314577084035,0.0002919304242823273,-0.002314814832061529,0.0019768518395721912,0.00023305365175474435,0.0,0.0391303189098835,0.0,0.9608696699142456,30.05278778076172,0.009999999776482582,-0.004227248951792717,0.0019422246841713786,0.9884260296821594,0.011574074625968933,0.24661363661289215,0.0,0.0,0.0,0.0,35.10824203491211,0.14870786666870117,2091.0,10.574466705322266,491.5299987792969,0.12993407249450684
371,-0.0016582473181188107,-0.0041280812583863735,0.02043568156659603,-0.00015246060502249748,0.0002804044634103775,-0.006631054915487766,0.0019086895044893026,0.00016717432299628854,0.0,0.04052734375,0.0,0.95947265625,30.108470916748047,0.009999999776482582,-0.0045426650904119015,0.0017849247669801116,0.9543447494506836,0.03315526992082596,0.24810801446437836,0.0,0.0,0.0,0.0,34.30296325683594,0.14682245254516602,2140.0,10.668630599975586,491.3800048828125,0.13075539469718933
372,-0.0016627853037789464,-0.004028227645903826,0.020423874258995056,-0.00013372169632930309,0.00027110526571050286,-0.007892416790127754,0.0019290124764665961,0.00017219928849954158,0.0,0.0408257395029068,0.0,0.9591742753982544,30.170658111572266,0.009999999776482582,-0.004759944509714842,0.0012170443078503013,0.9645061492919922,0.03946208208799362,0.24744439125061035,0.0,0.0,0.0,0.0,31.227413177490234,0.14650678634643555,2349.0,10.73692512512207,495.0299987792969,0.12887901067733765
373,-0.0016741795698180795,-0.0043625240214169025,0.02056608535349369,-0.00016174116171896458,0.0002914867945946753,-0.005740741267800331,0.0019425927894189954,0.00021625625959131867,0.0,0.0415988489985466,0.0,0.9584011435508728,30.210525512695312,0.009999999776482582,-0.003967217169702053,0.0007488942937925458,0.9712963104248047,0.028703702613711357,0.2465565949678421,0.0,0.0,0.0,0.0,31.680715560913086,0.14773225784301758,2316.0,10.7878999710083,500.0,0.17101040482521057
374,-0.001701116212643683,-0.004073350224643946,0.020815715193748474,-0.00018649021512828767,0.0003032381064258516,-0.0027777778450399637,0.0019722224678844213,0.0001853076828410849,0.0,0.0377061627805233,0.0,0.9622938632965088,30.237720489501953,0.009999999776482582,-0.0051968214102089405,0.0008154053939506412,0.9861111044883728,0.013888888992369175,0.24610280990600586,0.0,0.0,0.0,0.0,30.456867218017578,0.15285634994506836,2408.0,10.815606117248535,496.1700134277344,0.15037593245506287
375,-0.0016704906011000276,-0.0044367024675011635,0.02074151299893856,-0.00016609021986369044,0.000279823609162122,-0.005886244121938944,0.0019629630260169506,0.0001580044045113027,0.0,0.0353732630610466,0.0,0.9646267294883728,30.244338989257812,9.999999747378752e-06,-0.0025091913994401693,0.0016218010568991303,0.9814815521240234,0.029431218281388283,0.24947094917297363,0.0,0.0,0.0,0.0,31.01129913330078,0.14815998077392578,2366.0,10.823031425476074,491.70001220703125,0.129661425948143
376,-0.0016957445768639445,-0.004372472409158945,0.020569171756505966,-0.00013375605340115726,0.00025659060338512063,-0.0035714288242161274,0.0019920633640140295,0.00022672578052151948,0.0,0.03173828125,0.0,0.96826171875,30.2564754486084,0.004378939047455788,-0.0022463947534561157,0.0009989154059439898,0.9960317611694336,0.01785714365541935,0.25038567185401917,0.0,0.0,0.0,0.0,36.7459602355957,0.15163016319274902,1998.0,10.864144325256348,495.79998779296875,0.1493116170167923
377,-0.00169388169888407,-0.004927027504891157,0.02019796147942543,-0.00014824719983153045,0.00023406294349115342,-0.001410934841260314,0.001978946151211858,0.0001645693846512586,0.0,0.02692328579723835,0.0,0.9730767011642456,30.3113956451416,0.009852612391114235,-0.003084634430706501,0.0008249446400441229,0.9894731640815735,0.007054673973470926,0.24891410768032074,0.0,0.0,0.0,0.0,34.97638702392578,0.14643096923828125,2099.0,10.930154800415039,495.510009765625,0.13844552636146545
378,-0.0017083686543628573,-0.004747005179524422,0.019587889313697815,-0.00016000466712284833,0.00020416235201992095,-0.0024228396359831095,0.0019456789596006274,0.0002530810597818345,0.0,0.02324761264026165,0.0,0.9767524003982544,30.343664169311523,0.009999999776482582,-0.0036817060317844152,0.002910418901592493,0.9728395938873291,0.012114197947084904,0.25005125999450684,0.0173611119389534,0.0,0.0,0.0,36.117591857910156,0.14773321151733398,2033.0,10.9803466796875,491.8800048828125,0.11457855254411697
379,-0.0017121845157817006,-0.004486788064241409,0.020119167864322662,-0.00012870454520452768,0.00021216004097368568,0.0,0.0019920633640140295,0.0001298410934396088,0.0,0.0187852643430233,0.0,0.9812147617340088,30.35466766357422,0.009999999776482582,-0.004888459108769894,0.0003892119857482612,0.9960317611694336,0.0,0.25521615147590637,0.0,0.0,0.0,0.0,32.77507400512695,0.1460118293762207,2239.0,10.955022811889648,500.0,0.1545923948287964
380,-0.0017067452426999807,-0.004623676184564829,0.01979326270520687,-0.00014950802142266184,0.00020253888214938343,-0.001719576888717711,0.0019081128994002938,0.0001296455302508548,0.0,0.01779513992369175,0.0,0.9822048544883728,30.367916107177734,0.009999999776482582,-0.0028492212295532227,0.0006867324700579047,0.954056441783905,0.008597884327173233,0.24741120636463165,0.0,0.0,0.0,0.0,35.43734359741211,0.19135141372680664,2069.0,11.0000581741333,500.0,0.14919330179691315
381,-0.0016840172465890646,-0.004473149310797453,0.019432926550507545,-0.00015729466394986957,0.00021600766922347248,-0.004629629664123058,0.0019419754389673471,0.0001684197341091931,0.0,0.01765950582921505,0.0,0.9823405146598816,30.40196990966797,0.009999999776482582,-0.00443056458607316,0.001295273075811565,0.9709876179695129,0.023148149251937866,0.2528047561645508,0.0,0.0,0.0,0.0,31.91836929321289,0.15392160415649414,2298.0,11.066598892211914,486.7099914550781,0.09140636771917343
382,-0.0017114102374762297,-0.004636828321963549,0.020036477595567703,-0.00015297711070161313,0.00021187035599723458,0.0,0.0019796297419816256,0.00013004359789192677,0.0,0.01749674417078495,0.0,0.9825032353401184,30.41675567626953,0.009999999776482582,-0.011267194524407387,0.0005745497182942927,0.9898147583007812,0.0,0.24479980766773224,0.0,0.0,0.0,0.0,34.11620330810547,0.1603555679321289,2150.0,11.037075996398926,500.0,0.16006362438201904
383,-0.0016876676818355918,-0.0045251729898154736,0.019319234415888786,-0.000154083565576002,0.00021263776579871774,-0.005648148246109486,0.0019351852824911475,0.00011959630501223728,0.0,0.0171034075319767,0.0,0.982896625995636,30.422870635986328,0.004444444552063942,-0.002231453312560916,0.0020579861011356115,0.9675926566123962,0.028240740299224854,0.24949651956558228,0.0,0.0,0.0,0.0,36.04380798339844,0.15065479278564453,2036.0,11.088202476501465,491.3399963378906,0.11248599737882614
384,-0.0016794983530417085,-0.004211122170090675,0.019574765115976334,-0.00015170681581366807,0.00022482406347990036,-0.005423280410468578,0.0019596563652157784,0.00011355034075677395,0.0,0.01883951760828495,0.0,0.9811604619026184,30.460941314697266,9.999999747378752e-06,-0.0007080645300447941,0.0013283782172948122,0.9798281192779541,0.027116402983665466,0.25059202313423157,0.0,0.0,0.0,0.0,34.051666259765625,0.14703941345214844,2155.0,11.116647720336914,497.1700134277344,0.13553638756275177
385,-0.001679473090916872,-0.0042958492413163185,0.019665047526359558,-0.00013130766456015408,0.00020977642270736396,-0.0044973548501729965,0.001964285969734192,0.00014287039812188596,0.0,0.0185682512819767,0.0,0.981431782245636,30.470233917236328,0.004378939047455788,-0.002295583952218294,0.0012057966087013483,0.9821428656578064,0.022486772388219833,0.2472115159034729,0.0,0.0,0.0,0.0,34.72598648071289,0.15906500816345215,2113.0,11.1416597366333,495.8500061035156,0.14408345520496368
386,-0.0016128942370414734,-0.00402758177369833,0.019441017881035805,-0.000128381623653695,0.00018740133964456618,-0.013209877535700798,0.0018629630794748664,9.257692727260292e-05,0.0,0.0189208984375,0.0,0.9810791015625,30.535232543945312,0.009852612391114235,-0.005496643949300051,0.003866832237690687,0.9314814805984497,0.06604938209056854,0.2540414035320282,0.0,0.0,0.0,0.0,34.39140319824219,0.15430855751037598,2134.0,11.28162670135498,466.5899963378906,-0.004870057106018066
387,-0.0015776302898302674,-0.004097828641533852,0.01854826882481575,-0.00014887237921357155,0.00015977048315107822,-0.018293652683496475,0.0017779101617634296,9.594194125384092e-05,0.0,0.0223524309694767,0.0,0.977647602558136,30.62851905822754,0.009999999776482582,-0.004790119826793671,0.003954388666898012,0.8889549970626831,0.09146825224161148,0.25056496262550354,0.0,0.0,0.0,0.0,35.710872650146484,0.1473071575164795,2056.0,11.39959716796875,469.2200012207031,0.008208929561078548
388,-0.0015960853779688478,-0.0037251661997288465,0.018271429464221,-0.00011655098205665126,0.00014776387251913548,-0.015925925225019455,0.0018037038389593363,0.00013249459152575582,0.0,0.0272488072514534,0.0,0.9727512001991272,30.71536636352539,0.009999999776482582,-0.0036937424447387457,0.001959294080734253,0.9018518924713135,0.07962962985038757,0.24914148449897766,0.0,0.0,0.0,0.0,33.82544708251953,0.14599108695983887,2170.0,11.508513450622559,483.4800109863281,0.07017859071493149
389,-0.0016574402106925845,-0.003689371980726719,0.01953417994081974,-0.00014738008030690253,0.00017999204283114523,-0.0074140215292572975,0.0019148149294778705,0.00017427903367206454,0.0,0.02851019985973835,0.0,0.9714897871017456,30.772056579589844,0.00296296295709908,-0.0046018436551094055,0.0025256106164306402,0.9574074149131775,0.03707010671496391,0.2541312277317047,0.0,0.0,0.0,0.0,30.07085609436035,0.14700698852539062,2439.0,11.557427406311035,481.0299987792969,0.061975009739398956
390,-0.0016781360609456897,-0.003927946090698242,0.019108111038804054,-0.00015252984303515404,0.00017935859796125442,-0.004486532416194677,0.0019361951854079962,0.00011263754277024418,0.0,0.0296766497194767,0.0,0.970323383808136,30.822694778442383,0.009999999776482582,-0.004400849808007479,0.0021205490920692682,0.9680976867675781,0.022432662546634674,0.25386735796928406,0.0,0.0,0.0,0.0,34.04019546508789,0.15370869636535645,2156.0,11.656298637390137,491.3599853515625,0.11607152968645096
391,-0.0016773210372775793,-0.003914037719368935,0.01907677948474884,-0.00013603044499177486,0.00016613522893749177,-0.004490741062909365,0.0019069446716457605,0.0001790071401046589,0.0,0.03035481832921505,0.0,0.9696452021598816,30.890390396118164,0.009999999776482582,-0.004284513648599386,0.0021468806080520153,0.9534722566604614,0.022453704848885536,0.25343507528305054,0.0,0.0,0.0,0.0,33.95466995239258,0.14856433868408203,2161.0,11.748706817626953,495.8999938964844,0.13326707482337952
392,-0.0016283636214211583,-0.0038997281808406115,0.018900642171502113,-0.0001519785146228969,0.0001468100381316617,-0.011649031192064285,0.0018490300280973315,0.00011123204603791237,0.0,0.0325927734375,0.0,0.9674072265625,30.961122512817383,0.009999999776482582,-0.0053066895343363285,0.0038414497394114733,0.9245150089263916,0.05824514850974083,0.250209242105484,0.0,0.0,0.0,0.0,37.40359878540039,0.1470024585723877,1963.0,11.868951797485352,475.5799865722656,0.03619040176272392
393,-0.0016555573092773557,-0.003939386922866106,0.019085818901658058,-0.00018102608737535775,0.00016474271251354367,-0.007407407741993666,0.001912037143483758,0.0001238182303495705,0.0,0.0352647565305233,0.0,0.9647352695465088,31.037708282470703,0.009999999776482582,-0.004643550608307123,0.0016981870867311954,0.9560185670852661,0.03703703731298447,0.2497543841600418,0.0,0.0,0.0,0.0,33.162109375,0.14773106575012207,2213.0,11.965889930725098,486.9700012207031,0.09892016649246216
394,-0.001664122217334807,-0.00342466845177114,0.019446905702352524,-0.00011573796655284241,0.0001531589514343068,-0.007275132928043604,0.0017892859177663922,0.0001342221221420914,0.0,0.0367160364985466,0.0,0.9632839560508728,31.088659286499023,0.009999999776482582,-0.004173166584223509,0.0016234529903158545,0.8946429491043091,0.036375660449266434,0.24901945888996124,0.0,0.0,0.0,0.0,35.52914810180664,0.14966034889221191,2066.0,12.03344440460205,491.6600036621094,0.12552084028720856
395,-0.0016962827648967505,-0.003445909358561039,0.01946203224360943,-9.762730041984469e-05,0.00016033176507335156,-0.0022222225088626146,0.0019425927894189954,8.44043679535389e-05,0.0,0.0369059257209301,0.0,0.9630940556526184,31.13143539428711,0.009999999776482582,-0.004497891291975975,0.0013030304107815027,0.9712963104248047,0.011111111380159855,0.2521151602268219,0.0,0.0,0.0,0.0,32.781768798828125,0.1789100170135498,2236.0,12.092475891113281,496.489990234375,0.1231912225484848
396,-0.0016704340232536197,-0.0035533392801880836,0.02002532407641411,-0.00010171067697228864,0.00016958794731181115,-0.005000000353902578,0.0018787035951390862,0.00014172500232234597,0.0,0.0380181223154068,0.0,0.9619818925857544,31.165189743041992,0.009999999776482582,-0.0030591029208153486,0.0013369814259931445,0.9393518567085266,0.02500000037252903,0.24869008362293243,0.0,0.0,0.0,0.0,32.43627166748047,0.14814329147338867,2262.0,12.159799575805664,495.7300109863281,0.15341609716415405
397,-0.0016876921290531754,-0.003885030746459961,0.01991989277303219,-0.00010468459367984906,0.00016621492977719754,-0.002407407620921731,0.0018907409394159913,0.00012960296589881182,0.0,0.0375840924680233,0.0,0.9624159336090088,31.213241577148438,0.009999999776482582,-0.003533445531502366,0.0007480370695702732,0.9453703761100769,0.012037036940455437,0.24782997369766235,0.0,0.0,0.0,0.0,33.27318572998047,0.15472030639648438,2205.0,12.222679138183594,495.44000244140625,0.14477118849754333
398,-0.0016910247504711151,-0.0039367652498185635,0.019880440086126328,-0.00010169636516366154,0.00017458794172853231,-0.0028703706339001656,0.001884656259790063,0.00011536484089447185,0.0,0.0359836146235466,0.0,0.9640163779258728,31.253368377685547,0.009999999776482582,-0.003795449621975422,0.001339403330348432,0.942328155040741,0.014351851306855679,0.2528323233127594,0.0,0.0,0.0,0.0,35.93840789794922,0.18933820724487305,2040.0,12.300134658813477,486.92999267578125,0.1071527972817421
399,-0.0017072694608941674,-0.00398217374458909,0.020004458725452423,-0.0001132615507231094,0.00018349716265220195,0.0,0.0019374338444322348,0.00014423539687413722,0.0,0.0351969413459301,0.0,0.9648030400276184,31.27153968811035,0.009999999776482582,-0.007475861813873053,0.0002980493300128728,0.9687169194221497,0.0,0.25137609243392944,0.0,0.0,0.0,0.0,35.998226165771484,0.14798688888549805,2039.0,12.278517723083496,500.0,0.16265934705734253
400,-0.001713082892820239,-0.0038796423468738794,0.020403563976287842,-0.0001044211458065547,0.00018238557095173746,0.0,0.001912037143483758,0.00012809966574423015,0.0,0.0326199010014534,0.0,0.9673801064491272,31.27177619934082,0.009999999776482582,-0.004155131988227367,0.0006655054748989642,0.9560185670852661,0.0,0.2543739378452301,0.0,0.0,0.0,0.0,29.933164596557617,0.15181374549865723,2450.0,12.281704902648926,500.0,0.1717882603406906
401,-0.0016994731267914176,-0.0035616839304566383,0.020458919927477837,-0.00010596233914839104,0.00020042856340296566,-0.0020833334419876337,0.0019508597906678915,0.00011703185737133026,0.0,0.02756076492369175,0.0,0.9724392294883728,31.26836395263672,9.999999747378752e-06,-0.0003874977119266987,0.0010312327649444342,0.9754299521446228,0.010416666977107525,0.24533849954605103,0.0,0.0,0.0,0.0,35.311492919921875,0.14966845512390137,2079.0,12.287354469299316,491.9100036621094,0.13761937618255615
402,-0.0016276260139420629,-0.0031754160299897194,0.01969010941684246,-0.0001225212763529271,0.00022587964485865086,-0.012870370410382748,0.0018429894698783755,0.00011706360237440094,0.0,0.0245225690305233,0.0,0.9754774570465088,31.278947830200195,0.004378939047455788,-0.0022434727288782597,0.0019346821354702115,0.921494722366333,0.06435185670852661,0.24891673028469086,0.0,0.0,0.0,0.0,30.019405364990234,0.1602315902709961,2442.0,12.336379051208496,484.25,0.09406492114067078
403,-0.0017006960697472095,-0.0037093486171215773,0.02008333057165146,-0.00010580761590972543,0.0001864887453848496,-0.002500000176951289,0.0018648148979991674,0.00013918045442551374,0.0,0.02280002273619175,0.0,0.9771999716758728,31.338197708129883,0.009999999776482582,-0.004982929211109877,0.0016402776818722486,0.9324073791503906,0.012500000186264515,0.2537303566932678,0.0,0.0,0.0,0.0,30.6035213470459,0.14666438102722168,2397.0,12.425549507141113,491.6700134277344,0.13033321499824524
404,-0.0017151031643152237,-0.0035087482538074255,0.020499153062701225,-0.00014033261686563492,0.00023480903473682702,-0.002645503031089902,0.0019494047155603766,0.0001237185497302562,0.0,0.02170138992369175,0.0,0.9782986044883728,31.379995346069336,0.009999999776482582,-0.004021431319415569,0.0017442712560296059,0.9747024178504944,0.013227513991296291,0.2437887191772461,0.0,0.0,0.0,0.0,34.89275360107422,0.1498556137084961,2103.0,12.496682167053223,495.239990234375,0.13130690157413483
405,-0.0016593418549746275,-0.003484501736238599,0.02027464658021927,-0.00011753503349609673,0.00023923511616885662,-0.007916666567325592,0.0018759260419756174,9.663261153036729e-05,0.0,0.02107747457921505,0.0,0.9789225459098816,31.42453956604004,0.009999999776482582,-0.0038664869498461485,0.0022849899251013994,0.9379629492759705,0.03958333283662796,0.24991698563098907,0.0,0.0,0.0,0.0,35.67650604248047,0.14748668670654297,2058.0,12.580881118774414,491.6199951171875,0.13436728715896606
406,-0.0016575814224779606,-0.0032892196904867887,0.019923018291592598,-0.00013132725143805146,0.00022860922035761178,-0.009034392423927784,0.0019355820259079337,9.011533256853e-05,0.0,0.01974826492369175,0.0,0.9802517294883728,31.48732566833496,0.009999999776482582,-0.004975442308932543,0.002832898637279868,0.9677910208702087,0.04517195746302605,0.2506345510482788,0.0,0.0,0.0,0.0,34.15928649902344,0.14713716506958008,2149.0,12.681877136230469,474.94000244140625,0.04839438945055008
407,-0.0016775601543486118,-0.003237363649532199,0.01955372840166092,-0.00016472350398544222,0.00024199315521400422,-0.0045370371080935,0.0019500000635161996,9.653296729084104e-05,0.0,0.02008734829723835,0.0,0.9799126386642456,31.5509090423584,0.009999999776482582,-0.004242539405822754,0.0014459111262112856,0.9749999642372131,0.022685185074806213,0.24659402668476105,0.0,0.0,0.0,0.0,35.07484817504883,0.14982151985168457,2093.0,12.771230697631836,495.2200012207031,0.14869797229766846
408,-0.0016859999159350991,-0.0033189549576491117,0.019859042018651962,-0.0001280405413126573,0.0002209371596109122,-0.004629629664123058,0.0018481481820344925,8.445097046205774e-05,0.0,0.01969400979578495,0.0,0.9803059697151184,31.58586311340332,0.0008779149502515793,-0.003775813616812229,0.0014876805944368243,0.9240740537643433,0.023148149251937866,0.25111812353134155,0.0,0.0,0.0,0.0,36.78839874267578,0.1607677936553955,1995.0,12.807380676269531,491.510009765625,0.128523588180542
409,-0.0016894984291866422,-0.003437500912696123,0.020018190145492554,-0.00012621456698980182,0.00026508793234825134,-0.003888888983055949,0.001908333390019834,0.00010828710946952924,0.0,0.02033148892223835,0.0,0.9796684980392456,31.6106014251709,0.009999999776482582,-0.004115878138691187,0.001263979123905301,0.9541666507720947,0.01944444514811039,0.25311845541000366,0.0,0.0,0.0,0.0,33.85830307006836,0.14608025550842285,2168.0,12.862022399902344,495.6600036621094,0.1516067087650299
410,-0.001688203657977283,-0.0032723816111683846,0.02013840340077877,-0.0001522893289802596,0.0002727592072915286,-0.003240741090849042,0.0018962962785735726,0.0001132776596932672,0.0,0.0193956159055233,0.0,0.9806044101715088,31.64327049255371,0.004444444552063942,-0.00453983386978507,0.0009098683949559927,0.9481481909751892,0.016203705221414566,0.24698519706726074,0.0,0.0,0.0,0.0,33.46913528442383,0.15281987190246582,2192.0,12.908266067504883,491.7900085449219,0.13571777939796448
411,-0.0017163035226985812,-0.0035207420587539673,0.01948743499815464,-0.00012700771912932396,0.00025948145776055753,-0.0011111112544313073,0.0019207671284675598,0.0001534993207314983,0.0,0.0188123919069767,0.0,0.981187641620636,31.669939041137695,0.009999999776482582,-0.005974620580673218,0.0010642086854204535,0.9603836536407471,0.0055555556900799274,0.2531030476093292,0.0,0.0,0.0,0.0,33.15380859375,0.14981293678283691,2213.0,12.938135147094727,499.1300048828125,0.1467967927455902
412,-0.0016681572888046503,-0.0036070169880986214,0.01947898603975773,-0.00011737476597772911,0.00023831380531191826,-0.005740741267800331,0.0019253968494012952,0.000133610432385467,0.0,0.0189208984375,0.0,0.9810791015625,31.683183670043945,0.00296296295709908,-0.003260675584897399,0.0012960255844518542,0.9626984000205994,0.028703702613711357,0.25009605288505554,0.0,0.0,0.0,0.0,34.67991256713867,0.15033435821533203,2116.0,12.977993965148926,487.57000732421875,0.10275127738714218
413,-0.0016779182478785515,-0.003249433357268572,0.01920441724359989,-0.00011851876479340717,0.00025042856577783823,-0.004470899701118469,0.001916402135975659,0.00016759250138420612,0.0,0.0204942487180233,0.0,0.9795057773590088,31.733234405517578,0.009999999776482582,-0.004671908915042877,0.0020341279450803995,0.9582011103630066,0.022354498505592346,0.24573421478271484,0.0,0.0,0.0,0.0,35.62760925292969,0.15106701850891113,2060.0,13.084772109985352,487.010009765625,0.10426338016986847
414,-0.0016710463678464293,-0.0034352480433881283,0.019723018631339073,-0.00012945831986144185,0.0002400938974460587,-0.00629629660397768,0.0019216930959373713,0.00014893340994603932,0.0,0.02229817770421505,0.0,0.9777018427848816,31.794679641723633,0.009999999776482582,-0.004491754341870546,0.002196407876908779,0.9608466029167175,0.031481482088565826,0.24993467330932617,0.0,0.0,0.0,0.0,34.884403228759766,0.1488802433013916,2104.0,13.188441276550293,483.239990234375,0.08580959588289261
415,-0.0016455025179311633,-0.003196603385731578,0.019551770761609077,-0.00013873448187950999,0.00027556277927942574,-0.012275133281946182,0.0018744708504527807,0.0001084296964108944,0.0,0.0244004987180233,0.0,0.9755995273590088,31.85431480407715,0.006666666828095913,-0.0045794169418513775,0.002272615907713771,0.9372355341911316,0.061375658959150314,0.24723026156425476,0.0,0.0,0.0,0.0,37.79206085205078,0.1497800350189209,1943.0,13.279458999633789,486.9200134277344,0.08652231097221375
416,-0.0015929867513477802,-0.002989512402564287,0.019539376720786095,-0.00011793783050961792,0.00026907731080427766,-0.019907409325242043,0.0017986111342906952,0.00011426325363572687,0.0,0.0260145403444767,0.0,0.973985493183136,31.898296356201172,9.999999747378752e-06,-0.005820535123348236,0.004793097265064716,0.8993055820465088,0.09953704476356506,0.25238779187202454,0.0,0.0,0.0,0.0,30.709753036499023,0.14825940132141113,2389.0,13.319664001464844,461.80999755859375,-0.04942522570490837
417,-0.001671152887865901,-0.0031024219933897257,0.020161863416433334,-0.00015118467854335904,0.0002934910589829087,-0.006388889625668526,0.0018892859807237983,0.0001317799324169755,0.0,0.03000217117369175,0.0,0.9699978232383728,31.909013748168945,0.0029192925430834293,-0.0023463896941393614,0.0009682836825959384,0.9446429014205933,0.03194444254040718,0.245757058262825,0.0,0.0,0.0,0.0,33.84490966796875,0.14894533157348633,2168.0,13.345901489257812,495.9100036621094,0.15497049689292908
418,-0.0016877132002264261,-0.003257387550547719,0.019570471718907356,-0.00012878341658506542,0.00027942858287133276,-0.007275132928043604,0.0019718012772500515,0.0002716455201152712,0.0,0.03081597201526165,0.0,0.9691840410232544,31.945453643798828,0.0019461950287222862,-0.003654597094282508,0.0016041180351749063,0.9859007000923157,0.036375660449266434,0.250958651304245,0.003968254197388887,0.0,0.0,0.0,36.85966110229492,0.14583492279052734,1992.0,13.411239624023438,495.6499938964844,0.1368626356124878
419,-0.0016308700433000922,-0.0028286997694522142,0.019562184810638428,-0.00014675979036837816,0.00031598075293004513,-0.013425926677882671,0.0018314814660698175,0.00025637767976149917,0.0,0.0330539271235466,0.0,0.9669460654258728,31.995994567871094,0.009852612391114235,-0.0037495377473533154,0.010165405459702015,0.9157407879829407,0.06712963432073593,0.25053536891937256,0.0,0.0,0.0,0.0,37.65889358520508,0.14652585983276367,1950.0,13.520890235900879,500.0,0.1743316799402237
420,-0.0017032321775332093,-0.0031756004318594933,0.019480189308524132,-0.00013096386101096869,0.0002664992061909288,-0.003194444580003619,0.001900925999507308,0.00015737448120489717,0.0,0.0325113944709301,0.0,0.9674885869026184,32.05305862426758,0.009999999776482582,-0.004606868606060743,0.017453132197260857,0.9504629969596863,0.01597222127020359,0.2501268684864044,0.0,0.0,0.0,0.0,34.364524841308594,0.17122650146484375,2134.0,13.587552070617676,493.0299987792969,0.12767857313156128
421,-0.0016491854330524802,-0.0033352335449308157,0.019330957904458046,-0.00016174628399312496,0.00030432050698436797,-0.011064816266298294,0.00190698669757694,0.00011008430738002062,0.0,0.0321723110973835,0.0,0.9678276777267456,32.0799446105957,0.009999999776482582,-0.005591779947280884,0.004737658891826868,0.9534933567047119,0.05532407760620117,0.252518892288208,0.0,0.0,0.0,0.0,36.46213912963867,0.14742612838745117,2013.0,13.65485668182373,480.760009765625,0.06864410638809204
422,-0.0016840636963024735,-0.003122621215879917,0.01983875036239624,-0.00015287268615793437,0.0003081282484345138,-0.005299823824316263,0.0019192240433767438,0.00011134718079119921,0.0,0.0336100272834301,0.0,0.9663899540901184,32.13084030151367,0.009999999776482582,-0.004621835425496101,0.0027312927413731813,0.9596120119094849,0.02649911865592003,0.2544250190258026,0.0,0.0,0.0,0.0,33.83026123046875,0.1506812572479248,2169.0,13.738149642944336,484.010009765625,0.09235852211713791
423,-0.0016456538578495383,-0.0030798257794231176,0.019404849037528038,-0.0001647099998081103,0.0003030323423445225,-0.012685186229646206,0.001871296321041882,0.00013997283531352878,0.0,0.0352783203125,0.0,0.9647216796875,32.18612289428711,0.009999999776482582,-0.005322506185621023,0.003537817858159542,0.9356482028961182,0.0634259283542633,0.2546411156654358,0.0,0.0,0.0,0.0,34.03672409057617,0.15417790412902832,2156.0,13.854866027832031,479.4200134277344,0.0480828732252121
424,-0.0016623766859993339,-0.0029069017618894577,0.01982916332781315,-0.0001379244204144925,0.0003152560966555029,-0.011018519289791584,0.0019126542611047626,0.00010663569992175326,0.0,0.0380995012819767,0.0,0.961900532245636,32.2504997253418,0.009999999776482582,-0.006133832037448883,0.0038363279309123755,0.9563272595405579,0.055092595517635345,0.2514563500881195,0.0,0.0,0.0,0.0,34.51377487182617,0.14815735816955566,2127.0,13.955814361572266,478.5,0.03766573965549469
425,-0.0016938323387876153,-0.0030949481297284365,0.01986132562160492,-0.0001395540894009173,0.0002874814672395587,-0.004027778282761574,0.0019267858006060123,0.00013066922838333994,0.0,0.0407850481569767,0.0,0.959214985370636,32.28733444213867,0.006666666828095913,-0.003369386773556471,0.0011467112926766276,0.9633929133415222,0.02013888955116272,0.24859094619750977,0.0,0.0,0.0,0.0,31.914386749267578,0.1645498275756836,2298.0,13.981500625610352,493.7099914550781,0.135126531124115
426,-0.001723345136269927,-0.003076280001550913,0.020039787515997887,-0.00015038668061606586,0.0003202271182090044,-0.0020370371639728546,0.0018981482135131955,0.00014427470159716904,0.0,0.0413140207529068,0.0,0.9586859941482544,32.315155029296875,0.006666666828095913,-0.002451697364449501,0.00098800053820014,0.9490740895271301,0.010185185819864273,0.2492101490497589,0.0,0.0,0.0,0.0,32.922298431396484,0.1507730484008789,2229.0,14.042649269104004,498.5,0.15592780709266663
427,-0.0016569647705182433,-0.0031081587076187134,0.020217258483171463,-0.00012918120773974806,0.0003168309631291777,-0.010694445110857487,0.001925000105984509,0.00014242486213333905,0.0,0.0421956367790699,0.0,0.9578043818473816,32.340721130371094,0.0005852766335010529,-0.005635049194097519,0.0040565598756074905,0.9625000357627869,0.05347222089767456,0.25015440583229065,0.0,0.0,0.0,0.0,36.40922546386719,0.14774751663208008,2016.0,14.080810546875,482.239990234375,0.05791293457150459
428,-0.0016318162670359015,-0.0027396557852625847,0.02011578343808651,-0.00013004321954213083,0.0003196408215444535,-0.012916667386889458,0.0018666668329387903,0.00016905753000173718,0.0,0.0439724400639534,0.0,0.9560275673866272,32.36955261230469,0.006666666828095913,-0.004702461417764425,0.0023267914075404406,0.9333332777023315,0.06458333879709244,0.25689998269081116,0.0,0.0,0.0,0.0,34.19822692871094,0.14915227890014648,2146.0,14.159683227539062,483.0199890136719,0.08178094029426575
429,-0.0016881608171388507,-0.0027738967910408974,0.019547035917639732,-0.00013286278408486396,0.0003132146957796067,-0.0053218696266412735,0.001927336910739541,9.25583517528139e-05,0.0,0.0444742850959301,0.0,0.9555256962776184,32.431148529052734,0.009999999776482582,-0.00367822521366179,0.0023305939976125956,0.9636684060096741,0.026609348133206367,0.25000306963920593,0.0,0.0,0.0,0.0,33.875362396240234,0.14974641799926758,2166.0,14.278017044067383,480.6300048828125,0.07023319602012634
430,-0.0017056344076991081,-0.003175420919433236,0.01982857473194599,-0.00014329726400319487,0.0002928984467871487,-0.0036111113149672747,0.0019171296153217554,0.00013428778038360178,0.0,0.0410427525639534,0.0,0.9589572548866272,32.48286819458008,0.009999999776482582,-0.0046249087899923325,0.0015093485126271844,0.9585648775100708,0.01805555447936058,0.252756804227829,0.0,0.0,0.0,0.0,33.356407165527344,0.15222859382629395,2200.0,14.358405113220215,491.5299987792969,0.11516329646110535
431,-0.0016770788934081793,-0.003005561651661992,0.01938346028327942,-0.0001437943719793111,0.00029116199584677815,-0.010701057501137257,0.0018507937202230096,9.656424663262442e-05,0.0,0.0393608957529068,0.0,0.9606391191482544,32.527896881103516,0.009999999776482582,-0.0038445768877863884,0.0019947688560932875,0.9253968000411987,0.05350529029965401,0.24593159556388855,0.0,0.0,0.0,0.0,35.51420593261719,0.15046405792236328,2067.0,14.445963859558105,486.0,0.09044297784566879
432,-0.0016656818334013224,-0.0027891243807971478,0.0195146594196558,-0.00015124573837965727,0.00030063570011407137,-0.006878307554870844,0.0019126986153423786,0.00014115376689005643,0.0,0.0394694022834301,0.0,0.9605305790901184,32.59071350097656,0.009999999776482582,-0.004437359981238842,0.002544370712712407,0.95634925365448,0.03439153730869293,0.252599835395813,0.0,0.0,0.0,0.0,35.717796325683594,0.14642047882080078,2055.0,14.581036567687988,473.9700012207031,0.05311461165547371
433,-0.0017052957555279136,-0.0030980175361037254,0.02021695300936699,-0.00015040124708320946,0.00033339057699777186,-0.0027998238801956177,0.0019534833263605833,0.00012890213110949844,0.0,0.0383029505610466,0.0,0.9616970419883728,32.65522766113281,0.009999999776482582,-0.003256172174587846,0.0013781635789200664,0.97674161195755,0.01399911753833294,0.25001615285873413,0.0,0.0,0.0,0.0,34.58842468261719,0.14564919471740723,2122.0,14.67962646484375,487.3599853515625,0.11981075257062912
434,-0.001678981352597475,-0.0026163512375205755,0.01959340088069439,-0.00014456691860686988,0.0003160655323881656,-0.006635802332311869,0.0018989199306815863,0.00012105466885259375,0.0,0.0386827252805233,0.0,0.9613173007965088,32.699283599853516,0.009999999776482582,-0.002260736655443907,0.0015993837732821703,0.9494599103927612,0.033179011195898056,0.25170204043388367,0.0,0.0,0.0,0.0,34.93571853637695,0.1543428897857666,2101.0,14.74950885772705,491.4800109863281,0.13550883531570435
435,-0.0016494025476276875,-0.0026891061570495367,0.02006269246339798,-0.0001410577242495492,0.00035689532523974776,-0.010238096117973328,0.0018716930644586682,0.0001247654145117849,0.0,0.038330078125,0.0,0.961669921875,32.7448616027832,0.009999999776482582,-0.0038918270729482174,0.0018519855802878737,0.9358465671539307,0.05119047686457634,0.25210243463516235,0.0,0.0,0.0,0.0,34.12850570678711,0.14841890335083008,2150.0,14.841031074523926,495.4800109863281,0.1592932939529419
436,-0.001731471624225378,-0.002817746251821518,0.020072970539331436,-0.00014214191469363868,0.00032482665847055614,0.0,0.0019333333475515246,0.00025886489311233163,0.0,0.0358344204723835,0.0,0.9641655683517456,32.75581359863281,0.009999999776482582,-0.009414253756403923,0.00041232723742723465,0.9666666388511658,0.0,0.24820998311042786,0.0,0.0,0.0,0.0,32.5461311340332,0.1449415683746338,2255.0,14.80390739440918,500.0,0.1749681681394577
437,-0.0017274069832637906,-0.0028505991213023663,0.019850995391607285,-0.00014656290295533836,0.00032591665512882173,-0.001719576888717711,0.0019503968069329858,0.00010493279114598408,0.0,0.0331353098154068,0.0,0.9668647050857544,32.760093688964844,0.009999999776482582,-0.0025434372946619987,0.0008757443865761161,0.9751985669136047,0.008597884327173233,0.24611377716064453,0.0,0.0,0.0,0.0,30.790302276611328,0.15047526359558105,2382.0,14.849896430969238,495.6199951171875,0.1565178483724594
438,-0.0017074482748284936,-0.0028097517788410187,0.020169798284769058,-0.00013360536831896752,0.00030414413777180016,-0.0031746034510433674,0.0019841270986944437,0.0004930301220156252,0.0,0.02975803054869175,0.0,0.9702419638633728,32.789947509765625,0.009999999776482582,-0.004361122380942106,0.0010450122645124793,0.9920635223388672,0.01587301678955555,0.24935582280158997,0.009259259328246117,0.0,0.0,0.0,32.64126968383789,0.14631891250610352,2248.0,14.920252799987793,491.80999755859375,0.14188140630722046
439,-0.0016566659323871136,-0.002466978505253792,0.019950853660702705,-0.00014306754746939987,0.000325001310557127,-0.011759260669350624,0.00193796306848526,0.00012620484631042928,0.0,0.03008355014026165,0.0,0.9699164628982544,32.82270812988281,0.006666666828095913,-0.004793267697095871,0.003104983828961849,0.9689815640449524,0.05879630148410797,0.24934720993041992,0.0,0.0,0.0,0.0,35.29521560668945,0.1487724781036377,2080.0,14.9931001663208,484.5299987792969,0.08037920296192169
440,-0.001641710288822651,-0.0025843449402600527,0.019639335572719574,-0.00015920343867037445,0.00028833711985498667,-0.01212542224675417,0.0018787458539009094,0.00011004427506122738,0.0,0.0329996757209301,0.0,0.9670003056526184,32.8834342956543,0.009999999776482582,-0.006001648493111134,0.004440388176590204,0.9393728971481323,0.060627102851867676,0.25177425146102905,0.0,0.0,0.0,0.0,34.49208450317383,0.14618158340454102,2128.0,15.141008377075195,461.5199890136719,-0.0044160871766507626
441,-0.0016837312141433358,-0.0027763652615249157,0.019823381677269936,-0.00012431057984940708,0.00030324040562845767,-0.006596120540052652,0.0019150575390085578,0.00011665309284580871,0.0,0.0345730260014534,0.0,0.9654269814491272,32.95608901977539,0.009999999776482582,-0.0043274094350636005,0.003041015937924385,0.9575286507606506,0.032980602234601974,0.24755457043647766,0.0,0.0,0.0,0.0,33.89484786987305,0.145843505859375,2165.0,15.254291534423828,482.67999267578125,0.09503991901874542
442,-0.001623080694116652,-0.0029792827554047108,0.019624359905719757,-0.00014183559687808156,0.0003189845010638237,-0.015570987947285175,0.0018356482032686472,0.0001377834560116753,0.0,0.0345052070915699,0.0,0.9654948115348816,33.001121520996094,0.0008779149502515793,-0.0052345627918839455,0.004848520737141371,0.9178240895271301,0.0778549388051033,0.24985343217849731,0.0,0.0,0.0,0.0,33.661529541015625,0.14790916442871094,2180.0,15.297529220581055,468.6600036621094,0.01902523636817932
443,-0.0016882943455129862,-0.00286405673250556,0.020194396376609802,-0.0001692348305368796,0.0003198710910510272,-0.006203704047948122,0.00193796306848526,0.0001144493799074553,0.0,0.0356309674680233,0.0,0.9643690586090088,33.038639068603516,0.009999999776482582,-0.00438450975343585,0.0015525618800893426,0.9689814448356628,0.031018519774079323,0.24925486743450165,0.0,0.0,0.0,0.0,34.179283142089844,0.15846705436706543,2147.0,15.41301441192627,487.0299987792969,0.11872220039367676
444,-0.0016260950360447168,-0.002560136141255498,0.020049626007676125,-0.00015640078345313668,0.0003349007456563413,-0.01486772671341896,0.001832804293371737,0.00012970122043043375,0.0,0.0370822474360466,0.0,0.9629177451133728,33.095680236816406,0.009999999776482582,-0.004413482267409563,0.0024590648245066404,0.9164021611213684,0.0743386298418045,0.2507382929325104,0.0,0.0,0.0,0.0,32.12882614135742,0.14725184440612793,2284.0,15.53626537322998,478.7900085449219,0.08113513886928558
445,-0.0016654570354148746,-0.0027066688053309917,0.02004714123904705,-0.0001530853915028274,0.0003573339490685612,-0.010145504027605057,0.0019124341197311878,0.00014672437100671232,0.0,0.0375027135014534,0.0,0.9624972939491272,33.16117858886719,0.009999999776482582,-0.004325192887336016,0.002146362792700529,0.9562169313430786,0.05072751268744469,0.25030168890953064,0.0,0.0,0.0,0.0,33.226585388183594,0.15047931671142578,2208.0,15.655200958251953,487.55999755859375,0.12222949415445328
446,-0.0016975421458482742,-0.002566306618973613,0.020224424079060555,-0.00016421415784861892,0.0003441607696004212,-0.0050925929099321365,0.001944023766554892,0.00015071549569256604,0.0,0.0374077707529068,0.0,0.9625922441482544,33.217124938964844,0.009999999776482582,-0.0035002168733626604,0.0021907095797359943,0.9720118045806885,0.025462964549660683,0.2512519657611847,0.0,0.0,0.0,0.0,36.81683349609375,0.17592096328735352,1993.0,15.757688522338867,487.1400146484375,0.12120933085680008
447,-0.0016882163472473621,-0.0025953291915357113,0.020100297406315804,-0.00016368980868719518,0.00035503332037478685,-0.007175925653427839,0.0019444447243586183,0.0001288002822548151,0.0,0.0375434048473835,0.0,0.9624565839767456,33.27212905883789,0.009999999776482582,-0.004987169057130814,0.002893362659960985,0.9722222089767456,0.03587963059544563,0.2483336627483368,0.0,0.0,0.0,0.0,35.472782135009766,0.1842353343963623,2067.0,15.886354446411133,483.3500061035156,0.10152921080589294
448,-0.0016626761062070727,-0.002530699362978339,0.01913876086473465,-0.00017373003356624395,0.00037354082451201975,-0.010648149065673351,0.001875000074505806,0.00015383244317490608,0.0,0.0390489362180233,0.0,0.9609510898590088,33.34153747558594,0.009999999776482582,-0.005198989063501358,0.004223349038511515,0.9375,0.05324074253439903,0.2539770305156708,0.0,0.0,0.0,0.0,35.06281661987305,0.17800664901733398,2092.0,16.022436141967773,475.6099853515625,0.05599105730652809
449,-0.0016607522265985608,-0.0025053704157471657,0.019785607233643532,-0.0001884664234239608,0.0003811546484939754,-0.011518959887325764,0.0019087303662672639,0.00018692926096264273,0.0,0.041259765625,0.0,0.958740234375,33.39155197143555,0.0008779149502515793,-0.004472894128412008,0.003636033972725272,0.954365074634552,0.05759480223059654,0.24968820810317993,0.0,0.0,0.0,0.0,35.23923873901367,0.14626097679138184,2083.0,16.06171989440918,476.1499938964844,0.06269913166761398
450,-0.0016386194620281458,-0.002348087728023529,0.020111391320824623,-0.00014044903218746185,0.00041653262451291084,-0.018108466640114784,0.0019115081522613764,0.00015899034042377025,0.0,0.0456949882209301,0.0,0.9543049931526184,33.41116714477539,9.999999747378752e-06,-0.004876244813203812,0.003872857429087162,0.9557539820671082,0.09054233133792877,0.25321123003959656,0.0,0.0,0.0,0.0,32.20098114013672,0.15247797966003418,2278.0,16.09685707092285,469.4800109863281,0.0028346164617687464
451,-0.001698485342785716,-0.002322401152923703,0.02067021280527115,-0.00018245157843921334,0.00041777765727601945,-0.004814815241843462,0.0019518517656251788,0.00017535101505927742,0.0,0.0482720285654068,0.0,0.9517279863357544,33.421600341796875,0.004378939047455788,-0.002666876884177327,0.0009732538019306958,0.975925862789154,0.024074073880910873,0.2520197927951813,0.0,0.0,0.0,0.0,30.816883087158203,0.14706110954284668,2381.0,16.132112503051758,491.4200134277344,0.148689404129982
452,-0.0017079329118132591,-0.0025353222154080868,0.02053619921207428,-0.00016341976879630238,0.00043147255200892687,-0.004629629664123058,0.0019814814440906048,0.00016979777137748897,0.0,0.0488959439098835,0.0,0.9511040449142456,33.45265579223633,0.009852612391114235,-0.00421447167173028,0.0016323718009516597,0.9907407760620117,0.023148149251937866,0.24801455438137054,0.0,0.0,0.0,0.0,32.97999572753906,0.14774441719055176,2225.0,16.211336135864258,492.25,0.14908809959888458
453,-0.001684740767814219,-0.0026355322916060686,0.020291857421398163,-0.00016705613234080374,0.00039886828744784,-0.0073148151859641075,0.0019189153099432588,0.00015724300465080887,0.0,0.0465901680290699,0.0,0.9534098505973816,33.49555587768555,0.009999999776482582,-0.004825045820325613,0.0026883382815867662,0.9594576954841614,0.036574073135852814,0.2518896162509918,0.0,0.0,0.0,0.0,33.5157470703125,0.14641594886779785,2190.0,16.327966690063477,478.1600036621094,0.08088355511426926
454,-0.001732331933453679,-0.0025534038431942463,0.020518435165286064,-0.0002772509178612381,0.00039472212665714324,-0.003395061707124114,0.0019716050010174513,0.0005377099150791764,0.0,0.0451388880610466,0.0,0.9548611044883728,33.54125213623047,0.009999999776482582,-0.003129162359982729,0.0011088111205026507,0.9858024716377258,0.01697530783712864,0.24450895190238953,0.013888888992369175,0.0,0.0,0.0,31.506179809570312,0.14725017547607422,2329.0,16.397920608520508,493.42999267578125,0.14754420518875122
455,-0.0017252281541004777,-0.0025222869589924812,0.020910896360874176,-0.00016807761858217418,0.00042309844866394997,-0.0018518519354984164,0.0019814814440906048,0.00010718618432292715,0.0,0.0421413853764534,0.0,0.9578586220741272,33.563358306884766,0.009999999776482582,-0.005971110425889492,0.0005537889082916081,0.9907407760620117,0.009259259328246117,0.2481696903705597,0.0,0.0,0.0,0.0,33.345558166503906,0.15090060234069824,2201.0,16.421245574951172,495.79998779296875,0.16921661794185638
456,-0.0017259962623938918,-0.0024398239329457283,0.020691797137260437,-0.00019847934891004115,0.0004597788501996547,-0.0027777778450399637,0.0019722222350537777,0.00019083026563748717,0.0,0.0379096157848835,0.0,0.9620903730392456,33.5732307434082,0.009999999776482582,-0.0056391507387161255,0.0005478870589286089,0.9861111044883728,0.013888888992369175,0.24893851578235626,0.0,0.0,0.0,0.0,34.073143005371094,0.14677715301513672,2154.0,16.468433380126953,495.6000061035156,0.16557283699512482
457,-0.0017179265851154923,-0.002546460134908557,0.020794088020920753,-0.00018369076133240014,0.00038342783227562904,-0.002645503031089902,0.0019735449459403753,0.00010917367035290226,0.0,0.0353190116584301,0.0,0.9646809697151184,33.6005859375,0.009999999776482582,-0.003241834929212928,0.0012872094521299005,0.9867725372314453,0.013227513991296291,0.25311294198036194,0.0,0.0,0.0,0.0,33.20404052734375,0.14819765090942383,2210.0,16.553699493408203,491.4700012207031,0.15070942044258118
458,-0.0017450166633352637,-0.002421234268695116,0.02086695097386837,-0.0001797092700144276,0.000411260494729504,0.0,0.001999999862164259,0.0001926343684317544,0.0,0.0323757603764534,0.0,0.9676242470741272,33.6122932434082,0.004444444552063942,-0.009289619512856007,0.001301753567531705,1.0,0.0,0.24738635122776031,0.0,0.0,0.0,0.0,34.352012634277344,0.15837454795837402,2136.0,16.517913818359375,500.0,0.19003675878047943
459,-0.001740174600854516,-0.0023511815816164017,0.021082421764731407,-0.0001722722518024966,0.00040178457857109606,-0.0009259259677492082,0.001999999862164259,0.00016109750140458345,0.0,0.02921549417078495,0.0,0.9707844853401184,33.609127044677734,0.006666666828095913,-0.005111149046570063,0.00040973996510729194,1.0,0.004629629664123058,0.25604262948036194,0.0,0.0,0.0,0.0,34.38067626953125,0.19750475883483887,2132.0,16.544267654418945,500.0,0.19485726952552795
460,-0.0017155454261228442,-0.002395143499597907,0.020741144195199013,-0.00015185799566097558,0.00037532931310124695,-0.003194444812834263,0.001986111281439662,0.00017937847587745637,0.0,0.02827962301671505,0.0,0.9717203974723816,33.63622283935547,0.009999999776482582,-0.003906160593032837,0.0012366826413199306,0.9930555820465088,0.01597222127020359,0.2513808310031891,0.0,0.0,0.0,0.0,35.806602478027344,0.1626572608947754,2049.0,16.65920066833496,491.4700012207031,0.1482039839029312
461,-0.0016677858075127006,-0.0025252692867070436,0.02023353800177574,-0.0001317784917773679,0.0003448626957833767,-0.009157848544418812,0.001886199344880879,0.00013720472634304315,0.0,0.02853732742369175,0.0,0.9714626669883728,33.67549514770508,9.999999747378752e-06,-0.004280556924641132,0.003526575630530715,0.9430996775627136,0.045789241790771484,0.24763181805610657,0.0,0.0,0.0,0.0,37.334312438964844,0.1455373764038086,1967.0,16.686403274536133,474.42999267578125,0.060518354177474976
462,-0.0016749429050832987,-0.0022539955098181963,0.019971348345279694,-0.00014662589819636196,0.00032892145100049675,-0.007235850673168898,0.0019137526396661997,0.00016314182721544057,0.0,0.02950032614171505,0.0,0.9704996943473816,33.682613372802734,0.0029192925430834293,-0.0031828498467803,0.002779958304017782,0.9568763375282288,0.036179255694150925,0.2521930932998657,0.0,0.0,0.0,0.0,35.29423141479492,0.144575834274292,2080.0,16.716028213500977,482.9800109863281,0.10301833599805832
463,-0.0017107381718233228,-0.0022889997344464064,0.020595068112015724,-0.00017038799705915153,0.00032629832276143134,-0.002599206520244479,0.0019819445442408323,0.00019393455295357853,0.0,0.026123046875,0.0,0.973876953125,33.71586227416992,0.009852612391114235,-0.00446413503959775,0.0010914860758930445,0.9909722208976746,0.012996031902730465,0.24576298892498016,0.0,0.0,0.0,0.0,36.33974075317383,0.1508040428161621,2020.0,16.791481018066406,495.92999267578125,0.16844786703586578
464,-0.0016871289117261767,-0.0021929750218987465,0.020413672551512718,-0.00013454267173074186,0.00031359895365312696,-0.0057870373129844666,0.00193796306848526,0.00013569460134021938,0.0,0.02267795242369175,0.0,0.9773220419883728,33.75117492675781,0.009999999776482582,-0.004535244312137365,0.0022010128013789654,0.9689815640449524,0.028935188427567482,0.24762970209121704,0.0,0.0,0.0,0.0,32.75199890136719,0.1579580307006836,2240.0,16.8815860748291,491.4100036621094,0.14862416684627533
465,-0.001731900149025023,-0.0024766784626990557,0.02047133818268776,-0.00014894164633005857,0.00034139343188144267,0.0,0.001999999862164259,0.00011949774489039555,0.0,0.02069769985973835,0.0,0.9793022871017456,33.755130767822266,0.006666666828095913,-0.008646437898278236,0.00020955194486305118,1.0,0.0,0.24526143074035645,0.0,0.0,0.0,0.0,31.888164520263672,0.15227341651916504,2301.0,16.814441680908203,500.0,0.18352147936820984
466,-0.0016987621784210205,-0.0025693215429782867,0.019751394167542458,-0.00014282129995990545,0.00032859714701771736,-0.004351851996034384,0.0019212965853512287,8.320653432747349e-05,0.0,0.02081977017223835,0.0,0.9791802167892456,33.747806549072266,0.004444444552063942,-0.0002724799851421267,0.0007609737804159522,0.960648238658905,0.021759258583188057,0.25166675448417664,0.0,0.0,0.0,0.0,32.685665130615234,0.14653325080871582,2245.0,16.850631713867188,496.0,0.15697643160820007
467,-0.001718356623314321,-0.0022431681863963604,0.02012506127357483,-0.00015804145368747413,0.00037786169559694827,0.0,0.0019735449459403753,8.10958954389207e-05,0.0,0.01981608010828495,0.0,0.9801838994026184,33.752986907958984,0.006666666828095913,-0.009388882666826248,0.0010547884739935398,0.9867725372314453,0.0,0.24624605476856232,0.0,0.0,0.0,0.0,30.77111053466797,0.15328478813171387,2384.0,16.8217830657959,500.0,0.1869550347328186
468,-0.0017082338454201818,-0.0024760556407272816,0.01970943994820118,-0.00015325212734751403,0.00038781636976636946,0.0,0.0019888889510184526,0.0001104969487641938,0.0,0.0177137590944767,0.0,0.982286274433136,33.72701644897461,0.009999999776482582,-0.011157182045280933,0.0003858567215502262,0.9944444298744202,0.0,0.24918508529663086,0.0,0.0,0.0,0.0,34.00920867919922,0.14662647247314453,2158.0,16.767309188842773,500.0,0.1791451871395111
469,-0.0017070416361093521,-0.0023245899938046932,0.02002532221376896,-0.0001459386694477871,0.0003917379945050925,-0.0011111112544313073,0.0019611113239079714,0.00010795208072522655,0.0,0.01749674417078495,0.0,0.9825032353401184,33.725032806396484,0.009999999776482582,-0.0045863124541938305,0.0006407227483578026,0.980555534362793,0.0055555556900799274,0.25522568821907043,0.0,0.0,0.0,0.0,32.8587532043457,0.14766287803649902,2233.0,16.79851722717285,496.0,0.16254837810993195
470,-0.0017126897582784295,-0.002185742137953639,0.020505232736468315,-0.00022369829821400344,0.0004576255159918219,-0.0013492064317688346,0.0019851853139698505,0.0001276782713830471,0.0,0.0180935338139534,0.0,0.9819064736366272,33.7398681640625,0.009999999776482582,-0.005488560535013676,0.0008764481754042208,0.9925926327705383,0.006746032275259495,0.24526885151863098,0.0,0.0,0.0,0.0,32.361488342285156,0.14965128898620605,2267.0,16.83066177368164,495.8399963378906,0.17144861817359924
471,-0.0017114131478592753,-0.002139989985153079,0.020492548123002052,-0.00015577898011542857,0.0004952597664669156,0.0,0.001999999862164259,0.0001392895937897265,0.0,0.01689995639026165,0.0,0.9831000566482544,33.74053955078125,0.00296296295709908,-0.012643232010304928,0.00016649732424411923,1.0,0.0,0.25484827160835266,0.0,0.0,0.0,0.0,35.91014862060547,0.14992570877075195,2044.0,16.818424224853516,500.0,0.1921030879020691
472,-0.0016915411688387394,-0.002240372123196721,0.02043064497411251,-0.00017107612802647054,0.00046512551489286125,-0.0018518519354984164,0.0019814814440906048,0.00016967349802143872,0.0,0.0169949010014534,0.0,0.9830051064491272,33.74649429321289,0.009999999776482582,-0.005060912575572729,0.0009957934962585568,0.9907407760620117,0.009259259328246117,0.2535169720649719,0.0,0.0,0.0,0.0,33.19609069824219,0.14937186241149902,2211.0,16.860755920410156,500.0,0.19063715636730194
473,-0.0016878613969311118,-0.0022409623488783836,0.02067871019244194,-0.00018262142839375883,0.0004955694894306362,-0.0027777778450399637,0.001986111281439662,0.0001526695123175159,0.0,0.0171034075319767,0.0,0.982896625995636,33.757747650146484,0.00011561020073713735,-0.0008084637811407447,0.0011794279562309384,0.9930555820465088,0.013888888992369175,0.254253089427948,0.0,0.0,0.0,0.0,33.321468353271484,0.14790940284729004,2202.0,16.868637084960938,495.94000244140625,0.1704634577035904
474,-0.0016711497446522117,-0.0021725704427808523,0.020420417189598083,-0.0002130123903043568,0.0004686483007390052,-0.004166666883975267,0.001958333421498537,0.00014344013470690697,0.0,0.0174560546875,0.0,0.9825439453125,33.76903533935547,0.006666666828095913,-0.00331916194409132,0.0008010328747332096,0.9791666865348816,0.02083333395421505,0.2507001757621765,0.0,0.0,0.0,0.0,33.29755783081055,0.14500927925109863,2204.0,16.917612075805664,495.4700012207031,0.17031186819076538
475,-0.0017039068043231964,-0.002378609962761402,0.02052273415029049,-0.0001645999145694077,0.00045943999430164695,0.0,0.0019930556882172823,0.00010073221346829087,0.0,0.01496039517223835,0.0,0.9850395917892456,33.77300262451172,0.009999999776482582,-0.013668150641024113,0.0004576080245897174,0.9965277910232544,0.0,0.25111445784568787,0.0,0.0,0.0,0.0,33.544254302978516,0.14755845069885254,2188.0,16.856592178344727,500.0,0.18678513169288635
476,-0.0016947045223787427,-0.0026678629219532013,0.02078184112906456,-0.00016306045290548354,0.00043250821181572974,0.0,0.001999999862164259,0.00014044411364011467,0.0,0.01018608920276165,0.0,0.9898139238357544,33.7463493347168,0.009999999776482582,-0.011835542507469654,0.0007820026366971433,1.0,0.0,0.24977268278598785,0.0,0.0,0.0,0.0,36.403350830078125,0.14732623100280762,2017.0,16.83269691467285,500.0,0.186862975358963
477,-0.0016822244506329298,-0.002608057577162981,0.019907457754015923,-0.000298206607112661,0.000355803087586537,-0.0019664906430989504,0.0019548721611499786,0.0001270888460567221,0.0,0.008341471664607525,0.0,0.9916585087776184,33.75063705444336,0.009999999776482582,-0.0032812170684337616,0.0031889171805232763,0.9774360656738281,0.009832452051341534,0.24422717094421387,0.0,0.0,0.0,0.0,35.896888732910156,0.14779400825500488,2045.0,16.88991355895996,491.3500061035156,0.13314124941825867
478,-0.0016606129938736558,-0.0023247101344168186,0.019658934324979782,-0.00014125897723715752,0.0003351826744619757,-0.004783950746059418,0.001895458553917706,8.506511949235573e-05,0.0,0.008341471664607525,0.0,0.9916585087776184,33.785152435302734,0.009999999776482582,-0.005194908939301968,0.0018275826005265117,0.9477293491363525,0.02391975373029709,0.25024452805519104,0.0,0.0,0.0,0.0,34.58677673339844,0.14580774307250977,2122.0,16.953716278076172,491.3299865722656,0.13553094863891602
479,-0.0016445227665826678,-0.0025441604666411877,0.018935035914182663,-0.00015258256462402642,0.0003689998993650079,-0.005740741267800331,0.0018638890469446778,9.464804315939546e-05,0.0,0.008884006179869175,0.0,0.9911159873008728,33.81315994262695,0.009999999776482582,-0.005040548276156187,0.0014521988341584802,0.9319444298744202,0.028703702613711357,0.24993163347244263,0.0,0.0,0.0,0.0,32.356956481933594,0.14620089530944824,2268.0,17.02259635925293,487.2300109863281,0.11159775406122208
480,-0.001698636682704091,-0.0026787687093019485,0.01895461417734623,-0.00017485789430793375,0.00035713371471501887,0.0,0.0018901234725490212,0.00011518349492689595,0.0,0.008395724929869175,0.0,0.9916042685508728,33.81510925292969,0.009999999776482582,-0.009184102527797222,0.00013516667240764946,0.9450618028640747,0.0,0.25903815031051636,0.0,0.0,0.0,0.0,32.66464614868164,0.1496574878692627,2246.0,16.972793579101562,500.0,0.17261594533920288
481,-0.0016289593186229467,-0.0025024276692420244,0.018749678507447243,-0.00016502883227076381,0.0003515923162922263,-0.008972663432359695,0.0018508819630369544,0.0001094500912586227,0.0,0.0086669921875,0.0,0.9913330078125,33.80760192871094,0.004444444552063942,-0.002833650214597583,0.001684526796452701,0.9254409074783325,0.04486331716179848,0.24680383503437042,0.0,0.0,0.0,0.0,32.545326232910156,0.1792583465576172,2252.0,16.9915828704834,482.2300109863281,0.08849716186523438
482,-0.001588726881891489,-0.0026361935306340456,0.019109223037958145,-0.00012408844486344606,0.00034062922350130975,-0.01358465664088726,0.001832120935432613,0.00013341907470021397,0.0,0.012898762710392475,0.0,0.9871012568473816,33.828433990478516,9.999999747378752e-06,-0.004102201666682959,0.004372444469481707,0.9160604476928711,0.06792328506708145,0.24127128720283508,0.0,0.0,0.0,0.0,34.43687438964844,0.15945816040039062,2131.0,17.029306411743164,465.6000061035156,0.012522845529019833
483,-0.0015438520349562168,-0.00235749245621264,0.018451999872922897,-0.00012277915084268898,0.000322694715578109,-0.019490743055939674,0.0017384261591359973,0.00010379024752182886,0.0,0.01836480014026165,0.0,0.9816352128982544,33.84159469604492,0.004378939047455788,-0.0029924525879323483,0.0039730919525027275,0.8692129850387573,0.09745369851589203,0.2511187493801117,0.0,0.0,0.0,0.0,36.825653076171875,0.1506178379058838,1993.0,17.098323822021484,461.0400085449219,-0.012864449992775917
484,-0.001642986317165196,-0.0026594095397740602,0.019465142861008644,-0.00012408533075358719,0.00037705613067373633,-0.006170635111629963,0.0019442462362349033,0.00014904583804309368,0.0,0.0212266705930233,0.0,0.9787733554840088,33.879791259765625,9.999999747378752e-06,-0.0024538524448871613,0.0023947907611727715,0.9721230268478394,0.03085317648947239,0.25453028082847595,0.0,0.0,0.0,0.0,33.693546295166016,0.1909635066986084,2175.0,17.13565444946289,478.1199951171875,0.0687343180179596
485,-0.0016398823354393244,-0.002471749670803547,0.019128799438476562,-0.00014378402556758374,0.00036660043406300247,-0.00731481472030282,0.0019003968918696046,0.00014148617628961802,0.0,0.0246717669069767,0.0,0.975328266620636,33.888206481933594,0.0029192925430834293,-0.002750650979578495,0.0019866693764925003,0.9501984715461731,0.036574073135852814,0.2477080076932907,0.0,0.0,0.0,0.0,32.18889617919922,0.14787507057189941,2280.0,17.172481536865234,483.0799865722656,0.09331357479095459
486,-0.0016681626439094543,-0.0025898688472807407,0.019264088943600655,-0.00012469106877688318,0.000400466175051406,-0.0027777780778706074,0.0019287036266177893,0.00010936866601696238,0.0,0.02609592117369175,0.0,0.9739040732383728,33.92812728881836,0.009852612391114235,-0.004097671248018742,0.0013547730632126331,0.9643518924713135,0.013888888992369175,0.24333085119724274,0.0,0.0,0.0,0.0,32.57782745361328,0.1457078456878662,2253.0,17.27066993713379,490.8900146484375,0.13369497656822205
487,-0.001667877659201622,-0.0027539567090570927,0.019445067271590233,-0.0001400183973601088,0.00038645268068648875,-0.002500000176951289,0.001968055497854948,0.00013294992095325142,0.0,0.02690972201526165,0.0,0.9730902910232544,33.96004867553711,0.009999999776482582,-0.005689479876309633,0.001811202964745462,0.9840277433395386,0.012500000186264515,0.24778196215629578,0.0,0.0,0.0,0.0,36.64112854003906,0.1472463607788086,2004.0,17.324947357177734,491.4700012207031,0.1346362829208374
488,-0.0016309774946421385,-0.0024838524404913187,0.01940612494945526,-0.00013935075548943132,0.00033237296156585217,-0.007808642461895943,0.0018923721509054303,0.00011966152669629082,0.0,0.02836100198328495,0.0,0.9716389775276184,33.97748947143555,0.00011561020073713735,-0.002592720091342926,0.002518014283850789,0.9461860656738281,0.039043210446834564,0.2476731687784195,0.0,0.0,0.0,0.0,33.388160705566406,0.17251801490783691,2196.0,17.34844970703125,478.3500061035156,0.07504516839981079
489,-0.0016361516900360584,-0.0025147206615656614,0.019530881196260452,-0.00013925993698649108,0.00034086842788383365,-0.007204586640000343,0.00190987647511065,0.00014603545423597097,0.0,0.03119574673473835,0.0,0.9688042402267456,33.989723205566406,0.004444444552063942,-0.004317778162658215,0.002223383169621229,0.9549382328987122,0.03602292761206627,0.24673207104206085,0.0,0.0,0.0,0.0,35.723106384277344,0.1458265781402588,2055.0,17.395532608032227,491.1700134277344,0.11943584680557251
490,-0.0015917235286906362,-0.0024548654910176992,0.019660646095871925,-0.00012209975102450699,0.00036816627834923565,-0.0135927964001894,0.001839931821450591,0.0001314389955950901,0.0,0.0340440534055233,0.0,0.9659559726715088,34.03578186035156,0.009999999776482582,-0.005575599614530802,0.004314674064517021,0.9199659824371338,0.06796398758888245,0.2535203993320465,0.0,0.0,0.0,0.0,33.756656646728516,0.18938684463500977,2171.0,17.53104019165039,474.9200134277344,0.059709951281547546
491,-0.0016830677632242441,-0.00271858018822968,0.02017902210354805,-0.000237896412727423,0.0004149766464252025,-0.0007936508627608418,0.001980952452868223,0.0001699078275123611,0.0,0.0359836146235466,0.0,0.9640163779258728,34.0699577331543,0.009999999776482582,-0.006157024297863245,0.0007296846597455442,0.9904761910438538,0.003968254197388887,0.2520349621772766,0.0,0.0,0.0,0.0,32.863739013671875,0.15696072578430176,2232.0,17.5206356048584,495.42999267578125,0.1601993292570114
492,-0.0016508344560861588,-0.002847489668056369,0.01939493417739868,-0.00013467544340528548,0.0003910022205673158,-0.0058862436562776566,0.0018622134812176228,0.00011780097702285275,0.0,0.0352918840944767,0.0,0.964708149433136,34.07108688354492,0.009999999776482582,-0.0043840366415679455,0.0018338646041229367,0.931106686592102,0.029431218281388283,0.2542261779308319,0.0,0.0,0.0,0.0,33.48774337768555,0.1798696517944336,2189.0,17.570661544799805,482.7699890136719,0.09395582973957062
493,-0.0016479098703712225,-0.0025673413183540106,0.01998167112469673,-0.00012110898387618363,0.000401178898755461,-0.007037037052214146,0.0019185185665264726,0.0001825409271987155,0.0,0.0363498255610466,0.0,0.9636501669883728,34.11355209350586,0.009999999776482582,-0.003928060177713633,0.002567230025306344,0.9592592716217041,0.035185184329748154,0.2511250078678131,0.0,0.0,0.0,0.0,31.8969669342041,0.1498880386352539,2300.0,17.700267791748047,474.5299987792969,0.060277119278907776
494,-0.0016414393903687596,-0.0026730350218713284,0.020453166216611862,-0.00011659938900265843,0.0003588511317502707,-0.006031746510416269,0.001937830587849021,0.00016748190682847053,0.0,0.0389539934694767,0.0,0.961046040058136,34.152835845947266,9.999999747378752e-06,-0.003758057951927185,0.0023871143348515034,0.9689152836799622,0.03015873208642006,0.24721162021160126,0.0,0.0,0.0,0.0,31.012432098388672,0.1464073657989502,2366.0,17.72532844543457,477.9599914550781,0.06486714631319046
495,-0.001671941950917244,-0.0028136458713561296,0.020487764850258827,-0.00013396068243309855,0.0003346344456076622,-0.0024691359139978886,0.0019660494290292263,0.0001804158673621714,0.0,0.0403374582529068,0.0,0.9596625566482544,34.16205978393555,0.0065684085711836815,-0.002154967514798045,0.0011359838536009192,0.9830247163772583,0.012345679104328156,0.25370946526527405,0.0,0.0,0.0,0.0,33.972225189208984,0.153489351272583,2160.0,17.784894943237305,495.760009765625,0.1625499129295349
496,-0.0016291355714201927,-0.0027621984481811523,0.02035367488861084,-0.0001208758694701828,0.00033619487658143044,-0.007791006006300449,0.001904034405015409,0.00014172134979162365,0.0,0.0379503034055233,0.0,0.9620497226715088,34.192474365234375,9.999999747378752e-06,-0.0026040568482130766,0.0024630578700453043,0.9520171284675598,0.038955025374889374,0.2512287199497223,0.0,0.0,0.0,0.0,36.802330017089844,0.17246627807617188,1994.0,17.816200256347656,479.2099914550781,0.08021150529384613
497,-0.0016175912460312247,-0.002616058336570859,0.01998952403664589,-0.00011842822277685627,0.0003668272984214127,-0.009589946828782558,0.0019398150034248829,0.00016368852811865509,0.0,0.0357937291264534,0.0,0.9642062783241272,34.20128631591797,0.0029192925430834293,-0.0030571511015295982,0.0020310599356889725,0.9699074625968933,0.047949738800525665,0.25041255354881287,0.0,0.0,0.0,0.0,33.70340347290039,0.1548004150390625,2177.0,17.8580265045166,483.0400085449219,0.10504350811243057
498,-0.001668867189437151,-0.002875181846320629,0.020474830642342567,-0.0001160777173936367,0.0003727228322532028,-0.0007936508627608418,0.0019563494715839624,0.00015551081742160022,0.0,0.0335286445915699,0.0,0.9664713740348816,34.2280158996582,0.009852612391114235,-0.006232437677681446,0.0017159744165837765,0.97817462682724,0.003968254197388887,0.2498455047607422,0.0,0.0,0.0,0.0,34.148338317871094,0.14622902870178223,2149.0,17.895864486694336,495.70001220703125,0.16040527820587158
499,-0.0016398743027821183,-0.002615113975480199,0.020162198692560196,-0.00010700423445086926,0.0003378861874807626,-0.01472222339361906,0.001936111249960959,0.00016467197565361857,0.0,0.03106011264026165,0.0,0.9689399003982544,34.22306442260742,9.999999747378752e-06,0.011423352174460888,0.0027801094111055136,0.9680555462837219,0.07361111789941788,0.25341153144836426,0.0,0.0,0.0,0.0,32.8830680847168,0.18312835693359375,2229.0,17.892623901367188,481.7900085449219,0.06552600860595703
500,-0.0016396951396018267,-0.0026537098456174135,0.02020956389605999,-0.00010537180787650868,0.0003155786544084549,-0.007083334028720856,0.001892129541374743,0.00012694871111307293,0.0,0.0328504778444767,0.0,0.967149555683136,34.226654052734375,0.0019461950287222862,-0.003028298495337367,0.002234246814623475,0.946064829826355,0.03541667014360428,0.2534467279911041,0.0,0.0,0.0,0.0,32.247779846191406,0.1456291675567627,2276.0,17.919910430908203,478.7300109863281,0.08404078334569931
501,-0.0016869979444891214,-0.002658714074641466,0.020675282925367355,-0.00012585145304910839,0.0003695401537697762,0.0,0.001986111281439662,0.00017192795348819345,0.0,0.0329318568110466,0.0,0.9670681357383728,34.23908233642578,0.009999999776482582,-0.008789864368736744,0.00016713709919713438,0.9930555820465088,0.0,0.2543141543865204,0.0,0.0,0.0,0.0,36.13109588623047,0.1866440773010254,2030.0,17.90869140625,500.0,0.18505656719207764
502,-0.001651575556024909,-0.0027422248385846615,0.020623918622732162,-0.00011002578685292974,0.0003695152699947357,-0.005324074532836676,0.001960648223757744,0.00021047248446848243,0.0,0.0311550572514534,0.0,0.9688449501991272,34.23038101196289,0.00296296295709908,-0.0024256084579974413,0.0018279280047863722,0.9803240895271301,0.026620371267199516,0.2543523609638214,0.0,0.0,0.0,0.0,33.14228057861328,0.14786505699157715,2214.0,17.925411224365234,487.1000061035156,0.1269601583480835
503,-0.0016467252280563116,-0.00287993554957211,0.02017434872686863,-0.00013351161032915115,0.0003251992166042328,-0.005740741267800331,0.0018652116414159536,0.00015455963148269802,0.0,0.0306667760014534,0.0,0.9693332314491272,34.256675720214844,0.009999999776482582,-0.004542188718914986,0.0026684945914894342,0.9326058626174927,0.028703702613711357,0.24925602972507477,0.0,0.0,0.0,0.0,38.5977668762207,0.14269614219665527,1903.0,18.017066955566406,491.489990234375,0.14252911508083344
504,-0.0016209190944209695,-0.002850722521543503,0.02046097069978714,-0.0001302888267673552,0.0003340682596899569,-0.009384921751916409,0.0019162698881700635,0.00016089994460344315,0.0,0.0315348319709301,0.0,0.9684651494026184,34.297447204589844,0.009999999776482582,-0.004920199979096651,0.0038087305147200823,0.9581348896026611,0.04692460596561432,0.2513144612312317,0.0,0.0,0.0,0.0,37.4973030090332,0.17833399772644043,1956.0,18.118671417236328,491.55999755859375,0.14625318348407745
505,-0.0015846126480028033,-0.002482136944308877,0.02000579796731472,-0.00010236024536425248,0.00031313346698880196,-0.017923282459378242,0.0018723987741395831,0.00014512390771415085,0.0,0.0336642786860466,0.0,0.9663357138633728,34.33386993408203,9.999999747378752e-06,-0.004227156285196543,0.004549707286059856,0.9361993074417114,0.08961640298366547,0.25024154782295227,0.0,0.0,0.0,0.0,35.70172119140625,0.14698076248168945,2056.0,18.143619537353516,460.8699951171875,-0.019816424697637558
506,-0.0015865500317886472,-0.0027148716617375612,0.0205239187926054,-0.00012796808732673526,0.0003172215074300766,-0.013253969140350819,0.0018674603197723627,0.0001620786206331104,0.0,0.0393337681889534,0.0,0.9606662392616272,34.34201431274414,0.004378939047455788,-0.002855903934687376,0.0029335275758057833,0.9337302446365356,0.06626983731985092,0.24537722766399384,0.0,0.0,0.0,0.0,34.1717643737793,0.14876437187194824,2148.0,18.19437026977539,478.760009765625,0.08479566127061844
507,-0.0016131313750520349,-0.002837562235072255,0.020534345880150795,-0.0001307902712142095,0.00035934714833274484,-0.010555556043982506,0.0019194446504116058,0.0001889828417915851,0.0,0.0413411445915699,0.0,0.9586588740348816,34.39399719238281,0.009999999776482582,-0.00527157261967659,0.002557991538196802,0.9597222208976746,0.05277777835726738,0.24698860943317413,0.0,0.0,0.0,0.0,31.30306053161621,0.18947052955627441,2341.0,18.34564971923828,477.7300109863281,0.06648635119199753
508,-0.0016239272663369775,-0.0028197779320180416,0.020344939082860947,-0.00011301370250293985,0.00029554913635365665,-0.0071516758762300014,0.001909964601509273,0.0002085107407765463,0.0,0.0413275845348835,0.0,0.9586724042892456,34.44343185424805,0.009999999776482582,-0.0036492820363491774,0.00204693665727973,0.954982340335846,0.035758376121520996,0.251220703125,0.0,0.0,0.0,0.0,32.26852798461914,0.14696979522705078,2274.0,18.438003540039062,487.25,0.12257609516382217
509,-0.0016401828033849597,-0.003140291664749384,0.020567039027810097,-0.0001234052615473047,0.00036912495852448046,-0.008148148655891418,0.0019277777755632997,0.00014726098743267357,0.0,0.0418429896235466,0.0,0.9581570029258728,34.47996139526367,0.0019753086380660534,-0.004431658424437046,0.0028592085000127554,0.963888943195343,0.04074074327945709,0.2541808485984802,0.0,0.0,0.0,0.0,32.069305419921875,0.14460420608520508,2288.0,18.497848510742188,473.07000732421875,0.04301515594124794
510,-0.0016498491168022156,-0.0034662808757275343,0.02059905417263508,-0.00011123459262307733,0.0003863137972075492,-0.004265873227268457,0.001957341330125928,0.00014879288210067898,0.0,0.0420057512819767,0.0,0.957994282245636,34.519203186035156,0.009999999776482582,-0.004578439053148031,0.001590176485478878,0.9786706566810608,0.021329365670681,0.24935269355773926,0.0,0.0,0.0,0.0,38.36827850341797,0.14683175086975098,1914.0,18.61978530883789,491.5299987792969,0.14002546668052673
511,-0.0016580469673499465,-0.003287107916548848,0.020197127014398575,-0.00011185064067831263,0.0004042177170049399,-0.004351851996034384,0.0019592593889683485,0.00016339070862159133,0.0,0.0406765416264534,0.0,0.9593234658241272,34.54915237426758,9.999999747378752e-06,0.0007745353505015373,0.0016104780370369554,0.979629635810852,0.021759260445833206,0.2511098086833954,0.0,0.0,0.0,0.0,34.56296157836914,0.1443653106689453,2124.0,18.633846282958984,499.7699890136719,0.15902921557426453
512,-0.0016266016755253077,-0.003596717258915305,0.019979873672127724,-0.00011024378181900829,0.00039849465247243643,-0.005134680308401585,0.0019573834724724293,0.00015909616195131093,0.0,0.0413411445915699,0.0,0.9586588740348816,34.55343246459961,0.0029192925430834293,-0.002492778468877077,0.001327948528341949,0.9786917567253113,0.02567340061068535,0.25359344482421875,0.0,0.0,0.0,0.0,33.692108154296875,0.14528989791870117,2178.0,18.65604019165039,496.0799865722656,0.1542462706565857
513,-0.0015917265554890037,-0.0031375293619930744,0.02001330815255642,-9.444003080716357e-05,0.00034486170625314116,-0.009861111640930176,0.0018823412247002125,0.00013782094174530357,0.0,0.0425075963139534,0.0,0.9574924111366272,34.58705139160156,0.009852612391114235,-0.004732591100037098,0.0027868200559169054,0.9411706924438477,0.04930555447936058,0.2502647936344147,0.0,0.0,0.0,0.0,31.18765640258789,0.14592909812927246,2353.0,18.79755401611328,470.2900085449219,0.032233718782663345
514,-0.001623546122573316,-0.0032606504391878843,0.02011656016111374,-9.672633314039558e-05,0.000403008860303089,-0.009126984514296055,0.001938822795636952,0.00018184813961852342,0.0,0.0418158657848835,0.0,0.9581841230392456,34.627105712890625,9.999999747378752e-06,-0.0013814859557896852,0.002267709467560053,0.9694114327430725,0.0456349179148674,0.24801179766654968,0.0,0.0,0.0,0.0,33.65119171142578,0.14588356018066406,2181.0,18.821544647216797,483.1400146484375,0.07810318470001221
515,-0.0016516478499397635,-0.003054299857467413,0.02049397863447666,-0.00010568158177193254,0.0003910865925718099,-0.003518518526107073,0.0019648149609565735,0.00017965328879654408,0.0,0.0427788645029068,0.0,0.9572211503982544,34.631500244140625,0.004378939047455788,-0.001790167298167944,0.0009331857436336577,0.9824074506759644,0.017592592164874077,0.24915067851543427,0.0,0.0,0.0,0.0,36.06625747680664,0.14140892028808594,2036.0,18.8485107421875,491.6700134277344,0.1430531144142151
516,-0.0016412902623414993,-0.0028520366176962852,0.020448604598641396,-9.745291026774794e-05,0.0003618247574195266,-0.004629629664123058,0.0019722222350537777,0.00017837191990111023,0.0,0.0431179478764534,0.0,0.9568820595741272,34.663475036621094,0.009999999776482582,-0.004487315658479929,0.0017077057855203748,0.9861111044883728,0.023148149251937866,0.24919314682483673,0.0,0.0,0.0,0.0,35.55517578125,0.14694595336914062,2065.0,18.95449447631836,495.2200012207031,0.16290615499019623
517,-0.0016568541759625077,-0.002907553920522332,0.020614901557564735,-0.000105266910395585,0.0003758083039429039,-0.003005050588399172,0.001983838388696313,0.00017649360233917832,0.0,0.0416937954723835,0.0,0.9583061933517456,34.704063415527344,0.009999999776482582,-0.0044565992429852486,0.002514914143830538,0.991919219493866,0.015025253407657146,0.25353550910949707,0.0,0.0,0.0,0.0,34.900325775146484,0.14641785621643066,2103.0,19.048816680908203,491.69000244140625,0.14757712185382843
518,-0.001662875059992075,-0.0032470712903887033,0.020205972716212273,-9.919327567331493e-05,0.0003540504549164325,-0.00148148147854954,0.0019740741699934006,0.00020936100918333977,0.0,0.0390896275639534,0.0,0.9609103798866272,34.736995697021484,0.009999999776482582,-0.004849485121667385,0.0011038482189178467,0.9870370030403137,0.007407407741993666,0.25041553378105164,0.0,0.0,0.0,0.0,34.44130325317383,0.1465468406677246,2131.0,19.106319427490234,495.70001220703125,0.1586417555809021
519,-0.0016698879189789295,-0.0029880921356379986,0.020487600937485695,-0.00011694727436406538,0.00032771137193776667,-0.004682539962232113,0.0019500000635161996,0.00014989876945037395,0.0,0.0359022356569767,0.0,0.964097797870636,34.74930191040039,9.999999747378752e-06,0.0007428271928802133,0.001093339640647173,0.9750000834465027,0.02341269887983799,0.2513176500797272,0.0,0.0,0.0,0.0,35.04115676879883,0.14520549774169922,2095.0,19.117900848388672,499.32000732421875,0.16436032950878143
520,-0.001666480558924377,-0.0030112171079963446,0.020441284403204918,-0.000155966859892942,0.00033862871350720525,-0.0033333334140479565,0.0019574074540287256,0.00019353673269506544,0.0,0.02988010086119175,0.0,0.9701198935508728,34.75484085083008,0.0065684085711836815,-0.002218584530055523,0.0008415728807449341,0.9787037372589111,0.01666666753590107,0.2501222491264343,0.0,0.0,0.0,0.0,36.332515716552734,0.14817500114440918,2021.0,19.1557674407959,495.6499938964844,0.16202349960803986
521,-0.0016532629961147904,-0.0031285183504223824,0.02059204690158367,-0.0001326762285316363,0.00032475628540851176,-0.0045370371080935,0.001945370458997786,0.00021814544743392617,0.0,0.02779134176671505,0.0,0.9722086787223816,34.78049850463867,0.009999999776482582,-0.00417507765814662,0.0017056034412235022,0.9726852774620056,0.022685186937451363,0.25207799673080444,0.0,0.0,0.0,0.0,32.07194519042969,0.1467430591583252,2288.0,19.2453556060791,486.80999755859375,0.12302125990390778
522,-0.0016199253732338548,-0.00312986271455884,0.020074661821126938,-0.00010188346641371027,0.00032464711694046855,-0.010978836566209793,0.001890211715362966,0.00015988147060852498,0.0,0.02681477926671505,0.0,0.9731852412223816,34.809165954589844,0.00011561020073713735,-0.0014192113885656,0.0020461631938815117,0.9451058506965637,0.054894182831048965,0.2493099719285965,0.0,0.0,0.0,0.0,32.969024658203125,0.14491653442382812,2226.0,19.2706356048584,485.2699890136719,0.09597599506378174
523,-0.001664754468947649,-0.003451369469985366,0.020268108695745468,-0.00011383144737919793,0.000341999955708161,-0.004166666883975267,0.001958333421498537,0.00019079803314525634,0.0,0.0257568359375,0.0,0.9742431640625,34.816226959228516,0.004444444552063942,-0.0032737734727561474,0.000989978201687336,0.9791666865348816,0.02083333395421505,0.25102585554122925,0.0,0.0,0.0,0.0,32.712684631347656,0.14495158195495605,2243.0,19.302764892578125,495.7300109863281,0.15514717996120453
524,-0.0016511179273948073,-0.003626579185947776,0.020710041746497154,-9.904585749609396e-05,0.00034018384758383036,-0.005211640615016222,0.0019386245403438807,0.00017106682935263962,0.0,0.02421061135828495,0.0,0.9757893681526184,34.84429168701172,0.009999999776482582,-0.004307095892727375,0.0025374002289026976,0.9693122506141663,0.026058200746774673,0.24670344591140747,0.0,0.0,0.0,0.0,36.83594512939453,0.14736247062683105,1993.0,19.412273406982422,487.239990234375,0.11681337654590607
525,-0.0016499038320034742,-0.0035885751713067293,0.020216939970850945,-9.942093311110511e-05,0.00034041531034745276,-0.0044973548501729965,0.001955026527866721,0.00018868816550821066,0.0,0.02437337301671505,0.0,0.9756266474723816,34.885013580322266,0.009999999776482582,-0.004063555039465427,0.0019096805481240153,0.9775131940841675,0.022486772388219833,0.2563727796077728,0.0,0.0,0.0,0.0,31.90076446533203,0.14435029029846191,2300.0,19.5052433013916,486.9100036621094,0.1125543862581253
526,-0.001663106377236545,-0.0037579680792987347,0.020369524136185646,-9.8881617304869e-05,0.0003593597502913326,-0.0018518519354984164,0.0019814814440906048,0.00016173836775124073,0.0,0.0237901471555233,0.0,0.9762098789215088,34.90857696533203,0.009999999776482582,-0.0059608579613268375,0.0007906746468506753,0.9907407760620117,0.009259259328246117,0.248316690325737,0.0,0.0,0.0,0.0,34.05669403076172,0.14149737358093262,2155.0,19.51824378967285,500.0,0.171476349234581
527,-0.0016528131673112512,-0.003594309091567993,0.0209109578281641,-0.00012175334995845333,0.00038209318881854415,-0.0027777778450399637,0.0019722222350537777,0.00017389527056366205,0.0,0.0217556431889534,0.0,0.9782443642616272,34.91404342651367,0.009999999776482582,-0.0036140866577625275,0.0008807854610495269,0.9861111044883728,0.013888888992369175,0.24537968635559082,0.0,0.0,0.0,0.0,34.59073257446289,0.18892669677734375,2119.0,19.56270980834961,491.6300048828125,0.14104612171649933
528,-0.0016684798756614327,-0.003617387730628252,0.020121779292821884,-0.00013042983482591808,0.0004096771590411663,-0.0035714288242161274,0.0019781747832894325,0.00012498591968324035,0.0,0.0205213762819767,0.0,0.979478657245636,34.9348030090332,0.009999999776482582,-0.0027058834675699472,0.0009098438313230872,0.9890873432159424,0.01785714365541935,0.24893337488174438,0.0,0.0,0.0,0.0,33.609107971191406,0.1477043628692627,2184.0,19.63463020324707,495.8399963378906,0.15460993349552155
529,-0.0016509557608515024,-0.003372731152921915,0.019817547872662544,-0.00011425310367485508,0.00036176913999952376,-0.005246913526207209,0.0019475308945402503,0.00012570034596137702,0.0,0.01969400979578495,0.0,0.9803059697151184,34.958709716796875,0.0002601229352876544,-0.0015943280886858702,0.0018539429875090718,0.97376549243927,0.026234569028019905,0.25111085176467896,0.0,0.0,0.0,0.0,36.99870681762695,0.15831375122070312,1984.0,19.672513961791992,482.6499938964844,0.0908900573849678
530,-0.0017027907306328416,-0.0037028752267360687,0.020644916221499443,-0.0001609364990144968,0.0004031454445794225,0.0,0.001982804387807846,0.00017818761989474297,0.0,0.0193956159055233,0.0,0.9806044101715088,34.96018600463867,0.006666666828095913,-0.009039128199219704,0.00010607649164739996,0.9914020895957947,0.0,0.2533392012119293,0.0034722222480922937,0.0,0.0,0.0,36.27654266357422,0.15561866760253906,2023.0,19.64628791809082,500.0,0.17136400938034058
531,-0.0016465445514768362,-0.0034674720373004675,0.020629290491342545,-9.053394023794681e-05,0.0003566275117918849,-0.006580688059329987,0.001901785726659,0.00019877360318787396,0.0,0.0201687291264534,0.0,0.9798312783241272,34.960323333740234,0.009999999776482582,-0.0034612221643328667,0.0025844620540738106,0.9508928656578064,0.03290344029664993,0.25141429901123047,0.0,0.0,0.0,0.0,36.81557083129883,0.1480121612548828,1994.0,19.738502502441406,495.6499938964844,0.15840712189674377
532,-0.00167013518512249,-0.0034048217348754406,0.020373810082674026,-0.00010820263560162857,0.00037582070217467844,-0.0050925929099321365,0.00194907421246171,0.0001927074627019465,0.0,0.02155219204723835,0.0,0.9784477949142456,35.00798797607422,0.009999999776482582,-0.0037165952380746603,0.0016798545839264989,0.9745371341705322,0.025462964549660683,0.2489139586687088,0.0,0.0,0.0,0.0,35.67510223388672,0.14680051803588867,2058.0,19.836837768554688,495.4700012207031,0.15335503220558167
533,-0.0016216887161135674,-0.003290046937763691,0.019790414720773697,-0.00012834754306823015,0.0003430168144404888,-0.013946411199867725,0.0018655864987522364,0.00014345736417453736,0.0,0.02335611917078495,0.0,0.9766438603401184,35.0301513671875,9.999999747378752e-06,-0.0032215353567153215,0.003936520777642727,0.9327932000160217,0.06973204761743546,0.24967199563980103,0.0,0.0,0.0,0.0,34.63098907470703,0.14397287368774414,2120.0,19.85235023498535,473.4800109863281,0.02889063023030758
534,-0.0016366378404200077,-0.0031551362480968237,0.02030804753303528,-0.0001261814613826573,0.00035700714215636253,-0.009583333507180214,0.0018934524850919843,0.0001304680190514773,0.0,0.02621799148619175,0.0,0.9737820029258728,35.03573989868164,0.0029192925430834293,-0.0028461602050811052,0.002634253352880478,0.9467261433601379,0.04791666939854622,0.24558019638061523,0.0,0.0,0.0,0.0,33.40781784057617,0.14757680892944336,2197.0,19.89034652709961,475.32000732421875,0.060654912143945694
535,-0.0015794995706528425,-0.0032958665397018194,0.01977389119565487,-0.00013141744420863688,0.0003551318950485438,-0.015833334997296333,0.0018555555725470185,0.00013768533244729042,0.0,0.0289442278444767,0.0,0.971055805683136,35.05744552612305,9.999999747378752e-06,-0.003154180711135268,0.003403005190193653,0.9277778267860413,0.07916666567325592,0.24816009402275085,0.0,0.0,0.0,0.0,31.572662353515625,0.14757728576660156,2324.0,19.923831939697266,470.1700134277344,0.03232593461871147
536,-0.0016777531709522009,-0.0033809184096753597,0.020036105066537857,-0.00010788165673147887,0.0003881008306052536,-0.004166666883975267,0.001958333421498537,0.00011693011038005352,0.0,0.03021918423473835,0.0,0.9697808027267456,35.06246566772461,0.0029192925430834293,-0.002421693177893758,0.0012108946684747934,0.9791666865348816,0.02083333395421505,0.2529376447200775,0.0,0.0,0.0,0.0,32.302371978759766,0.14586472511291504,2272.0,19.94535255432129,487.29998779296875,0.11295762658119202
537,-0.0016730916686356068,-0.00359476450830698,0.020053576678037643,-0.00010739281424321234,0.00039497987017966807,-0.005030864384025335,0.001941358088515699,0.00010917936015175655,0.0,0.0296902135014534,0.0,0.9703097939491272,35.079532623291016,9.999999747378752e-06,-0.002493120962753892,0.0020823453087359667,0.9706791043281555,0.025154322385787964,0.2522253394126892,0.0,0.0,0.0,0.0,34.67696762084961,0.15302157402038574,2116.0,19.980167388916016,480.44000244140625,0.0715104416012764
538,-0.0016941122012212873,-0.0033382419496774673,0.02025292068719864,-0.00011656594142550603,0.000388807529816404,-0.0018055556574836373,0.0019476852612569928,0.00014404837565962225,0.0,0.0301513671875,0.0,0.9698486328125,35.088130950927734,0.0065684085711836815,-0.0025878767482936382,0.0005250928807072341,0.9738426208496094,0.00902777723968029,0.2538476586341858,0.0,0.0,0.0,0.0,35.62263870239258,0.17723417282104492,2059.0,20.022659301757812,500.0,0.17093035578727722
539,-0.0016931374557316303,-0.0035360094625502825,0.01996999979019165,-0.0001224440784426406,0.00041625124868005514,-0.0021825400181114674,0.0019874342251569033,0.00019088642147835344,0.0,0.0292019322514534,0.0,0.9707980751991272,35.11955261230469,0.009999999776482582,-0.0042683822102844715,0.008800025098025799,0.9937170147895813,0.010912698693573475,0.2528837025165558,0.0,0.0,0.0,0.0,31.93014907836914,0.15564370155334473,2297.0,20.115327835083008,492.8900146484375,0.13082604110240936
540,-0.0016657408559694886,-0.003593250410631299,0.020284000784158707,-0.000136061295052059,0.0004559472727123648,-0.006018518470227718,0.001975000137463212,0.0001248963235411793,0.0,0.02945963479578495,0.0,0.9705403447151184,35.16324996948242,0.009999999776482582,-0.004832238424569368,0.0021646644454449415,0.987500011920929,0.030092593282461166,0.24870242178440094,0.0,0.0,0.0,0.0,34.727176666259766,0.14415907859802246,2114.0,20.23164939880371,495.1400146484375,0.12943144142627716
541,-0.0016895985463634133,-0.0037151649594306946,0.020076433196663857,-0.00011516711674630642,0.0004503515374381095,-0.0015432100044563413,0.001999999862164259,0.0008372774464078248,0.0,0.03023274801671505,0.0,0.9697672724723816,35.198673248291016,0.009999999776482582,-0.0048812502063810825,0.0007636853260919452,1.0,0.0077160499058663845,0.25569403171539307,0.02777777798473835,0.0,0.0,0.0,33.92640686035156,0.1859755516052246,2161.0,20.28223419189453,497.6700134277344,0.15629331767559052
542,-0.001651551341637969,-0.003808983601629734,0.020017018541693687,-0.00011668891238514334,0.000450659281341359,-0.0073280432261526585,0.0019425927894189954,0.00017594605742488056,0.0,0.0301649309694767,0.0,0.969835102558136,35.217613220214844,0.0008779149502515793,-0.0022300821729004383,0.001904639066196978,0.9712963104248047,0.03664021193981171,0.24695491790771484,0.0,0.0,0.0,0.0,33.219459533691406,0.14652252197265625,2209.0,20.31871223449707,485.7300109863281,0.08993276208639145
543,-0.001667897799052298,-0.003653832944110036,0.019892040640115738,-0.00011824754619738087,0.00046550968545489013,-0.004363075830042362,0.0019660491961985826,0.00013509768177755177,0.0,0.0312364362180233,0.0,0.9687635898590088,35.25255584716797,0.009999999776482582,-0.004284674301743507,0.0011837122729048133,0.9830247163772583,0.021815376356244087,0.25290969014167786,0.0,0.0,0.0,0.0,34.077457427978516,0.1465754508972168,2154.0,20.46047019958496,495.82000732421875,0.15078561007976532
544,-0.0016902387142181396,-0.00371377426199615,0.020072847604751587,-0.0001176178120658733,0.0004618249658960849,-0.0013888889225199819,0.0019722222350537777,0.00012856432294938713,0.0,0.03106011264026165,0.0,0.9689399003982544,35.28659439086914,0.009999999776482582,-0.00671063456684351,0.0006314480560831726,0.9861111044883728,0.0069444444961845875,0.24990101158618927,0.0,0.0,0.0,0.0,34.93276596069336,0.15012717247009277,2101.0,20.483585357666016,500.0,0.1735783964395523
545,-0.0016598333604633808,-0.004054699093103409,0.019768331199884415,-0.00013705539458896965,0.0004701053549069911,-0.005277777556329966,0.001963888993486762,0.00023269886150956154,0.0,0.03032769076526165,0.0,0.9696723222732544,35.289913177490234,0.0008779149502515793,-0.00017998758994508535,0.0014765554806217551,0.9819443821907043,0.02638888917863369,0.24796682596206665,0.0,0.0,0.0,0.0,34.01554870605469,0.14401507377624512,2158.0,20.498397827148438,491.5299987792969,0.1267218142747879
546,-0.0016315625980496407,-0.004849280696362257,0.020043982192873955,-0.00013141280214767903,0.000481652095913887,-0.01046957727521658,0.0019184524426236749,0.0001433194993296638,0.0,0.0313585065305233,0.0,0.9686415195465088,35.313297271728516,0.006666666828095913,-0.004645482636988163,0.0029595382511615753,0.9592261910438538,0.05234788730740547,0.24758656322956085,0.0,0.0,0.0,0.0,36.62490463256836,0.1484546661376953,2004.0,20.60066032409668,492.0400085449219,0.12353464215993881
547,-0.0015752889448776841,-0.0041082086972892284,0.019398070871829987,-0.00011648112558759749,0.00044782893382944167,-0.018413299694657326,0.001815867144614458,0.00010356699203839526,0.0,0.0327962227165699,0.0,0.9672037959098816,35.366275787353516,0.009999999776482582,-0.004371178802102804,0.005068104714155197,0.9079335331916809,0.09206650406122208,0.24953623116016388,0.0,0.0,0.0,0.0,35.17784881591797,0.14513087272644043,2087.0,20.749780654907227,469.70001220703125,0.020515456795692444
548,-0.0016423555789515376,-0.0039657168090343475,0.020069194957613945,-0.00012703162792604417,0.0004628781753126532,-0.010068342089653015,0.001913205604068935,0.0001258109405171126,0.0,0.0339898020029068,0.0,0.9660102128982544,35.404388427734375,9.999999747378752e-06,-0.002255149418488145,0.0034533552825450897,0.9566027522087097,0.050341714173555374,0.2529340386390686,0.0,0.0,0.0,0.0,33.2935791015625,0.14345169067382812,2204.0,20.773340225219727,470.80999755859375,0.02674352563917637
549,-0.0016721669817343354,-0.004326498601585627,0.020094560459256172,-0.00011704346252372488,0.00048340432113036513,-0.007407407741993666,0.001999999862164259,9.219891944667324e-05,0.0,0.0336507149040699,0.0,0.9663493037223816,35.40834426879883,0.0029192925430834293,-0.0029051785822957754,0.0005695127765648067,1.0,0.03703703731298447,0.2532510757446289,0.0,0.0,0.0,0.0,34.27767562866211,0.18500494956970215,2139.0,20.795337677001953,497.7699890136719,0.14498044550418854
550,-0.0016498374752700329,-0.004213088192045689,0.020252175629138947,-0.00012550210522022098,0.0004660567792598158,-0.00908068846911192,0.0019203043775632977,0.0002989702916238457,0.0,0.0333658866584301,0.0,0.9666340947151184,35.43851089477539,0.009852612391114235,-0.004495314322412014,0.002524817595258355,0.9601520895957947,0.04540343955159187,0.2477620393037796,0.0055555556900799274,0.0,0.0,0.0,33.0906867980957,0.14097094535827637,2218.0,20.920337677001953,479.30999755859375,0.06849034875631332
551,-0.001698557985946536,-0.003957055509090424,0.020236587151885033,-9.348402818432078e-05,0.0004717259726021439,-0.0009259259677492082,0.001999999862164259,0.00012843900185544044,0.0,0.0325656458735466,0.0,0.9674343466758728,35.46895980834961,0.0005766503745689988,-0.0027509527280926704,0.0006149684195406735,1.0,0.004629629664123058,0.24794097244739532,0.0,0.0,0.0,0.0,34.33926010131836,0.18485116958618164,2135.0,20.9345703125,496.4200134277344,0.15291033685207367
552,-0.0016587531426921487,-0.003439405234530568,0.01998681202530861,-9.790799958864227e-05,0.000449315964942798,-0.006410935427993536,0.0019358907593414187,6.617938197450712e-05,0.0,0.0321180559694767,0.0,0.967881977558136,35.48183059692383,0.0065684085711836815,-0.004321482963860035,0.002768897917121649,0.9679453372955322,0.03205467388033867,0.2511461079120636,0.0,0.0,0.0,0.0,36.304847717285156,0.1585085391998291,2021.0,21.015605926513672,474.4599914550781,0.05415956676006317
553,-0.0016549223801121116,-0.0033730857539922,0.020241638645529747,-0.00010080069478135556,0.00042225021752528846,-0.008482906967401505,0.001898504444397986,0.00010174453200306743,0.0,0.0344645194709301,0.0,0.9655354619026184,35.519535064697266,0.009999999776482582,-0.0037682231049984694,0.0034326096065342426,0.9492522478103638,0.042414531111717224,0.2465655356645584,0.0,0.0,0.0,0.0,33.6348762512207,0.15657663345336914,2181.0,21.11863899230957,482.8699951171875,0.09805505722761154
554,-0.0016628000885248184,-0.003822844009846449,0.01996362954378128,-0.00010152898175874725,0.0004727373307105154,-0.006666666828095913,0.0019129631109535694,9.33302944758907e-05,0.0,0.0365532785654068,0.0,0.9634467363357544,35.55598449707031,0.009999999776482582,-0.0026015527546405792,0.0019946787506341934,0.9564815163612366,0.03333333507180214,0.2501828968524933,0.0,0.0,0.0,0.0,35.06610107421875,0.1436922550201416,2093.0,21.20679473876953,482.5400085449219,0.08848681300878525
555,-0.0016391512472182512,-0.003682869952172041,0.01995692029595375,-8.789576531853527e-05,0.00044837454333901405,-0.010601853020489216,0.0019078704062849283,0.00019949777924921364,0.0,0.0386420376598835,0.0,0.9613579511642456,35.60134506225586,0.009999999776482582,-0.003763640532270074,0.0025614674668759108,0.9539352059364319,0.053009260445833206,0.24777181446552277,0.0055555556900799274,0.0,0.0,0.0,33.15692138671875,0.1620042324066162,2212.0,21.3557071685791,478.7099914550781,0.0695488378405571
556,-0.0016308476915583014,-0.0036855489015579224,0.019975993782281876,-0.00012337621592450887,0.00046189004206098616,-0.010648149065673351,0.0018633598228916526,0.00010424596257507801,0.0,0.0389268659055233,0.0,0.9610731601715088,35.64992904663086,0.009999999776482582,-0.0036162198521196842,0.001930935773998499,0.9316799640655518,0.05324074253439903,0.2519615590572357,0.0,0.0,0.0,0.0,37.32826232910156,0.20430684089660645,1964.0,21.45526123046875,486.760009765625,0.1132884994149208
557,-0.0016673404024913907,-0.0034944701474159956,0.02015262469649315,-9.951718675438315e-05,0.0004615111101884395,-0.005802469793707132,0.001934259315021336,0.00010593423212412745,0.0,0.0383707694709301,0.0,0.9616292119026184,35.68159866333008,0.004444444552063942,-0.003893239889293909,0.0019409646047279239,0.9671295881271362,0.029012348502874374,0.24997340142726898,0.0,0.0,0.0,0.0,32.53644561767578,0.15953874588012695,2254.0,21.52386474609375,483.5899963378906,0.09553354978561401
558,-0.0016445452347397804,-0.003075557993724942,0.020068040117621422,-0.00011429077130742371,0.0005020975950174034,-0.00726430956274271,0.0019384680781513453,0.00010497243056306615,0.0,0.0406494140625,0.0,0.9593505859375,35.72439193725586,0.009999999776482582,-0.004976932425051928,0.002609250135719776,0.969234049320221,0.03632155433297157,0.24933110177516937,0.0,0.0,0.0,0.0,35.520668029785156,0.15441060066223145,2066.0,21.66988754272461,482.3500061035156,0.10246900469064713
559,-0.0015328081790357828,-0.002821356523782015,0.01954382285475731,-0.00011043543054256588,0.0004600590327754617,-0.02310405857861042,0.001825507148168981,0.00011203940084669739,0.0,0.0444471575319767,0.0,0.955552875995636,35.764503479003906,0.0019753086380660534,-0.005991370417177677,0.00510193407535553,0.9127535223960876,0.11552027612924576,0.24998405575752258,0.0,0.0,0.0,0.0,33.02357864379883,0.14677906036376953,2222.0,21.727252960205078,461.42999267578125,-0.003169081639498472
560,-0.001623079995624721,-0.0030901478603482246,0.020648598670959473,-0.00011347144027240574,0.0004653967043850571,-0.009186508134007454,0.0019220238318666816,0.00012803154822904617,0.0,0.0451795794069767,0.0,0.954820454120636,35.78777313232422,0.001316872425377369,-0.0038609346374869347,0.0036292141303420067,0.9610118865966797,0.04593254253268242,0.24551649391651154,0.0,0.0,0.0,0.0,35.40227127075195,0.14798378944396973,2073.0,21.790056228637695,475.0899963378906,0.06123174726963043
561,-0.0016528833657503128,-0.0031308727338910103,0.020100930705666542,-9.885358304018155e-05,0.0004945569671690464,-0.005185185465961695,0.0019351852824911475,0.00010036583989858627,0.0,0.0440131314098835,0.0,0.9559868574142456,35.8112907409668,0.006666666828095913,-0.005263472907245159,0.0021553784608840942,0.9675925374031067,0.025925926864147186,0.25186052918434143,0.0,0.0,0.0,0.0,36.5897216796875,0.15635991096496582,2006.0,21.87822914123535,481.8399963378906,0.09408490359783173
562,-0.001646534539759159,-0.003075451822951436,0.020026899874210358,-8.179723226930946e-05,0.0004611896874848753,-0.006790123879909515,0.0018719136714935303,6.960967584745958e-05,0.0,0.0423448346555233,0.0,0.9576551914215088,35.847652435302734,0.009999999776482582,-0.003963214810937643,0.0028124088421463966,0.9359567761421204,0.03395061939954758,0.2532691955566406,0.0,0.0,0.0,0.0,33.966304779052734,0.19949579238891602,2157.0,21.983516693115234,482.5899963378906,0.09576302766799927
563,-0.0016513692680746317,-0.0031920478213578463,0.020610399544239044,-9.595632582204416e-05,0.0004932538722641766,-0.006018518470227718,0.00194907421246171,0.00010896463936660439,0.0,0.0413411445915699,0.0,0.9586588740348816,35.86812973022461,9.999999747378752e-06,-0.0012704971013590693,0.0016088711563497782,0.9745371341705322,0.030092593282461166,0.25320133566856384,0.0,0.0,0.0,0.0,34.17684555053711,0.15080618858337402,2147.0,21.98931312561035,491.7099914550781,0.14178167283535004
564,-0.0016672022175043821,-0.003199242055416107,0.02050524391233921,-9.942839096765965e-05,0.0005071625928394496,-0.004506173077970743,0.001964197726920247,8.882586553227156e-05,0.0,0.0408257395029068,0.0,0.9591742753982544,35.87153244018555,2.2500000341096893e-05,-0.0016487343236804008,0.0014777801698073745,0.9820988178253174,0.02253086306154728,0.24888308346271515,0.0,0.0,0.0,0.0,33.725406646728516,0.1456897258758545,2176.0,22.0085391998291,491.57000732421875,0.14043335616588593
565,-0.001661389716900885,-0.003196324687451124,0.0203088466078043,-0.00011209859076188877,0.0005159567226655781,-0.006349206902086735,0.0019476190209388733,9.588705870555714e-05,0.0,0.0418565534055233,0.0,0.9581434726715088,35.87567138671875,9.999999747378752e-06,-0.0039215353317558765,0.0020738872699439526,0.973809540271759,0.0317460335791111,0.2482915222644806,0.0,0.0,0.0,0.0,33.96875762939453,0.14812564849853516,2161.0,22.00956916809082,489.69000244140625,0.11867242306470871
566,-0.0016132774762809277,-0.0032133155036717653,0.020043689757585526,-0.00010879655746975914,0.0005301651544868946,-0.010515873320400715,0.0019166668644174933,9.285375563194975e-05,0.0,0.0434705950319767,0.0,0.956529438495636,35.87614440917969,9.999999747378752e-06,-0.0018698860658332705,0.0029389625415205956,0.9583333134651184,0.0525793693959713,0.25010040402412415,0.0,0.0,0.0,0.0,34.667911529541016,0.15899872779846191,2116.0,22.01123809814453,488.2200012207031,0.1207684725522995
567,-0.0016271388158202171,-0.0033468473702669144,0.020169397816061974,-0.00010156953794648871,0.0005424786359071732,-0.008690476417541504,0.0019130953587591648,8.813126623863354e-05,0.0,0.0432942695915699,0.0,0.9567057490348816,35.87690353393555,9.999999747378752e-06,-0.0035761427134275436,0.0027139170560985804,0.9565476179122925,0.04345238208770752,0.25084564089775085,0.0,0.0,0.0,0.0,36.411399841308594,0.14734625816345215,2016.0,22.013925552368164,479.0400085449219,0.07344845682382584
568,-0.001661301706917584,-0.003257394302636385,0.02073083259165287,-0.00011086352606071159,0.0005343807279132307,-0.006117725279182196,0.001938822795636952,9.663548553362489e-05,0.0,0.0431179478764534,0.0,0.9568820595741272,35.88162612915039,0.0019461950287222862,-0.0020259746816009283,0.0012724522966891527,0.9694114327430725,0.030588626861572266,0.25158241391181946,0.0,0.0,0.0,0.0,35.995784759521484,0.15145230293273926,2039.0,22.051586151123047,491.70001220703125,0.14422811567783356
569,-0.001689039752818644,-0.003264875616878271,0.021176300942897797,-0.00011493992496980354,0.0005633016698993742,0.0,0.001999999862164259,9.847876208368689e-05,0.0,0.0407172329723835,0.0,0.9592827558517456,35.89516830444336,9.999999747378752e-06,-0.007251803297549486,0.00011639142030617222,1.0,0.0,0.24740126729011536,0.0,0.0,0.0,0.0,32.693058013916016,0.1437702178955078,2245.0,22.063739776611328,500.0,0.18547213077545166
570,-0.0016825959319248796,-0.0037389067001640797,0.020614929497241974,-0.00010197264782618731,0.0005534753436222672,-0.002500000176951289,0.0019888889510184526,0.00016290420899167657,0.0,0.0392795130610466,0.0,0.9607204794883728,35.8969612121582,9.999999747378752e-06,-0.0029958130326122046,0.0005283044301904738,0.9944444298744202,0.012500000186264515,0.24997618794441223,0.0069444444961845875,0.0,0.0,0.0,33.53903579711914,0.14627695083618164,2188.0,22.070859909057617,498.5400085449219,0.15659703314304352
571,-0.0016855564899742603,-0.00362566695548594,0.02049051597714424,-0.00015254036406986415,0.0005395523621700704,-0.0018518519354984164,0.0019814814440906048,0.0001678445260040462,0.0,0.0375569649040699,0.0,0.9624430537223816,35.89854049682617,9.999999747378752e-06,-0.0019255295628681779,0.00047503274981863797,0.9907407760620117,0.009259259328246117,0.2519327402114868,0.0,0.0,0.0,0.0,35.08905029296875,0.16426658630371094,2091.0,22.071914672851562,496.6099853515625,0.1575411558151245
572,-0.001666945987381041,-0.003456446109339595,0.020973388105630875,-0.00013099481293465942,0.0005328989354893565,-0.0031481485348194838,0.0019574074540287256,0.0006037147832103074,0.0,0.0354546457529068,0.0,0.9645453691482544,35.900306701660156,0.004378939047455788,-0.0021505942568182945,0.001194946002215147,0.9787037372589111,0.015740741044282913,0.24822823703289032,0.0069444444961845875,0.0,0.0,0.0,34.23503112792969,0.1574256420135498,2143.0,22.093273162841797,491.6400146484375,0.14612345397472382
573,-0.0016888462705537677,-0.003453206503763795,0.020725762471556664,-9.284737461712211e-05,0.0005288799875415862,-0.0010802469914779067,0.0019891976844519377,9.718794171931222e-05,0.0,0.0308837890625,0.0,0.9691162109375,35.90633773803711,9.999999747378752e-06,-0.0018883952870965004,0.0009156520827673376,0.9945988059043884,0.005401234608143568,0.24332962930202484,0.0,0.0,0.0,0.0,34.070919036865234,0.19832491874694824,2151.0,22.096521377563477,492.260009765625,0.14297603070735931
574,-0.0016507623950019479,-0.0030145528726279736,0.020338620990514755,-0.00011109036859124899,0.000534799590241164,-0.006071428768336773,0.0019531745929270983,0.00013856177974957973,0.0,0.0283203125,0.0,0.9716796875,35.9069709777832,9.999999747378752e-06,-0.0030840798281133175,0.001884331926703453,0.9765872955322266,0.03035714291036129,0.24694745242595673,0.0,0.0,0.0,0.0,36.90914535522461,0.1539900302886963,1989.0,22.098567962646484,483.1199951171875,0.09898364543914795
575,-0.0016340147703886032,-0.0032104975543916225,0.02025020122528076,-9.68422755249776e-05,0.0005386641714721918,-0.007283950690180063,0.0019148149294778705,0.00010599114466458559,0.0,0.02704535610973835,0.0,0.9729546308517456,35.907989501953125,9.999999747378752e-06,-0.003039028961211443,0.0017105522565543652,0.9574074149131775,0.03641975671052933,0.2544386684894562,0.0,0.0,0.0,0.0,35.32666778564453,0.16394853591918945,2077.0,22.101781845092773,491.1099853515625,0.13660280406475067
576,-0.001685954281128943,-0.0040765488520264626,0.020811446011066437,-0.00012632845027837902,0.0005155599792487919,0.0,0.0019703705329447985,0.0001003174256766215,0.0,0.02524142898619175,0.0,0.9747585654258728,35.90950393676758,9.999999747378752e-06,-0.0038141671102494,0.00013637696974910796,0.9851852059364319,0.0,0.24719540774822235,0.0,0.0,0.0,0.0,31.42005157470703,0.14744353294372559,2335.0,22.108230590820312,500.0,0.17220079898834229
577,-0.001672083861194551,-0.0035498589277267456,0.02077554538846016,-0.00014432585157919675,0.0005580480792559683,-0.0027777780778706074,0.0019722224678844213,0.0001964204857358709,0.0,0.0239122174680233,0.0,0.9760878086090088,35.91032028198242,9.999999747378752e-06,-0.0028497513849288225,0.0007622832199558616,0.9861111044883728,0.013888888992369175,0.2479737102985382,0.0,0.0,0.0,0.0,31.801313400268555,0.14809417724609375,2307.0,22.108699798583984,495.29998779296875,0.13824446499347687
578,-0.0016611041501164436,-0.00368548184633255,0.020670102909207344,-9.393865911988541e-05,0.0005117458640597761,-0.005555556155741215,0.0019444444915279746,0.00013894680887460709,0.0,0.02316623367369175,0.0,0.9768337607383728,35.91073989868164,9.999999747378752e-06,-0.0025421043392270803,0.0012783881975337863,0.9722222089767456,0.02777777798473835,0.24842622876167297,0.0,0.0,0.0,0.0,34.63701629638672,0.14258337020874023,2119.0,22.11005401611328,494.260009765625,0.11595724523067474
579,-0.0016495041782036424,-0.002857541898265481,0.020001715049147606,-0.00010340959852328524,0.000493649102281779,-0.006812169682234526,0.0019003968918696046,0.00015278454520739615,0.0,0.02312554232776165,0.0,0.9768744707107544,35.91179275512695,9.999999747378752e-06,-0.003497055498883128,0.0015998121816664934,0.9501984715461731,0.034060850739479065,0.24940016865730286,0.0,0.0,0.0,0.0,35.42719650268555,0.14616680145263672,2072.0,22.113739013671875,491.3699951171875,0.1373755931854248
580,-0.0016265908489003778,-0.003481989959254861,0.01953374780714512,-9.162571222987026e-05,0.0004713469243142754,-0.01046957727521658,0.0018767857691273093,0.00012872135266661644,0.0,0.0221218541264534,0.0,0.9778781533241272,35.91299057006836,9.999999747378752e-06,-0.004206251818686724,0.002787815872579813,0.9383928775787354,0.05234788730740547,0.25161638855934143,0.0,0.0,0.0,0.0,34.898345947265625,0.15710783004760742,2103.0,22.116466522216797,481.1499938964844,0.05188553035259247
581,-0.00167093554046005,-0.0035018192138522863,0.02013900876045227,-0.00010099044447997585,0.0004937736666761339,-0.005185185465961695,0.0019481482449918985,0.00028069628751836717,0.0,0.0217420794069767,0.0,0.978257954120636,35.91386032104492,9.999999747378752e-06,-0.0030216185841709375,0.0016803168691694736,0.9740740656852722,0.025925926864147186,0.24506238102912903,0.0055555556900799274,0.0,0.0,0.0,33.654296875,0.14494538307189941,2181.0,22.11829376220703,491.1099853515625,0.11393861472606659
582,-0.0016078187618404627,-0.0033217878080904484,0.018646137788891792,-9.64951905189082e-05,0.00042230114922858775,-0.012852733954787254,0.0018251766450703144,9.165159281110391e-05,0.0,0.0226915143430233,0.0,0.9773085117340088,35.915672302246094,9.999999747378752e-06,-0.004607338923960924,0.003477001329883933,0.9125881195068359,0.06426367908716202,0.2528144121170044,0.0,0.0,0.0,0.0,34.84967041015625,0.15047049522399902,2106.0,22.125595092773438,481.2900085449219,0.012417132034897804
583,-0.0016325105680152774,-0.00406835600733757,0.019173139706254005,-0.00010459127952344716,0.00044244169839657843,-0.005740741267800331,0.001860185177065432,0.0001415720907971263,0.0,0.02581108920276165,0.0,0.9741889238357544,35.918800354003906,9.999999747378752e-06,-0.002093362621963024,0.0010521137155592442,0.9300926327705383,0.028703706339001656,0.25174516439437866,0.0,0.0,0.0,0.0,32.822235107421875,0.14651203155517578,2236.0,22.13562774658203,493.2900085449219,0.12102307379245758
584,-0.0016402620822191238,-0.003714146791025996,0.019588075578212738,-9.786320151761174e-05,0.00048640722525306046,-0.004682539962232113,0.0019281746353954077,0.0001054755921359174,0.0,0.02707248367369175,0.0,0.9729275107383728,35.92273712158203,0.00038443360244855285,-0.0030144797638058662,0.001164895249530673,0.9640873074531555,0.02341269887983799,0.2512756884098053,0.0,0.0,0.0,0.0,34.11751174926758,0.15253973007202148,2151.0,22.148462295532227,491.2900085449219,0.12948231399059296
585,-0.0016825863858684897,-0.0035575537476688623,0.01997809112071991,-0.00010220523836323991,0.00045808323193341494,-0.0027777780778706074,0.00195370358414948,9.30857058847323e-05,0.0,0.02738443948328495,0.0,0.9726155400276184,35.926734924316406,9.999999747378752e-06,-0.0027959763538092375,0.0008813869208097458,0.9768518805503845,0.013888888992369175,0.2542971074581146,0.0,0.0,0.0,0.0,32.92595291137695,0.14987969398498535,2229.0,22.15174102783203,491.57000732421875,0.13639982044696808
586,-0.0015980572206899524,-0.0028575074393302202,0.019393080845475197,-0.00015729882579762489,0.00043380973511375487,-0.014405164867639542,0.0018485409673303366,0.00013678494724445045,0.0,0.0285915806889534,0.0,0.9714084267616272,35.92786407470703,9.999999747378752e-06,-0.0027899793349206448,0.003991016186773777,0.9242704510688782,0.07202581316232681,0.25320425629615784,0.0,0.0,0.0,0.0,36.08840560913086,0.1462864875793457,2034.0,22.15580940246582,470.0199890136719,0.028910836204886436
587,-0.0016701767453923821,-0.0029426526743918657,0.019981425255537033,-0.00012542026524897665,0.0004607966693583876,-0.005462963599711657,0.001940211746841669,8.368811541004106e-05,0.0,0.0322672538459301,0.0,0.9677327275276184,35.9299430847168,9.999999747378752e-06,-0.0031966099049896,0.0016605828423053026,0.9701058268547058,0.027314815670251846,0.25039923191070557,0.0,0.0,0.0,0.0,34.99946975708008,0.14742016792297363,2097.0,22.16345977783203,486.57000732421875,0.11417949199676514
588,-0.0016546814003959298,-0.002971292706206441,0.020427966490387917,-9.421631693840027e-05,0.0004670518101193011,-0.006735009141266346,0.0019233907805755734,9.279457299271598e-05,0.0,0.0326605923473835,0.0,0.9673393964767456,35.933040618896484,9.999999747378752e-06,-0.003055028384551406,0.0024235714226961136,0.9616953730583191,0.033675044775009155,0.24746090173721313,0.0,0.0,0.0,0.0,36.7281608581543,0.14713430404663086,1999.0,22.17392921447754,481.95001220703125,0.09629309922456741
589,-0.0016551344888284802,-0.0032895118929445744,0.02005530521273613,-0.00010206565639236942,0.00048162793973460793,-0.008333333767950535,0.0019722222350537777,0.00011635140981525183,0.0,0.0321451835334301,0.0,0.9678547978401184,35.93595886230469,9.999999747378752e-06,-0.0017337918980047107,0.0013046445092186332,0.9861111044883728,0.0416666679084301,0.24836964905261993,0.0,0.0,0.0,0.0,35.83129119873047,0.14407634735107422,2049.0,22.17843246459961,487.42999267578125,0.11199402809143066
590,-0.0016058520413935184,-0.0035339139867573977,0.01935848779976368,-8.795851317699999e-05,0.00045492584467865527,-0.011481482535600662,0.0018851852510124445,0.00010092816228279844,0.0,0.0344780832529068,0.0,0.9655219316482544,35.938026428222656,9.999999747378752e-06,-0.003203126834705472,0.0016684898873791099,0.9425926208496094,0.057407405227422714,0.2556436359882355,0.0,0.0,0.0,0.0,30.725296020507812,0.1468667984008789,2388.0,22.18560791015625,486.07000732421875,0.11337132006883621
591,-0.0016479537589475513,-0.002879795851185918,0.019876616075634956,-9.988289821194485e-05,0.0004533041501417756,-0.006256613880395889,0.0019374340772628784,0.00017418156494386494,0.0,0.0352240689098835,0.0,0.9647759199142456,35.941314697265625,9.999999747378752e-06,-0.0032553134951740503,0.0014956612139940262,0.9687169194221497,0.031283069401979446,0.24976420402526855,0.0,0.0,0.0,0.0,32.101619720458984,0.1787700653076172,2283.0,22.196252822875977,486.3599853515625,0.12122150510549545
592,-0.001681474968791008,-0.003414781531319022,0.020217686891555786,-8.627982606412843e-05,0.0005053361528553069,-0.0019047620007768273,0.001962434034794569,0.00014509788888972253,0.0,0.0356309674680233,0.0,0.9643690586090088,35.94438171386719,5.062499985797331e-05,-0.0031656241044402122,0.0008708027307875454,0.9812169671058655,0.009523809887468815,0.24507644772529602,0.0,0.0,0.0,0.0,31.882976531982422,0.14530062675476074,2301.0,22.20101547241211,490.55999755859375,0.1328275352716446
593,-0.0016650978941470385,-0.0031699063256382942,0.020495405420660973,-0.00010608890443108976,0.000506694836076349,-0.0029166669119149446,0.001964660594239831,9.405647870153189e-05,0.0,0.0344645194709301,0.0,0.9655354619026184,35.946144104003906,9.999999747378752e-06,-0.00433042598888278,0.0012375274673104286,0.9823302030563354,0.01458333246409893,0.25120827555656433,0.0,0.0,0.0,0.0,34.11900329589844,0.14775538444519043,2151.0,22.20410919189453,495.3500061035156,0.1631968915462494
594,-0.0016748710768297315,-0.003061125287786126,0.02026359550654888,-9.060374577529728e-05,0.0005075428634881973,-0.001620370545424521,0.001983796479180455,0.00013152793690096587,0.0,0.0329725481569767,0.0,0.967027485370636,35.94782257080078,9.999999747378752e-06,-0.0024763741530478,0.0008754634181968868,0.991898238658905,0.008101852610707283,0.25104379653930664,0.0,0.0,0.0,0.0,32.2354621887207,0.1470041275024414,2276.0,22.210237503051758,490.6199951171875,0.13556000590324402
595,-0.0016433842247352004,-0.0027166693471372128,0.02002985216677189,-0.000101441029983107,0.00047779714805074036,-0.006481481716036797,0.0019351852824911475,9.618596959626302e-05,0.0,0.0320231132209301,0.0,0.9679768681526184,35.953033447265625,0.0008649755618534982,-0.0030530288349837065,0.0023518851958215237,0.9675926566123962,0.032407406717538834,0.2498483657836914,0.0,0.0,0.0,0.0,38.68543243408203,0.14748239517211914,1898.0,22.241302490234375,478.2900085449219,0.07871244847774506
596,-0.001682556583546102,-0.0033228739630430937,0.019540423527359962,-9.014204260893166e-05,0.00044860775233246386,0.0,0.00195370358414948,8.470442844554782e-05,0.0,0.0291883684694767,0.0,0.970811665058136,35.960975646972656,0.009999999776482582,-0.00842488557100296,0.011796323582530022,0.9768518805503845,0.0,0.25224509835243225,0.0,0.0,0.0,0.0,36.20268630981445,0.14875149726867676,2028.0,22.206684112548828,500.0,0.1744353175163269
597,-0.0016741452272981405,-0.0032910644076764584,0.01978774555027485,-0.00012242907541804016,0.00047725546755827963,-0.001620370545424521,0.001966600539162755,0.0003099579189438373,0.0,0.02583821676671505,0.0,0.9741618037223816,35.95295715332031,0.009999999776482582,-0.002795782405883074,0.03752870485186577,0.9833003282546997,0.008101852610707283,0.25462374091148376,0.003968254197388887,0.0,0.0,0.0,32.31391143798828,0.14482474327087402,2271.0,22.273571014404297,491.5199890136719,0.1398410201072693
598,-0.0016586724668741226,-0.0029101241379976273,0.020092394202947617,-8.935946971178055e-05,0.0004733001405838877,-0.0050925929099321365,0.001967592863366008,8.882956171873957e-05,0.0,0.0255262590944767,0.0,0.974473774433136,35.974761962890625,9.999999747378752e-06,-0.004053130280226469,0.003007693449035287,0.9837963581085205,0.025462964549660683,0.25068724155426025,0.0,0.0,0.0,0.0,32.1944694519043,0.14486217498779297,2279.0,22.295814514160156,491.7300109863281,0.14226700365543365
599,-0.0016385336639359593,-0.0028376879636198282,0.019921161234378815,-9.222219523508102e-05,0.00044492052984423935,-0.007275132928043604,0.001905423472635448,6.463308818638325e-05,0.0,0.0269911028444767,0.0,0.973008930683136,35.98094940185547,0.0065684085711836815,-0.001859242096543312,0.004885124508291483,0.9527116417884827,0.036375660449266434,0.2528727352619171,0.0,0.0,0.0,0.0,32.73245620727539,0.1678006649017334,2240.0,22.352375030517578,487.3500061035156,0.11681763082742691
600,-0.0016458688769489527,-0.0028560496866703033,0.019204461947083473,-0.00011373838788131252,0.0004130929009988904,-0.005299823824316263,0.0019108908018097281,0.00011051200272049755,0.0,0.0268690325319767,0.0,0.973131000995636,36.01896286010742,0.0002601229352876544,-0.004714926239103079,0.0022412133403122425,0.955445408821106,0.02649911865592003,0.24708764255046844,0.0,0.0,0.0,0.0,34.56616973876953,0.15163564682006836,2123.0,22.452472686767578,491.239990234375,0.13108225166797638
601,-0.0016640429385006428,-0.00265800254419446,0.01973971351981163,-8.499730029143393e-05,0.00041745934868231416,-0.0031481485348194838,0.0019592593889683485,9.641485667089e-05,0.0,0.02399359829723835,0.0,0.9760063886642456,36.03225326538086,9.999999747378752e-06,-0.002873591845855117,0.0010705587919801474,0.979629635810852,0.015740741044282913,0.24534930288791656,0.0,0.0,0.0,0.0,32.83372116088867,0.14569449424743652,2235.0,22.4537353515625,491.7200012207031,0.1360076665878296
602,-0.0015986753860488534,-0.002954648109152913,0.018945181742310524,-8.650278323329985e-05,0.00040184386307373643,-0.011364638805389404,0.001882716198451817,8.884990529622883e-05,0.0,0.02398003451526165,0.0,0.9760199785232544,36.03297805786133,9.999999747378752e-06,-0.003078190376982093,0.003754953620955348,0.9413580298423767,0.05682320147752762,0.24994464218616486,0.0,0.0,0.0,0.0,34.240333557128906,0.14440035820007324,2144.0,22.456661224365234,477.5799865722656,0.04737530276179314
603,-0.0015786103904247284,-0.0028013119008392096,0.018901953473687172,-8.19614579086192e-05,0.000427074555773288,-0.01190476305782795,0.0018704585963860154,0.00010879811452468857,0.0,0.02606879360973835,0.0,0.9739311933517456,36.03427505493164,9.999999747378752e-06,-0.0034216297790408134,0.0029304949566721916,0.9352293014526367,0.0595238134264946,0.2521961033344269,0.0,0.0,0.0,0.0,33.50997543334961,0.14866280555725098,2190.0,22.4604434967041,477.8399963378906,0.06861569732427597
604,-0.0016020414186641574,-0.002638382138684392,0.019090864807367325,-8.465239079669118e-05,0.00037670761230401695,-0.01116402167826891,0.001869841362349689,0.00022236636141315103,0.0,0.0278184674680233,0.0,0.9721815586090088,36.03572082519531,9.999999747378752e-06,-0.0033905620221048594,0.0029226012993603945,0.934920608997345,0.05582010746002197,0.25222572684288025,0.0,0.0,0.0,0.0,32.24544906616211,0.14649343490600586,2276.0,22.46466064453125,478.6000061035156,0.07650434970855713
605,-0.0016144976252689958,-0.0035564452409744263,0.019398510456085205,-9.651148866396397e-05,0.0003914665139745921,-0.006666666828095913,0.0019166668644174933,0.0009665006073191762,0.0,0.0277235247194767,0.0,0.972276508808136,36.0382194519043,9.999999747378752e-06,-0.0013367807259783149,0.0009645528625696898,0.9583333134651184,0.03333333507180214,0.2484218329191208,0.02777777798473835,0.0,0.0,0.0,31.38503646850586,0.15185832977294922,2337.0,22.473438262939453,491.7799987792969,0.1365528255701065
606,-0.0015787786105647683,-0.003022651420906186,0.019576365128159523,-0.000139833617140539,0.0004468530823942274,-0.01259259320795536,0.0019018517341464758,0.00024757234496064484,0.0,0.02876790426671505,0.0,0.9712321162223816,36.041133880615234,9.999999747378752e-06,-0.004649020731449127,0.0034586729016155005,0.9509259462356567,0.06296296417713165,0.2527463734149933,0.003968254197388887,0.0,0.0,0.0,32.90671920776367,0.15911388397216797,2229.0,22.479551315307617,470.3800048828125,0.032898273319005966
607,-0.001641731709241867,-0.003445502370595932,0.02021653763949871,-9.734478226164356e-05,0.0004795693967025727,-0.0025220459792762995,0.001962434034794569,0.000139256299007684,0.0,0.0303819440305233,0.0,0.9696180820465088,36.04345703125,9.999999747378752e-06,-0.0026661516167223454,0.001035219058394432,0.9812169671058655,0.012610230594873428,0.24952054023742676,0.0,0.0,0.0,0.0,36.09865188598633,0.1576681137084961,2033.0,22.485855102539062,495.3800048828125,0.16483227908611298
608,-0.0015953995753079653,-0.003544343402609229,0.020077016204595566,-0.00010783574543893337,0.0004704231396317482,-0.010330689139664173,0.0018887565238401294,8.017200161702931e-05,0.0,0.0315755195915699,0.0,0.9684244990348816,36.045143127441406,9.999999747378752e-06,-0.0034074403811246157,0.002982816193252802,0.9443783164024353,0.051653437316417694,0.24717910587787628,0.0,0.0,0.0,0.0,34.12968444824219,0.15074896812438965,2150.0,22.488468170166016,475.75,0.02862059511244297
609,-0.0016061319038271904,-0.003672222839668393,0.01991472952067852,-0.00010801135067595169,0.00047198813990689814,-0.006966490764170885,0.001900242641568184,0.0001302948221564293,0.0,0.0332709439098835,0.0,0.9667290449142456,36.04688262939453,9.999999747378752e-06,-0.002945493208244443,0.0023931749165058136,0.9501212239265442,0.03483245149254799,0.2512061893939972,0.0,0.0,0.0,0.0,36.74835968017578,0.1854708194732666,1996.0,22.49464988708496,480.7900085449219,0.0598578117787838
610,-0.0016356556443497539,-0.004002644680440426,0.020915687084197998,-0.00010647465387592092,0.0005194350378587842,0.0,0.00195370358414948,0.00018179230391979218,0.0,0.03369140625,0.0,0.96630859375,36.04705810546875,0.0005766503745689988,-0.005019060336053371,0.00012980034807696939,0.9768518805503845,0.0,0.24863235652446747,0.0,0.0,0.0,0.0,36.85863494873047,0.18972373008728027,1990.0,22.48654556274414,500.0,0.17015482485294342
611,-0.0016304334858432412,-0.003337365109473467,0.02068665623664856,-0.0001149146628449671,0.0005217342404648662,-0.003888888983055949,0.0019722224678844213,0.00021954465773887932,0.0,0.0337185338139534,0.0,0.9662814736366272,36.04228591918945,9.999999747378752e-06,-0.003596247872337699,0.0009241332882083952,0.9861111044883728,0.01944444514811039,0.2518373131752014,0.0,0.0,0.0,0.0,34.408531188964844,0.1450214385986328,2133.0,22.48773956298828,492.2799987792969,0.14655476808547974
612,-0.0016567155253142118,-0.003210823517292738,0.02144700475037098,-0.00013365033373702317,0.0005268530221655965,-0.0007936508627608418,0.001999999862164259,0.00013063692313153297,0.0,0.0329047329723835,0.0,0.9670952558517456,36.047271728515625,0.004378939047455788,-0.002473117085173726,0.0004969256115145981,1.0,0.003968254197388887,0.25046756863594055,0.0,0.0,0.0,0.0,32.24797821044922,0.14835405349731445,2275.0,22.53335952758789,496.1400146484375,0.17227153480052948
613,-0.0016371922101825476,-0.00302732246927917,0.020698044449090958,-0.00011236651334911585,0.0005041327676735818,-0.004629629664123058,0.00195370358414948,0.00016603128460701555,0.0,0.0314263254404068,0.0,0.9685736894607544,36.060142517089844,9.999999747378752e-06,-0.0027263762895017862,0.0016842993209138513,0.9768518805503845,0.023148149251937866,0.2528209686279297,0.0,0.0,0.0,0.0,34.21550369262695,0.15143609046936035,2145.0,22.542261123657227,485.45001220703125,0.1043611690402031
614,-0.001640787930227816,-0.0031783804297447205,0.0204708781093359,-0.00014085003931540996,0.0005057069356553257,-0.002500000176951289,0.0019749999046325684,0.0001979397056857124,0.0,0.0318467877805233,0.0,0.9681532382965088,36.06874084472656,0.009852612391114235,-0.0015704520046710968,0.0029327902011573315,0.987500011920929,0.012500000186264515,0.2536807358264923,0.0,0.0,0.0,0.0,34.10169982910156,0.15909361839294434,2151.0,22.61733055114746,495.8900146484375,0.16366061568260193
615,-0.0016601913375779986,-0.0029323468916118145,0.0207456573843956,-9.211464202962816e-05,0.0004698680713772774,0.0,0.001999999862164259,0.00014199498400557786,0.0,0.0313042551279068,0.0,0.9686957597732544,36.0936164855957,9.999999747378752e-06,0.0006442922167479992,0.0004200908006168902,1.0,0.0,0.25164103507995605,0.0,0.0,0.0,0.0,33.4523811340332,0.15164923667907715,2194.0,22.637386322021484,500.0,0.18688641488552094
616,-0.0016151157906278968,-0.002965427003800869,0.02058568224310875,-0.00010084702080348507,0.000463495816802606,-0.0069444444961845875,0.0019305557943880558,0.0002604922919999808,0.0,0.02811686135828495,0.0,0.9718831181526184,36.09840774536133,0.004378939047455788,-0.0028132402803748846,0.002279897453263402,0.9652777910232544,0.0347222238779068,0.24649906158447266,0.0055555556900799274,0.0,0.0,0.0,34.35899353027344,0.14723539352416992,2136.0,22.676700592041016,483.6600036621094,0.10396716743707657
617,-0.0016469244146719575,-0.0029796557500958443,0.02095102146267891,-8.617670391686261e-05,0.0004517993947956711,-0.0022222225088626146,0.0019888889510184526,0.00013466872042044997,0.0,0.02704535610973835,0.0,0.9729546308517456,36.118682861328125,0.009999999776482582,-0.004095250274986029,0.036387525498867035,0.9944444298744202,0.011111111380159855,0.24859243631362915,0.0,0.0,0.0,0.0,32.78900909423828,0.150742769241333,2238.0,22.719913482666016,500.0,0.18278943002223969
618,-0.00164713931735605,-0.003235751995816827,0.02017408236861229,-0.0001053718660841696,0.00043423069291748106,-0.003988095559179783,0.0019017859594896436,0.00013510073767974973,0.0,0.0230984166264534,0.0,0.9769015908241272,36.12533187866211,9.999999747378752e-06,-0.003364346455782652,0.0034240176901221275,0.9508928656578064,0.01994047500193119,0.24905981123447418,0.0,0.0,0.0,0.0,32.06285858154297,0.15871763229370117,2288.0,22.734827041625977,490.6300048828125,0.11585678905248642
619,-0.001632637227885425,-0.00336941028945148,0.019862955436110497,-8.380642248084769e-05,0.0004765541525557637,-0.006481482181698084,0.0019333333475515246,9.496744314674288e-05,0.0,0.0235460065305233,0.0,0.9764540195465088,36.13531494140625,0.009852612391114235,-0.0029815221205353737,0.009077467024326324,0.9666666388511658,0.032407406717538834,0.2500138580799103,0.0,0.0,0.0,0.0,33.40571975708008,0.16203093528747559,2196.0,22.804000854492188,495.6499938964844,0.13606248795986176
620,-0.0016200735699385405,-0.00300888461060822,0.020533500239253044,-0.00010463520447956398,0.0004689196648541838,-0.0077380952425301075,0.0019295635866001248,0.00036578267463482916,0.0,0.02239312045276165,0.0,0.9776068925857544,36.16057205200195,9.999999747378752e-06,-0.005475739017128944,0.00739409402012825,0.9647817611694336,0.0386904738843441,0.2504936754703522,0.009259259328246117,0.0,0.0,0.0,36.72188949584961,0.14566469192504883,1999.0,22.833860397338867,485.25,0.08193845301866531
621,-0.0016690101474523544,-0.003153574652969837,0.020964229479432106,-9.201520879287273e-05,0.00047578135854564607,0.0,0.0019814814440906048,0.0001483215019106865,0.0,0.02083333395421505,0.0,0.9791666865348816,36.16719436645508,0.009852612391114235,-0.004437500610947609,0.008380580693483353,0.9907407760620117,0.0,0.250073105096817,0.0,0.0,0.0,0.0,35.998023986816406,0.14722895622253418,2039.0,22.861968994140625,500.0,0.18901363015174866
622,-0.0016642920672893524,-0.0031894766725599766,0.02099507674574852,-0.00014335132436826825,0.00046644831309095025,-0.0018518519354984164,0.0019735449459403753,0.00016092781152110547,0.0,0.018798828125,0.0,0.981201171875,36.19047546386719,0.009999999776482582,-0.005826589651405811,0.01330909039825201,0.9867725372314453,0.009259259328246117,0.25258007645606995,0.0,0.0,0.0,0.0,34.79985046386719,0.14339876174926758,2109.0,22.95827865600586,494.30999755859375,0.14340686798095703
623,-0.0016645364230498672,-0.0030312035232782364,0.021350407972931862,-0.00010122414823854342,0.0004845766525249928,-0.0011111112544313073,0.001999999862164259,0.00018116070714313537,0.0,0.01618109829723835,0.0,0.9838188886642456,36.205345153808594,0.009999999776482582,-0.006633950397372246,0.0014367129188030958,1.0,0.0055555556900799274,0.25111716985702515,0.0,0.0,0.0,0.0,33.80995559692383,0.14562463760375977,2171.0,22.956336975097656,496.260009765625,0.1665005087852478
624,-0.0016572070308029652,-0.003189127193763852,0.020824266597628593,-0.00012469793728087097,0.0004924595705233514,-0.0007936508627608418,0.0019781747832894325,0.00017195982218254358,0.0,0.015421549789607525,0.0,0.9845784306526184,36.2068977355957,0.009999999776482582,-0.005455177277326584,0.0009382652933709323,0.9890873432159424,0.003968254197388887,0.2516936659812927,0.0,0.0,0.0,0.0,35.96561050415039,0.15244245529174805,2041.0,23.000917434692383,495.80999755859375,0.1644374579191208
625,-0.001641776179894805,-0.0034121188800781965,0.020872656255960464,-0.00011192788952030241,0.0004954750766046345,-0.003703703870996833,0.0019444444915279746,0.00013773166574537754,0.0,0.01532660610973835,0.0,0.9846733808517456,36.219970703125,9.999999747378752e-06,-0.0033729663118720055,0.0011228297371417284,0.9722222089767456,0.018518518656492233,0.247966006398201,0.0,0.0,0.0,0.0,31.572423934936523,0.14481425285339355,2324.0,23.014850616455078,494.9599914550781,0.1387016773223877
626,-0.0015830303309485316,-0.003563235281035304,0.019943267107009888,-9.892569505609572e-05,0.0004512048908509314,-0.009722222574055195,0.0018527779029682279,0.00036746487603522837,0.0,0.015530056320130825,0.0,0.9844699501991272,36.22412872314453,0.004378939047455788,-0.002647839253768325,0.0020386807154864073,0.9263888597488403,0.0486111119389534,0.2526666224002838,0.013888888992369175,0.0,0.0,0.0,33.304603576660156,0.14924335479736328,2203.0,23.048063278198242,483.4100036621094,0.08921774476766586
627,-0.0016451544361189008,-0.0036204499192535877,0.020282650366425514,-0.00013821326137986034,0.0004568484437186271,-0.0009259259677492082,0.0019305555615574121,0.0001285549660678953,0.0,0.0165879987180233,0.0,0.9834120273590088,36.243446350097656,0.009999999776482582,-0.004789524246007204,0.0005610904772765934,0.9652777910232544,0.004629629664123058,0.2455461621284485,0.0,0.0,0.0,0.0,32.26093673706055,0.14235496520996094,2275.0,23.0917911529541,495.67999267578125,0.15270328521728516
628,-0.001627755002118647,-0.003127479925751686,0.020113272592425346,-9.987636440200731e-05,0.0004776842542923987,-0.0063492064364254475,0.001965608447790146,0.00011192924284841865,0.0,0.015462239272892475,0.0,0.9845377802848816,36.25638961791992,0.009999999776482582,-0.00479080667719245,0.0010057491017505527,0.9828042984008789,0.0317460335791111,0.24733087420463562,0.0,0.0,0.0,0.0,35.870948791503906,0.14767718315124512,2046.0,23.155364990234375,492.3599853515625,0.13610069453716278
629,-0.0016583696706220508,-0.0029934109188616276,0.02029460109770298,-0.00011034795170417055,0.0004828438686672598,-0.0007936508627608418,0.0019920633640140295,0.00010993354953825474,0.0,0.01582845114171505,0.0,0.9841715693473816,36.2745246887207,0.009999999776482582,-0.005430393852293491,0.0005416761850938201,0.9960317611694336,0.003968254197388887,0.24556128680706024,0.0,0.0,0.0,0.0,37.269439697265625,0.1475529670715332,1970.0,23.179744720458984,495.8399963378906,0.16008161008358002
630,-0.001631306135095656,-0.0029945403803139925,0.020734194666147232,-0.0001410005788784474,0.00047748410725034773,-0.004969135858118534,0.0019503086805343628,0.00014814497262705117,0.0,0.0164659284055233,0.0,0.9835340976715088,36.28533935546875,0.009999999776482582,-0.0038905171677470207,0.001374172163195908,0.9751543402671814,0.024845680221915245,0.2532666027545929,0.0,0.0,0.0,0.0,33.19275665283203,0.14800500869750977,2211.0,23.252412796020508,491.9700012207031,0.14274561405181885
631,-0.0016629035817459226,-0.003294766880571842,0.020590122789144516,-0.00011372369772288948,0.0004630692710634321,-0.0005050505278632045,0.0019634440541267395,0.00014661203022114933,0.0,0.0151502825319767,0.0,0.984849750995636,36.29512023925781,0.009999999776482582,-0.008634988218545914,0.00018913306121248752,0.9817219972610474,0.0025252525229007006,0.2526341378688812,0.0,0.0,0.0,0.0,31.52039337158203,0.15529918670654297,2327.0,23.21297836303711,500.0,0.18175886571407318
632,-0.0016504350351169705,-0.003075095359236002,0.020104026421904564,-0.00012850384518969804,0.0004821976472157985,-0.0022222225088626146,0.0019629630260169506,0.00014800694771111012,0.0,0.01447211392223835,0.0,0.9855278730392456,36.294189453125,0.009999999776482582,-0.005327119026333094,0.0009639697382226586,0.9814815521240234,0.011111111380159855,0.24379661679267883,0.0,0.0,0.0,0.0,32.70278549194336,0.14384031295776367,2244.0,23.287689208984375,492.1099853515625,0.14205293357372284
633,-0.0016513686859980226,-0.0031692099291831255,0.02046758495271206,-9.782225970411673e-05,0.0004989595036022365,-0.0027777780778706074,0.00195370358414948,0.00015279890794772655,0.0,0.01410590298473835,0.0,0.9858940839767456,36.3267936706543,0.009999999776482582,-0.003573762718588114,0.0010748753556981683,0.9768518805503845,0.013888888992369175,0.24930647015571594,0.0,0.0,0.0,0.0,31.285913467407227,0.15172648429870605,2345.0,23.37525749206543,492.0799865722656,0.14183486998081207
634,-0.001624677679501474,-0.002740349853411317,0.01995181478559971,-8.907821029424667e-05,0.0004708634514827281,-0.007407407741993666,0.00194907421246171,0.0001695181563263759,0.0,0.013888888992369175,0.0,0.9861111044883728,36.3624267578125,0.009999999776482582,-0.0047365473583340645,0.0016096101608127356,0.9745371341705322,0.03703703731298447,0.24898844957351685,0.0,0.0,0.0,0.0,35.15127182006836,0.15173673629760742,2088.0,23.475330352783203,488.2300109863281,0.1214871034026146
635,-0.0016659831162542105,-0.002943341853097081,0.020338336005806923,-0.00010128308349521831,0.0004687141627073288,-0.0009259259677492082,0.001969907432794571,0.00020764459623023868,0.0,0.014146593399345875,0.0,0.9858534336090088,36.379661560058594,0.009999999776482582,-0.0047676838003098965,0.0002137884875992313,0.984953761100769,0.004629629664123058,0.24928781390190125,0.0,0.0,0.0,0.0,34.6560173034668,0.14539575576782227,2118.0,23.473346710205078,500.0,0.17852991819381714
636,-0.0016405255300924182,-0.0033539545256644487,0.01934545859694481,-8.964274456957355e-05,0.000432575965533033,-0.004861111287027597,0.001889219507575035,0.00014861846284475178,0.0,0.014512804336845875,0.0,0.9854872226715088,36.38048553466797,0.00296296295709908,-0.004424139391630888,0.0015946946805343032,0.9446098804473877,0.02430555783212185,0.2515307068824768,0.0,0.0,0.0,0.0,34.67082977294922,0.1454322338104248,2117.0,23.516427993774414,487.2300109863281,0.10773870348930359
637,-0.0016403128392994404,-0.0029462315142154694,0.019990278407931328,-0.0001117075007641688,0.00044022066867910326,-0.005740741267800331,0.0018814814975485206,0.00010728963388828561,0.0,0.0157606340944767,0.0,0.984239399433136,36.40608596801758,0.009999999776482582,-0.004462843760848045,0.000854159181471914,0.9407408237457275,0.028703702613711357,0.24991266429424286,0.0,0.0,0.0,0.0,35.1646614074707,0.14825654029846191,2087.0,23.60934066772461,495.7699890136719,0.15280386805534363
638,-0.001650400459766388,-0.003016512142494321,0.01983022503554821,-9.42044862313196e-05,0.0004608523449860513,-0.004166666883975267,0.0019268518080934882,0.00013122017844580114,0.0,0.01669650711119175,0.0,0.9833034873008728,36.43681716918945,0.009999999776482582,-0.0028565372340381145,0.0010315101826563478,0.9634259343147278,0.02083333395421505,0.2524002194404602,0.0,0.0,0.0,0.0,32.68072509765625,0.15137529373168945,2245.0,23.713977813720703,491.67999267578125,0.13494837284088135
639,-0.0015894179232418537,-0.003030609106644988,0.02001289278268814,-0.00012538538430817425,0.0004584267735481262,-0.010833334177732468,0.0018805555300787091,0.00012148720270488411,0.0,0.01814778707921505,0.0,0.9818522334098816,36.464141845703125,0.009999999776482582,-0.004288066178560257,0.0017437475034967065,0.9402778744697571,0.05416667088866234,0.24914100766181946,0.0,0.0,0.0,0.0,33.58830261230469,0.14823675155639648,2185.0,23.777246475219727,487.1499938964844,0.11710978299379349
640,-0.001656551961787045,-0.003053693100810051,0.01989947445690632,-0.00011257155711064115,0.00046884073526598513,-0.0021212121937423944,0.0019333333475515246,0.00012914820399601012,0.0,0.0184190534055233,0.0,0.9815809726715088,36.48798751831055,0.009999999776482582,-0.004948576912283897,0.000914884265512228,0.9666666388511658,0.010606060735881329,0.24679800868034363,0.0,0.0,0.0,0.0,32.04062271118164,0.1490793228149414,2290.0,23.855100631713867,493.75,0.1384696066379547
641,-0.0016708283219486475,-0.0030048941262066364,0.02042408473789692,-0.0001124157352023758,0.0004958108766004443,-0.0020370371639728546,0.001990740653127432,0.00011428967263782397,0.0,0.01787651889026165,0.0,0.9821234941482544,36.50727081298828,0.009999999776482582,-0.004917861428111792,0.0006928536458872259,0.9953704476356506,0.010185185819864273,0.25069355964660645,0.0,0.0,0.0,0.0,33.99513626098633,0.14785528182983398,2159.0,23.889490127563477,495.8699951171875,0.1588175892829895
642,-0.0016523852245882154,-0.003281638491898775,0.02015037275850773,-0.00010718681005528197,0.00046795845264568925,-0.001719576888717711,0.0019689155742526054,0.00013154797488823533,0.0,0.01803928054869175,0.0,0.9819607138633728,36.51973342895508,0.009999999776482582,-0.0046234470792114735,0.000796124804764986,0.9844576716423035,0.008597884327173233,0.2444254606962204,0.0,0.0,0.0,0.0,35.97263717651367,0.15716814994812012,2040.0,23.966028213500977,495.9700012207031,0.15828321874141693
643,-0.001635426189750433,-0.0030451840721070766,0.01964491233229637,-0.00010563623800408095,0.00045424571726471186,-0.0055555556900799274,0.0019119048956781626,0.0001151717224274762,0.0,0.01822916604578495,0.0,0.9817708134651184,36.52970504760742,0.009999999776482582,-0.006091943010687828,0.00033188171801157296,0.9559524655342102,0.02777777798473835,0.2506037652492523,0.0,0.0,0.0,0.0,32.763004302978516,0.16079401969909668,2239.0,23.944618225097656,500.0,0.1776241958141327
644,-0.001643432187847793,-0.0032226121984422207,0.020001640543341637,-0.00011109968181699514,0.00047567952424287796,-0.0032323235645890236,0.0019648990128189325,0.00015475929831154644,0.0,0.0176052525639534,0.0,0.9823947548866272,36.52928161621094,0.009999999776482582,-0.004216997884213924,0.0014996016398072243,0.9824495315551758,0.016161615028977394,0.24984341859817505,0.0,0.0,0.0,0.0,35.43360137939453,0.14432454109191895,2072.0,24.025447845458984,492.989990234375,0.13950452208518982
645,-0.00166508078109473,-0.003288814565166831,0.020410580560564995,-0.00012141426122980192,0.0005001164972782135,0.0,0.001990740653127432,0.0001520502264611423,0.0,0.017578125,0.0,0.982421875,36.54827117919922,0.009999999776482582,-0.011146558448672295,0.00019423423509579152,0.9953704476356506,0.0,0.2504468560218811,0.0,0.0,0.0,0.0,34.7368049621582,0.14605426788330078,2113.0,24.01003646850586,500.0,0.18100275099277496
646,-0.001623642398044467,-0.0032385841477662325,0.02031363733112812,-0.00012577975576277822,0.0004924059612676501,-0.006203704047948122,0.00193796306848526,0.00010282614675816149,0.0,0.01822916604578495,0.0,0.9817708134651184,36.5488395690918,0.009999999776482582,-0.0035947435535490513,0.0014505477156490088,0.9689814448356628,0.031018519774079323,0.2480768859386444,0.0,0.0,0.0,0.0,31.144575119018555,0.1498396396636963,2355.0,24.080013275146484,487.3900146484375,0.11955638229846954
647,-0.0016061608912423253,-0.003298585070297122,0.020340826362371445,-0.00011498152889544144,0.0004842961789108813,-0.007738096173852682,0.00195370358414948,0.00015461341536138207,0.0,0.01962619461119175,0.0,0.9803737998008728,36.57941436767578,0.009999999776482582,-0.0036634118296205997,0.001701611210592091,0.9768518805503845,0.0386904738843441,0.2503668963909149,0.0,0.0,0.0,0.0,31.721664428710938,0.1447467803955078,2313.0,24.181453704833984,489.2099914550781,0.1163213700056076
648,-0.0016571658197790384,-0.0033269557170569897,0.02025732956826687,-9.93564972304739e-05,0.0004894044250249863,-0.0007936508627608418,0.0019398150034248829,0.00019530497957020998,0.0,0.01875813864171505,0.0,0.9812418818473816,36.60698318481445,0.009999999776482582,-0.005477589089423418,0.0009764654096215963,0.9699074625968933,0.003968254197388887,0.24680359661579132,0.0,0.0,0.0,0.0,34.4742546081543,0.18709254264831543,2127.0,24.2271671295166,496.5199890136719,0.15745772421360016
649,-0.0016282765427604318,-0.0035122644621878862,0.020529264584183693,-0.00015904416795819998,0.0005268750828690827,-0.004166666883975267,0.001969907432794571,0.00017704775382298976,0.0,0.0185818150639534,0.0,0.9814181923866272,36.62278747558594,0.009999999776482582,-0.004549610428512096,0.0016029014950618148,0.984953761100769,0.02083333395421505,0.24713696539402008,0.0,0.0,0.0,0.0,36.533836364746094,0.1446514129638672,2010.0,24.304359436035156,495.6300048828125,0.15997397899627686
650,-0.0016272285720333457,-0.0036091813817620277,0.020050035789608955,-0.00013082163059152663,0.0005172796081751585,-0.003703703870996833,0.0019518517656251788,0.00010354941332479939,0.0,0.01816135086119175,0.0,0.9818386435508728,36.654537200927734,0.009999999776482582,-0.003385804360732436,0.0012412226060405374,0.9759259819984436,0.018518518656492233,0.24584732949733734,0.0,0.0,0.0,0.0,37.21589660644531,0.18225359916687012,1971.0,24.413883209228516,491.4599914550781,0.13222894072532654
651,-0.0016431527910754085,-0.003627912839874625,0.02068490907549858,-9.824268636293709e-05,0.0005528833717107773,-0.0013888889225199819,0.001986111281439662,0.00013147418212611228,0.0,0.0172119140625,0.0,0.9827880859375,36.6804313659668,0.009999999776482582,-0.0034674585331231356,0.0006954690325073898,0.9930555820465088,0.0069444444961845875,0.25108978152275085,0.0,0.0,0.0,0.0,34.69673538208008,0.14583945274353027,2116.0,24.444503784179688,495.7099914550781,0.16105172038078308
652,-0.001566217397339642,-0.003317728638648987,0.020502325147390366,-0.00010888609540415928,0.0005376234767027199,-0.012222222052514553,0.0019194444175809622,0.00016022399358917028,0.0,0.01764594204723835,0.0,0.9823540449142456,36.697566986083984,0.009999999776482582,-0.004825932905077934,0.0024878247641026974,0.9597223401069641,0.06111111119389534,0.2469026744365692,0.0,0.0,0.0,0.0,33.850318908691406,0.1471390724182129,2168.0,24.572803497314453,479.67999267578125,0.07819506525993347
653,-0.0016110133146867156,-0.0034549778793007135,0.020532390102744102,-0.0001114065817091614,0.0005189551739022136,-0.006812169216573238,0.0019596563652157784,0.00016553148452658206,0.0,0.01835123635828495,0.0,0.9816487431526184,36.739402770996094,0.009999999776482582,-0.004175641108304262,0.0013127503916621208,0.9798281192779541,0.034060850739479065,0.25043633580207825,0.0,0.0,0.0,0.0,35.195945739746094,0.14540648460388184,2086.0,24.66464614868164,495.6499938964844,0.16373960673809052
654,-0.0016409831587225199,-0.003474022727459669,0.02037537842988968,-9.311474423157051e-05,0.0005174407851882279,-0.002500000176951289,0.0019703705329447985,0.0001632356725167483,0.0,0.01802571676671505,0.0,0.9819743037223816,36.76754379272461,0.009999999776482582,-0.0046186489053070545,0.0015886190813034773,0.9851852059364319,0.012500000186264515,0.2445267289876938,0.0,0.0,0.0,0.0,31.375911712646484,0.1511554718017578,2338.0,24.75082778930664,495.7300109863281,0.15899738669395447
655,-0.0016260697739198804,-0.003368706675246358,0.02034238912165165,-0.00011015465861419216,0.0005233698757365346,-0.0035714288242161274,0.001959235407412052,0.00017210279474966228,0.0,0.01751030795276165,0.0,0.9824897050857544,36.79874038696289,0.009999999776482582,-0.00463322177529335,0.0012782657286152244,0.9796176552772522,0.01785714365541935,0.2549305856227875,0.0,0.0,0.0,0.0,32.883636474609375,0.1776432991027832,2230.0,24.851242065429688,491.42999267578125,0.1371656358242035
656,-0.0016344130272045732,-0.003504043212160468,0.020036615431308746,-9.166096424451098e-05,0.0005175212281756103,-0.00296296295709908,0.001962434034794569,0.00012100861931685358,0.0,0.0184190534055233,0.0,0.9815809726715088,36.825927734375,0.009999999776482582,-0.003522054059430957,0.0009342808625660837,0.9812169671058655,0.014814815483987331,0.2430172562599182,0.0,0.0,0.0,0.0,34.29045486450195,0.147536039352417,2140.0,24.9235782623291,495.5,0.15441769361495972
657,-0.001630029291845858,-0.0038367989473044872,0.020958632230758667,-0.00011015272320946679,0.0005375524051487446,-0.0018939394503831863,0.0019810604862868786,0.00012223009252920747,0.0,0.01888020895421505,0.0,0.9811198115348816,36.845767974853516,0.009999999776482582,-0.003809912595897913,0.0007215471705421805,0.9905303120613098,0.009469697251915932,0.25268152356147766,0.0,0.0,0.0,0.0,33.461334228515625,0.18374323844909668,2191.0,24.972776412963867,500.0,0.18090471625328064
658,-0.0016340280417352915,-0.0035512924659997225,0.020203841850161552,-9.82617711997591e-05,0.0005321625503711402,-0.0019047620007768273,0.0019678352400660515,0.00014602245937567204,0.0,0.01813422329723835,0.0,0.9818657636642456,36.862388610839844,0.009999999776482582,-0.004381706938147545,0.0011018352815881371,0.9839175343513489,0.009523809887468815,0.24595117568969727,0.0,0.0,0.0,0.0,33.814300537109375,0.14587783813476562,2171.0,25.043498992919922,495.7099914550781,0.1558993011713028
659,-0.0016346608754247427,-0.003427384654060006,0.02071962133049965,-9.9732875241898e-05,0.000558236613869667,-0.002500000176951289,0.001999999862164259,0.00013776250125374645,0.0,0.01862250454723835,0.0,0.9813774824142456,36.88494110107422,0.009999999776482582,-0.004140055738389492,0.0016884143697097898,1.0,0.012500000186264515,0.25145676732063293,0.0055555556900799274,0.0,0.0,0.0,34.16508102416992,0.15933632850646973,2147.0,25.10622787475586,495.80999755859375,0.1628245860338211
660,-0.0016318093985319138,-0.0034754269290715456,0.019970130175352097,-0.00010594071500236169,0.0005242286715656519,-0.0020370371639728546,0.0019796297419816256,0.0001913055602926761,0.0,0.01806640625,0.0,0.98193359375,36.9054069519043,0.009999999776482582,-0.004854533821344376,0.0012955624843016267,0.9898147583007812,0.010185185819864273,0.2489672303199768,0.0,0.0,0.0,0.0,32.694618225097656,0.14674997329711914,2244.0,25.17156410217285,491.29998779296875,0.13402369618415833
661,-0.0016045774100348353,-0.0031189967412501574,0.020557790994644165,-9.986292570829391e-05,0.0005602421588264406,-0.008101852610707283,0.0019467592937871814,9.105866774916649e-05,0.0,0.0169542096555233,0.0,0.9830458164215088,36.93608474731445,0.009999999776482582,-0.004698347300291061,0.002342087449505925,0.9733796715736389,0.040509261190891266,0.25349727272987366,0.0,0.0,0.0,0.0,33.956111907958984,0.1512155532836914,2161.0,25.301406860351562,483.29998779296875,0.0801972970366478
662,-0.0016601330135017633,-0.003526089945808053,0.02012939751148224,-0.00012295223132241517,0.0005754263256676495,0.0,0.00195370358414948,0.0001019277551677078,0.0,0.01774088479578495,0.0,0.9822590947151184,36.960105895996094,9.999999747378752e-06,-0.00967488344758749,0.0001386957592330873,0.9768518805503845,0.0,0.24920906126499176,0.0,0.0,0.0,0.0,32.41807556152344,0.14589786529541016,2264.0,25.31938362121582,500.0,0.17907766997814178
663,-0.0016129495343193412,-0.003184717381373048,0.020289236679673195,-0.0001046633260557428,0.0005501449923031032,-0.008571429178118706,0.0019619709346443415,0.00013224648137111217,0.0,0.01828342117369175,0.0,0.9817165732383728,36.96267318725586,0.0029192925430834293,-0.0028633675538003445,0.002263883361592889,0.9809854626655579,0.04285714402794838,0.24672599136829376,0.0,0.0,0.0,0.0,35.57170486450195,0.1446516513824463,2064.0,25.349529266357422,489.17999267578125,0.10301854461431503
664,-0.0016432584961876273,-0.0032604881562292576,0.02038116566836834,-0.0001218276156578213,0.0005501768901012838,-0.004166666883975267,0.001981837907806039,0.00015101589087862521,0.0,0.02034505270421505,0.0,0.9796549677848816,36.98735809326172,0.001316872425377369,-0.004719576798379421,0.0011662135366350412,0.9909188151359558,0.0208333358168602,0.2493348866701126,0.0,0.0,0.0,0.0,35.27610397338867,0.14687514305114746,2081.0,25.429340362548828,495.7900085449219,0.16117818653583527
665,-0.001650094985961914,-0.0034046226646751165,0.02047906257212162,-0.00010486018436495215,0.0005828185239806771,0.0,0.001999999862164259,8.569273632019758e-05,0.0,0.0196533203125,0.0,0.9803466796875,36.98684310913086,0.009999999776482582,-0.00948454812169075,0.00026531601906754076,1.0,0.0,0.25019168853759766,0.0,0.0,0.0,0.0,34.15316390991211,0.14831948280334473,2149.0,25.37283706665039,500.0,0.1775570958852768
666,-0.0016399017767980695,-0.003344325814396143,0.020076625049114227,-0.00012960420281160623,0.0005374005413614213,-0.0073148151859641075,0.0019611113239079714,0.0001044498203555122,0.0,0.0191514752805233,0.0,0.9808485507965088,36.9846305847168,0.009999999776482582,-0.004197008907794952,0.002786241937428713,0.980555534362793,0.03657407686114311,0.25066885352134705,0.0,0.0,0.0,0.0,32.6607780456543,0.1598353385925293,2246.0,25.46872329711914,489.32000732421875,0.0935085117816925
667,-0.0015799679094925523,-0.0033424559514969587,0.020200788974761963,-0.00011082055425504223,0.0005289349355734885,-0.010648148134350777,0.0018935187254101038,0.00010750772344181314,0.0,0.01913791336119175,0.0,0.9808620810508728,37.01746368408203,0.009999999776482582,-0.004632315132766962,0.003363589523360133,0.9467593431472778,0.05324074253439903,0.24727657437324524,0.0,0.0,0.0,0.0,33.6986083984375,0.14624476432800293,2178.0,25.57160758972168,474.92999267578125,0.05717345327138901
668,-0.0016230432083830237,-0.0032361773774027824,0.020077235996723175,-0.00013670610496774316,0.0005650820676237345,-0.004351851996034384,0.0019194446504116058,0.00015260488726198673,0.0,0.02060275711119175,0.0,0.9793972373008728,37.05193328857422,0.009999999776482582,-0.004895285703241825,0.0020527152810245752,0.9597223401069641,0.021759260445833206,0.254910409450531,0.003968254197388887,0.0,0.0,0.0,31.93500518798828,0.14874649047851562,2297.0,25.68963623046875,485.3999938964844,0.09269991517066956
669,-0.001638469286262989,-0.0032658041454851627,0.02010728232562542,-0.00011333081783959642,0.0005757884355261922,-0.0021825397852808237,0.0019920633640140295,0.00012890409561805427,0.0,0.02121310867369175,0.0,0.9787868857383728,37.0858154296875,0.009999999776482582,-0.0047461241483688354,0.0007348727085627615,0.9960317611694336,0.010912698693573475,0.24745896458625793,0.0,0.0,0.0,0.0,31.290048599243164,0.1495802402496338,2345.0,25.786243438720703,495.8299865722656,0.15733930468559265
670,-0.0016183273401111364,-0.003325795056298375,0.02013738639652729,-0.00011249874660279602,0.0005726081435568631,-0.009830246679484844,0.0019326499896124005,0.00012861748109571636,0.0,0.02242024801671505,0.0,0.9775797724723816,37.11946487426758,0.009999999776482582,-0.0055278693325817585,0.0031315258238464594,0.9663249254226685,0.0491512306034565,0.24975252151489258,0.0,0.0,0.0,0.0,33.767921447753906,0.1519453525543213,2173.0,25.928802490234375,482.7900085449219,0.07628072053194046
671,-0.0016382477479055524,-0.0037360750138759613,0.02012847550213337,-0.0001665824675001204,0.0005535205127671361,-0.002892416436225176,0.001962742768228054,0.00015742394316475838,0.0,0.0233154296875,0.0,0.9766845703125,37.156375885009766,0.009999999776482582,-0.004820256493985653,0.0017092210473492742,0.9813712239265442,0.014462081715464592,0.25037214159965515,0.0,0.0,0.0,0.0,34.13703918457031,0.1540541648864746,2150.0,26.029935836791992,483.1300048828125,0.0869688168168068
672,-0.0016509608831256628,-0.0036774964537471533,0.020271236076951027,-0.00013958448835182935,0.0005644050543196499,-0.0011111112544313073,0.001980952452868223,0.00011537807586137205,0.0,0.0245225690305233,0.0,0.9754774570465088,37.178558349609375,0.009999999776482582,-0.005504983942955732,0.000607087800744921,0.9904761910438538,0.0055555556900799274,0.24742789566516876,0.0,0.0,0.0,0.0,34.48447036743164,0.14683032035827637,2128.0,26.078001022338867,498.2699890136719,0.14925800263881683
673,-0.0015957202995195985,-0.0035814600996673107,0.02024402655661106,-0.00011483157140901312,0.0005702314083464444,-0.009497354738414288,0.001906878431327641,9.363928256789222e-05,0.0,0.0255126953125,0.0,0.9744873046875,37.186485290527344,9.999999747378752e-06,-0.004041928332298994,0.0031306359451264143,0.9534391760826111,0.04748677462339401,0.25161710381507874,0.0,0.0,0.0,0.0,34.406333923339844,0.15003514289855957,2133.0,26.09317398071289,469.3999938964844,0.014805702492594719
674,-0.0016306499019265175,-0.004037381149828434,0.020296456292271614,-0.0001557711948407814,0.0005484422435984015,-0.004166666883975267,0.001958333421498537,0.00011631926463451236,0.0,0.02768283523619175,0.0,0.9723171591758728,37.190757751464844,0.0065684085711836815,-0.0020732867997139692,0.0005661200848408043,0.9791666865348816,0.02083333395421505,0.24797238409519196,0.0,0.0,0.0,0.0,31.461349487304688,0.14866089820861816,2332.0,26.126161575317383,495.8800048828125,0.15126074850559235
675,-0.001644554198719561,-0.004210394341498613,0.020342519506812096,-0.00013062143989372998,0.0005424475530162454,-0.0020833334419876337,0.001954166917130351,9.46407817536965e-05,0.0,0.02681477926671505,0.0,0.9731852412223816,37.20556640625,9.999999747378752e-06,-0.0024195292498916388,0.0007335719419643283,0.9770833253860474,0.010416666977107525,0.25230541825294495,0.0,0.0,0.0,0.0,33.65749740600586,0.14618825912475586,2181.0,26.15943145751953,495.55999755859375,0.1466100960969925
676,-0.0016422121552750468,-0.004544983152300119,0.02056601643562317,-0.0001335868437308818,0.0005385858239606023,-0.0027777778450399637,0.0019814814440906048,0.00010471218411112204,0.0,0.02621799148619175,0.0,0.9737820029258728,37.21473693847656,0.0065684085711836815,-0.002635597251355648,0.00044471744331531227,0.9907407760620117,0.013888888992369175,0.2516246736049652,0.0,0.0,0.0,0.0,34.23273849487305,0.18055176734924316,2142.0,26.224037170410156,500.0,0.16598094999790192
677,-0.0016046703094616532,-0.0045235943980515,0.02043343521654606,-0.00015256702317856252,0.0005128420889377594,-0.00736111169680953,0.0019161378731951118,0.000164622746524401,0.0,0.0265163853764534,0.0,0.9734836220741272,37.23822784423828,0.001316872425377369,-0.0034938333556056023,0.0021101324819028378,0.95806884765625,0.03680555894970894,0.24686066806316376,0.0,0.0,0.0,0.0,39.983219146728516,0.1487572193145752,1837.0,26.264251708984375,488.5899963378906,0.11215139925479889
678,-0.001585504855029285,-0.00463069137185812,0.0205759909003973,-0.00016281779971905053,0.0005761493812315166,-0.011331570334732533,0.0019442240009084344,0.00026750145480036736,0.0,0.0283338762819767,0.0,0.971666157245636,37.24386978149414,9.999999747378752e-06,-0.0034183054231107235,0.0033450820483267307,0.9721119999885559,0.05665785074234009,0.24738343060016632,0.003968254197388887,0.0,0.0,0.0,34.0870246887207,0.14700937271118164,2153.0,26.269912719726562,487.44000244140625,0.0875585600733757
679,-0.0016154564218595624,-0.005109790246933699,0.02085864171385765,-0.0001512387825641781,0.0005667226505465806,-0.0045370371080935,0.0019768518395721912,0.00010856884182430804,0.0,0.0308973528444767,0.0,0.969102680683136,37.24887466430664,0.004378939047455788,-0.001865160302259028,0.0013913927832618356,0.9884260296821594,0.022685185074806213,0.24834418296813965,0.0,0.0,0.0,0.0,35.71566390991211,0.14492058753967285,2055.0,26.319578170776367,493.7699890136719,0.12869499623775482
680,-0.0015456256223842502,-0.004651820752769709,0.020932605490088463,-0.00015710407751612365,0.0005905698053538799,-0.015105820260941982,0.0019253968494012952,0.00014750484842807055,0.0,0.03122287429869175,0.0,0.9687771201133728,37.26124572753906,9.999999747378752e-06,-0.003228976158425212,0.0031057102605700493,0.9626984000205994,0.07552910596132278,0.24591371417045593,0.0,0.0,0.0,0.0,33.07691955566406,0.14770126342773438,2219.0,26.32496452331543,467.3699951171875,0.010859280824661255
681,-0.0015929810469970107,-0.004810233600437641,0.02078782580792904,-0.0001461370411561802,0.0005868459702469409,-0.009444445371627808,0.0019888889510184526,7.536118937423453e-05,0.0,0.0323757603764534,0.0,0.9676242470741272,37.26179504394531,9.999999747378752e-06,-0.003517498029395938,0.0026128417812287807,0.9944444298744202,0.04722222313284874,0.253795862197876,0.0,0.0,0.0,0.0,34.86968994140625,0.1493234634399414,2105.0,26.32715606689453,485.4200134277344,0.04757481440901756
682,-0.0016119005158543587,-0.004848181270062923,0.021117422729730606,-0.00015236028411891311,0.0006151068373583257,-0.0038888894487172365,0.0019814814440906048,0.000149320243508555,0.0,0.0321044921875,0.0,0.9678955078125,37.26417922973633,9.999999747378752e-06,-0.0031253385823220015,0.0016114877071231604,0.9907407760620117,0.01944444514811039,0.25021687150001526,0.0,0.0,0.0,0.0,31.308822631835938,0.14377260208129883,2344.0,26.339595794677734,491.05999755859375,0.11171555519104004
683,-0.0015797397354617715,-0.005051037762314081,0.020917629823088646,-0.00016154868353623897,0.0005809538415633142,-0.011684304103255272,0.0019558200147002935,0.00015386317681986839,0.0,0.0337592251598835,0.0,0.9662407636642456,37.2690544128418,3.3749998692655936e-05,-0.003552189329639077,0.00450368644669652,0.977910041809082,0.05842151865363121,0.2526182234287262,0.0,0.0,0.0,0.0,32.978118896484375,0.14701128005981445,2225.0,26.360145568847656,483.92999267578125,0.006259785499423742
684,-0.0016021545743569732,-0.005278629716485739,0.02094632387161255,-0.00012756208889186382,0.0005904838908463717,-0.004404762294143438,0.0019627425353974104,0.0001179938335553743,0.0,0.0350884348154068,0.0,0.9649115800857544,37.27540588378906,9.999999747378752e-06,-0.003120020031929016,0.0013432953273877501,0.9813712239265442,0.02202380821108818,0.25010719895362854,0.0,0.0,0.0,0.0,33.364620208740234,0.15567851066589355,2199.0,26.372404098510742,490.9800109863281,0.10687300562858582
685,-0.0015513502294197679,-0.005833609960973263,0.020815087482333183,-0.00017110886983573437,0.0006019002175889909,-0.013157167471945286,0.0019382938044145703,0.00012521477765403688,0.0,0.0362955741584301,0.0,0.9637044072151184,37.279300689697266,2.2500000341096893e-05,-0.002856557723134756,0.0026814588345587254,0.9691468477249146,0.06578583270311356,0.24770580232143402,0.0,0.0,0.0,0.0,35.47544860839844,0.14609122276306152,2069.0,26.388803482055664,487.82000732421875,0.08166772872209549
686,-0.0016111164586618543,-0.005214998964220285,0.0206092968583107,-0.0001903270313050598,0.0006086543435230851,-0.003888888983055949,0.0019611113239079714,0.00016047534882090986,0.0,0.0371229387819767,0.0,0.962877094745636,37.28799057006836,0.0065684085711836815,-0.0028886785730719566,0.000987487961538136,0.980555534362793,0.01944444514811039,0.2505124509334564,0.0,0.0,0.0,0.0,36.25590896606445,0.14150166511535645,2025.0,26.443979263305664,493.80999755859375,0.11607833206653595
687,-0.001619951450265944,-0.005224023479968309,0.02090221829712391,-0.00018232250295113772,0.0006323435809463263,-0.0062500000931322575,0.001968915341421962,0.00014360806380864233,0.0,0.0365939661860466,0.0,0.9634060263633728,37.31521987915039,0.009852612391114235,-0.0037436543498188257,0.08623124659061432,0.9844576716423035,0.03125,0.2500050663948059,0.0,0.0,0.0,0.0,32.94903564453125,0.14628148078918457,2227.0,26.56049346923828,490.69000244140625,0.08450136333703995
688,-0.0015799831598997116,-0.005106609780341387,0.020819107070565224,-0.00016219430835917592,0.0006558856111951172,-0.010416666977107525,0.0019513890147209167,0.0005543846637010574,0.0,0.0373942069709301,0.0,0.9626057744026184,37.34335708618164,0.009999999776482582,-0.010218857787549496,0.044881924986839294,0.975694477558136,0.0520833320915699,0.24642330408096313,0.02777777798473835,0.0,0.0,0.0,35.61692810058594,0.14874672889709473,2061.0,26.617582321166992,480.6000061035156,0.05354172736406326
689,-0.0015960725722834468,-0.0053931549191474915,0.020645450800657272,-0.00015559469466097653,0.0006395707605406642,-0.006111111957579851,0.0019814814440906048,0.0001559148367960006,0.0,0.0396050363779068,0.0,0.9603949785232544,37.36407470703125,0.009999999776482582,-0.009034266695380211,0.0032005147077143192,0.9907407760620117,0.03055555559694767,0.25047463178634644,0.0,0.0,0.0,0.0,34.70076370239258,0.14679765701293945,2115.0,26.694873809814453,484.0199890136719,0.08406418561935425
690,-0.0015944208716973662,-0.005780138075351715,0.020492691546678543,-0.00018918514251708984,0.0006345568690448999,-0.006448413245379925,0.0019401457393541932,0.000129948602989316,0.0,0.0415174700319767,0.0,0.958482563495636,37.38337707519531,0.009999999776482582,-0.0075109777972102165,0.031062977388501167,0.970072865486145,0.0322420671582222,0.2486831694841385,0.0,0.0,0.0,0.0,35.35538864135742,0.14154624938964844,2077.0,26.766334533691406,485.8699951171875,0.07793125510215759
691,-0.0016194578493013978,-0.005458051338791847,0.021099261939525604,-0.0001721920707495883,0.000689423643052578,-0.002500000176951289,0.001999999862164259,0.0001375356368953362,0.0,0.0406358502805233,0.0,0.9593641757965088,37.40089797973633,0.0008779149502515793,-0.010178184136748314,0.003090151119977236,1.0,0.012500000186264515,0.2481401264667511,0.0,0.0,0.0,0.0,35.30869674682617,0.1468501091003418,2079.0,26.80301856994629,498.3800048828125,0.12518922984600067
692,-0.0016283506993204355,-0.005359178874641657,0.021259572356939316,-0.00019200617680326104,0.0006486813654191792,-0.0013888889225199819,0.001999999862164259,0.0002764639793895185,0.0,0.0387641079723835,0.0,0.9612358808517456,37.41231918334961,0.009999999776482582,-0.01157152745872736,0.00788033101707697,1.0,0.0069444444961845875,0.24908967316150665,0.0,0.0,0.0,0.0,32.3259162902832,0.1467571258544922,2270.0,26.848880767822266,500.0,0.16847927868366241
693,-0.0015923602040857077,-0.00478003965690732,0.020544476807117462,-0.0001315385161433369,0.0005916713853366673,-0.004728836473077536,0.0019527117256075144,8.809255086816847e-05,0.0,0.0377739816904068,0.0,0.9622260332107544,37.42919921875,0.009999999776482582,-0.006419283803552389,0.014288259670138359,0.9763558506965637,0.023644179105758667,0.2493966966867447,0.0,0.0,0.0,0.0,34.66716003417969,0.1419048309326172,2118.0,26.931047439575195,487.260009765625,0.10805554687976837
694,-0.0016172495670616627,-0.004619008395820856,0.02031705155968666,-0.00011052804620703682,0.0005791353178210557,-0.003703703870996833,0.001986111281439662,0.00020936166401952505,0.0,0.0368245430290699,0.0,0.9631754755973816,37.44378662109375,9.999999747378752e-06,-0.004674435127526522,0.0010501190554350615,0.9930555820465088,0.018518518656492233,0.24815331399440765,0.0,0.0,0.0,0.0,33.49766540527344,0.15799450874328613,2190.0,26.942798614501953,500.0,0.1712694764137268
695,-0.00162586010992527,-0.0050328755751252174,0.021031681448221207,-0.00014453326002694666,0.0006735684000886977,0.0,0.001999999862164259,7.580915553262457e-05,0.0,0.0328640416264534,0.0,0.9671359658241272,37.44864273071289,0.0065684085711836815,-0.005998221226036549,0.002384028397500515,1.0,0.0,0.24892108142375946,0.0,0.0,0.0,0.0,32.67131423950195,0.14886832237243652,2246.0,26.976734161376953,500.0,0.16919365525245667
696,-0.0016087451949715614,-0.004558120388537645,0.02083098515868187,-0.00013457135355565697,0.0006038393476046622,-0.003888888983055949,0.0019611113239079714,0.00026681122835725546,0.0,0.03108724020421505,0.0,0.9689127802848816,37.46707534790039,0.009999999776482582,-0.006532659754157066,0.0023389565758407116,0.980555534362793,0.01944444514811039,0.24567730724811554,0.004629629664123058,0.0,0.0,0.0,33.60113525390625,0.18702936172485352,2182.0,27.0458984375,491.2699890136719,0.13414567708969116
697,-0.0016272544162347913,-0.004562135320156813,0.020783385261893272,-0.0001510807778686285,0.0005930381594225764,0.0,0.001999999862164259,0.00013644061982631683,0.0,0.02787272073328495,0.0,0.9721272587776184,37.4664192199707,0.009999999776482582,-0.007619551848620176,0.0006047501228749752,1.0,0.0,0.25433382391929626,0.0,0.0,0.0,0.0,35.483951568603516,0.15246343612670898,2068.0,27.003246307373047,500.0,0.17275823652744293
698,-0.0016288873739540577,-0.004603665322065353,0.020814750343561172,-0.00018523132894188166,0.0005982995498925447,-0.0009259259677492082,0.0019629630260169506,0.00023787964892107993,0.0,0.0236680768430233,0.0,0.9763319492340088,37.47458267211914,0.009999999776482582,-0.0026397660840302706,0.0006128479144535959,0.9814815521240234,0.004629629664123058,0.249261274933815,0.0,0.0,0.0,0.0,33.09853744506836,0.14603614807128906,2217.0,27.082422256469727,495.42999267578125,0.15357008576393127
699,-0.0015981007600203156,-0.0044195749796926975,0.020498640835285187,-0.00013152950850781053,0.0006027303752489388,-0.004197531379759312,0.00197654333896935,0.00012674748722929507,0.0,0.0217149518430233,0.0,0.9782850742340088,37.49551773071289,0.009999999776482582,-0.004737921990454197,0.0016439351020380855,0.9882715940475464,0.020987654104828835,0.2512640953063965,0.0,0.0,0.0,0.0,35.800132751464844,0.14313888549804688,2051.0,27.175586700439453,490.04998779296875,0.10849715024232864
700,-0.0016056267777457833,-0.0045196861028671265,0.020452983677387238,-0.00011086590529885143,0.0005742576322518289,-0.004645062144845724,0.0019410494714975357,7.592748443130404e-05,0.0,0.02194553054869175,0.0,0.9780544638633728,37.532535552978516,0.009999999776482582,-0.0051083993166685104,0.0015429966151714325,0.9705246686935425,0.02322530746459961,0.25094112753868103,0.0,0.0,0.0,0.0,32.713836669921875,0.14476633071899414,2243.0,27.315956115722656,491.19000244140625,0.10349117964506149
701,-0.0015613090945407748,-0.004717707168310881,0.02088441513478756,-0.00011362988880136982,0.0005803341045975685,-0.010740741156041622,0.0019574074540287256,0.00012032848462695256,0.0,0.02217610739171505,0.0,0.9778239130973816,37.570823669433594,0.009999999776482582,-0.005274125840514898,0.002303863875567913,0.9787037372589111,0.053703706711530685,0.25323954224586487,0.0,0.0,0.0,0.0,35.75619125366211,0.1509230136871338,2053.0,27.43996238708496,482.5299987792969,0.07051302492618561
702,-0.0015586098888888955,-0.004453087691217661,0.020439863204956055,-0.00015294132754206657,0.0005597283015958965,-0.009907407686114311,0.0019240741385146976,0.00013000982289668173,0.0,0.02316623367369175,0.0,0.9768337607383728,37.60834503173828,0.009999999776482582,-0.004607167094945908,0.0019133054884150624,0.9620369672775269,0.04953703656792641,0.24673350155353546,0.0,0.0,0.0,0.0,32.28263854980469,0.14634275436401367,2273.0,27.56649398803711,482.9100036621094,0.08741479367017746
703,-0.0015923493774607778,-0.004374561365693808,0.020272132009267807,-9.871718066278845e-05,0.0005552990478463471,-0.007083333097398281,0.0019430555403232574,0.00010858442692551762,0.0,0.02298990823328495,0.0,0.9770100712776184,37.642086029052734,0.009999999776482582,-0.005252588540315628,0.0023031779564917088,0.9715277552604675,0.03541666641831398,0.25005844235420227,0.0,0.0,0.0,0.0,35.30542755126953,0.15160155296325684,2079.0,27.68183708190918,476.1199951171875,0.045618414878845215
704,-0.001553617068566382,-0.0038967670407146215,0.019906239584088326,-0.00011047637235606089,0.0005416979547590017,-0.013298061676323414,0.0019082013750448823,0.00011323377111693844,0.0,0.0242784284055233,0.0,0.9757215976715088,37.67070007324219,0.0005852766335010529,-0.00579524040222168,0.0041555436328053474,0.954100489616394,0.0664903074502945,0.2514398992061615,0.0,0.0,0.0,0.0,34.16569137573242,0.14458441734313965,2148.0,27.7391300201416,470.8299865722656,0.02742893621325493
705,-0.001553544425405562,-0.0042133629322052,0.019789673388004303,-0.00011467813601484522,0.0005592755042016506,-0.012506614439189434,0.0019012567354366183,9.596258314559236e-05,0.0,0.02703179232776165,0.0,0.9729682207107544,37.68474578857422,9.999999747378752e-06,-0.004673146642744541,0.0038915015757083893,0.9506282806396484,0.06253306567668915,0.2538653612136841,0.0,0.0,0.0,0.0,35.159488677978516,0.14680814743041992,2088.0,27.780431747436523,467.17999267578125,0.008137759752571583
706,-0.0015345931751653552,-0.004400929901748896,0.01962953433394432,-0.00010736039985204116,0.0005385082913562655,-0.013646385632455349,0.001879409421235323,0.00019818288274109364,0.0,0.0316162109375,0.0,0.9683837890625,37.69594955444336,0.004378939047455788,-0.003691017162054777,0.0033670789562165737,0.9397045969963074,0.06823192536830902,0.2530807852745056,0.0,0.0,0.0,0.0,37.34999084472656,0.1460120677947998,1966.0,27.850078582763672,471.92999267578125,0.020853344351053238
707,-0.0015775659121572971,-0.004117341712117195,0.020862577483057976,-0.00010846573422895744,0.0005821987870149314,-0.00938051100820303,0.0019467592937871814,0.00012314997729845345,0.0,0.0347222238779068,0.0,0.9652777910232544,37.73931884765625,0.009999999776482582,-0.006012716796249151,0.0033431872725486755,0.9733796715736389,0.04690255597233772,0.24709589779376984,0.0,0.0,0.0,0.0,34.488094329833984,0.15765047073364258,2128.0,28.035120010375977,480.7799987792969,0.05315284803509712
708,-0.0016022439813241363,-0.004091280046850443,0.02003108151257038,-0.00011485903087304905,0.0005687153316102922,-0.01037037093192339,0.0019268518080934882,0.00013041116471868008,0.0,0.0362955741584301,0.0,0.9637044072151184,37.77946090698242,0.009999999776482582,-0.004963357467204332,0.0015564959030598402,0.9634259343147278,0.05185185745358467,0.2485419660806656,0.0,0.0,0.0,0.0,34.98932647705078,0.14407992362976074,2098.0,28.14422607421875,486.19000244140625,0.08753980696201324
709,-0.0016203307313844562,-0.004407692700624466,0.020061854273080826,-0.00011998381523881108,0.0005962593131698668,-0.0055555556900799274,0.0018796295626088977,8.856526255840436e-05,0.0,0.0377061627805233,0.0,0.9622938632965088,37.806373596191406,0.009999999776482582,-0.004653704818338156,0.0012618997134268284,0.9398148655891418,0.02777777798473835,0.256227970123291,0.0,0.0,0.0,0.0,33.29703903198242,0.14283156394958496,2204.0,28.231456756591797,491.3299865722656,0.10844207555055618
710,-0.001630440354347229,-0.003851330140605569,0.020649069920182228,-0.00012141010665800422,0.0006257734494283795,-0.002513227751478553,0.001982804387807846,0.00010813104017870501,0.0,0.0393880195915699,0.0,0.9606119990348816,37.82015609741211,0.009999999776482582,-0.004970296751707792,0.0006394042284227908,0.9914020895957947,0.012566138058900833,0.2513276934623718,0.0,0.0,0.0,0.0,33.21753692626953,0.1459352970123291,2209.0,28.270057678222656,500.0,0.17915040254592896
711,-0.001615141169168055,-0.004186720587313175,0.020751772448420525,-0.0001231393835041672,0.0006689550937153399,-0.0065343924798071384,0.0019722224678844213,0.00010054412996396422,0.0,0.0402560755610466,0.0,0.9597439169883728,37.826637268066406,0.00039018443203531206,-0.002269301563501358,0.0010620461544021964,0.9861111044883728,0.032671958208084106,0.25075048208236694,0.0,0.0,0.0,0.0,34.0632209777832,0.14829587936401367,2155.0,28.291616439819336,498.1099853515625,0.13585618138313293
712,-0.0016292805084958673,-0.003893949557095766,0.020577041432261467,-9.321349352831021e-05,0.000588393653742969,-0.00296296295709908,0.0019629630260169506,0.00010564643889665604,0.0,0.0412462018430233,0.0,0.9587538242340088,37.843101501464844,0.009999999776482582,-0.004294761456549168,0.000872067001182586,0.9814815521240234,0.014814815483987331,0.25303611159324646,0.0,0.0,0.0,0.0,34.658504486083984,0.14128398895263672,2118.0,28.393428802490234,494.5799865722656,0.13671626150608063
713,-0.0016248301835730672,-0.0038332815747708082,0.020252130925655365,-0.00010798692528624088,0.0006007367046549916,-0.0027777780778706074,0.0019259258406236768,7.278110570041463e-05,0.0,0.0410563163459301,0.0,0.9589436650276184,37.86980056762695,0.009999999776482582,-0.0051093208603560925,0.000737406371627003,0.9629629850387573,0.013888888992369175,0.24860088527202606,0.0,0.0,0.0,0.0,35.72771072387695,0.14477133750915527,2055.0,28.463266372680664,500.0,0.17485226690769196
714,-0.0016168818110600114,-0.0038423489313572645,0.02051282301545143,-0.00010531476436881348,0.0006048156064935029,-0.0046913581900298595,0.0019580249208956957,0.00012056143896188587,0.0,0.0402425117790699,0.0,0.9597575068473816,37.89434051513672,0.009999999776482582,-0.0043996707536280155,0.001379381981678307,0.9790123701095581,0.023456791415810585,0.2463930994272232,0.0,0.0,0.0,0.0,34.07860565185547,0.15778231620788574,2153.0,28.573171615600586,495.80999755859375,0.15328912436962128
715,-0.0016226170118898153,-0.0038500630762428045,0.020543498918414116,-9.616150055080652e-05,0.0006309464224614203,-0.00296296295709908,0.0019796297419816256,0.00013393825793173164,0.0,0.0389404296875,0.0,0.9610595703125,37.92856216430664,0.009999999776482582,-0.004693818278610706,0.001274350332096219,0.9898148775100708,0.014814815483987331,0.2493453025817871,0.0,0.0,0.0,0.0,34.21672439575195,0.1592559814453125,2144.0,28.68941307067871,488.1700134277344,0.11797288805246353
716,-0.0016481649363413453,-0.004082756116986275,0.0207048449665308,-9.086532372748479e-05,0.0006426025065593421,0.0,0.0019722222350537777,9.074761328520253e-05,0.0,0.0364040806889534,0.0,0.9635959267616272,37.93153762817383,0.009999999776482582,-0.009133164770901203,0.00011712618288584054,0.9861111044883728,0.0,0.2503190338611603,0.0,0.0,0.0,0.0,32.41770935058594,0.1553173065185547,2263.0,28.60805320739746,500.0,0.17327561974525452
717,-0.0016194065101444721,-0.0038877087645232677,0.020353734493255615,-0.00010200791439274326,0.0006082217441871762,-0.005277777556329966,0.0019749999046325684,0.00019672945199999958,0.0,0.0348442941904068,0.0,0.9651557207107544,37.91889953613281,9.999999747378752e-06,-0.0019086988177150488,0.0014787694672122598,0.987500011920929,0.02638888917863369,0.2530236840248108,0.0,0.0,0.0,0.0,30.80399513244629,0.1445469856262207,2382.0,28.61734390258789,489.7799987792969,0.11284893751144409
718,-0.0016126640839502215,-0.003996268846094608,0.020065778866410255,-0.00011960357369389385,0.0005987616023048759,-0.005972222425043583,0.0019346560584381223,9.231019066646695e-05,0.0,0.0326199010014534,0.0,0.9673801064491272,37.922882080078125,0.004378939047455788,-0.0023710248060524464,0.001183481072075665,0.9673280715942383,0.02986111305654049,0.24780984222888947,0.0,0.0,0.0,0.0,37.72582244873047,0.14640593528747559,1946.0,28.6563720703125,499.54998779296875,0.15171591937541962
719,-0.0015809476608410478,-0.0036768813151866198,0.02035667560994625,-0.00010073940211441368,0.0005423641996458173,-0.010277777910232544,0.0019175928318873048,0.00014820790966041386,0.0,0.0299207903444767,0.0,0.970079243183136,37.947608947753906,0.009999999776482582,-0.005524445325136185,0.002812033984810114,0.9587963223457336,0.05138888582587242,0.24677987396717072,0.0,0.0,0.0,0.0,32.29888153076172,0.1469120979309082,2272.0,28.77363395690918,479.05999755859375,0.0772196426987648
720,-0.0015673625748604536,-0.004047589376568794,0.02008364535868168,-0.00010686437599360943,0.00055117771262303,-0.013525133021175861,0.0019008597591891885,0.00015451323997695,0.0,0.0301378034055233,0.0,0.9698622226715088,37.97561264038086,9.999999747378752e-06,-0.005423958878964186,0.00379960797727108,0.9504299163818359,0.06762566417455673,0.24745236337184906,0.0,0.0,0.0,0.0,35.08369445800781,0.1433877944946289,2092.0,28.82243537902832,483.1700134277344,0.0696358010172844
721,-0.0016158302314579487,-0.0037645916454494,0.020476581528782845,-9.473369573242962e-05,0.0005627744249068201,-0.0057539683766663074,0.00196230155415833,8.204930054489523e-05,0.0,0.0279812291264534,0.0,0.9720187783241272,37.982913970947266,0.004378939047455788,-0.0028075689915567636,0.002080797217786312,0.9811508655548096,0.02876984141767025,0.24794122576713562,0.0,0.0,0.0,0.0,35.598472595214844,0.14560914039611816,2062.0,28.874088287353516,483.3900146484375,0.07454575598239899
722,-0.0015842501306906343,-0.003559225471690297,0.019950440153479576,-9.739191591506824e-05,0.0005883403355255723,-0.0104166679084301,0.001917129848152399,0.0001016499227262102,0.0,0.0282253697514534,0.0,0.9717746376991272,38.009178161621094,0.009999999776482582,-0.004476705100387335,0.0019375700503587723,0.9585648775100708,0.0520833320915699,0.24589665234088898,0.0,0.0,0.0,0.0,34.873291015625,0.1875135898590088,2102.0,28.981258392333984,483.7099914550781,0.08994181454181671
723,-0.0016394553240388632,-0.003631749888882041,0.019947463646531105,-0.00010908689728239551,0.0005455928039737046,-0.0011111112544313073,0.001956481486558914,9.458684507990256e-05,0.0,0.0283067487180233,0.0,0.9716932773590088,38.03034591674805,0.009999999776482582,-0.005694519262760878,0.0004760744341183454,0.9782407879829407,0.0055555556900799274,0.2521498501300812,0.0,0.0,0.0,0.0,31.739849090576172,0.1879124641418457,2309.0,29.029144287109375,495.5799865722656,0.15100562572479248
724,-0.0016295032110065222,-0.0035442826338112354,0.020225828513503075,-0.00010330635268473998,0.0005516055971384048,-0.002645503031089902,0.0019592593889683485,0.00010838873276952654,0.0,0.02707248367369175,0.0,0.9729275107383728,38.044464111328125,0.009999999776482582,-0.0047065140679478645,0.0010565189877524972,0.979629635810852,0.013227513991296291,0.2521072328090668,0.0,0.0,0.0,0.0,34.7379035949707,0.16309213638305664,2112.0,29.09986686706543,492.010009765625,0.132467120885849
725,-0.0015948425279930234,-0.0037095551379024982,0.020538751035928726,-0.00012299498484935611,0.0005653038970194757,-0.007422839757055044,0.001947993878275156,0.0001389600511174649,0.0,0.02783203125,0.0,0.97216796875,38.06708526611328,0.009999999776482582,-0.004734385292977095,0.0020391587167978287,0.9739969372749329,0.03711419925093651,0.24482321739196777,0.0,0.0,0.0,0.0,34.0286750793457,0.15350747108459473,2156.0,29.20918083190918,491.5899963378906,0.13702884316444397
726,-0.0016386887291446328,-0.003712508361786604,0.020389199256896973,-0.00011179334978805855,0.000583000888582319,-0.002700617304071784,0.0019557098858058453,9.234911703970283e-05,0.0,0.0283474400639534,0.0,0.9716525673866272,38.09787368774414,0.009999999776482582,-0.004435815382748842,0.00163018808234483,0.9778549671173096,0.013503086753189564,0.24943293631076813,0.0,0.0,0.0,0.0,33.08712387084961,0.1788320541381836,2216.0,29.314233779907227,491.30999755859375,0.11342912167310715
727,-0.0016342948656529188,-0.003744030138477683,0.02014746330678463,-0.0001136554274125956,0.0005887731094844639,-0.0009259259677492082,0.0019814814440906048,0.00014083330461289734,0.0,0.0280897356569767,0.0,0.971910297870636,38.1248893737793,0.009999999776482582,-0.006744815967977047,0.001696400111541152,0.9907407760620117,0.004629629664123058,0.24322918057441711,0.0,0.0,0.0,0.0,35.862213134765625,0.1432633399963379,2047.0,29.37486457824707,495.6499938964844,0.15042376518249512
728,-0.0015773993218317628,-0.0033755821641534567,0.020154446363449097,-0.00010396583820693195,0.0005997620173729956,-0.010277777910232544,0.0018972224788740277,8.106390305329114e-05,0.0,0.02804904617369175,0.0,0.9719509482383728,38.13826370239258,0.0008779149502515793,-0.004929763730615377,0.002590244635939598,0.9486111402511597,0.05138888955116272,0.2500632107257843,0.0,0.0,0.0,0.0,34.06097412109375,0.14701533317565918,2155.0,29.419837951660156,482.6499938964844,0.09285029768943787
729,-0.0015839440748095512,-0.0036715262103825808,0.020041409879922867,-0.00011202311725355685,0.0005673086270689964,-0.012037036940455437,0.0019074074225500226,0.0001253739756066352,0.0,0.03009711392223835,0.0,0.9699028730392456,38.16779708862305,0.009999999776482582,-0.005207839887589216,0.0024107208009809256,0.953703761100769,0.06018518656492233,0.24495723843574524,0.0,0.0,0.0,0.0,31.817873001098633,0.14804553985595703,2306.0,29.593332290649414,476.5400085449219,0.05203324556350708
730,-0.001619541784748435,-0.0037294502835720778,0.02085062302649021,-0.0001104461625800468,0.0006210601422935724,-0.004861111287027597,0.0019375000847503543,0.00015439343405887485,0.0,0.0322808176279068,0.0,0.9677191972732544,38.21426773071289,0.009999999776482582,-0.004790004342794418,0.0014383838279172778,0.96875,0.02430555783212185,0.24706432223320007,0.0,0.0,0.0,0.0,30.750247955322266,0.1490612030029297,2386.0,29.71749496459961,487.3800048828125,0.11908362805843353
731,-0.0015822113491594791,-0.003591354936361313,0.020195480436086655,-0.00011034095223294571,0.000572922348510474,-0.012870370410382748,0.0018481481820344925,7.474375161109492e-05,0.0,0.0351969413459301,0.0,0.9648030400276184,38.24534606933594,0.009999999776482582,-0.0053781368769705296,0.0033833682537078857,0.9240740537643433,0.06435184925794601,0.250712126493454,0.0,0.0,0.0,0.0,34.36438751220703,0.14548349380493164,2136.0,29.849050521850586,489.19000244140625,0.11844462901353836
732,-0.0016123589593917131,-0.003612314583733678,0.020735785365104675,-0.00014606554759666324,0.0005735080339945853,-0.006626984570175409,0.001947619253769517,0.00016972795128822327,0.0,0.0353596992790699,0.0,0.9646403193473816,38.27378845214844,9.999999747378752e-06,-0.0005582565790973604,0.0021916450932621956,0.973809540271759,0.03313492238521576,0.24704864621162415,0.0,0.0,0.0,0.0,35.463104248046875,0.14580035209655762,2070.0,29.87964630126953,482.6700134277344,0.09739065170288086
733,-0.0016234662616625428,-0.0034932324197143316,0.020423199981451035,-0.00011834678298328072,0.0005734951118938625,-0.006388889160007238,0.0019319445127621293,0.00018231997091788799,0.0,0.0362955741584301,0.0,0.9637044072151184,38.27939224243164,0.004378939047455788,-0.0021526655182242393,0.0018026932375505567,0.9659722447395325,0.03194444254040718,0.253746896982193,0.003968254197388887,0.0,0.0,0.0,36.552635192871094,0.1603548526763916,2008.0,29.93058967590332,495.7300109863281,0.16205881536006927
734,-0.0015949239023029804,-0.0038861886132508516,0.02058766968548298,-0.00012894839164800942,0.000596070138271898,-0.008910935372114182,0.0019373457180336118,0.0001493422023486346,0.0,0.0333116315305233,0.0,0.9666883945465088,38.31319808959961,0.009999999776482582,-0.00553646357730031,0.003173425793647766,0.9686728715896606,0.04455467686057091,0.24930334091186523,0.0,0.0,0.0,0.0,34.6494140625,0.15226125717163086,2118.0,30.08208656311035,480.2300109863281,0.07556720823049545
735,-0.0016135592013597488,-0.0038013095036149025,0.020383941009640694,-0.00011859492951771244,0.000590519281104207,-0.005013227928429842,0.0019082011422142386,0.00010439815378049389,0.0,0.0340983085334301,0.0,0.9659016728401184,38.35237121582031,0.009999999776482582,-0.0053832679986953735,0.0019898589234799147,0.954100489616394,0.025066137313842773,0.24890285730361938,0.0,0.0,0.0,0.0,38.68539047241211,0.14465618133544922,1898.0,30.203420639038086,491.2300109863281,0.13514436781406403
736,-0.0016047944081947207,-0.0036663056816905737,0.020588431507349014,-0.00013512279838323593,0.0005460377433337271,-0.007645502686500549,0.0018925927579402924,9.414460510015488e-05,0.0,0.033203125,0.0,0.966796875,38.382545471191406,0.009999999776482582,-0.004953452851623297,0.0027876785025000572,0.9462962746620178,0.038227517157793045,0.25193092226982117,0.0,0.0,0.0,0.0,35.144954681396484,0.1467571258544922,2089.0,30.329030990600586,484.8599853515625,0.09465637058019638
737,-0.0016142239328473806,-0.0035731096286326647,0.020666267722845078,-0.00011977509711869061,0.0005381553783081472,-0.006194885354489088,0.001928791869431734,0.0001456225145375356,0.0,0.0346408411860466,0.0,0.9653591513633728,38.423484802246094,0.009999999776482582,-0.004651347175240517,0.001698132255114615,0.9643959403038025,0.030974427238106728,0.2511020302772522,0.0,0.0,0.0,0.0,33.880367279052734,0.14605093002319336,2166.0,30.49477195739746,491.80999755859375,0.11936068534851074
738,-0.0016190489986911416,-0.0035368544049561024,0.02006169967353344,-0.0001070850994437933,0.0005034594214521348,-0.0063492064364254475,0.0018615078879520297,0.00010821790056070313,0.0,0.0358344204723835,0.0,0.9641655683517456,38.45893478393555,0.009999999776482582,-0.004183925222605467,0.0013520675711333752,0.9307539463043213,0.0317460335791111,0.2532220482826233,0.0,0.0,0.0,0.0,34.746726989746094,0.14763736724853516,2112.0,30.58955192565918,487.2900085449219,0.11003768444061279
739,-0.0016206183936446905,-0.0037508606910705566,0.02040117233991623,-0.00012035366671625525,0.0005265669897198677,-0.006388889625668526,0.001929166610352695,0.00011391347652534023,0.0,0.0344645194709301,0.0,0.9655354619026184,38.48650360107422,0.009999999776482582,-0.005407129414379597,0.0021723369136452675,0.9645832777023315,0.03194444254040718,0.25362828373908997,0.0,0.0,0.0,0.0,37.38120651245117,0.14533042907714844,1964.0,30.710622787475586,490.1300048828125,0.11329805850982666
740,-0.0016192728653550148,-0.0036601689644157887,0.02066217176616192,-0.00010373342229286209,0.0005649310769513249,-0.004629629664123058,0.0019044753862544894,0.00013162154937162995,0.0,0.0349256731569767,0.0,0.965074360370636,38.51642990112305,0.009999999776482582,-0.004853655118495226,0.0015663666417822242,0.9522376656532288,0.023148149251937866,0.24875926971435547,0.0,0.0,0.0,0.0,36.40674591064453,0.15264225006103516,2016.0,30.814212799072266,487.6099853515625,0.11879602074623108
741,-0.0016228610184043646,-0.0035633875522762537,0.02056109346449375,-0.0001231348142027855,0.0005822679959237576,-0.004861111287027597,0.001936508109793067,0.0001209119291161187,0.0,0.0360243059694767,0.0,0.963975727558136,38.53842544555664,0.009999999776482582,-0.004310073330998421,0.0015386533923447132,0.9682539701461792,0.0243055559694767,0.25095659494400024,0.0,0.0,0.0,0.0,34.65119552612305,0.14722490310668945,2118.0,30.86942481994629,491.0,0.13653650879859924
742,-0.0016166012501344085,-0.003779690247029066,0.020703455433249474,-0.0001258601841982454,0.0005593542591668665,-0.005436508450657129,0.0019350530346855521,0.00016482792852912098,0.0,0.0360378697514534,0.0,0.9639621376991272,38.5585823059082,0.009999999776482582,-0.004688365384936333,0.0029530231840908527,0.9675265550613403,0.02718253992497921,0.24659565091133118,0.0,0.0,0.0,0.0,34.99372482299805,0.17490124702453613,2096.0,30.997278213500977,474.6600036621094,0.05700572952628136
743,-0.001611878746189177,-0.003694769460707903,0.020608102902770042,-0.00011128704500151798,0.0005725770606659353,-0.0069444444961845875,0.0019351852824911475,0.00017025138367898762,0.0,0.0362006314098835,0.0,0.9637993574142456,38.59547424316406,0.009999999776482582,-0.0052927350625395775,0.002670861780643463,0.9675926566123962,0.0347222238779068,0.25196096301078796,0.004629629664123058,0.0,0.0,0.0,32.176239013671875,0.15152311325073242,2280.0,31.148141860961914,479.3500061035156,0.07827940583229065
744,-0.0016033757710829377,-0.003705673385411501,0.02049996517598629,-0.0001272026711376384,0.0005245744832791388,-0.009166667237877846,0.0019175928318873048,0.0010566405253484845,0.0,0.0367160364985466,0.0,0.9632839560508728,38.62416458129883,0.0005852766335010529,-0.0022410762030631304,0.0013414219720289111,0.9587963223457336,0.04583333432674408,0.2484775185585022,0.02777777798473835,0.0,0.0,0.0,31.513704299926758,0.16438770294189453,2327.0,31.205387115478516,487.5400085449219,0.1182631403207779
745,-0.0015982550103217363,-0.0039841243997216225,0.02031838335096836,-0.0001020499985315837,0.0005490857292897999,-0.00996031891554594,0.0018341270042583346,0.00010367137292632833,0.0,0.0340847447514534,0.0,0.9659152626991272,38.64371871948242,0.006666666828095913,-0.004932367242872715,0.0023711612448096275,0.9170635342597961,0.04980158805847168,0.2546450197696686,0.0,0.0,0.0,0.0,34.40864944458008,0.17745184898376465,2131.0,31.324344635009766,483.9800109863281,0.06119466945528984
746,-0.0016241070115938783,-0.0038548021111637354,0.020625589415431023,-0.00011588649795157835,0.0005735989543609321,-0.005277777556329966,0.0019285713788121939,0.00012304240954108536,0.0,0.0350341796875,0.0,0.9649658203125,38.681678771972656,0.009999999776482582,-0.004069422837346792,0.0013146991841495037,0.9642857313156128,0.02638888917863369,0.24931250512599945,0.0,0.0,0.0,0.0,35.19292449951172,0.1475377082824707,2086.0,31.44556427001953,500.0,0.1794407069683075
747,-0.0015429550549015403,-0.0036485467571765184,0.020009944215416908,-8.676261495565996e-05,0.0005543146398849785,-0.014920635148882866,0.001792261959053576,0.00010561049566604197,0.0,0.0337863489985466,0.0,0.9662136435508728,38.710411071777344,0.009999999776482582,-0.005716734100133181,0.0037159761413931847,0.8961308598518372,0.07460317760705948,0.24650457501411438,0.0,0.0,0.0,0.0,33.31829833984375,0.14864087104797363,2203.0,31.580713272094727,478.6300048828125,0.06807491183280945
748,-0.001557648996822536,-0.003595207817852497,0.019868040457367897,-0.00010311185178579763,0.0005288395332172513,-0.016216930001974106,0.001816931297071278,0.00012894852261524647,0.0,0.035888671875,0.0,0.964111328125,38.74797439575195,0.009999999776482582,-0.005781444255262613,0.004645556677132845,0.9084656834602356,0.08108465373516083,0.25132429599761963,0.0,0.0,0.0,0.0,37.53498077392578,0.14732813835144043,1956.0,31.73723030090332,475.25,0.049297548830509186
749,-0.0015654321759939194,-0.003377820597961545,0.01999324932694435,-0.00010231920168735087,0.0005461180699057877,-0.015531305223703384,0.0018099647713825107,0.00022614617773797363,0.0,0.0386420376598835,0.0,0.9613579511642456,38.786476135253906,0.004444444552063942,-0.006646365858614445,0.005396340042352676,0.9049823880195618,0.07765652239322662,0.25010114908218384,0.009259259328246117,0.0,0.0,0.0,36.13850784301758,0.15180659294128418,2031.0,31.854400634765625,462.2200012207031,-0.005552587099373341
750,-0.001564127393066883,-0.003215307602658868,0.0203788373619318,-0.0001143959816545248,0.0005214971024543047,-0.015716491267085075,0.0018795635551214218,0.00011218179861316457,0.0,0.0422227643430233,0.0,0.9577772617340088,38.80773162841797,9.999999747378752e-06,-0.00405760295689106,0.0036977536510676146,0.9397817254066467,0.07858245074748993,0.25454282760620117,0.0,0.0,0.0,0.0,32.43645095825195,0.14413714408874512,2262.0,31.891366958618164,474.3599853515625,0.04273369908332825
751,-0.001605634461157024,-0.0037215936463326216,0.020168984308838844,-9.400083217769861e-05,0.0005606603226624429,-0.008253969252109528,0.0018976189894601703,0.00013807605137117207,0.0,0.0441623255610466,0.0,0.9558376669883728,38.813392639160156,0.004378939047455788,-0.003265546401962638,0.0029555768705904484,0.9488095045089722,0.04126984253525734,0.2519052028656006,0.0,0.0,0.0,0.0,33.51218795776367,0.16591858863830566,2189.0,31.93893814086914,479.2200012207031,0.07919774204492569
752,-0.0016026204684749246,-0.004187331534922123,0.02033388428390026,-0.00010527498670853674,0.0005396194173954427,-0.007837302051484585,0.001783663989044726,0.0002017100341618061,0.0,0.0453559048473835,0.0,0.9546440839767456,38.84226608276367,0.009999999776482582,-0.005491676274687052,0.0022776538971811533,0.8918320536613464,0.0391865111887455,0.24824731051921844,0.0,0.0,0.0,0.0,30.121824264526367,0.14827823638916016,2435.0,32.077789306640625,479.760009765625,0.07287359237670898
753,-0.0016107341507449746,-0.0034058329183608294,0.020416822284460068,-0.0001081995214917697,0.0005676342989318073,-0.012784392572939396,0.0018917550332844257,0.00013883391511626542,0.0,0.0479871965944767,0.0,0.952012836933136,38.87804412841797,0.009999999776482582,-0.0054288520477712154,0.0035662883892655373,0.9458774924278259,0.0639219656586647,0.24914339184761047,0.0,0.0,0.0,0.0,33.12191390991211,0.17702198028564453,2214.0,32.234134674072266,479.8900146484375,0.060210004448890686
754,-0.0015929987421259284,-0.003532310714945197,0.01997421681880951,-0.00011182167509105057,0.0005451155011542141,-0.01006172876805067,0.0018802471458911896,0.00011444929987192154,0.0,0.0494791679084301,0.0,0.9505208134651184,38.91343688964844,2.283658250235021e-05,-0.004755285568535328,0.0036838925443589687,0.940123438835144,0.05030864477157593,0.2489885836839676,0.0,0.0,0.0,0.0,38.060787200927734,0.14354634284973145,1929.0,32.30535125732422,464.4700012207031,0.0090780733153224
755,-0.001632995787076652,-0.003333761589601636,0.020209716632962227,-0.0001204245345434174,0.0005514766089618206,-0.005615079775452614,0.001884457771666348,0.0001107704738387838,0.0,0.0515543632209301,0.0,0.9484456181526184,38.921600341796875,0.004444444552063942,-0.002865411574020982,0.0016632121987640858,0.9422288537025452,0.02807539701461792,0.24744029343128204,0.0,0.0,0.0,0.0,36.007591247558594,0.15379953384399414,2038.0,32.35772705078125,491.6600036621094,0.13761864602565765
756,-0.0016116669867187738,-0.003993813414126635,0.0202013086527586,-0.00011624116450548172,0.0005486536538228393,-0.008571428246796131,0.0018841270357370377,8.417673961957917e-05,0.0,0.0522867850959301,0.0,0.9477131962776184,38.951107025146484,0.009999999776482582,-0.00470765819773078,0.002493256703019142,0.9420634508132935,0.04285714402794838,0.25298815965652466,0.0,0.0,0.0,0.0,35.146629333496094,0.17808866500854492,2087.0,32.52027130126953,494.5299987792969,0.13729529082775116
757,-0.0016643551643937826,-0.003413291648030281,0.020072558894753456,-0.00010496358299860731,0.0005620156298391521,-0.0037698415108025074,0.0018443121807649732,0.00027975058765150607,0.0,0.0512288399040699,0.0,0.9487711787223816,38.97897720336914,0.00296296295709908,-0.0037735016085207462,0.002452737418934703,0.9221561551094055,0.0188492052257061,0.25297486782073975,0.009259259328246117,0.0,0.0,0.0,34.509063720703125,0.1466367244720459,2127.0,32.578636169433594,491.07000732421875,0.11786958575248718
758,-0.001626575831323862,-0.003873915644362569,0.02044946886599064,-0.00010493946319911629,0.0005740605411119759,-0.006256614346057177,0.0018633598228916526,0.00010137110075447708,0.0,0.0504828579723835,0.0,0.9495171308517456,39.00384521484375,0.009999999776482582,-0.004499790724366903,0.0020374194718897343,0.9316798448562622,0.031283069401979446,0.2438294142484665,0.0,0.0,0.0,0.0,30.679420471191406,0.14545226097106934,2391.0,32.72071075439453,487.8500061035156,0.11898794025182724
759,-0.0015986977377906442,-0.003247290151193738,0.02053135260939598,-0.00013451041013468057,0.0005824811523780227,-0.011805555783212185,0.0018657408654689789,7.772206299705431e-05,0.0,0.0502794049680233,0.0,0.9497206211090088,39.03753662109375,0.009999999776482582,-0.004679209552705288,0.0020435473416000605,0.9328704476356506,0.0590277798473835,0.2504994571208954,0.0,0.0,0.0,0.0,34.09519577026367,0.14191532135009766,2153.0,32.85013198852539,482.79998779296875,0.10556778311729431
760,-0.0016628423472866416,-0.0033675150480121374,0.020201126113533974,-0.00011170932702952996,0.0006037470302544534,-0.0037566137034446,0.0018817459931597114,0.00014830044528935105,0.0,0.0501437708735466,0.0,0.9498562216758728,39.06201934814453,9.999999747378752e-06,-0.0030062797013670206,0.0016352100064978004,0.9408730268478394,0.018783070147037506,0.2512761652469635,0.0,0.0,0.0,0.0,34.790245056152344,0.1496129035949707,2110.0,32.88124465942383,486.4700012207031,0.11807644367218018
761,-0.0016909257974475622,-0.0036064195446670055,0.020746732130646706,-0.00012715502816718072,0.0006410753703676164,0.0,0.0019578703213483095,0.00016291459905914962,0.0,0.0484619140625,0.0,0.9515380859375,39.06027603149414,0.0065684085711836815,-0.005213053431361914,0.00013034601579420269,0.9789352416992188,0.0,0.2460736185312271,0.0,0.0,0.0,0.0,34.788230895996094,0.17783474922180176,2108.0,32.840972900390625,500.0,0.18439751863479614
762,-0.0016772603848949075,-0.0035587260499596596,0.02043537236750126,-0.00014427928545046598,0.0005813926109112799,-0.004814814776182175,0.0019054894801229239,8.802462252788246e-05,0.0,0.0438232421875,0.0,0.9561767578125,39.05706787109375,0.009852612391114235,-0.003159634070470929,0.0017370434943586588,0.952744722366333,0.024074073880910873,0.2484450340270996,0.0,0.0,0.0,0.0,35.81953811645508,0.14517807960510254,2050.0,32.9102668762207,490.8800048828125,0.11818642914295197
763,-0.001643812283873558,-0.0032878799829632044,0.02027728222310543,-0.00012035137478960678,0.0005863934056833386,-0.007870371453464031,0.0018981482135131955,0.00010508215200388804,0.0,0.0395779088139534,0.0,0.9604220986366272,39.08612823486328,0.009999999776482582,-0.0051774210296571255,0.003432256868109107,0.9490740895271301,0.03935185447335243,0.24899069964885712,0.0,0.0,0.0,0.0,36.10786819458008,0.1557164192199707,2033.0,33.04546356201172,483.3299865722656,0.09686208516359329
764,-0.001629793900065124,-0.003522015642374754,0.019989311695098877,-0.00012484709441196173,0.0005554500967264175,-0.012089948169887066,0.001872156048193574,0.00016316592518705875,0.0,0.0378689244389534,0.0,0.9621310830116272,39.11826705932617,0.009999999776482582,-0.004998266696929932,0.00413023866713047,0.9360780715942383,0.060449738055467606,0.24697378277778625,0.0,0.0,0.0,0.0,34.65453338623047,0.15166139602661133,2118.0,33.188053131103516,470.2799987792969,0.010249442420899868
765,-0.001637702458538115,-0.0037311564665287733,0.020435767248272896,-0.00014108481991570443,0.0005369032151065767,-0.010978836566209793,0.0018855822272598743,0.00020957384549546987,0.0,0.0380723737180233,0.0,0.9619276523590088,39.1537971496582,0.009999999776482582,-0.005407675635069609,0.0034779354464262724,0.9427909851074219,0.054894182831048965,0.2484622746706009,0.0,0.0,0.0,0.0,34.6321907043457,0.19187569618225098,2117.0,33.3369026184082,483.44000244140625,0.07720787078142166
766,-0.0016547630075365305,-0.003684107679873705,0.02070932276546955,-0.00022063446522224694,0.0005712808342650533,-0.006851852405816317,0.0019370371010154486,0.00013916841999161988,0.0,0.0376925989985466,0.0,0.9623073935508728,39.188690185546875,0.009999999776482582,-0.004246549680829048,0.002081465907394886,0.9685185551643372,0.034259259700775146,0.2502051591873169,0.0,0.0,0.0,0.0,34.56725311279297,0.14972615242004395,2123.0,33.48122024536133,478.79998779296875,0.07269987463951111
767,-0.0016763033345341682,-0.0036683115176856518,0.020382298156619072,-0.00015165966760832816,0.0005630771047435701,-0.004219576716423035,0.001929409452714026,0.00016401775064878166,0.0,0.0366346575319767,0.0,0.963365375995636,39.22084045410156,0.009999999776482582,-0.004006466828286648,0.001378808286972344,0.9647045135498047,0.021097883582115173,0.24634306132793427,0.0,0.0,0.0,0.0,37.4378547668457,0.16119909286499023,1960.0,33.5816535949707,492.010009765625,0.13396528363227844
768,-0.001682749716565013,-0.0036998565774410963,0.020581107586622238,-0.00011333031579852104,0.0005454441998153925,-0.003580247052013874,0.001930246944539249,0.0002474996435921639,0.0,0.034912109375,0.0,0.965087890625,39.24445724487305,0.009999999776482582,-0.004905806388705969,0.0012709152651950717,0.9651234745979309,0.017901236191391945,0.2496700882911682,0.0,0.0,0.0,0.0,35.21780776977539,0.14493727684020996,2084.0,33.66468811035156,495.4200134277344,0.1572207361459732
769,-0.0016739685088396072,-0.003626710968092084,0.02023107185959816,-0.00013211315672378987,0.0005732029676437378,-0.00671957666054368,0.0019224868156015873,0.00018155497673433274,0.0,0.0324571393430233,0.0,0.9675428867340088,39.26647186279297,0.009999999776482582,-0.005149242468178272,0.002794441767036915,0.9612433314323425,0.033597882837057114,0.2540850341320038,0.0,0.0,0.0,0.0,32.33997344970703,0.15932631492614746,2268.0,33.775875091552734,484.3699951171875,0.09571536630392075
770,-0.0016752603696659207,-0.0034561522770673037,0.0201970636844635,-0.00012965792848262936,0.0005349484854377806,-0.005608465988188982,0.0019197091460227966,0.00017784230294637382,0.0,0.0331895612180233,0.0,0.9668104648590088,39.29422378540039,0.009999999776482582,-0.0047207847237586975,0.0023141561541706324,0.9598545432090759,0.028042329475283623,0.24544855952262878,0.0,0.0,0.0,0.0,37.98080062866211,0.1599884033203125,1933.0,33.89380645751953,491.7099914550781,0.1332123726606369
771,-0.0016508345725014806,-0.003612958826124668,0.020435834303498268,-0.00012404682638589293,0.0005710123223252594,-0.009497355669736862,0.0019189154263585806,0.00017102119454648346,0.0,0.0339762382209301,0.0,0.9660237431526184,39.319217681884766,0.006666666828095913,-0.004559909459203482,0.0025462235789746046,0.9594576954841614,0.047486770898103714,0.24816161394119263,0.0,0.0,0.0,0.0,34.04014205932617,0.15103864669799805,2156.0,33.9903564453125,474.6600036621094,0.0588231198489666
772,-0.0016485422383993864,-0.0037256190553307533,0.02052704431116581,-0.00025600340450182557,0.0006098409648984671,-0.008796297013759613,0.0019485449884086847,0.00024283544917125255,0.0,0.0352240689098835,0.0,0.9647759199142456,39.34420394897461,0.009999999776482582,-0.0044378298334777355,0.0008980330312624574,0.9742725491523743,0.04398148134350777,0.24925276637077332,0.0,0.0,0.0,0.0,31.764549255371094,0.15661001205444336,2309.0,34.089134216308594,495.8599853515625,0.1525481641292572
773,-0.0017019903752952814,-0.003619770286604762,0.02057427167892456,-0.00012454457464627922,0.0006027212366461754,-0.004074074327945709,0.0019420637981966138,0.00011454706691438332,0.0,0.0345458984375,0.0,0.9654541015625,39.36284255981445,0.009999999776482582,-0.0035117780789732933,0.002303461777046323,0.9710317254066467,0.020370371639728546,0.25047990679740906,0.0,0.0,0.0,0.0,33.18239974975586,0.16074919700622559,2211.0,34.19266128540039,490.0,0.11667872220277786
774,-0.0017070370959118009,-0.003634057240560651,0.020298579707741737,-0.00016603947733528912,0.0006426885374821723,-0.0024691359139978886,0.001936419983394444,0.00018852009088732302,0.0,0.0344645194709301,0.0,0.9655354619026184,39.391571044921875,0.009999999776482582,-0.004455304704606533,0.0012009409256279469,0.9682099223136902,0.012345679104328156,0.24976804852485657,0.0,0.0,0.0,0.0,31.482343673706055,0.14769577980041504,2330.0,34.31315231323242,494.3999938964844,0.13272874057292938
775,-0.0016864592907950282,-0.003400918561965227,0.020861467346549034,-0.00012287178833503276,0.0006666120607405901,-0.00394179904833436,0.0019513227744027972,0.00014985582674853504,0.0,0.0349799282848835,0.0,0.9650200605392456,39.41336441040039,0.009999999776482582,-0.0043996479362249374,0.0010660603875294328,0.9756613969802856,0.019708994776010513,0.25295591354370117,0.0,0.0,0.0,0.0,34.3175163269043,0.17609524726867676,2137.0,34.39812469482422,496.1300048828125,0.16205152869224548
776,-0.0016652587801218033,-0.0034448113292455673,0.020659901201725006,-0.00014939105312805623,0.0006404186715371907,-0.007645502686500549,0.0019374338444322348,0.00017668101645540446,0.0,0.0354410819709301,0.0,0.9645588994026184,39.434478759765625,0.009999999776482582,-0.0039558010175824165,0.0027786805294454098,0.9687169194221497,0.03822751343250275,0.2500664293766022,0.0055555556900799274,0.0,0.0,0.0,36.57797622680664,0.18627595901489258,2005.0,34.51570510864258,482.989990234375,0.10149023681879044
777,-0.0016802905593067408,-0.0033003706485033035,0.020932363346219063,-0.0001427280658390373,0.0006596649182029068,-0.0055555556900799274,0.001958333421498537,0.0001577949005877599,0.0,0.0357530377805233,0.0,0.9642469882965088,39.45623779296875,9.999999747378752e-06,0.001284552738070488,0.0019507448887452483,0.9791666865348816,0.02777777798473835,0.2508124113082886,0.0,0.0,0.0,0.0,35.833251953125,0.1467151641845703,2049.0,34.541446685791016,487.9700012207031,0.1256393939256668
778,-0.0016834550769999623,-0.003279228927567601,0.020984584465622902,-0.00019533924933057278,0.0006691344897262752,-0.005277777556329966,0.001912037143483758,0.00012120030442019925,0.0,0.0332302525639534,0.0,0.9667697548866272,39.45896911621094,0.0029192925430834293,-0.002365643624216318,0.0010293740779161453,0.9560185670852661,0.02638888917863369,0.2520950734615326,0.0,0.0,0.0,0.0,31.571170806884766,0.14930987358093262,2324.0,34.56877517700195,492.2900085449219,0.1413399577140808
779,-0.0017104310682043433,-0.003318650647997856,0.020492609590291977,-0.00016330118523910642,0.0006187995313666761,-0.0020833334419876337,0.001949845696799457,0.00012156155571574345,0.0,0.02973090298473835,0.0,0.9702690839767456,39.47513198852539,0.009852612391114235,-0.004526908043771982,0.0007770833908580244,0.9749228358268738,0.010416666977107525,0.24591313302516937,0.0,0.0,0.0,0.0,31.944435119628906,0.18635821342468262,2294.0,34.67723846435547,495.7099914550781,0.16269731521606445
780,-0.0016173209296539426,-0.0033152953255921602,0.020465707406401634,-0.00011357232870068401,0.000583969580475241,-0.014503967948257923,0.001851785695180297,0.00012769579188898206,0.0,0.03011067770421505,0.0,0.9698893427848816,39.50104522705078,0.009999999776482582,-0.003770882962271571,0.003535003401339054,0.9258928298950195,0.07251984626054764,0.2532103955745697,0.0,0.0,0.0,0.0,32.22815704345703,0.142439603805542,2277.0,34.81733703613281,483.2099914550781,0.10281260311603546
781,-0.0016954225720837712,-0.0031582911033183336,0.020606964826583862,-0.00016373861581087112,0.0005954831722192466,-0.003888888983055949,0.001913888962008059,0.00016545128892175853,0.0,0.02886284701526165,0.0,0.9711371660232544,39.531761169433594,0.009999999776482582,-0.004118350334465504,0.0011634702095761895,0.956944465637207,0.01944444514811039,0.2441657930612564,0.0,0.0,0.0,0.0,36.4615592956543,0.19733071327209473,2011.0,34.90251541137695,491.6499938964844,0.13944442570209503
782,-0.0016981834778562188,-0.003060064045712352,0.0208346676081419,-0.00015283635002560914,0.000658904726151377,-0.003240741090849042,0.001958333421498537,0.00014561330317519605,0.0,0.02775065042078495,0.0,0.9722493290901184,39.550132751464844,0.009999999776482582,-0.00443802447989583,0.0010877609020099044,0.9791666865348816,0.016203705221414566,0.24633847177028656,0.0,0.0,0.0,0.0,32.21501922607422,0.1563727855682373,2277.0,35.004737854003906,491.3699951171875,0.1478423774242401
783,-0.0017038314836099744,-0.0033122107852250338,0.020662201568484306,-0.00017088298045564443,0.0006301699322648346,-0.003005050588399172,0.001962013076990843,0.00014043653209228069,0.0,0.02861870639026165,0.0,0.9713813066482544,39.5711784362793,0.009999999776482582,-0.005398609675467014,0.0012050806544721127,0.9810065031051636,0.015025253407657146,0.25368934869766235,0.0,0.0,0.0,0.0,34.809635162353516,0.15096235275268555,2108.0,35.08013916015625,495.6499938964844,0.15713649988174438
784,-0.001669884193688631,-0.00310648325830698,0.02096552960574627,-0.00016633427003398538,0.0006567823584191501,-0.006666666828095913,0.0019333333475515246,0.00020544252765830606,0.0,0.02681477926671505,0.0,0.9731852412223816,39.58732223510742,0.009999999776482582,-0.004693369381129742,0.0015953989932313561,0.9666667580604553,0.03333333507180214,0.2537943422794342,0.0,0.0,0.0,0.0,35.204776763916016,0.14708948135375977,2085.0,35.1848030090332,491.54998779296875,0.14547638595104218
785,-0.0016621319809928536,-0.003058457048609853,0.020475003868341446,-0.00016314849199261516,0.0006460465956479311,-0.009444445371627808,0.0019253968494012952,0.0001545463892398402,0.0,0.0264756940305233,0.0,0.9735243320465088,39.61735916137695,0.009999999776482582,-0.004065588116645813,0.0017456485657021403,0.9626984000205994,0.04722222313284874,0.2545138895511627,0.0,0.0,0.0,0.0,34.90016555786133,0.14763855934143066,2103.0,35.33485412597656,485.7699890136719,0.10707433521747589
786,-0.001659309957176447,-0.003032143460586667,0.020142579451203346,-0.00014466182619798928,0.0006305353599600494,-0.010185185819864273,0.0018730160081759095,0.00013977964408695698,0.0,0.02654351107776165,0.0,0.9734565019607544,39.64026641845703,0.0005852766335010529,-0.002811269136145711,0.002341694664210081,0.9365079998970032,0.050925929099321365,0.24977456033229828,0.0,0.0,0.0,0.0,34.98873519897461,0.1426374912261963,2098.0,35.371185302734375,484.3999938964844,0.07468924671411514
787,-0.0016564708203077316,-0.0028759047854691744,0.02053910307586193,-0.00021322797692846507,0.0006538630113936961,-0.011018519289791584,0.0019518519984558225,0.00020852086890954524,0.0,0.0288357213139534,0.0,0.9711642861366272,39.64901351928711,0.00039018443203531206,-0.0037890407256782055,0.0026767870876938105,0.9759259819984436,0.055092595517635345,0.24893029034137726,0.0,0.0,0.0,0.0,34.14506149291992,0.14623808860778809,2150.0,35.410377502441406,477.8500061035156,0.06719968467950821
788,-0.0017138812690973282,-0.0029759802855551243,0.02038564160466194,-0.0001769387163221836,0.0006348695605993271,-0.0022222225088626146,0.0019722222350537777,0.0001628733443794772,0.0,0.0291883684694767,0.0,0.970811665058136,39.65986633300781,0.006666666828095913,-0.004481795243918896,0.0009136720327660441,0.9861111044883728,0.011111111380159855,0.251255065202713,0.0,0.0,0.0,0.0,32.757118225097656,0.18970370292663574,2237.0,35.484134674072266,492.2099914550781,0.14247214794158936
789,-0.001689709140919149,-0.002994868438690901,0.020450646057724953,-0.00015268994320649654,0.0006145125953480601,-0.004861111287027597,0.0019749999046325684,0.00015171527047641575,0.0,0.02939181961119175,0.0,0.9706081748008728,39.683631896972656,0.009999999776482582,-0.0051247235387563705,0.0031400031875818968,0.987500011920929,0.0243055559694767,0.24721434712409973,0.0,0.0,0.0,0.0,36.970211029052734,0.14738678932189941,1986.0,35.6209602355957,483.45001220703125,0.10374493151903152
790,-0.001689138705842197,-0.002750644227489829,0.020510831847786903,-0.00013005369692109525,0.0006481970194727182,-0.005324074067175388,0.0018911376828327775,0.0001502359373262152,0.0,0.0298936627805233,0.0,0.9701063632965088,39.70937728881836,0.009999999776482582,-0.004702864680439234,0.0019321825820952654,0.945568859577179,0.026620371267199516,0.2479095458984375,0.0,0.0,0.0,0.0,35.98980712890625,0.1894364356994629,2037.0,35.71550369262695,492.1700134277344,0.14767500758171082
791,-0.0017234754050150514,-0.0028956762980669737,0.02021409012377262,-0.00014690053649246693,0.0006490362575277686,0.0,0.001938822795636952,0.00017091049812734127,0.0,0.02840169332921505,0.0,0.9715983271598816,39.71066665649414,0.009999999776482582,-0.011048521846532822,0.0002771950385067612,0.9694114327430725,0.0,0.24864530563354492,0.0,0.0,0.0,0.0,36.19544982910156,0.15431809425354004,2028.0,35.609214782714844,500.0,0.18531692028045654
792,-0.0016972171142697334,-0.002763202879577875,0.020560510456562042,-0.00019656957010738552,0.0006614235462620854,-0.0057539683766663074,0.0018678572960197926,0.00018966200877912343,0.0,0.0278455950319767,0.0,0.972154438495636,39.70290756225586,0.009999999776482582,-0.0027759666554629803,0.0018970320234075189,0.9339286088943481,0.02876984141767025,0.24610386788845062,0.0,0.0,0.0,0.0,33.74174118041992,0.1464383602142334,2175.0,35.70142364501953,492.54998779296875,0.12884140014648438
793,-0.0017038644291460514,-0.0026379444170743227,0.02083582989871502,-0.0001345927157672122,0.000670048815663904,-0.002645503031089902,0.001972001977264881,0.00011332168651279062,0.0,0.0287136510014534,0.0,0.9712863564491272,39.73400115966797,0.009999999776482582,-0.005102530587464571,0.0013825149508193135,0.9860008955001831,0.013227513991296291,0.24859952926635742,0.0,0.0,0.0,0.0,35.965003967285156,0.1489391326904297,2041.0,35.818511962890625,495.79998779296875,0.16774438321590424
794,-0.0017096592346206307,-0.0027747054118663073,0.020686374977231026,-0.00013813568511977792,0.0006548090022988617,-0.0015873017255216837,0.0019424603087827563,0.00015480260481126606,0.0,0.0257703997194767,0.0,0.974229633808136,39.757835388183594,0.009999999776482582,-0.003987058997154236,0.0013474569423124194,0.9712302088737488,0.007936508394777775,0.2531363070011139,0.0,0.0,0.0,0.0,33.457794189453125,0.14638757705688477,2194.0,35.93181610107422,490.9700012207031,0.14428941905498505
795,-0.001676291460171342,-0.00271314918063581,0.020961791276931763,-0.0001561337849125266,0.0006466663326136768,-0.0061111110262572765,0.001962037058547139,0.0001574838679516688,0.0,0.0262315534055233,0.0,0.9737684726715088,39.78462600708008,0.009999999776482582,-0.004700562916696072,0.0017469930462539196,0.9810184836387634,0.03055555559694767,0.24852032959461212,0.0,0.0,0.0,0.0,32.603599548339844,0.1483151912689209,2251.0,36.06901168823242,488.5400085449219,0.13207410275936127
796,-0.0016944471281021833,-0.002854387741535902,0.021024512127041817,-0.0001621605915715918,0.0006102133775129914,-0.0040656570345163345,0.001962121110409498,0.00018735237244982272,0.0,0.0269639752805233,0.0,0.9730360507965088,39.82084655761719,0.009999999776482582,-0.005155743099749088,0.0018135721329599619,0.9810606837272644,0.020328283309936523,0.24653765559196472,0.0,0.0,0.0,0.0,29.852815628051758,0.14575862884521484,2457.0,36.255638122558594,487.1499938964844,0.12882858514785767
797,-0.0016846592770889401,-0.002781749702990055,0.02044617384672165,-0.00013474909064825624,0.0005864646518602967,-0.007691799197345972,0.001932804356329143,0.00017490869504399598,0.0,0.02861870639026165,0.0,0.9713813066482544,39.86223602294922,0.009999999776482582,-0.004758685361593962,0.002436061156913638,0.9664021730422974,0.03845899552106857,0.25372233986854553,0.0,0.0,0.0,0.0,32.96764373779297,0.15181756019592285,2226.0,36.43384552001953,484.3399963378906,0.10932368785142899
798,-0.0016891525592654943,-0.002682667225599289,0.020887477323412895,-0.00014879071386530995,0.0006054490804672241,-0.005740741267800331,0.0019314815290272236,0.00015768103185109794,0.0,0.02988010086119175,0.0,0.9701198935508728,39.894168853759766,0.009999999776482582,-0.004441398661583662,0.001512459828518331,0.9657407402992249,0.028703702613711357,0.2563621997833252,0.0,0.0,0.0,0.0,34.28104019165039,0.1456623077392578,2141.0,36.53216552734375,495.7699890136719,0.1705990880727768
799,-0.0016975835897028446,-0.003138637635856867,0.020515836775302887,-0.00015006103785708547,0.0005991260404698551,-0.006349206902086735,0.001886508078314364,0.00015026802429929376,0.0,0.02880859375,0.0,0.97119140625,39.91311264038086,0.009999999776482582,-0.004943945910781622,0.0037176404148340225,0.9432540535926819,0.0317460335791111,0.2522273063659668,0.0,0.0,0.0,0.0,32.40964889526367,0.1443030834197998,2264.0,36.63070297241211,491.1499938964844,0.14478784799575806
800,-0.0017185457982122898,-0.002704639919102192,0.021051283925771713,-0.00015737030480522662,0.0006091901450417936,-0.0018518519354984164,0.0019814814440906048,0.00012114750279579312,0.0,0.02693684957921505,0.0,0.9730631709098816,39.93006134033203,0.009999999776482582,-0.005903525743633509,0.009711585938930511,0.9907407760620117,0.009259259328246117,0.2521408498287201,0.0,0.0,0.0,0.0,30.9869327545166,0.1463465690612793,2368.0,36.6585693359375,500.0,0.18885093927383423
801,-0.0016994267934933305,-0.002830798737704754,0.020514413714408875,-0.00014179389108903706,0.0005768965347670019,-0.004166666883975267,0.0019444447243586183,0.0003188711416441947,0.0,0.0240342877805233,0.0,0.9759657382965088,39.93272018432617,0.009999999776482582,-0.005373511929064989,0.061166517436504364,0.9722222089767456,0.02083333395421505,0.24832940101623535,0.0069444444961845875,0.0,0.0,0.0,35.777610778808594,0.14821839332580566,2052.0,36.70222091674805,496.05999755859375,0.16633011400699615
802,-0.0016992238815873861,-0.0025550047867000103,0.020772291347384453,-0.00017439427028875798,0.0005932423518970609,-0.003703703870996833,0.0019457672024145722,0.00011489791359053925,0.0,0.023193359375,0.0,0.976806640625,39.94904327392578,0.009999999776482582,-0.005674651823937893,0.002501924755051732,0.9728836417198181,0.018518518656492233,0.2492024153470993,0.0,0.0,0.0,0.0,33.04305648803711,0.14579439163208008,2221.0,36.81855773925781,486.8800048828125,0.12933115661144257
803,-0.0016862355405464768,-0.0026079213712364435,0.020467039197683334,-0.0001360324677079916,0.0006178410840220749,-0.00523148151114583,0.001957341330125928,0.0001330630766460672,0.0,0.0239122174680233,0.0,0.9760878086090088,39.97520065307617,0.009999999776482582,-0.0047228350304067135,0.0022369069047272205,0.9786706566810608,0.026157407090067863,0.2504154443740845,0.0,0.0,0.0,0.0,31.919891357421875,0.14573884010314941,2299.0,36.937870025634766,488.1000061035156,0.12954235076904297
804,-0.0016727598849684,-0.0028775206301361322,0.020094985142350197,-0.00012275000335648656,0.0005969064077362418,-0.007182540372014046,0.0019115079194307327,0.00014838649076409638,0.0,0.02387152798473835,0.0,0.9761284589767456,40.0030517578125,0.009999999776482582,-0.004923466593027115,0.0026496625505387783,0.9557539820671082,0.03591269999742508,0.24946175515651703,0.0,0.0,0.0,0.0,33.466041564941406,0.14369606971740723,2193.0,37.079734802246094,484.3399963378906,0.10251333564519882
805,-0.0017007548594847322,-0.0029440291691571474,0.020464930683374405,-0.00014598295092582703,0.0005849950830452144,-0.002500000176951289,0.0019888889510184526,0.00016442030027974397,0.0,0.0254041887819767,0.0,0.974595844745636,40.02922439575195,0.009999999776482582,-0.0047724018804728985,0.0010187631705775857,0.9944444298744202,0.012500000186264515,0.24932853877544403,0.0,0.0,0.0,0.0,31.775035858154297,0.1458444595336914,2309.0,37.1713752746582,491.75,0.145038440823555
806,-0.0017144257435575128,-0.0026442233938723803,0.020414914935827255,-0.00014960432599764317,0.0005936392699368298,-0.0006944444612599909,0.001956018852069974,0.0001471417781431228,0.0,0.02459038607776165,0.0,0.9754096269607544,40.0425910949707,0.009999999776482582,-0.004625319503247738,0.000588722643442452,0.9780093431472778,0.0034722222480922937,0.2540358603000641,0.0,0.0,0.0,0.0,31.652740478515625,0.1443338394165039,2318.0,37.222206115722656,496.5,0.16572162508964539
807,-0.0016641768161207438,-0.002646164270117879,0.020296407863497734,-0.00010893046419369057,0.000549066870007664,-0.007592592854052782,0.0019132716115564108,0.00010097950143972412,0.0,0.0246717669069767,0.0,0.975328266620636,40.061790466308594,0.009999999776482582,-0.00533226178959012,0.0029801863711327314,0.9566357731819153,0.037962961941957474,0.25197967886924744,0.0,0.0,0.0,0.0,32.62875747680664,0.14810538291931152,2249.0,37.34749221801758,471.04998779296875,0.04242745786905289
808,-0.0016767230117693543,-0.0030016081873327494,0.020190559327602386,-0.00014126293535809964,0.0005370515864342451,-0.006078043021261692,0.0018774912459775805,0.00017981480050366372,0.0,0.02734375,0.0,0.97265625,40.09001541137695,0.009999999776482582,-0.0036389243323355913,0.002018128288909793,0.9387457370758057,0.030390212312340736,0.24968497455120087,0.0,0.0,0.0,0.0,33.926395416259766,0.1469416618347168,2163.0,37.47222137451172,487.0,0.12286253273487091
809,-0.0016935548046603799,-0.002810533158481121,0.02002248913049698,-0.00017293484415858984,0.0005738046020269394,-0.003472222713753581,0.0019449074752628803,0.00020299130119383335,0.0,0.0270860455930233,0.0,0.9729139804840088,40.11638641357422,0.009999999776482582,-0.003880774136632681,0.0012052124366164207,0.972453773021698,0.0173611119389534,0.2573302090167999,0.0,0.0,0.0,0.0,35.78276443481445,0.14791369438171387,2051.0,37.581092834472656,492.510009765625,0.13670022785663605
810,-0.0017084490973502398,-0.002807913813740015,0.020772401243448257,-0.00014553828805219382,0.0005908586899749935,-0.0005555556272156537,0.0019888889510184526,0.0001095041588996537,0.0,0.0260145403444767,0.0,0.973985493183136,40.13220977783203,0.009999999776482582,-0.007545649539679289,0.00040312352939508855,0.9944444298744202,0.0027777778450399637,0.24923507869243622,0.0,0.0,0.0,0.0,33.09284591674805,0.14480352401733398,2218.0,37.625732421875,500.0,0.18712462484836578
811,-0.0016671802150085568,-0.002617958700284362,0.020348113030195236,-0.00015196243475656956,0.000552277488168329,-0.00807760190218687,0.0018881394062191248,0.00013669869804289192,0.0,0.02425130270421505,0.0,0.9757487177848816,40.14249038696289,0.009999999776482582,-0.0038686387706547976,0.0015025059692561626,0.9440696835517883,0.04038801044225693,0.24479861557483673,0.0,0.0,0.0,0.0,32.152828216552734,0.14774012565612793,2282.0,37.741119384765625,491.4700012207031,0.1442100703716278
812,-0.0017029508017003536,-0.0025380949955433607,0.02062479592859745,-0.00012377207167446613,0.0005759974010288715,-0.0027777778450399637,0.001908333390019834,0.00012888347555417567,0.0,0.0222439244389534,0.0,0.9777560830116272,40.166839599609375,0.009999999776482582,-0.0057551441714167595,0.0005216777790337801,0.9541666507720947,0.013888888992369175,0.24816815555095673,0.0,0.0,0.0,0.0,32.068572998046875,0.1476893424987793,2288.0,37.82075881958008,495.9200134277344,0.16815631091594696
813,-0.0016841853503137827,-0.0026616090908646584,0.020334871485829353,-0.0001783750776667148,0.0005350037827156484,-0.006904762238264084,0.0019156084163114429,0.00011890230234712362,0.0,0.02313910610973835,0.0,0.9768608808517456,40.1832275390625,0.009999999776482582,-0.004380505532026291,0.0021882676519453526,0.9578041434288025,0.03452381119132042,0.24463240802288055,0.0,0.0,0.0,0.0,35.5692138671875,0.14862561225891113,2064.0,37.95159149169922,483.9100036621094,0.10486239194869995
814,-0.0016757468692958355,-0.0025121010839939117,0.020015208050608635,-0.0001124449263443239,0.0005386045668274164,-0.007824074476957321,0.0018638890469446778,0.00013509947166312486,0.0,0.0244276262819767,0.0,0.975572407245636,40.21368408203125,0.009999999776482582,-0.0047178613021969795,0.0024091287050396204,0.9319444298744202,0.03912036865949631,0.2537732720375061,0.0,0.0,0.0,0.0,35.0030632019043,0.14447617530822754,2097.0,38.08016586303711,474.5199890136719,0.06205480918288231
815,-0.0017132165376096964,-0.002697258023545146,0.02023867331445217,-0.00014199006545823067,0.0005717477179132402,-0.0027777778450399637,0.0018855822272598743,0.0001376278669340536,0.0,0.0252685546875,0.0,0.9747314453125,40.23394012451172,0.009999999776482582,-0.00418992480263114,0.0009223758825100958,0.9427909851074219,0.013888888992369175,0.2505808174610138,0.0,0.0,0.0,0.0,34.58917999267578,0.17448782920837402,2120.0,38.1519775390625,492.1300048828125,0.14855708181858063
816,-0.001693404745310545,-0.002528898883610964,0.020716125145554543,-0.00014735462900716811,0.0006183069781400263,-0.005555556155741215,0.0019361773738637567,0.00014530641783494502,0.0,0.0257839635014534,0.0,0.9742160439491272,40.2507209777832,0.009999999776482582,-0.004098278935998678,0.0021152938716113567,0.9680885672569275,0.02777777798473835,0.24685120582580566,0.0,0.0,0.0,0.0,32.117427825927734,0.1736142635345459,2283.0,38.2849006652832,479.3800048828125,0.0889347493648529
817,-0.0017056937795132399,-0.0025385560002177954,0.020707640796899796,-0.0001390559336869046,0.0006263200775720179,-0.004188712686300278,0.0019779540598392487,0.00014721944171469659,0.0,0.0261366106569767,0.0,0.973863422870636,40.2794303894043,0.009999999776482582,-0.0026921306271106005,0.0008428699802607298,0.9889770150184631,0.02094356156885624,0.24881130456924438,0.0,0.0,0.0,0.0,35.72203826904297,0.14629268646240234,2055.0,38.38798904418945,500.0,0.19286011159420013
818,-0.0017161564901471138,-0.0026478846557438374,0.020889246836304665,-0.00015387717576231807,0.0006102320621721447,-0.0029166669119149446,0.0019930556882172823,0.0002745979290921241,0.0,0.02437337301671505,0.0,0.9756266474723816,40.295562744140625,0.0019753086380660534,-0.0020980832632631063,0.001262165023945272,0.9965277910232544,0.01458333246409893,0.2492673695087433,0.0,0.0,0.0,0.0,34.706748962402344,0.14791131019592285,2115.0,38.443519592285156,494.5400085449219,0.15207576751708984
819,-0.00164171087089926,-0.0023853157181292772,0.020793208852410316,-0.00017492713232059032,0.000581764557864517,-0.016296297311782837,0.0019037036690860987,0.0001892557047540322,0.0,0.026123046875,0.0,0.973876953125,40.307464599609375,0.0008779149502515793,-0.005714064463973045,0.0038674829993396997,0.9518519639968872,0.08148148655891418,0.24959911406040192,0.0,0.0,0.0,0.0,31.755809783935547,0.14406943321228027,2311.0,38.50082015991211,467.010009765625,0.01119520328938961
820,-0.0016796186100691557,-0.0023239983711391687,0.020975733175873756,-0.0001449484407203272,0.0006016733241267502,-0.010833335109055042,0.0018944446928799152,0.00014546886086463928,0.0,0.02914767898619175,0.0,0.9708523154258728,40.32027053833008,0.006666666828095913,-0.005221836268901825,0.002135432558134198,0.9472221732139587,0.05416666716337204,0.24992704391479492,0.0,0.0,0.0,0.0,33.35234451293945,0.14533257484436035,2200.0,38.59120178222656,482.5199890136719,0.09366476535797119
821,-0.0017259384039789438,-0.0023181959986686707,0.02084766887128353,-0.0002971807261928916,0.000622464984189719,-0.0020370371639728546,0.0019888889510184526,9.860334102995694e-05,0.0,0.03036838211119175,0.0,0.9696316123008728,40.339534759521484,0.0019753086380660534,-0.00252388883382082,0.0010449957335367799,0.9944444298744202,0.010185185819864273,0.2502415180206299,0.0,0.0,0.0,0.0,31.55644989013672,0.14737391471862793,2325.0,38.6528205871582,495.95001220703125,0.17060719430446625
822,-0.001649112906306982,-0.0024212051648646593,0.02074451930820942,-0.00015451332728844136,0.0005990483914501965,-0.012652117758989334,0.0019685188308358192,0.00022608041763305664,0.0,0.0301513671875,0.0,0.9698486328125,40.34889221191406,9.999999747378752e-06,-0.004498004913330078,0.003097574459388852,0.984259307384491,0.06326058506965637,0.24713577330112457,0.0055555556900799274,0.0,0.0,0.0,34.30607986450195,0.18567848205566406,2137.0,38.680763244628906,489.4599914550781,0.13642898201942444
823,-0.0017073809867724776,-0.0027377575170248747,0.020364388823509216,-0.00015159400936681777,0.0006231050938367844,-0.0034920640755444765,0.0019428572850301862,7.92724677012302e-05,0.0,0.03108724020421505,0.0,0.9689127802848816,40.35274124145508,0.004378939047455788,-0.002268426353111863,0.0016040450427681208,0.9714285731315613,0.01746031828224659,0.24686773121356964,0.0,0.0,0.0,0.0,34.625423431396484,0.14974379539489746,2120.0,38.724979400634766,483.1700134277344,0.10471536219120026
824,-0.0017161640571430326,-0.002598102670162916,0.020630652084946632,-0.00014923023991286755,0.0006295724888332188,-0.0024691361468285322,0.0019629630260169506,0.0002052304771495983,0.0,0.0321451835334301,0.0,0.9678547978401184,40.370174407958984,0.009852612391114235,-0.0038000987842679024,0.0009515724959783256,0.9814815521240234,0.01234568003565073,0.252939373254776,0.0,0.0,0.0,0.0,34.14598083496094,0.16213321685791016,2148.0,38.827674865722656,495.8800048828125,0.17196913063526154
825,-0.0016933530569076538,-0.0024532668758183718,0.020794996991753578,-0.00016480016347486526,0.00060061807744205,-0.005277777556329966,0.0019263890571892262,0.00013622999540530145,0.0,0.0320366770029068,0.0,0.9679633378982544,40.38188934326172,9.999999747378752e-06,-0.0010963629465550184,0.0015251002041622996,0.9631944298744202,0.02638888917863369,0.2572453022003174,0.0,0.0,0.0,0.0,36.20168685913086,0.14725971221923828,2028.0,38.843868255615234,491.69000244140625,0.153570294380188
826,-0.0016634901985526085,-0.0025857158470898867,0.02065291441977024,-0.00013193351333029568,0.00064182432834059,-0.009003528393805027,0.001916137640364468,0.00012523637269623578,0.0,0.0338270403444767,0.0,0.966172993183136,40.38638687133789,0.004378939047455788,-0.002521860646083951,0.002338468562811613,0.95806884765625,0.04501764103770256,0.2519386112689972,0.0,0.0,0.0,0.0,31.55558967590332,0.1456925868988037,2325.0,38.9061279296875,476.3399963378906,0.06600493937730789
827,-0.001692584133706987,-0.0028078656177967787,0.02093696780502796,-0.00015271118900272995,0.0006280551897361875,-0.006666666362434626,0.0019392857793718576,0.00014003811520524323,0.0,0.0336507149040699,0.0,0.9663493037223816,40.41263961791992,0.009852612391114235,-0.004957604221999645,0.002699452918022871,0.9696428775787354,0.03333333507180214,0.24931250512599945,0.0,0.0,0.0,0.0,32.3140754699707,0.14796090126037598,2271.0,39.0488166809082,483.7200012207031,0.10748603194952011
828,-0.001696923514828086,-0.0028098688926547766,0.02101319655776024,-0.00012854507076554,0.0006498640868812799,-0.0030158732552081347,0.001980952452868223,0.00011390893632778898,0.0,0.033935546875,0.0,0.966064453125,40.437374114990234,0.009999999776482582,-0.0038289411459118128,0.0017018028302118182,0.9904761910438538,0.01507936604321003,0.24931754171848297,0.0,0.0,0.0,0.0,34.827674865722656,0.18391847610473633,2105.0,39.14997863769531,500.0,0.19057321548461914
829,-0.0016861717449501157,-0.0027705386746674776,0.02080845832824707,-0.0001207207387778908,0.000636630633380264,-0.007010582368820906,0.0019642857369035482,0.00010179421951761469,0.0,0.0341254360973835,0.0,0.9658745527267456,40.45458984375,0.009999999776482582,-0.00465925270691514,0.0018968068761751056,0.9821428656578064,0.035052914172410965,0.24968266487121582,0.0,0.0,0.0,0.0,36.11042022705078,0.15194344520568848,2033.0,39.237892150878906,491.8500061035156,0.1501138061285019
830,-0.0016585011035203934,-0.0026794900186359882,0.020361339673399925,-0.00014606874901801348,0.0006694741896353662,-0.010451940819621086,0.001942129572853446,0.00016047405370045453,0.0,0.0363905169069767,0.0,0.963609516620636,40.46876907348633,9.999999747378752e-06,-0.002647032495588064,0.0029821950010955334,0.9710648655891418,0.05225970223546028,0.2451018989086151,0.0,0.0,0.0,0.0,36.393394470214844,0.14758872985839844,2017.0,39.26758575439453,487.80999755859375,0.12871165573596954
831,-0.0016852614935487509,-0.0024948411155492067,0.0206754207611084,-0.00014293122512754053,0.0006263065151870251,-0.006997355259954929,0.0019485449884086847,9.409609629074112e-05,0.0,0.0365804024040699,0.0,0.9634196162223816,40.47138977050781,0.0029192925430834293,-0.002487631980329752,0.0013534751487895846,0.9742725491523743,0.03498677536845207,0.2461506575345993,0.0,0.0,0.0,0.0,36.187232971191406,0.14797472953796387,2029.0,39.293739318847656,491.5799865722656,0.15350928902626038
832,-0.0016832639230415225,-0.0024686865508556366,0.020634526386857033,-0.00025188594008795917,0.0006333749042823911,-0.006867284420877695,0.001938734669238329,0.00016690198390278965,0.0,0.0378824882209301,0.0,0.9621174931526184,40.48950958251953,0.009852612391114235,-0.004829587880522013,0.002303515560925007,0.9693673253059387,0.03433642163872719,0.25118425488471985,0.0,0.0,0.0,0.0,34.274566650390625,0.14694619178771973,2141.0,39.43958282470703,483.20001220703125,0.10982818901538849
833,-0.0016772749368101358,-0.002501631388440728,0.0208856500685215,-0.0002288985560880974,0.0006430734065361321,-0.010515873320400715,0.001986111281439662,0.000127800100017339,0.0,0.0358615443110466,0.0,0.9641384482383728,40.51547622680664,0.006666666828095913,-0.004897570237517357,0.0019185570999979973,0.9930555820465088,0.0525793619453907,0.24678246676921844,0.0,0.0,0.0,0.0,34.27629852294922,0.15176105499267578,2141.0,39.53618240356445,485.57000732421875,0.11161310225725174
834,-0.0016769982175901532,-0.0024299456272274256,0.02076129801571369,-0.00014613813254982233,0.0006386593449860811,-0.009166667237877846,0.0019722222350537777,0.00015314947813749313,0.0,0.0342339426279068,0.0,0.9657660722732544,40.53927993774414,0.009999999776482582,-0.005484531167894602,0.0030166967771947384,0.9861111044883728,0.04583333432674408,0.24995647370815277,0.0,0.0,0.0,0.0,30.438777923583984,0.14821672439575195,2410.0,39.67717742919922,480.1199951171875,0.0900978222489357
835,-0.001680018031038344,-0.002579506952315569,0.02114158496260643,-0.00017370247223880142,0.0006942645413801074,-0.013062169775366783,0.001965057570487261,0.00012566275836434215,0.0,0.0359564907848835,0.0,0.9640434980392456,40.562660217285156,0.006666666828095913,-0.004667769651859999,0.002464261371642351,0.9825286865234375,0.06531085073947906,0.24921904504299164,0.0,0.0,0.0,0.0,34.654144287109375,0.14686036109924316,2118.0,39.754825592041016,495.0899963378906,0.15259960293769836
836,-0.0017148928018286824,-0.0025275880470871925,0.020965559408068657,-0.0002026979491347447,0.0007095311302691698,-0.004365079570561647,0.0019666668958961964,0.00010790619853651151,0.0,0.0350206159055233,0.0,0.9649794101715088,40.582054138183594,0.009999999776482582,-0.004497303161770105,0.0007891030400060117,0.98333340883255,0.02182539738714695,0.250886470079422,0.0,0.0,0.0,0.0,36.77244567871094,0.1467430591583252,1997.0,39.868064880371094,500.0,0.19385458528995514
837,-0.001664535840973258,-0.0026829885318875313,0.020590204745531082,-0.0002563757880125195,0.0007463957881554961,-0.009960317984223366,0.0019226190634071827,0.00016468431567773223,0.0,0.0337863489985466,0.0,0.9662136435508728,40.604305267333984,0.009999999776482582,-0.004353627562522888,0.0017732494743540883,0.961309552192688,0.04980158433318138,0.2514154016971588,0.0,0.0,0.0,0.0,31.62656021118164,0.14827394485473633,2320.0,40.00091552734375,483.05999755859375,0.1114133968949318
838,-0.0016891381237655878,-0.002597574843093753,0.020828956738114357,-0.00021302963432390243,0.0008106223540380597,-0.008895503357052803,0.0019735449459403753,0.0001765529887052253,0.0,0.0342610664665699,0.0,0.9657389521598816,40.633609771728516,0.009999999776482582,-0.004794369451701641,0.001236477168276906,0.9867725372314453,0.044477514922618866,0.25017040967941284,0.0034722222480922937,0.0,0.0,0.0,35.361114501953125,0.15107440948486328,2076.0,40.12752914428711,496.0,0.1785362958908081
839,-0.0017115103546530008,-0.002711552195250988,0.02096707560122013,-0.00028604886028915644,0.000870930845849216,-0.006018518470227718,0.00194907421246171,8.146369509631768e-05,0.0,0.0335015207529068,0.0,0.9664984941482544,40.65386962890625,0.009999999776482582,-0.0038144360296428204,0.0019225403666496277,0.9745371341705322,0.030092593282461166,0.25296223163604736,0.0,0.0,0.0,0.0,33.9293212890625,0.1460871696472168,2163.0,40.217491149902344,494.5400085449219,0.15609872341156006
840,-0.0016241066623479128,-0.0024744507391005754,0.020999999716877937,-0.00021581118926405907,0.0008656011195853353,-0.01992063783109188,0.0019433862762525678,0.00011458658991614357,0.0,0.0338270403444767,0.0,0.966172993183136,40.66683578491211,9.999999747378752e-06,-0.0046296557411551476,0.004229074344038963,0.9716931581497192,0.09960317611694336,0.2542373239994049,0.0,0.0,0.0,0.0,32.2947883605957,0.14638042449951172,2272.0,40.24152374267578,464.4700012207031,-0.0027240526396781206
841,-0.0017166254110634327,-0.002839408116415143,0.02113262377679348,-0.00020883444813080132,0.0009202982182614505,-0.005000000353902578,0.001986111281439662,9.672532905824482e-05,0.0,0.0352240689098835,0.0,0.9647759199142456,40.6703987121582,0.0029192925430834293,-0.002953609451651573,0.0016570367151871324,0.9930555820465088,0.02500000037252903,0.25171327590942383,0.0,0.0,0.0,0.0,31.227909088134766,0.18799471855163574,2346.0,40.28285217285156,491.239990234375,0.11166064441204071
842,-0.0016874561551958323,-0.0027938252314925194,0.021138399839401245,-0.00021075895347166806,0.0009035031544044614,-0.008941799402236938,0.0019527777330949903,0.00014201310114003718,0.0,0.0351426862180233,0.0,0.9648573398590088,40.68333435058594,9.999999747378752e-06,-0.004427275154739618,0.0032374397851526737,0.9763889312744141,0.04470899701118469,0.2454357147216797,0.0,0.0,0.0,0.0,33.29619598388672,0.15213251113891602,2204.0,40.32565689086914,472.5199890136719,0.030599787831306458
843,-0.0017370772548019886,-0.0027782779652625322,0.021355288103222847,-0.00021670451678801328,0.0009618925978429615,-0.0009259259677492082,0.0019722222350537777,0.00013390235835686326,0.0,0.0367567278444767,0.0,0.963243305683136,40.68609619140625,0.0029192925430834293,-0.0029667888302356005,0.0005088013713248074,0.9861111044883728,0.004629629664123058,0.25036218762397766,0.0,0.0,0.0,0.0,34.257041931152344,0.14638280868530273,2143.0,40.34351348876953,495.57000732421875,0.17769557237625122
844,-0.001679654116742313,-0.002834269078448415,0.02132011577486992,-0.0002190476661780849,0.0009112835396081209,-0.009334215894341469,0.001914594555273652,0.00013512511213775724,0.0,0.0353461392223835,0.0,0.9646538496017456,40.69750213623047,0.0065684085711836815,-0.004974490497261286,0.003161761909723282,0.9572972059249878,0.04667108133435249,0.24947203695774078,0.0,0.0,0.0,0.0,33.09691619873047,0.14551234245300293,2217.0,40.456626892089844,487.42999267578125,0.13490180671215057
845,-0.0017042726976796985,-0.002794895088300109,0.02078450471162796,-0.00017926559667102993,0.0008764658123254776,-0.006071428768336773,0.0019333333475515246,0.00013059217599220574,0.0,0.0356038399040699,0.0,0.9643961787223816,40.717140197753906,9.999999747378752e-06,-0.0005499452818185091,0.0018838737159967422,0.9666667580604553,0.03035714291036129,0.2538481652736664,0.0,0.0,0.0,0.0,35.443058013916016,0.14420676231384277,2071.0,40.494415283203125,485.67999267578125,0.11025705188512802
846,-0.001722545363008976,-0.0026933420449495316,0.021260162815451622,-0.00018543722399044782,0.0008808068232610822,-0.004259259440004826,0.0019698413088917732,0.0001227708562510088,0.0,0.0354546457529068,0.0,0.9645453691482544,40.721046447753906,0.0029192925430834293,-0.0029528725426644087,0.0015221948269754648,0.9849207401275635,0.021296298131346703,0.24960994720458984,0.0,0.0,0.0,0.0,37.91794204711914,0.14238548278808594,1937.0,40.5302619934082,491.0400085449219,0.13516825437545776
847,-0.0017436047783121467,-0.0027304093819111586,0.0212271586060524,-0.00018634300795383751,0.0008961810963228345,-0.0019047620007768273,0.0019805554766207933,0.0001181772822747007,0.0,0.0346544049680233,0.0,0.9653456211090088,40.73845672607422,0.009852612391114235,-0.004292198922485113,0.0017808240372687578,0.9902778267860413,0.009523809887468815,0.2558020055294037,0.0,0.0,0.0,0.0,32.20569610595703,0.14591765403747559,2278.0,40.643428802490234,499.739990234375,0.17456738650798798
848,-0.001733377925120294,-0.002766951220110059,0.021510589867830276,-0.00016633978520985693,0.0008341065840795636,-0.0013888889225199819,0.001999999862164259,0.00011939726391574368,0.0,0.0325927734375,0.0,0.9674072265625,40.75114822387695,0.009999999776482582,-0.004969827830791473,0.0023407747503370047,1.0,0.0069444444961845875,0.2524055540561676,0.0,0.0,0.0,0.0,32.718807220458984,0.14564180374145508,2243.0,40.68326187133789,496.010009765625,0.17727306485176086
849,-0.001725986017845571,-0.002495508175343275,0.021506410092115402,-0.00021989397646393627,0.0008457708172500134,-0.003703703870996833,0.0019907408859580755,9.813944052439183e-05,0.0,0.02951388992369175,0.0,0.9704861044883728,40.76287078857422,0.009999999776482582,-0.0042284028604626656,0.0010797232389450073,0.9953704476356506,0.018518518656492233,0.24847157299518585,0.0,0.0,0.0,0.0,34.074012756347656,0.1470167636871338,2154.0,40.750892639160156,495.989990234375,0.18197999894618988
850,-0.0017007365822792053,-0.0023327674716711044,0.021044084802269936,-0.00019036275625694543,0.0008256388828158379,-0.006014309823513031,0.0019218014786019921,0.00013032900460530072,0.0,0.02922905795276165,0.0,0.9707709550857544,40.78236770629883,0.009999999776482582,-0.004601092077791691,0.0022909464314579964,0.9609007239341736,0.030071550980210304,0.2508188486099243,0.0,0.0,0.0,0.0,37.096343994140625,0.14914894104003906,1979.0,40.88187026977539,487.44000244140625,0.134707972407341
851,-0.0017245751805603504,-0.002463378943502903,0.02145475521683693,-0.00017051424947567284,0.0008080355473794043,-0.001719576888717711,0.001963756512850523,8.606384653830901e-05,0.0,0.02970377542078495,0.0,0.9702962040901184,40.80895233154297,0.009999999776482582,-0.003559238277375698,0.0007233115029521286,0.9818782806396484,0.008597884327173233,0.2519652247428894,0.0,0.0,0.0,0.0,31.295515060424805,0.1482536792755127,2344.0,40.97397994995117,495.6199951171875,0.17299114167690277
852,-0.0017113961512222886,-0.0022456832230091095,0.021188324317336082,-0.00015649833949282765,0.0007319796131923795,-0.0027777778450399637,0.0019305555615574121,0.00011728003300959244,0.0,0.0281846784055233,0.0,0.9718153476715088,40.82172775268555,0.009999999776482582,-0.0050469390116631985,0.0005794886383228004,0.9652777910232544,0.013888888992369175,0.2545657157897949,0.0,0.0,0.0,0.0,34.896392822265625,0.18848752975463867,2101.0,41.03095245361328,500.0,0.20224888622760773
853,-0.0016793247777968645,-0.00202747480943799,0.02134633995592594,-0.00015383744903374463,0.000658327538985759,-0.009243828244507313,0.0019075617892667651,0.00011171598453074694,0.0,0.0289171002805233,0.0,0.9710829257965088,40.83681106567383,0.004444444552063942,-0.0037949339020997286,0.003264727769419551,0.9537809491157532,0.04621913656592369,0.24930721521377563,0.0,0.0,0.0,0.0,35.00990295410156,0.1488046646118164,2097.0,41.132476806640625,474.6199951171875,0.0796855241060257
854,-0.0017216351116076112,-0.002151947235688567,0.021456478163599968,-0.00015266674745362252,0.0006207073456607759,-0.0034259259700775146,0.001965740928426385,7.012496644165367e-05,0.0,0.0280626080930233,0.0,0.9719374179840088,40.858642578125,0.009999999776482582,-0.004348283633589745,0.0014981043059378862,0.98287034034729,0.017129629850387573,0.2548157274723053,0.0,0.0,0.0,0.0,34.98086929321289,0.1893596649169922,2096.0,41.254554748535156,487.2200012207031,0.13958197832107544
855,-0.0017321346094831824,-0.002134195761755109,0.021688485518097878,-0.00015719760267529637,0.0006433111848309636,-0.0009259259677492082,0.001990740653127432,8.030970639083534e-05,0.0,0.0258924700319767,0.0,0.974107563495636,40.87752151489258,0.009999999776482582,-0.004356303717941046,0.000630999740678817,0.9953704476356506,0.004629629664123058,0.2541121542453766,0.0,0.0,0.0,0.0,31.691783905029297,0.14786124229431152,2315.0,41.35480880737305,495.8699951171875,0.18245713412761688
856,-0.0016807871870696545,-0.002397549571469426,0.020922327414155006,-0.0001326377532677725,0.000595892604906112,-0.0069444444961845875,0.001967592630535364,0.00012536070425994694,0.0,0.02530924417078495,0.0,0.9746907353401184,40.892913818359375,0.009999999776482582,-0.0036355271004140377,0.0011614341055974364,0.9837963581085205,0.0347222238779068,0.24823546409606934,0.0,0.0,0.0,0.0,35.785030364990234,0.14593005180358887,2051.0,41.45991516113281,491.32000732421875,0.15074484050273895
857,-0.001723693567328155,-0.0021209062542766333,0.021481135860085487,-0.00014829526480752975,0.000613696756772697,-0.0027777778450399637,0.001999999862164259,9.153666178463027e-05,0.0,0.02410210482776165,0.0,0.9758979082107544,40.90890121459961,0.009999999776482582,-0.005436992738395929,0.0009457545238547027,1.0,0.013888888992369175,0.2512286901473999,0.0,0.0,0.0,0.0,34.81825637817383,0.15193629264831543,2108.0,41.4952278137207,500.0,0.1993083953857422
858,-0.0017086517764255404,-0.0022765519097447395,0.020973002538084984,-0.0002926529268734157,0.0005164560279808939,-0.004814815241843462,0.0019796297419816256,0.00012003935989923775,0.0,0.02140299417078495,0.0,0.9785969853401184,40.90957260131836,9.999999747378752e-06,0.02736319787800312,0.0015813284553587437,0.9898147583007812,0.024074073880910873,0.25087806582450867,0.0,0.0,0.0,0.0,35.674034118652344,0.1464989185333252,2058.0,41.496795654296875,487.6099853515625,0.13364405930042267
859,-0.0010185777209699154,-0.0012298465007916093,0.014680436812341213,-0.00012333408812992275,0.00030563509790226817,-0.09255243837833405,0.0011080702533945441,4.261346839484759e-05,0.0,0.0552436001598835,0.0,0.9447563886642456,40.91167068481445,0.0005766503745689988,0.007573144976049662,0.06399498134851456,0.5540351271629333,0.46276214718818665,0.25086966156959534,0.0,0.0,0.0,0.0,42.617919921875,0.18762683868408203,1722.0,41.52363967895508,246.3800048828125,-1.0071163177490234
860,-0.000998848699964583,-0.0011998589616268873,0.013279025442898273,-0.00035769862006418407,0.00032295254641212523,-0.09184661507606506,0.0011744170915335417,5.660752140101977e-05,0.0,0.113172747194767,0.0,0.886827290058136,40.91856002807617,0.00011390625149942935,-0.0009425319731235504,0.0439998097717762,0.5872085690498352,0.4592330753803253,0.24978920817375183,0.0,0.0,0.0,0.0,41.58555221557617,0.14884424209594727,1766.0,41.54890060424805,280.20001220703125,-0.864611029624939
861,-0.0008802464581094682,-0.0012134079588577151,0.01154379267245531,-0.0003997463209088892,0.00029781306511722505,-0.1071128249168396,0.0009982842020690441,4.444302248884924e-05,0.0,0.1517876535654068,0.0,0.8482123613357544,40.92433547973633,0.0002562890585977584,0.002955059055238962,0.04214317351579666,0.4991420805454254,0.535564124584198,0.25031954050064087,0.0,0.0,0.0,0.0,40.12618637084961,0.1474001407623291,1830.0,41.58966064453125,270.4100036621094,-0.8921246528625488
862,-0.0011798880295827985,-0.0016341072041541338,0.01502283290028572,-0.0001953203318407759,0.000395194161683321,-0.07239328324794769,0.0013174914056435227,5.5957469157874584e-05,0.0,0.1803385466337204,0.0,0.8196614384651184,40.93507766723633,9.999999747378752e-06,0.0017502865521237254,0.022599872201681137,0.6587457060813904,0.36196640133857727,0.24709220230579376,0.0,0.0,0.0,0.0,37.40655517578125,0.1479332447052002,1963.0,41.64336013793945,364.04998779296875,-0.452718049287796
863,-0.0010107900016009808,-0.0015335693024098873,0.013238156214356422,-0.0002446933649480343,0.0003495503042358905,-0.09313051402568817,0.0011382937664166093,6.516805296996608e-05,0.0,0.2037489116191864,0.0,0.796251118183136,40.94292068481445,0.00011390625149942935,0.0023528747260570526,0.03448808193206787,0.5691468715667725,0.46565258502960205,0.24805580079555511,0.0,0.0,0.0,0.0,41.30292510986328,0.15073394775390625,1778.0,41.68977355957031,240.16000366210938,-1.0452258586883545
864,-0.0012080830056220293,-0.0018681742949411273,0.014982069842517376,-0.00027017889078706503,0.00042230982217006385,-0.06845030188560486,0.0013539229985326529,7.236058445414528e-05,0.0,0.2342936247587204,0.0,0.7657063603401184,40.9553337097168,3.3749998692655936e-05,0.0007417956949211657,0.026404619216918945,0.6769615411758423,0.3422514498233795,0.2503931224346161,0.0,0.0,0.0,0.0,37.551971435546875,0.14650797843933105,1955.0,41.754722595214844,339.8800048828125,-0.5469716787338257
865,-0.0011377313639968634,-0.0018205419182777405,0.014079991728067398,-0.0001327639474766329,0.00041177068487741053,-0.07418511062860489,0.001272458815947175,6.90547312842682e-05,0.0,0.2580024003982544,0.0,0.7419975996017456,40.96479797363281,1.4999999621068127e-05,-0.0028416006825864315,0.02122364565730095,0.6362293362617493,0.37092554569244385,0.24920542538166046,0.0,0.0,0.0,0.0,35.780601501464844,0.14696216583251953,2052.0,41.78785705566406,353.2900085449219,-0.5038256049156189
866,-0.0010731278453022242,-0.0017524805152788758,0.013386550359427929,-0.00017802561342250556,0.0003623123629949987,-0.0830361545085907,0.0011739120818674564,6.232099985936657e-05,0.0,0.284233957529068,0.0,0.7157660722732544,40.97065734863281,9.999999747378752e-06,0.025359272956848145,0.028468424454331398,0.5869560241699219,0.4151807427406311,0.24877183139324188,0.0,0.0,0.0,0.0,38.88045883178711,0.14997506141662598,1888.0,41.81496047973633,319.7900085449219,-0.6777798533439636
867,-0.0012307666474953294,-0.0022864106576889753,0.015101649798452854,-0.0006416005198843777,0.0004309597716201097,-0.063816137611866,0.0013877645833417773,7.337519491557032e-05,0.0,0.308349609375,0.0,0.691650390625,40.974246978759766,2.2500000341096893e-05,-0.003619992174208164,0.022861531004309654,0.6938822865486145,0.3190807104110718,0.2484927922487259,0.0,0.0,0.0,0.0,38.24348068237305,0.14314579963684082,1920.0,41.82286834716797,361.1600036621094,-0.468352347612381
868,-0.0013501029461622238,-0.0026029988657683134,0.01678447797894478,-0.0007109903963282704,0.0005140602006576955,-0.05007495731115341,0.0015131393447518349,8.00451889517717e-05,0.0,0.3238118588924408,0.0,0.6761881709098816,40.978084564208984,5.062499985797331e-05,-0.00450201565399766,0.010892036370933056,0.7565696835517883,0.25037479400634766,0.2467523217201233,0.0,0.0,0.0,0.0,36.28152847290039,0.17572283744812012,2022.0,41.856143951416016,416.8900146484375,-0.2469569742679596
869,-0.0015002395957708359,-0.0027927060145884752,0.018508149310946465,-0.0006990890833549201,0.0005568204796873033,-0.0304629635065794,0.0016953705344349146,7.547893619630486e-05,0.0,0.3311631977558136,0.0,0.6688368320465088,40.98704147338867,3.3749998692655936e-05,-0.0048204748891294,0.004570625256747007,0.8476852178573608,0.15231481194496155,0.2522332966327667,0.0,0.0,0.0,0.0,29.07086944580078,0.18934893608093262,2519.0,41.903324127197266,453.94000244140625,-0.02959286794066429
870,-0.0015436317771673203,-0.002453362802043557,0.01931758224964142,-0.00012691118172369897,0.0005426193820312619,-0.027552912011742592,0.001720238127745688,9.728018630994484e-05,0.0,0.3351236879825592,0.0,0.6648762822151184,40.994808197021484,0.0005766503745689988,-0.005531083792448044,0.006274784915149212,0.860119104385376,0.1377645581960678,0.2505137622356415,0.0,0.0,0.0,0.0,31.75501823425293,0.14782214164733887,2311.0,41.93576431274414,430.8599853515625,-0.14379532635211945
871,-0.0014461815590038896,-0.002182614989578724,0.018657663837075233,-0.0001001009441097267,0.0005095892702229321,-0.038425929844379425,0.0016157408244907856,5.789577335235663e-05,0.0,0.3427327573299408,0.0,0.6572672724723816,41.002708435058594,9.999999747378752e-06,-0.006467137951403856,0.006561935413628817,0.8078704476356506,0.19212964177131653,0.24506095051765442,0.0,0.0,0.0,0.0,31.6625919342041,0.14710688591003418,2317.0,41.96853256225586,430.7799987792969,-0.14431066811084747
872,-0.0014953803038224578,-0.0019743579905480146,0.01881389692425728,-0.00011270270624663681,0.0005050090258009732,-0.034166667610406876,0.0016675926744937897,6.238358037080616e-05,0.0,0.3507893979549408,0.0,0.6492106318473816,41.0067138671875,5.062499985797331e-05,-0.004671761300414801,0.007473974954336882,0.8337963223457336,0.17083331942558289,0.24947309494018555,0.0,0.0,0.0,0.0,31.145320892333984,0.1420276165008545,2356.0,41.99101638793945,418.5899963378906,-0.20936702191829681
873,-0.001511094276793301,-0.0021176000591367483,0.018885765224695206,-0.00014182292215991765,0.0005155336111783981,-0.03202180936932564,0.0016936709871515632,7.898583135101944e-05,0.0,0.3347303569316864,0.0,0.665269672870636,41.011234283447266,9.999999747378752e-06,-0.0032054136972874403,0.008444925770163536,0.8468353748321533,0.1601090133190155,0.24617934226989746,0.0,0.0,0.0,0.0,36.98040771484375,0.14774465560913086,1985.0,42.007347106933594,439.5199890136719,-0.10494794696569443
874,-0.0015441671712324023,-0.0021863377187401056,0.018953794613480568,-0.00011908546002814546,0.000528051343280822,-0.026151197031140327,0.0017495991196483374,7.795052079018205e-05,0.0,0.297661691904068,0.0,0.7023383378982544,41.01411437988281,2.2500000341096893e-05,-0.005307017359882593,0.00944882445037365,0.8747996091842651,0.1307559758424759,0.25162893533706665,0.0,0.0,0.0,0.0,39.731327056884766,0.1448838710784912,1848.0,42.024295806884766,440.5400085449219,-0.08729778975248337
875,-0.001478414167650044,-0.0020330578554421663,0.018841475248336792,-0.00010286752512911335,0.0004961339291185141,-0.03508217632770538,0.0017047339351847768,5.8069290389539674e-05,0.0,0.2654079794883728,0.0,0.7345920205116272,41.01742935180664,2.2500000341096893e-05,-0.006140677258372307,0.011254270561039448,0.8523669242858887,0.17541085183620453,0.24946586787700653,0.0,0.0,0.0,0.0,38.145301818847656,0.14441347122192383,1925.0,42.04248809814453,405.70001220703125,-0.25976428389549255
876,-0.0014906043652445078,-0.0020882601384073496,0.018865909427404404,-0.00010440892947372049,0.0004962722305208445,-0.03484126925468445,0.001699206419289112,8.84250330273062e-05,0.0,0.2447102814912796,0.0,0.7552897334098816,41.02050018310547,9.999999747378752e-06,-0.004264525603502989,0.007062261924147606,0.8496032357215881,0.17420636117458344,0.2541109621524811,0.0,0.0,0.0,0.0,32.293701171875,0.14369869232177734,2272.0,42.054405212402344,447.8800048828125,-0.05960695818066597
877,-0.001647650497034192,-0.0023210325744003057,0.01989615708589554,-0.00014873556210659444,0.0005581587902270257,-0.014212963171303272,0.001860185177065432,9.269533620681614e-05,0.0,0.2265082448720932,0.0,0.7734917402267456,41.022674560546875,9.999999747378752e-06,-0.005123184062540531,0.005040994845330715,0.9300926327705383,0.07106481492519379,0.2469768524169922,0.0,0.0,0.0,0.0,33.151371002197266,0.14397716522216797,2214.0,42.065975189208984,460.79998779296875,-0.0024762440007179976
878,-0.0016627772711217403,-0.0022174131590873003,0.01954694092273712,-0.00012029662320856005,0.0005439172964543104,-0.011618566699326038,0.0018699256470426917,0.0001101743255276233,0.0,0.2013075053691864,0.0,0.798692524433136,41.025291442871094,9.999999747378752e-06,-0.00427501555532217,0.0035194463562220335,0.934962809085846,0.05809283256530762,0.25078117847442627,0.0,0.0,0.0,0.0,40.68906784057617,0.15238261222839355,1805.0,42.079933166503906,470.54998779296875,0.041828542947769165
879,-0.001562399440445006,-0.002134403446689248,0.018680274486541748,-9.524061169940978e-05,0.0004701622237917036,-0.02667989768087864,0.001723941881209612,9.299458179157227e-05,0.0,0.1839057058095932,0.0,0.8160942792892456,41.0276985168457,1.4999999621068127e-05,-0.005734408274292946,0.006307881325483322,0.8619709610939026,0.13339947164058685,0.24589814245700836,0.0,0.0,0.0,0.0,33.83804702758789,0.1464369297027588,2169.0,42.0904426574707,449.5899963378906,-0.060410503298044205
880,-0.0017112878849729896,-0.0024313335306942463,0.020030608400702477,-0.00010222264245385304,0.0004885853850282729,-0.006441799458116293,0.0019137567142024636,9.833758667809889e-05,0.0,0.1630316823720932,0.0,0.8369683027267456,41.03032684326172,2.2500000341096893e-05,-0.003175610676407814,0.0019489518599584699,0.9568783640861511,0.03220899775624275,0.2477685958147049,0.0,0.0,0.0,0.0,36.3232307434082,0.147749662399292,2021.0,42.10592269897461,491.8900146484375,0.14379490911960602
881,-0.0017508154269307852,-0.002425104146823287,0.020395994186401367,-9.88287283689715e-05,0.0004906819085590541,-0.0038888894487172365,0.0019287036266177893,6.712146569043398e-05,0.0,0.1305338591337204,0.0,0.8694661259651184,41.03352737426758,9.999999747378752e-06,-0.002918048994615674,0.001315560657531023,0.9643518924713135,0.01944444514811039,0.25226303935050964,0.0,0.0,0.0,0.0,35.80278396606445,0.14757609367370605,2050.0,42.120906829833984,487.8800048828125,0.1276775598526001
882,-0.0017657732823863626,-0.0023422548547387123,0.020657360553741455,-9.464749746257439e-05,0.0005035031936131418,-0.0011111112544313073,0.001963888993486762,0.00011923565034521744,0.0,0.1123725026845932,0.0,0.8876274824142456,41.03668212890625,0.004378939047455788,-0.0027221383061259985,0.0005163543974049389,0.9819443821907043,0.0055555556900799274,0.25184640288352966,0.0,0.0,0.0,0.0,34.32374954223633,0.1421663761138916,2139.0,42.15042495727539,495.7900085449219,0.16829092800617218
883,-0.001655812026001513,-0.0023853846359997988,0.019967662170529366,-0.00015182432252913713,0.00043200451182201505,-0.016203705221414566,0.001837963005527854,9.109036909649149e-05,0.0,0.105970598757267,0.0,0.894029438495636,41.04082107543945,9.999999747378752e-06,0.00010477191244717687,0.001978221582248807,0.9189815521240234,0.08101852238178253,0.25093814730644226,0.0,0.0,0.0,0.0,30.8055419921875,0.14353036880493164,2382.0,42.15652847290039,474.6000061035156,0.06439358741044998
884,-0.001562335412018001,-0.0022157966159284115,0.018403764814138412,-8.849966252455488e-05,0.00041780079482123256,-0.026944445446133614,0.0016981480875983834,6.3647712522652e-05,0.0,0.1034749373793602,0.0,0.8965250849723816,41.04177474975586,9.999999747378752e-06,-0.003816584823653102,0.005396148189902306,0.849074125289917,0.13472221791744232,0.245205357670784,0.0,0.0,0.0,0.0,32.50578689575195,0.14545392990112305,2258.0,42.16399002075195,438.54998779296875,-0.11664855480194092
885,-0.001490220776759088,-0.0019912065472453833,0.018189165741205215,-7.106120756361634e-05,0.0003710485470946878,-0.0378703735768795,0.0016675926744937897,5.346252874005586e-05,0.0,0.102674700319767,0.0,0.897325336933136,41.0435791015625,9.999999747378752e-06,-0.005792456679046154,0.007324347738176584,0.8337963223457336,0.1893518567085266,0.2512298822402954,0.0,0.0,0.0,0.0,32.04450607299805,0.14718842506408691,2290.0,42.173362731933594,419.6499938964844,-0.21526984870433807
886,-0.0015546056674793363,-0.0022454645950347185,0.018283642828464508,-8.308550604851916e-05,0.0003814390511251986,-0.02747354656457901,0.001706217066384852,6.252095772651955e-05,0.0,0.099989153444767,0.0,0.900010883808136,41.04497528076172,9.999999747378752e-06,-0.0028395876288414,0.006534803658723831,0.8531085252761841,0.13736772537231445,0.24778325855731964,0.0,0.0,0.0,0.0,33.428672790527344,0.15189814567565918,2195.0,42.17818832397461,428.7900085449219,-0.15939998626708984
887,-0.001612146501429379,-0.00231041363440454,0.018605602905154228,-0.0001331593666691333,0.00036399104283191264,-0.020968616008758545,0.0017362774815410376,6.915842095622793e-05,0.0,0.0990668386220932,0.0,0.9009331464767456,41.04641342163086,9.999999747378752e-06,-0.004165569320321083,0.008827482350170612,0.8681387305259705,0.10484307259321213,0.25462082028388977,0.0,0.0,0.0,0.0,38.16461944580078,0.14574599266052246,1924.0,42.189300537109375,439.6300048828125,-0.0976879894733429
888,-0.0014874140033498406,-0.0020730302203446627,0.016887782141566277,-0.00017048833251465112,0.00033324924879707396,-0.03503567725419998,0.001604669727385044,6.597868195967749e-05,0.0,0.099256731569767,0.0,0.900743305683136,41.048805236816406,9.999999747378752e-06,-0.005526374094188213,0.013084723614156246,0.8023349046707153,0.17517836391925812,0.24924056231975555,0.0,0.0,0.0,0.0,37.973236083984375,0.14388179779052734,1934.0,42.201271057128906,412.17999267578125,-0.23776647448539734
889,-0.0015208183322101831,-0.0021797565277665854,0.017507845535874367,-0.00017713263514451683,0.000284979963907972,-0.03361725062131882,0.0015833121724426746,7.620501855853945e-05,0.0,0.0994873046875,0.0,0.9005126953125,41.052032470703125,1.4999999621068127e-05,-0.004995118826627731,0.009125134907662868,0.7916560769081116,0.1680862456560135,0.24878883361816406,0.0,0.0,0.0,0.0,37.00090026855469,0.14721131324768066,1984.0,42.22233963012695,434.8699951171875,-0.14295841753482819
890,-0.0016388526419177651,-0.0023708748631179333,0.0188484787940979,-0.00023283374321181327,0.0003819794219452888,-0.01933201216161251,0.0018103835172951221,7.093379826983437e-05,0.0,0.0937771275639534,0.0,0.9062228798866272,41.055171966552734,9.999999747378752e-06,-0.005009333603084087,0.0053720902651548386,0.9051918387413025,0.0966600552201271,0.248434916138649,0.0,0.0,0.0,0.0,35.0442008972168,0.1536421775817871,2094.0,42.23131561279297,462.07000732421875,-0.012815181165933609
891,-0.0015712854219600558,-0.0023712513502687216,0.01809759996831417,-0.00020204899192322046,0.0003219589707441628,-0.026441801339387894,0.0016826058272272348,7.755676779197529e-05,0.0,0.0938042551279068,0.0,0.9061957597732544,41.0571403503418,9.999999747378752e-06,-0.0047938586212694645,0.007447546347975731,0.8413029313087463,0.13220900297164917,0.2541133165359497,0.0,0.0,0.0,0.0,36.79088592529297,0.16621971130371094,1994.0,42.24237823486328,455.6700134277344,-0.04079965874552727
892,-0.0015882221050560474,-0.002322566695511341,0.018377183005213737,-0.0002700391341932118,0.0003331666230224073,-0.028878966346383095,0.001689980155788362,6.438266427721828e-05,0.0,0.099134661257267,0.0,0.900865375995636,41.05939483642578,9.999999747378752e-06,-0.003684156807139516,0.008017189800739288,0.844990074634552,0.14439484477043152,0.2461385726928711,0.0,0.0,0.0,0.0,37.55245590209961,0.14784955978393555,1955.0,42.25249099731445,450.8699951171875,-0.08866040408611298
893,-0.0017406601691618562,-0.002841712674126029,0.019795630127191544,-0.0004004156799055636,0.0003433027886785567,-0.008143940009176731,0.0018565236823633313,7.425038347719237e-05,0.0,0.0968288853764534,0.0,0.9031711220741272,41.06146240234375,9.999999747378752e-06,-0.003524362575262785,0.0021526343189179897,0.9282618761062622,0.04071969911456108,0.2500669062137604,0.0,0.0,0.0,0.0,33.08903503417969,0.1452045440673828,2218.0,42.26421356201172,486.2799987792969,0.09397441148757935
894,-0.0017358299810439348,-0.00300185801461339,0.01954665035009384,-0.000241783942328766,0.0003444351314101368,-0.00473544979467988,0.0018022708827629685,7.973853644216433e-05,0.0,0.0949028879404068,0.0,0.9050971269607544,41.063297271728516,9.999999747378752e-06,-0.0035671780351549387,0.0013839766616001725,0.9011353254318237,0.023677250370383263,0.24768410623073578,0.0,0.0,0.0,0.0,34.91494369506836,0.1474146842956543,2102.0,42.27143859863281,491.69000244140625,0.13092301785945892
895,-0.001721261884085834,-0.0028956031892448664,0.019225090742111206,-8.87687856447883e-05,0.0003605454112403095,-0.006404321175068617,0.0018848103936761618,8.497462113155052e-05,0.0,0.0955132395029068,0.0,0.9044867753982544,41.06548309326172,3.3749998692655936e-05,-0.003493804484605789,0.0018267720006406307,0.9424051642417908,0.03202160447835922,0.24809053540229797,0.0,0.0,0.0,0.0,34.234317779541016,0.14621806144714355,2144.0,42.288185119628906,491.1000061035156,0.12799596786499023
896,-0.0017091224435716867,-0.002713785506784916,0.01977113075554371,-8.694103598827496e-05,0.0003996477462351322,-0.0069444444961845875,0.0019027779344469309,0.0001029575287248008,0.0,0.0966796875,0.0,0.9033203125,41.06843185424805,9.999999747378752e-06,-0.00426540756598115,0.001962378155440092,0.9513888955116272,0.0347222238779068,0.24899959564208984,0.0,0.0,0.0,0.0,35.05997848510742,0.1423816680908203,2094.0,42.29877471923828,478.4599914550781,0.0741758719086647
897,-0.001709837350063026,-0.002649812726303935,0.019508380442857742,-6.440126162488014e-05,0.0003833193622995168,-0.007129629608243704,0.0019148149294778705,8.375504694413394e-05,0.0,0.0970052108168602,0.0,0.9029948115348816,41.069950103759766,1.4999999621068127e-05,-0.0031300396658480167,0.0016449391841888428,0.9574074149131775,0.035648148506879807,0.24801059067249298,0.0,0.0,0.0,0.0,28.93023681640625,0.14427471160888672,2535.0,42.30622863769531,485.6099853515625,0.09307511895895004
898,-0.0016959303757175803,-0.0030735284090042114,0.01933232694864273,-7.404990174109116e-05,0.0003744397545233369,-0.010092592798173428,0.001899074180983007,8.293973951367661e-05,0.0,0.0955539271235466,0.0,0.9044460654258728,41.0723876953125,1.4999999621068127e-05,-0.0033411607146263123,0.001975992927327752,0.9495370984077454,0.050462961196899414,0.2513374984264374,0.0,0.0,0.0,0.0,28.935487747192383,0.17142105102539062,2533.0,42.32342529296875,479.2900085449219,0.047887999564409256
899,-0.0016355096595361829,-0.0028216680511832237,0.018903085961937904,-8.423942199442536e-05,0.00033381476532667875,-0.019212963059544563,0.0018148148665204644,9.887908527161926e-05,0.0,0.0899522602558136,0.0,0.9100477695465088,41.075645446777344,9.999999747378752e-06,-0.004314757883548737,0.0025712954811751842,0.9074074625968933,0.09606482088565826,0.24678686261177063,0.0069444444961845875,0.0,0.0,0.0,29.132036209106445,0.1462233066558838,2518.0,42.336727142333984,476.55999755859375,0.031006088480353355
900,-0.001720550237223506,-0.0028368430212140083,0.019430896267294884,-7.105468102963641e-05,0.00037291660555638373,-0.004629630129784346,0.00187345698941499,0.00010387411020928994,0.0,0.0862765833735466,0.0,0.9137234091758728,41.07965850830078,0.004378939047455788,-0.002249188954010606,0.0008854703628458083,0.9367283582687378,0.023148149251937866,0.2502836585044861,0.0,0.0,0.0,0.0,30.481584548950195,0.1483774185180664,2407.0,42.382720947265625,488.510009765625,0.11272501945495605
901,-0.0017112154746428132,-0.0030366654973477125,0.019795740023255348,-0.00027350004529580474,0.0004069556889589876,-0.004914021585136652,0.0019408290972933173,8.427190186921507e-05,0.0,0.0793728306889534,0.0,0.9206271767616272,41.08869934082031,9.999999747378752e-06,-0.002991383895277977,0.0018572761910036206,0.9704144597053528,0.024570105597376823,0.24721424281597137,0.0,0.0,0.0,0.0,38.6707649230957,0.14414000511169434,1899.0,42.398399353027344,487.3900146484375,0.10959846526384354
902,-0.0016682134009897709,-0.003593258559703827,0.01922907494008541,-0.00021316712081898004,0.0003488747461233288,-0.011172839440405369,0.0018233907176181674,0.00010210616164840758,0.0,0.0686713308095932,0.0,0.9313286542892456,41.0899543762207,9.999999747378752e-06,-0.0034724262077361345,0.00285640568472445,0.9116953015327454,0.05586419627070427,0.25174951553344727,0.0,0.0,0.0,0.0,37.89237976074219,0.14674091339111328,1938.0,42.406005859375,483.1400146484375,0.07939845323562622
903,-0.0017226049676537514,-0.003733623307198286,0.01916852779686451,-0.0005086714518256485,0.0003303881676401943,-0.0055555556900799274,0.0018538801232352853,8.413804607698694e-05,0.0,0.05859375,0.0,0.94140625,41.09173583984375,3.3749998692655936e-05,-0.0031363223679363728,0.000652613933198154,0.9269400835037231,0.02777777798473835,0.24978621304035187,0.0,0.0,0.0,0.0,36.77819061279297,0.14708185195922852,1996.0,42.415855407714844,495.75,0.12939640879631042
904,-0.0017408967250958085,-0.004019530024379492,0.01957693137228489,-0.000271249795332551,0.00035236639087088406,-0.003335738554596901,0.0018494708929210901,0.00010167467553401366,0.0,0.0511881522834301,0.0,0.9488118290901184,41.09477615356445,1.4999999621068127e-05,-0.003352685132995248,0.0016081358771771193,0.9247354865074158,0.016678692772984505,0.24905970692634583,0.0,0.0,0.0,0.0,34.595115661621094,0.14400100708007812,2122.0,42.43708038330078,488.17999267578125,0.09946136921644211
905,-0.001719620660878718,-0.003950649406760931,0.018983768299221992,-0.0006826755707152188,0.00031997845508158207,-0.006250000558793545,0.0018064153846353292,4.621746847988106e-05,0.0,0.0443522147834301,0.0,0.9556477665901184,41.09871292114258,0.0002562890585977584,-0.0036670046392828226,0.0020524656865745783,0.9032076001167297,0.03125,0.24531987309455872,0.0,0.0,0.0,0.0,35.04234313964844,0.17832684516906738,2093.0,42.46038818359375,496.010009765625,0.11616247147321701
906,-0.0017158715054392815,-0.0038547383155673742,0.019236735999584198,-0.00026861432706937194,0.00037035916466265917,-0.006071428302675486,0.001881095697171986,9.152459824690595e-05,0.0,0.0355902798473835,0.0,0.9644097089767456,41.103729248046875,1.4999999621068127e-05,-0.003532165428623557,0.0017850131262093782,0.9405478239059448,0.03035714291036129,0.25714388489723206,0.0,0.0,0.0,0.0,35.24735641479492,0.14560770988464355,2083.0,42.48044204711914,492.05999755859375,0.09639319777488708
907,-0.0016571438172832131,-0.003450170159339905,0.019724464043974876,-0.00014131997886579484,0.00042982789454981685,-0.012883598916232586,0.001904894132167101,0.00011362707300577313,0.0,0.0324571393430233,0.0,0.9675428867340088,41.106082916259766,9.999999747378752e-06,-0.004556141793727875,0.003818331053480506,0.9524471759796143,0.0644179955124855,0.2522168755531311,0.0,0.0,0.009259259328246117,0.0,35.10196304321289,0.15129733085632324,2091.0,42.491363525390625,468.6199951171875,-0.012007556855678558
908,-0.0016966243274509907,-0.003907811362296343,0.019405141472816467,-0.0003804597654379904,0.0004278993292246014,-0.007599206641316414,0.001862037112005055,0.00013027648674324155,0.0,0.0349256731569767,0.0,0.965074360370636,41.10865020751953,9.999999747378752e-06,-0.003541849320754409,0.002741790609434247,0.9310185313224792,0.03799603506922722,0.2500400245189667,0.0,0.0,0.0027777778450399637,0.0,36.78843688964844,0.14722704887390137,1996.0,42.50763702392578,484.8999938964844,0.08063650131225586
909,-0.0016898356843739748,-0.0035288960207253695,0.019416186958551407,-0.00034403009340167046,0.0004146875289734453,-0.007356902118772268,0.0018739619990810752,9.742050315253437e-05,0.0,0.0362141914665699,0.0,0.9637858271598816,41.11087417602539,9.999999747378752e-06,-0.003517831675708294,0.002290651435032487,0.9369810223579407,0.03678451478481293,0.2471196949481964,0.0,0.0,0.0,0.0,35.33787536621094,0.14730334281921387,2077.0,42.5131721496582,479.1300048828125,0.05989766865968704
910,-0.0017397834453731775,-0.0034821266308426857,0.019994163885712624,-0.00018527582869865,0.0004632124910131097,-0.0027777778450399637,0.001967592863366008,0.00010434645810164511,0.0,0.0363227017223835,0.0,0.9636772871017456,41.11238098144531,0.0029192925430834293,-0.0037299611140042543,0.00036348344292491674,0.9837963581085205,0.013888888992369175,0.24902984499931335,0.0,0.0,0.0,0.0,34.62477493286133,0.14635729789733887,2120.0,42.525726318359375,496.0400085449219,0.1517389714717865
911,-0.0016675982624292374,-0.004083650652319193,0.019786978140473366,-0.0008554442902095616,0.00040343045839108527,-0.013981481082737446,0.0019287036266177893,0.00012037196574965492,0.0,0.0370008684694767,0.0,0.962999165058136,41.11341857910156,9.999999747378752e-06,-0.00266254018060863,0.0034512013662606478,0.9643518924713135,0.06990741193294525,0.24970091879367828,0.0,0.0,0.0,0.0,30.841196060180664,0.1443781852722168,2379.0,42.527259826660156,475.0400085449219,-0.022396724671125412
912,-0.0017237967113032937,-0.003820406971499324,0.019829239696264267,-0.0004390738904476166,0.00041167117888107896,-0.004074074327945709,0.00195370358414948,0.00011283250933047384,0.0,0.0364718958735466,0.0,0.9635280966758728,41.11541748046875,0.004378939047455788,-0.0024162903428077698,0.0007460213382728398,0.9768518805503845,0.020370371639728546,0.2464480698108673,0.0,0.0,0.0,0.0,26.973955154418945,0.1453416347503662,2718.0,42.56117630004883,488.0199890136719,0.10447657108306885
913,-0.0017573689110577106,-0.0036884949076920748,0.019976219162344933,-0.000346794375218451,0.000371590256690979,-0.0018518519354984164,0.0018634258303791285,0.00017224816838279366,0.0,0.0339626744389534,0.0,0.9660373330116272,41.12273406982422,9.999999747378752e-06,-0.0006722491234540939,0.0032467397395521402,0.9317129850387573,0.009259259328246117,0.2512938976287842,0.0,0.0,0.0,0.0,29.5880069732666,0.14699959754943848,2479.0,42.58308410644531,496.739990234375,0.14530101418495178
914,-0.0017267200164496899,-0.004125997889786959,0.02031935565173626,-0.0005851302412338555,0.0003634623426478356,-0.004629630129784346,0.0019226190634071827,0.00010138007928617299,0.0,0.0320231132209301,0.0,0.9679768681526184,41.12492752075195,0.00011390625149942935,-0.002846773946657777,0.0014361732173711061,0.961309552192688,0.023148149251937866,0.25051552057266235,0.0,0.0,0.0,0.0,30.993480682373047,0.14704298973083496,2367.0,42.6023063659668,491.55999755859375,0.10699812322854996
915,-0.0017217807471752167,-0.003835971700027585,0.019958995282649994,-0.0003827210748568177,0.00037915766006335616,-0.006481482181698084,0.0019510802812874317,0.00010969903814839199,0.0,0.0323215052485466,0.0,0.9676784873008728,41.127986907958984,9.999999747378752e-06,-0.004851598758250475,0.0028137913905084133,0.9755401611328125,0.03240741044282913,0.2557712197303772,0.0,0.0,0.0,0.0,38.770729064941406,0.1766057014465332,1893.0,42.60882568359375,492.9599914550781,0.06092081591486931
916,-0.0017312697600573301,-0.004080329556018114,0.020123980939388275,-0.0006559258326888084,0.00039148901123553514,-0.00629629660397768,0.001925859833136201,0.00010756295523606241,0.0,0.0333116315305233,0.0,0.9666883945465088,41.13048553466797,0.0029192925430834293,-0.002677846234291792,0.0012949068332090974,0.9629298448562622,0.031481482088565826,0.24911096692085266,0.0,0.0,0.0,0.0,33.04579544067383,0.14513444900512695,2221.0,42.643218994140625,495.67999267578125,0.1439047008752823
917,-0.0017092532943934202,-0.0041053155437111855,0.020234163850545883,-0.000697311304975301,0.000405274098739028,-0.006272046361118555,0.0019241624977439642,0.00010673541692085564,0.0,0.03271484375,0.0,0.96728515625,41.137481689453125,9.999999747378752e-06,-0.004889684729278088,0.0026676722336560488,0.9620811939239502,0.03136023133993149,0.25062498450279236,0.0,0.0,0.0,0.0,36.018558502197266,0.14390969276428223,2038.0,42.65691375732422,483.79998779296875,0.05702134221792221
918,-0.0017470704624429345,-0.0042189317755401134,0.020418258383870125,-0.0009180640918202698,0.0003975574509240687,-0.0018518519354984164,0.001957715954631567,0.00011412667663535103,0.0,0.0338541679084301,0.0,0.9661458134651184,41.13929748535156,0.00038443360244855285,-0.002838823711499572,0.0007639656541869044,0.9788581132888794,0.009259259328246117,0.25267842411994934,0.0,0.0,0.0,0.0,33.37058639526367,0.14675140380859375,2199.0,42.6767578125,498.3900146484375,0.12898309528827667
919,-0.0017219597939401865,-0.004112753551453352,0.019864926114678383,-0.001130249467678368,0.0003781779669225216,-0.005145502742379904,0.0018247022526338696,8.929030445870012e-05,0.0,0.0331895612180233,0.0,0.9668104648590088,41.14253234863281,9.999999747378752e-06,-0.002821097383275628,0.0012362983543425798,0.9123511910438538,0.025727514177560806,0.2533387243747711,0.0,0.0,0.0,0.0,38.01865768432617,0.14698529243469238,1931.0,42.68532943725586,500.0,0.16228477656841278
920,-0.0017296542646363378,-0.004496022127568722,0.019658872857689857,-0.001743219792842865,0.0004191065381746739,-0.006787918973714113,0.001850925968028605,0.00010296063555870205,0.0,0.0329047329723835,0.0,0.9670952558517456,41.143253326416016,9.999999747378752e-06,-0.002450802596285939,0.002369018504396081,0.9254629611968994,0.03393959254026413,0.25166717171669006,0.0,0.0,0.0,0.0,35.55108642578125,0.18183445930480957,2063.0,42.68805694580078,495.4599914550781,0.08255082368850708
921,-0.0017354927258566022,-0.003960363566875458,0.0204992163926363,-0.0005003155092708766,0.0004728587518911809,-0.0006944444612599909,0.0019132716115564108,9.274866170017049e-05,0.0,0.0316297747194767,0.0,0.968370258808136,41.14434051513672,2.2500000341096893e-05,-0.002968094078823924,0.0005864136037416756,0.9566357731819153,0.0034722222480922937,0.251137375831604,0.0,0.0,0.0,0.0,34.9964485168457,0.14742422103881836,2097.0,42.696014404296875,497.010009765625,0.14394564926624298
922,-0.0017063406994566321,-0.004417602438479662,0.02048301324248314,-0.0011583016021177173,0.00040171120781451464,-0.009444445371627808,0.001934259315021336,0.00012076335406163707,0.0,0.0295274518430233,0.0,0.9704725742340088,41.145843505859375,9.999999747378752e-06,-0.0035206673201173544,0.0022241086699068546,0.9671295881271362,0.04722222313284874,0.25157254934310913,0.0,0.0,0.0,0.0,37.33797836303711,0.15706992149353027,1966.0,42.70149230957031,491.6499938964844,0.06812112033367157
923,-0.0016786858905106783,-0.004971685353666544,0.019993312656879425,-0.0016437371959909797,0.0004066716064698994,-0.01032407395541668,0.0019058643374592066,0.00014070064935367554,0.0,0.0298936627805233,0.0,0.9701063632965088,41.14710235595703,9.999999747378752e-06,-0.0036428121384233236,0.002716829301789403,0.9529321789741516,0.051620371639728546,0.2486378401517868,0.0,0.0,0.0,0.0,37.92955017089844,0.18945813179016113,1934.0,42.7088623046875,482.4200134277344,0.05113905668258667
924,-0.0017047047149389982,-0.004301933106034994,0.020333323627710342,-0.0005916102672927082,0.0004239112022332847,-0.004166666883975267,0.0018837302923202515,0.00015142450865823776,0.0,0.03009711392223835,0.0,0.9699028730392456,41.1480712890625,9.999999747378752e-06,-0.002377436961978674,0.0013286527246236801,0.941865086555481,0.0208333358168602,0.2502955496311188,0.0,0.0,0.0,0.0,30.937782287597656,0.15088963508605957,2371.0,42.71107864379883,488.17999267578125,0.10064663738012314
925,-0.0016565799014642835,-0.004086194559931755,0.02054986171424389,-0.0005415654159151018,0.0004086585540790111,-0.013293650932610035,0.001875000074505806,0.00010018163447966799,0.0,0.0295681431889534,0.0,0.9704318642616272,41.148658752441406,9.999999747378752e-06,-0.0031846300698816776,0.0033599070739001036,0.9375,0.0664682611823082,0.249042347073555,0.0,0.0,0.0,0.0,32.36542510986328,0.1439957618713379,2267.0,42.7145881652832,468.0400085449219,-0.021434633061289787
926,-0.0016550590516999364,-0.00463682459667325,0.020031094551086426,-0.0010833595879375935,0.00037212492316029966,-0.015185185708105564,0.0018666668329387903,0.00015035290562082082,0.0,0.0313720703125,0.0,0.9686279296875,41.15020751953125,9.999999747378752e-06,-0.0030351553577929735,0.001972560305148363,0.9333332777023315,0.07592592388391495,0.2488541156053543,0.0,0.0,0.0,0.0,29.35822105407715,0.14736413955688477,2498.0,42.72638702392578,478.3999938964844,0.029420912265777588
927,-0.0017189881764352322,-0.004790452308952808,0.019822604954242706,-0.0006535787833854556,0.0003569026303011924,-0.004351851996034384,0.0018291667802259326,7.726622425252572e-05,0.0,0.0325385220348835,0.0,0.9674614667892456,41.15254211425781,9.999999747378752e-06,-0.0027674322482198477,0.0009903570171445608,0.9145833253860474,0.021759260445833206,0.2514806091785431,0.0,0.0,0.0,0.0,31.33612060546875,0.1469099521636963,2341.0,42.737117767333984,494.4700012207031,0.1136026382446289
928,-0.0017026361310854554,-0.004593964200466871,0.019465187564492226,-0.0007642358541488647,0.00035839638439938426,-0.005423280876129866,0.0018763227853924036,7.263612496899441e-05,0.0,0.0330674909055233,0.0,0.9669325351715088,41.154335021972656,9.999999747378752e-06,-0.002825789852067828,0.0012064567999914289,0.9381614327430725,0.027116402983665466,0.2469956874847412,0.0,0.0,0.0,0.0,32.35055160522461,0.14602231979370117,2268.0,42.74297332763672,491.07000732421875,0.08966494351625443
929,-0.0017377518815919757,-0.004525263328105211,0.02046114206314087,-0.0005898221279494464,0.00036696804454550147,-0.0056547620333731174,0.0019386684289202094,0.00010974299220833927,0.0,0.0331353098154068,0.0,0.9668647050857544,41.15803527832031,0.004378939047455788,-0.0025645457208156586,0.0012483185855671763,0.9693343043327332,0.02827380783855915,0.25207510590553284,0.0,0.0,0.0,0.0,38.05520248413086,0.1468672752380371,1929.0,42.79292678833008,497.8500061035156,0.1290888488292694
930,-0.0017444943077862263,-0.004933560732752085,0.020056484267115593,-0.0007629802566953003,0.0003549749089870602,-0.0027777780778706074,0.0019196408102288842,0.00010654246580088511,0.0,0.0302870012819767,0.0,0.969713032245636,41.17853927612305,0.009852612391114235,-0.00506384763866663,0.13248296082019806,0.9598204493522644,0.013888888992369175,0.24701908230781555,0.0,0.0,0.0,0.0,34.9271240234375,0.14534997940063477,2102.0,42.915584564208984,495.7799987792969,0.10397762805223465
931,-0.0017309058457612991,-0.0048455544747412205,0.019847746938467026,-0.0005427933065220714,0.0003145955561194569,-0.003767837304621935,0.001842544530518353,9.374532965011895e-05,0.0,0.0302870012819767,0.0,0.969713032245636,41.19025802612305,9.999999747378752e-06,0.0064730108715593815,0.004723085556179285,0.9212722778320312,0.018839187920093536,0.25155213475227356,0.0,0.0,0.0,0.0,35.72538757324219,0.16891121864318848,2054.0,42.92168045043945,489.75,0.08856800198554993
932,-0.001742108608596027,-0.004767621401697397,0.02027495764195919,-0.0002994165406562388,0.00030423980206251144,-0.0007936508627608418,0.0018837300594896078,0.00011142283619847149,0.0,0.0294189453125,0.0,0.9705810546875,41.191322326660156,7.593750342493877e-05,-0.0031845723278820515,0.002100537298247218,0.941865086555481,0.003968254197388887,0.2486315369606018,0.0,0.0,0.0,0.0,33.89952850341797,0.14911770820617676,2165.0,42.93223190307617,495.5799865722656,0.1300911009311676
933,-0.001735956291668117,-0.0050725871697068214,0.02033677138388157,-0.0008958137477748096,0.0003076113644056022,-0.003703703870996833,0.0019078043987974524,0.00010781903256429359,0.0,0.0283338762819767,0.0,0.971666157245636,41.195579528808594,0.00017085937724914402,-0.0039033384528011084,0.0024142847396433353,0.9539021253585815,0.018518518656492233,0.24493905901908875,0.0,0.0,0.0,0.0,37.872169494628906,0.1451408863067627,1939.0,42.9605598449707,498.739990234375,0.13079385459423065
934,-0.0017239770386368036,-0.005191675387322903,0.020333684980869293,-0.000651006877887994,0.00029936106875538826,-0.002500000176951289,0.0019333333475515246,0.00012065123883076012,0.0,0.0263807512819767,0.0,0.973619282245636,41.19999694824219,0.0019461950287222862,-0.0039819395169615746,0.0016701327404007316,0.9666667580604553,0.012500000186264515,0.2529536485671997,0.0,0.0,0.0,0.0,35.09028244018555,0.1492469310760498,2092.0,42.982948303222656,491.75,0.107840895652771
935,-0.0016926558455452323,-0.004775779787451029,0.020272577181458473,-0.00027378523373045027,0.0003142023051623255,-0.00703703798353672,0.0017988537438213825,8.71637457748875e-05,0.0,0.02776421420276165,0.0,0.9722357988357544,41.2033805847168,9.999999747378752e-06,-0.0024614257272332907,0.00226610922254622,0.8994267582893372,0.035185184329748154,0.24742528796195984,0.0,0.0,0.0,0.0,34.10517120361328,0.1446681022644043,2152.0,42.991458892822266,495.7099914550781,0.1381499022245407
936,-0.0016427955124527216,-0.004500449635088444,0.020034875720739365,-0.00029595490195788443,0.0003163066867273301,-0.015319866128265858,0.0018240500940009952,0.00010196291259489954,0.0,0.0286729596555233,0.0,0.9713270664215088,41.20574951171875,0.0008649755618534982,-0.003896606620401144,0.004916575737297535,0.9120250344276428,0.07659932971000671,0.2513904571533203,0.0,0.0,0.0,0.0,35.269710540771484,0.145294189453125,2081.0,43.020904541015625,470.5799865722656,-0.0012248732382431626
937,-0.0017342960927635431,-0.004723206162452698,0.02047741413116455,-0.000776423083152622,0.0003078826703131199,-0.001719576888717711,0.0018313713371753693,0.0001148022711277008,0.0,0.0295545794069767,0.0,0.970445454120636,41.217830657958984,0.009852612391114235,-0.005473389755934477,0.007491748780012131,0.9156856536865234,0.008597884327173233,0.24592073261737823,0.0,0.0,0.0,0.0,37.220218658447266,0.14770722389221191,1973.0,43.1082763671875,500.0,0.156625896692276
938,-0.001678766799159348,-0.005133625119924545,0.019928302615880966,-0.0010263733565807343,0.00033841325785033405,-0.006349206902086735,0.0018064813921228051,0.00018222849757876247,0.0,0.0289577916264534,0.0,0.9710422158241272,41.22509765625,9.999999747378752e-06,0.0010957997292280197,0.0022984682582318783,0.9032407402992249,0.0317460298538208,0.24604876339435577,0.0,0.0,0.0,0.0,31.149553298950195,0.14796710014343262,2355.0,43.11333084106445,489.8900146484375,0.08642798662185669
939,-0.0016146937850862741,-0.0041395267471671104,0.020352192223072052,-0.0003618514456320554,0.00028944635414518416,-0.015555555932223797,0.0018152118427678943,0.000152327396790497,0.0,0.02864583395421505,0.0,0.9713541865348816,41.22610092163086,9.999999747378752e-06,-0.0037791074719280005,0.004415742587298155,0.9076059460639954,0.07777778059244156,0.2519467771053314,0.0,0.0,0.0,0.0,31.065366744995117,0.17787933349609375,2359.0,43.12348556518555,466.7200012207031,-0.02210319973528385
940,-0.001697179744951427,-0.004572948440909386,0.020402561873197556,-0.0005406865966506302,0.00035659249988384545,-0.004351852461695671,0.0018833333160728216,9.735699859447777e-05,0.0,0.027587890625,0.0,0.972412109375,41.227760314941406,9.999999747378752e-06,-0.001989962300285697,0.0014201845042407513,0.9416667222976685,0.021759260445833206,0.2520659863948822,0.0,0.0,0.0,0.0,30.169780731201172,0.14578795433044434,2432.0,43.130393981933594,488.57000732421875,0.10206452012062073
941,-0.0016581647796556354,-0.004644694272428751,0.019445521757006645,-0.000559829524718225,0.0002851944009307772,-0.01037037093192339,0.0017129629850387573,9.865649917628616e-05,0.0,0.0273708775639534,0.0,0.9726291298866272,41.229774475097656,0.0019461950287222862,-0.002817317843437195,0.0017755405278876424,0.8564815521240234,0.05185185372829437,0.24705208837985992,0.0,0.0,0.0,0.0,31.499221801757812,0.1702134609222412,2328.0,43.1505012512207,484.010009765625,0.06906577944755554
942,-0.0016467097448185086,-0.004573634825646877,0.020062096416950226,-0.0011287336237728596,0.0002811233280226588,-0.013101852498948574,0.0018346559954807162,0.00011416555935284123,0.0,0.02849663607776165,0.0,0.9715033769607544,41.233665466308594,9.999999747378752e-06,-0.0032145488075912,0.0025819861330091953,0.9173281192779541,0.06550925970077515,0.24686847627162933,0.0,0.0,0.0,0.0,34.12773513793945,0.1491224765777588,2150.0,43.15662384033203,490.3500061035156,0.07221377640962601
943,-0.0016606018180027604,-0.004584829322993755,0.01999806985259056,-0.0006330297910608351,0.0002823837858159095,-0.007451499346643686,0.0018747797003015876,0.00011997338879154995,0.0,0.02950032614171505,0.0,0.9704996943473816,41.23514175415039,9.999999747378752e-06,-0.003075637388974428,0.0026053981855511665,0.9373897910118103,0.03725749999284744,0.24655087292194366,0.0,0.0,0.0,0.0,32.94375228881836,0.17395401000976562,2226.0,43.17066192626953,486.8699951171875,0.08702420443296432
944,-0.001696031540632248,-0.004980131983757019,0.020249417051672935,-0.0011257425649091601,0.000310134346364066,-0.0011111112544313073,0.0018725490663200617,0.00013678202230948955,0.0,0.02996147982776165,0.0,0.9700385332107544,41.23802185058594,1.4999999621068127e-05,-0.002931318012997508,0.0006088982336223125,0.936274528503418,0.0055555556900799274,0.2510986924171448,0.0,0.0,0.0,0.0,36.933677673339844,0.18701577186584473,1986.0,43.187530517578125,496.1400146484375,0.1297834813594818
945,-0.0016721244901418686,-0.004704099148511887,0.020244939252734184,-0.0008151500369422138,0.0002950575726572424,-0.004814815241843462,0.0019398150034248829,0.00012433102529030293,0.0,0.03011067770421505,0.0,0.9698893427848816,41.241661071777344,0.0019461950287222862,-0.003069347934797406,0.0019249479519203305,0.9699074625968933,0.024074073880910873,0.24937354028224945,0.0,0.0,0.0,0.0,35.53350830078125,0.14974546432495117,2066.0,43.218528747558594,488.3900146484375,0.09949222952127457
946,-0.0016628416487947106,-0.004904713947325945,0.020541582256555557,-0.0007386095821857452,0.00032708063372410834,-0.0045370371080935,0.0019175925990566611,0.00011607344640651718,0.0,0.03107367642223835,0.0,0.9689263105392456,41.24703598022461,9.999999747378752e-06,-0.002583116525784135,0.0017817005282267928,0.9587963223457336,0.022685185074806213,0.25047925114631653,0.0,0.0,0.0,0.0,35.949893951416016,0.1862654685974121,2040.0,43.228004455566406,485.1400146484375,0.07871481776237488
947,-0.0016667364398017526,-0.004767205566167831,0.020151471719145775,-0.0006611093413084745,0.0002936012460850179,-0.004074074327945709,0.0019308862974867225,9.899766155285761e-05,0.0,0.0328776054084301,0.0,0.9671223759651184,41.2475471496582,9.999999747378752e-06,-0.0023611460346728563,0.0012815238442271948,0.9654430747032166,0.020370371639728546,0.2536071240901947,0.0,0.0,0.0,0.0,36.90766143798828,0.1491239070892334,1989.0,43.23065185546875,500.0,0.15969887375831604
948,-0.0016663417918607593,-0.004780381452292204,0.02014300972223282,-0.0004284520691726357,0.0002569067000877112,-0.0028769841883331537,0.0018590608378872275,0.00012627097021322697,0.0,0.0334879569709301,0.0,0.9665120244026184,41.249263763427734,0.0029192925430834293,-0.002762105315923691,0.0007214082288555801,0.9295304417610168,0.014384920708835125,0.2510608732700348,0.0,0.0,0.0,0.0,34.10858917236328,0.15170812606811523,2151.0,43.254966735839844,496.6000061035156,0.13532763719558716
949,-0.0016623104456812143,-0.005227325949817896,0.020406225696206093,-0.0005368231795728207,0.00028633890906348825,-0.003703703870996833,0.0019785717595368624,0.00013677336391992867,0.0,0.03106011264026165,0.0,0.9689399003982544,41.25400924682617,9.999999747378752e-06,-0.001713479752652347,0.0007451882120221853,0.9892857670783997,0.018518518656492233,0.2501845955848694,0.0,0.0,0.0,0.0,36.48128890991211,0.1483016014099121,2012.0,43.26607131958008,496.92999267578125,0.13824163377285004
950,-0.0016686689341440797,-0.005007155239582062,0.020402606576681137,-0.0008510215557180345,0.00028868645313195884,-0.003802909981459379,0.0019026874797418714,0.00012482679449021816,0.0,0.02913411520421505,0.0,0.9708659052848816,41.254634857177734,9.999999747378752e-06,-0.0033725842367857695,0.0016411732649430633,0.951343834400177,0.019014550372958183,0.25147581100463867,0.0,0.0,0.0,0.0,37.01945114135742,0.14575695991516113,1983.0,43.26948547363281,496.25,0.10842607915401459
951,-0.0016650162870064378,-0.004914748016744852,0.020377563312649727,-0.0007220293628051877,0.00026900615193881094,-0.0021825397852808237,0.001921296352520585,0.0001231148635270074,0.0,0.02693684957921505,0.0,0.9730631709098816,41.256019592285156,9.999999747378752e-06,-0.0028152030427008867,0.000951058347709477,0.960648238658905,0.010912698693573475,0.2510886788368225,0.0,0.0,0.0,0.0,34.90742874145508,0.1466808319091797,2103.0,43.2811164855957,492.42999267578125,0.11604420095682144
952,-0.0016723815351724625,-0.0045065260492265224,0.020714495331048965,-0.0009238424827344716,0.00032394766458310187,-0.0009259259677492082,0.00195370358414948,0.00015559322491753846,0.0,0.02689615823328495,0.0,0.9731038212776184,41.2582893371582,0.0029192925430834293,-0.004016825929284096,0.00023960457474458963,0.9768518805503845,0.004629629664123058,0.250396728515625,0.0,0.0,0.0,0.0,30.00014877319336,0.14772248268127441,2445.0,43.2964973449707,500.0,0.16073668003082275
953,-0.0016528007108718157,-0.004800958558917046,0.020607825368642807,-0.00046865749754942954,0.0002786580298561603,-0.005423280876129866,0.0018337302608415484,0.00011645365157164633,0.0,0.02408854104578495,0.0,0.9759114384651184,41.261878967285156,9.999999747378752e-06,-0.003641802119091153,0.0017172774532809854,0.9168650507926941,0.027116401121020317,0.24748601019382477,0.0,0.0,0.0,0.0,32.37282180786133,0.1488497257232666,2267.0,43.30923080444336,486.05999755859375,0.07980658859014511
954,-0.001667061005719006,-0.004322665277868509,0.02073832042515278,-0.00036227787495590746,0.0002826157142408192,0.0,0.0019537038169801235,8.420480298809707e-05,0.0,0.02313910610973835,0.0,0.9768608808517456,41.26507568359375,0.004378939047455788,-0.005284380633383989,9.680492803454399e-05,0.9768518805503845,0.0,0.24824421107769012,0.0,0.0,0.0,0.0,28.51551055908203,0.14786672592163086,2572.0,43.350303649902344,500.0,0.16441288590431213
955,-0.0016685796435922384,-0.00487420754507184,0.020475467666983604,-0.0004970204317942262,0.0003265485283918679,-0.002500000176951289,0.0019629630260169506,0.00014856034249532968,0.0,0.02168782614171505,0.0,0.9783121943473816,41.270511627197266,9.999999747378752e-06,-0.000924909021705389,0.0009107910445891321,0.9814815521240234,0.012500000186264515,0.2482268512248993,0.0,0.0,0.0,0.0,27.543590545654297,0.14740467071533203,2662.0,43.35737228393555,498.2799987792969,0.11909209191799164
956,-0.0016635176725685596,-0.004874711856245995,0.02018069662153721,-0.0007432125275954604,0.00030063785379752517,-0.004089506343007088,0.0019290124764665961,0.00011857318168040365,0.0,0.0207383893430233,0.0,0.9792616367340088,41.27305221557617,3.3749998692655936e-05,-0.0024421808775514364,0.0018519966397434473,0.9645061492919922,0.02044753171503544,0.2452477365732193,0.0,0.0,0.0,0.0,33.19219970703125,0.14620065689086914,2211.0,43.38534927368164,494.7799987792969,0.11272157728672028
957,-0.0016646393341943622,-0.0055717951618134975,0.020217711105942726,-0.0012269244762137532,0.00026045081904157996,-0.00278679677285254,0.0019484568620100617,0.000171530366060324,0.0,0.01911078579723835,0.0,0.9808892011642456,41.277679443359375,9.999999747378752e-06,-0.0032158433459699154,0.0013110676081851125,0.9742283225059509,0.013933983631432056,0.25034406781196594,0.0,0.0,0.0,0.0,37.173519134521484,0.17150115966796875,1974.0,43.39926528930664,494.79998779296875,0.08234100788831711
958,-0.0016570361331105232,-0.005200298968702555,0.020265702158212662,-0.00027676994795911014,0.00023194817185867578,-0.004056437406688929,0.001851587207056582,0.0001271880028070882,0.0,0.01957193948328495,0.0,0.9804280400276184,41.27971649169922,9.999999747378752e-06,-0.003115994855761528,0.0017022150568664074,0.9257936477661133,0.020282188430428505,0.2508018910884857,0.0,0.0,0.0,0.0,38.506778717041016,0.14972949028015137,1907.0,43.40959930419922,490.9100036621094,0.09159151464700699
959,-0.0016616246430203319,-0.005534678231924772,0.02074042335152626,-0.0004879852931480855,0.0002573951205704361,-0.0014880953822284937,0.0018893519882112741,0.00014014863700140268,0.0,0.0196804478764534,0.0,0.9803195595741272,41.28191375732422,3.3749998692655936e-05,-0.002465840894728899,0.0008770057465881109,0.944675862789154,0.0074404762126505375,0.25071266293525696,0.0,0.0,0.0,0.0,32.422523498535156,0.14608120918273926,2263.0,43.42485427856445,494.7300109863281,0.11499470472335815
960,-0.0016483981162309647,-0.005452542100101709,0.020562436431646347,-0.0002944306470453739,0.00027102770400233567,-0.0015432100044563413,0.00188280432485044,0.00014070988981984556,0.0,0.01909722201526165,0.0,0.9809027910232544,41.28505325317383,0.0029192925430834293,-0.003591734915971756,0.0005120612913742661,0.9414021372795105,0.0077160499058663845,0.24923256039619446,0.0,0.0,0.0,0.0,33.16390609741211,0.14995121955871582,2213.0,43.445404052734375,500.0,0.15002234280109406
961,-0.0016532022273167968,-0.005331094842404127,0.02057478576898575,-0.0003230768779758364,0.0002269888500450179,-0.0015432100044563413,0.0018368164310231805,0.00010935110913123935,0.0,0.0162353515625,0.0,0.9837646484375,41.28965377807617,9.999999747378752e-06,-0.0015360715333372355,0.0009609493426978588,0.9184082746505737,0.0077160499058663845,0.24689121544361115,0.0,0.0,0.0,0.0,37.75231170654297,0.1450817584991455,1945.0,43.460304260253906,493.6499938964844,0.10857252031564713
962,-0.0016474582953378558,-0.00545106315985322,0.020386749878525734,-8.747855463298038e-05,0.00022822980827186257,-0.0007936508627608418,0.0018526456551626325,0.00014442266547121108,0.0,0.01633029617369175,0.0,0.9836696982383728,41.29412841796875,0.009852612391114235,-0.0019384968327358365,0.0030672799330204725,0.9263227581977844,0.003968254197388887,0.2461196631193161,0.0,0.0,0.0,0.0,33.829124450683594,0.1516246795654297,2169.0,43.529964447021484,500.0,0.15809699892997742
963,-0.001646401360630989,-0.00519989337772131,0.020149359479546547,-0.0003132562560494989,0.00025102696963585913,-0.0021825397852808237,0.0018716270569711924,0.00013005280925426632,0.0,0.01581488735973835,0.0,0.9841850996017456,41.307533264160156,9.999999747378752e-06,-0.001515255426056683,0.0017141886055469513,0.9358134865760803,0.010912698693573475,0.25148138403892517,0.0,0.0,0.0,0.0,32.5909309387207,0.16242623329162598,2251.0,43.55299758911133,496.1199951171875,0.12655529379844666
964,-0.001642537652514875,-0.005182528402656317,0.020248014479875565,-0.00017182801093440503,0.00022088793048169464,-0.0036111113149672747,0.001880952506326139,0.0001523529354017228,0.0,0.015462239272892475,0.0,0.9845377802848816,41.310791015625,0.004378939047455788,-0.0025227738078683615,0.0010831275722011924,0.9404762387275696,0.01805555447936058,0.24646398425102234,0.0,0.0,0.0,0.0,38.414939880371094,0.14948558807373047,1911.0,43.594810485839844,493.44000244140625,0.12145009636878967
965,-0.0016599377850070596,-0.005128644406795502,0.02011243812739849,-0.00048284849617630243,0.00027738086646422744,0.0,0.0019351852824911475,0.00013104114623274654,0.0,0.015380859375,0.0,0.984619140625,41.31624221801758,0.009999999776482582,-0.006454512942582369,0.003276062197983265,0.9675926566123962,0.0,0.24568836390972137,0.0,0.0,0.0,0.0,33.821041107177734,0.1486654281616211,2170.0,43.591575622558594,500.0,0.1576233059167862
966,-0.001606662175618112,-0.004645145498216152,0.020410390570759773,-6.735436181770638e-05,0.0002481103874742985,-0.007870371453464031,0.0018928572535514832,0.00012873024388682097,0.0,0.0156521275639534,0.0,0.9843478798866272,41.31554412841797,0.004444444552063942,-0.004353038500994444,0.007840360514819622,0.9464285969734192,0.03935185447335243,0.24745698273181915,0.0,0.0,0.0,0.0,32.24089431762695,0.1467745304107666,2276.0,43.64068603515625,484.1400146484375,0.07715187966823578
967,-0.0016120059881359339,-0.0055891964584589005,0.02032516337931156,-0.0002726444508880377,0.00020340872288215905,-0.007777778897434473,0.0019388890359550714,0.00018818426178768277,0.0,0.01665581576526165,0.0,0.9833441972732544,41.324073791503906,9.999999747378752e-06,-0.0032835290767252445,0.0020486314315348864,0.9694445133209229,0.03888889029622078,0.2501443028450012,0.0,0.0,0.0,0.0,31.94820785522461,0.14942646026611328,2296.0,43.6588020324707,484.0899963378906,0.04956365376710892
968,-0.0016248872270807624,-0.005607209168374538,0.019875235855579376,-0.0002717462775763124,0.00023840274661779404,-0.003703703870996833,0.001912037143483758,0.00014044200361240655,0.0,0.01775444857776165,0.0,0.9822455644607544,41.326412200927734,0.0065684085711836815,-0.0023512961342930794,0.0008223917102441192,0.9560185670852661,0.018518518656492233,0.2535635232925415,0.0,0.0,0.0,0.0,27.192075729370117,0.1457657814025879,2696.0,43.69697952270508,494.20001220703125,0.10810346156358719
969,-0.0016117237973958254,-0.005328419152647257,0.020050164312124252,-0.00016077744658105075,0.00027999994927085936,-0.006666666828095913,0.0018018519040197134,0.00018323778931517154,0.0,0.0186631940305233,0.0,0.9813368320465088,41.34357452392578,0.009999999776482582,-0.004789732862263918,0.0021191691048443317,0.9009259343147278,0.03333333507180214,0.24815340340137482,0.0,0.0,0.0,0.0,32.49459457397461,0.14723634719848633,2258.0,43.83209991455078,479.92999267578125,0.05200718343257904
970,-0.0016734203090891242,-0.005577053874731064,0.020664125680923462,-0.00020462358952499926,0.00028323804144747555,0.0,0.0019392857793718576,0.00013537441554944962,0.0,0.01851399801671505,0.0,0.9814860224723816,41.35958480834961,0.009999999776482582,-0.008704783394932747,0.0006827584584243596,0.9696428775787354,0.0,0.24814163148403168,0.0,0.0,0.0,0.0,36.08549499511719,0.16742897033691406,2033.0,43.831077575683594,500.0,0.15256501734256744
971,-0.0016454143915325403,-0.005406440235674381,0.020277492702007294,-0.00023061275715008378,0.00026807255926541984,-0.0036111113149672747,0.0018944665789604187,0.00012688450806308538,0.0,0.01765950582921505,0.0,0.9823405146598816,41.35707092285156,0.001316872425377369,-0.002509143203496933,0.001251431182026863,0.9472332000732422,0.01805555447936058,0.25014930963516235,0.0,0.0,0.0,0.0,37.771324157714844,0.14704203605651855,1944.0,43.853614807128906,497.2200012207031,0.10805445909500122
972,-0.0016578789800405502,-0.005191755946725607,0.020130416378378868,-0.0001129157462855801,0.00025660291430540383,0.0,0.0019134680042043328,0.00012259978393558413,0.0,0.0167507603764534,0.0,0.9832492470741272,41.357177734375,0.009999999776482582,-0.009522057138383389,0.0001918045454658568,0.9567340016365051,0.0,0.2503305971622467,0.0,0.0,0.0,0.0,35.90573501586914,0.17667889595031738,2043.0,43.792625427246094,500.0,0.16008464992046356
973,-0.0016019539907574654,-0.0053907399997115135,0.020066523924469948,-7.701755384914577e-05,0.00020513257186394185,-0.0069047617726027966,0.0018061068840324879,0.0001260460849152878,0.0,0.0155164934694767,0.0,0.984483540058136,41.34349822998047,9.999999747378752e-06,-0.0013025354128330946,0.002123474143445492,0.9030534029006958,0.03452381119132042,0.2512994110584259,0.0,0.0,0.0,0.0,34.02566146850586,0.17639899253845215,2155.0,43.781822204589844,479.3599853515625,0.0473533533513546
974,-0.0016217374941334128,-0.005545059684664011,0.020669182762503624,-8.098505350062624e-05,0.00027580372989177704,-0.005013227462768555,0.001968915341421962,0.00016474969743285328,0.0,0.0174831822514534,0.0,0.9825168251991272,41.3452262878418,0.004378939047455788,-0.002382636768743396,0.0018252404406666756,0.9844576716423035,0.025066139176487923,0.2457798272371292,0.0,0.0,0.0,0.0,34.83671188354492,0.14609336853027344,2107.0,43.8145637512207,491.25,0.11623358726501465
975,-0.0016543546225875616,-0.005647628102451563,0.020827705040574074,-0.00015076794079504907,0.00027630539261735976,-0.0009259259677492082,0.001955026527866721,0.00018958708096761256,0.0,0.01852756179869175,0.0,0.9814724326133728,41.356754302978516,0.009852612391114235,-0.005031452048569918,0.0006213950109668076,0.9775131940841675,0.004629629664123058,0.25177398324012756,0.0,0.0,0.0,0.0,34.03824996948242,0.1665053367614746,2155.0,43.88409423828125,496.2300109863281,0.1425846368074417
976,-0.0016391859389841557,-0.005347651895135641,0.020687052980065346,-0.00012064139446010813,0.00028107964317314327,-0.004351851996034384,0.001955026527866721,0.00021709786960855126,0.0,0.0182020403444767,0.0,0.981797993183136,41.37068176269531,0.009999999776482582,-0.0047299545258283615,0.0023338638711720705,0.977513313293457,0.021759260445833206,0.25065577030181885,0.0,0.0,0.0,0.0,35.165679931640625,0.1522228717803955,2087.0,44.00092315673828,492.4700012207031,0.11932855099439621
977,-0.0016336572589352727,-0.005407111719250679,0.020347939804196358,-0.00010899471089942381,0.00026294164126738906,-0.005154321435838938,0.0019399693701416254,0.00018572119006421417,0.0,0.0196533203125,0.0,0.9803466796875,41.38613510131836,9.999999747378752e-06,-0.0015641298377886415,0.0030800821259617805,0.9699845910072327,0.025771604850888252,0.2527724802494049,0.0,0.0,0.0,0.0,31.833555221557617,0.15973281860351562,2304.0,44.02892303466797,498.5899963378906,0.13163580000400543
978,-0.0016461225459352136,-0.0056882887147367,0.020564062520861626,-7.550516602350399e-05,0.00023883460380602628,-0.003240741090849042,0.0019032829441130161,0.00017973361536860466,0.0,0.0199110247194767,0.0,0.980089008808136,41.388999938964844,0.0029192925430834293,-0.002627130364999175,0.0012712008319795132,0.9516414999961853,0.016203705221414566,0.24882881343364716,0.0,0.0,0.0,0.0,36.356597900390625,0.1491227149963379,2019.0,44.060882568359375,491.82000732421875,0.11016904562711716
979,-0.0016297234687954187,-0.004899234976619482,0.020675377920269966,-7.904266385594383e-05,0.00029082136461511254,-0.004814815241843462,0.0019249998731538653,0.00019540275388862938,0.0,0.02031792514026165,0.0,0.9796820878982544,41.40351867675781,0.009852612391114235,-0.004829764366149902,0.0010728099150583148,0.9625000357627869,0.024074073880910873,0.24841290712356567,0.0,0.0,0.0,0.0,32.9307861328125,0.14660286903381348,2228.0,44.15209197998047,492.2900085449219,0.12501287460327148
980,-0.0016515505267307162,-0.0054612308740615845,0.02052745595574379,-8.900679677026346e-05,0.00025345897302031517,-0.0018518519354984164,0.0019629630260169506,0.00020400009816512465,0.0,0.0194227434694767,0.0,0.980577290058136,41.41677474975586,0.009999999776482582,-0.004616406746208668,0.0006367724854499102,0.9814815521240234,0.009259259328246117,0.2463090419769287,0.0,0.0,0.0,0.0,31.393949508666992,0.14844465255737305,2337.0,44.1990966796875,495.7300109863281,0.1347281038761139
981,-0.0016280204290524125,-0.005306671839207411,0.02005583792924881,-8.264651114586741e-05,0.00022232010087464005,-0.0050925929099321365,0.0019398150034248829,0.00014464509149547666,0.0,0.0182020403444767,0.0,0.981797993183136,41.42798614501953,0.009999999776482582,-0.004163835197687149,0.0015846826136112213,0.9699074625968933,0.025462964549660683,0.2530371844768524,0.0,0.0,0.0,0.0,31.111177444458008,0.14852547645568848,2358.0,44.30462646484375,487.510009765625,0.09388934075832367
982,-0.0016382314497604966,-0.005319627001881599,0.020424939692020416,-8.418385550612584e-05,0.00022328236082103103,-0.003240741090849042,0.001941666821949184,0.00023875158512964845,0.0,0.01778157614171505,0.0,0.9822184443473816,41.446144104003906,0.009999999776482582,-0.0038382383063435555,0.0012535264249891043,0.9708333611488342,0.016203705221414566,0.2487446516752243,0.0,0.0,0.0,0.0,28.530195236206055,0.14845800399780273,2570.0,44.39917755126953,492.20001220703125,0.11579745262861252
983,-0.0016695918748155236,-0.005686342250555754,0.02043692208826542,-9.298256918555126e-05,0.00023869673896115273,-0.0018518519354984164,0.0019259260734543204,0.00019591495220083743,0.0,0.0171983502805233,0.0,0.9828016757965088,41.4595947265625,0.006666666828095913,-0.0037467272486537695,0.0005815335316583514,0.9629629850387573,0.009259259328246117,0.24838514626026154,0.0,0.0,0.0,0.0,29.898937225341797,0.148223876953125,2453.0,44.45675277709961,499.739990234375,0.13500173389911652
984,-0.0016615779604762793,-0.006032115779817104,0.020765280351042747,-9.863264858722687e-05,0.00020848178246524185,-0.0011111112544313073,0.001986111281439662,0.00021527255012188107,0.0,0.0161268450319767,0.0,0.983873188495636,41.47241973876953,0.009999999776482582,-0.003851725487038493,0.0005392567836679518,0.9930555820465088,0.0055555556900799274,0.2507277727127075,0.0,0.0,0.0,0.0,34.21352767944336,0.14603781700134277,2145.0,44.530487060546875,499.0799865722656,0.1346074342727661
985,-0.0016604854026809335,-0.0062865219078958035,0.020784487947821617,-0.00011842673120554537,0.0002598893770482391,0.0,0.001985690323635936,0.0002700267359614372,0.0,0.01590983010828495,0.0,0.9840901494026184,41.47580337524414,0.009999999776482582,-0.009402736090123653,0.0010074488818645477,0.9928451180458069,0.0,0.2522130608558655,0.0,0.0,0.0,0.0,35.85824203491211,0.1650240421295166,2046.0,44.49275207519531,500.0,0.15742041170597076
986,-0.0016405715141445398,-0.00607042433694005,0.02080543152987957,-8.091000199783593e-05,0.00022273557260632515,-0.0027777778450399637,0.0019231239566579461,0.00019784626783803105,0.0,0.01543511264026165,0.0,0.9845649003982544,41.47129821777344,0.009999999776482582,-0.004408934619277716,0.0011936520459130406,0.9615620374679565,0.013888888992369175,0.25076085329055786,0.0,0.0,0.0,0.0,38.34402084350586,0.1464524269104004,1915.0,44.537757873535156,500.0,0.15038827061653137
987,-0.001670041005127132,-0.006074734032154083,0.02010984718799591,-0.00010115488839801401,0.00022687895398121327,0.0,0.0019007937517017126,0.0001946274860529229,0.0,0.0147705078125,0.0,0.9852294921875,41.47504806518555,0.009999999776482582,-0.008218495175242424,0.00017241529712919146,0.9503968358039856,0.0,0.2523750364780426,0.0,0.0,0.0,0.0,32.62492370605469,0.14628052711486816,2249.0,44.51093673706055,500.0,0.15258212387561798
988,-0.0016384590417146683,-0.005655681248754263,0.020597198978066444,-8.00478519522585e-05,0.00020562499412335455,-0.002500000176951289,0.001930952537804842,0.00016917807806748897,0.0,0.01239691860973835,0.0,0.9876030683517456,41.47445297241211,0.009999999776482582,-0.0035687079653143883,0.0008523525903001428,0.9654762744903564,0.012500000186264515,0.2511370778083801,0.0,0.0,0.0,0.0,34.808528900146484,0.1504840850830078,2108.0,44.573387145996094,495.8299865722656,0.12731331586837769
989,-0.0016653022030368447,-0.0061495364643633366,0.02034631371498108,-8.584921306464821e-05,0.00018397143867332488,-0.0013888889225199819,0.0019206792348995805,0.00021683983504772186,0.0,0.0120985247194767,0.0,0.987901508808136,41.48748016357422,0.009999999776482582,-0.005463317967951298,0.0007361826719716191,0.9603395462036133,0.0069444444961845875,0.2504568099975586,0.0,0.0,0.0,0.0,34.776702880859375,0.14856934547424316,2111.0,44.638343811035156,495.760009765625,0.12961825728416443
990,-0.0016629394376650453,-0.005939270369708538,0.02042604237794876,-7.395233114948496e-05,0.00016484290244989097,0.0,0.0019087303662672639,0.00017691343964543194,0.0,0.011827257461845875,0.0,0.9881727695465088,41.493202209472656,0.009999999776482582,-0.009961291216313839,0.0002852666366379708,0.954365074634552,0.0,0.24963076412677765,0.0,0.0,0.0,0.0,32.457115173339844,0.17290163040161133,2259.0,44.640655517578125,500.0,0.14575068652629852
991,-0.001668931101448834,-0.00621249433606863,0.020148292183876038,-9.373271313961595e-05,0.00017337453027721494,0.0,0.001866203616373241,0.00016476285236421973,0.0,0.00946723110973835,0.0,0.9905327558517456,41.48688507080078,0.009999999776482582,-0.006813856307417154,0.0002439532254356891,0.9331018924713135,0.0,0.2543410658836365,0.0,0.0,0.0,0.0,35.51265335083008,0.1461045742034912,2067.0,44.62452697753906,500.0,0.1466040015220642
992,-0.0016677159583196044,-0.006217641290277243,0.020755773410201073,-8.165778126567602e-05,0.00015403471479658037,-0.0006944444612599909,0.0019194444175809622,0.00018603052012622356,0.0,0.00836859829723835,0.0,0.9916313886642456,41.48809051513672,0.009999999776482582,-0.003700001398101449,0.001017725095152855,0.9597222208976746,0.0034722222480922937,0.25377464294433594,0.0,0.0,0.0,0.0,35.36893844604492,0.15385985374450684,2075.0,44.658931732177734,500.0,0.15153442323207855
993,-0.0016640956746414304,-0.005730518139898777,0.020004719495773315,-7.570427260361612e-05,0.00016191203030757606,-0.0025462964549660683,0.0019351852824911475,0.0001920790964504704,0.0,0.007541232742369175,0.0,0.9924587607383728,41.49086380004883,0.009999999776482582,-0.003902499796822667,0.0011854851618409157,0.9675926566123962,0.012731482274830341,0.2496999055147171,0.0,0.0,0.0,0.0,31.359683990478516,0.14734840393066406,2340.0,44.70242691040039,497.6000061035156,0.12551181018352509
994,-0.001671220874413848,-0.006367234978824854,0.020468158647418022,-8.295760926557705e-05,0.00013762830349151045,0.0,0.0018194445874541998,0.00017804716480895877,0.0,0.007107204757630825,0.0,0.9928928017616272,41.491416931152344,0.009999999776482582,-0.010810530744493008,0.00013784112525172532,0.9097222089767456,0.0,0.24562934041023254,0.0,0.0,0.0,0.0,31.534570693969727,0.15174508094787598,2326.0,44.629417419433594,500.0,0.14770598709583282
995,-0.001679395791143179,-0.006369710434228182,0.019397569820284843,-7.781951717333868e-05,0.0001177784288302064,0.0,0.0018962962785735726,0.00016032108396757394,0.0,0.00629340298473835,0.0,0.9937065839767456,41.47305679321289,0.009999999776482582,-0.010120083577930927,0.00013090534775983542,0.9481480717658997,0.0,0.24551847577095032,0.0,0.0,0.0,0.0,31.01411247253418,0.1714305877685547,2364.0,44.54301071166992,500.0,0.14019855856895447
996,-0.0016732503427192569,-0.005914400797337294,0.019942501559853554,-7.314734102692455e-05,0.0001472800795454532,0.0,0.001908333390019834,0.00012329244054853916,0.0,0.0047743055038154125,0.0,0.995225727558136,41.46115493774414,0.009999999776482582,-0.01037132740020752,0.000359685713192448,0.9541667103767395,0.0,0.24855054914951324,0.0,0.0,0.0,0.0,25.851455688476562,0.1505279541015625,2835.0,44.51844787597656,500.0,0.14381512999534607
997,-0.0016730151837691665,-0.005979044828563929,0.019640304148197174,-7.201819971669465e-05,0.00014402545639313757,0.0,0.0019217593362554908,0.00010639653191901743,0.0,0.004150390625,0.0,0.995849609375,41.454246520996094,0.009999999776482582,-0.01002444140613079,8.947367314249277e-05,0.9608796238899231,0.0,0.2497210055589676,0.0,0.0,0.0,0.0,29.5859317779541,0.14600229263305664,2479.0,44.49725341796875,500.0,0.14200185239315033
998,-0.0016713327495381236,-0.005633950233459473,0.020221302285790443,-0.0001086704432964325,0.00016697749379090965,-0.0007936508627608418,0.0019341930747032166,0.00012429860362317413,0.0,0.0041910805739462376,0.0,0.9958088994026184,41.45420455932617,0.009999999776482582,-0.003921646159142256,0.0013675662921741605,0.9670965671539307,0.003968254197388887,0.25294506549835205,0.003968254197388887,0.0,0.0,0.0,33.77766799926758,0.14801311492919922,2173.0,44.56522750854492,500.0,0.15046949684619904
999,-0.0016535131726413965,-0.00543863233178854,0.020433751866221428,-9.172260615741834e-05,0.00017211520753335208,-0.0017283952329307795,0.001891065388917923,0.00019008318486157805,0.0,0.0045979819260537624,0.0,0.9954020380973816,41.4700813293457,0.009999999776482582,-0.004423405509442091,0.0016056759050115943,0.9455326795578003,0.008641975931823254,0.2518930435180664,0.0,0.0,0.0,0.0,36.07425308227539,0.14706969261169434,2035.0,44.66152572631836,500.0,0.15772995352745056
1000,-0.0016697319224476814,-0.005541700404137373,0.020667657256126404,-8.049495954765007e-05,0.0001725516776787117,0.0,0.0019106481922790408,0.00014410619041882455,0.0,0.0045301648788154125,0.0,0.995469868183136,41.48039245605469,0.009999999776482582,-0.011467019096016884,0.0006733405170962214,0.9553240537643433,0.0,0.24766141176223755,0.0,0.0,0.0,0.0,35.437618255615234,0.1473851203918457,2071.0,44.6417121887207,500.0,0.15892846882343292
1001,-0.0016509364359080791,-0.0056671747006475925,0.02032988891005516,-8.323346264660358e-05,0.00017054672935046256,-0.0020833334419876337,0.0018946871859952807,0.0002577686682343483,0.0,0.0046522351913154125,0.0,0.995347797870636,41.477413177490234,0.001316872425377369,-0.0024168004747480154,0.0009536874713376164,0.9473435282707214,0.010416666977107525,0.24625205993652344,0.0,0.0,0.0,0.0,31.905447006225586,0.19336700439453125,2296.0,44.65264892578125,495.8500061035156,0.10939435660839081
1002,-0.0016558628994971514,-0.005563722923398018,0.020195230841636658,-7.545026892330498e-05,0.00016422088083345443,-0.002698412863537669,0.0019137565977871418,0.00015228288248181343,0.0,0.0055338540114462376,0.0,0.9944661259651184,41.485252380371094,0.0005852766335010529,-0.003852612106129527,0.0009625466773286462,0.9568783640861511,0.01349206455051899,0.2498043328523636,0.0,0.0,0.0,0.0,37.64639663696289,0.14923834800720215,1950.0,44.70036697387695,492.6499938964844,0.10869301110506058
1003,-0.0016651259502395988,-0.0055086323991417885,0.019714931026101112,-7.705522875767201e-05,0.00015776354121044278,-0.0006944444612599909,0.0019226853037253022,0.00013261639105621725,0.0,0.0062120226211845875,0.0,0.9937880039215088,41.49134063720703,0.009999999776482582,-0.00739266537129879,0.00021502339222934097,0.9613426327705383,0.0034722222480922937,0.24922938644886017,0.0,0.0,0.0,0.0,33.68558883666992,0.15184855461120605,2178.0,44.72842788696289,500.0,0.14467297494411469
1004,-0.0016628005541861057,-0.005748891271650791,0.019069591537117958,-7.55056316847913e-05,0.00013175296771805733,0.0,0.0017545637674629688,0.00012177741155028343,0.0,0.005859375,0.0,0.994140625,41.484405517578125,0.009999999776482582,-0.008974664844572544,0.00014741630002390593,0.8772817850112915,0.0,0.24748942255973816,0.0,0.0,0.0,0.0,32.99699401855469,0.14816975593566895,2224.0,44.67107391357422,500.0,0.13851457834243774
1005,-0.001662732451222837,-0.005575192626565695,0.019070833921432495,-6.639265484409407e-05,0.00013504874368663877,-0.0020370371639728546,0.00191027345135808,0.00010756446135928854,0.0,0.0062391492538154125,0.0,0.993760883808136,41.487510681152344,0.009999999776482582,-0.003975509665906429,0.0014379688072949648,0.9551365971565247,0.010185185819864273,0.2561936378479004,0.0,0.0,0.0,0.0,37.729454040527344,0.1481914520263672,1946.0,44.78797149658203,492.2200012207031,0.09475138783454895
1006,-0.001661826972849667,-0.005300402175635099,0.019337650388479233,-6.289096199907362e-05,0.00014737035962752998,0.0,0.0019128968706354499,0.00011584730964386836,0.0,0.00634765625,0.0,0.99365234375,41.498809814453125,0.009999999776482582,-0.010490182787179947,0.000920961145311594,0.9564484357833862,0.0,0.24640494585037231,0.0,0.0,0.0,0.0,36.22352981567383,0.1471691131591797,2027.0,44.76792526245117,500.0,0.14441943168640137
1007,-0.001646976568736136,-0.005726180970668793,0.0188444834202528,-7.297033880604431e-05,0.0001260783610632643,-0.003240741090849042,0.0017646827036514878,5.6210199545603245e-05,0.0,0.0061170789413154125,0.0,0.993882954120636,41.491336822509766,9.999999747378752e-06,-0.002337645273655653,0.0007528791320510209,0.8823412656784058,0.016203705221414566,0.2442646026611328,0.0,0.0,0.0,0.0,32.81189727783203,0.14818286895751953,2236.0,44.7701301574707,496.0299987792969,0.11662303656339645
1008,-0.001654012710787356,-0.005148645024746656,0.01918368600308895,-7.138223008951172e-05,0.00013115871115587652,-0.00296296295709908,0.00178611115552485,8.092873758869246e-05,0.0,0.0068495008163154125,0.0,0.993150532245636,41.49337387084961,0.004378939047455788,-0.002493354259058833,0.000701159005984664,0.8930556178092957,0.014814815483987331,0.24342288076877594,0.0,0.0,0.0,0.0,30.895442962646484,0.1736586093902588,2373.0,44.80817413330078,495.6700134277344,0.12190929800271988
1009,-0.0016282902797684073,-0.005070975981652737,0.019434381276369095,-0.00021719180222135037,0.00015746495046187192,-0.0055555556900799274,0.001912037143483758,9.527149086352438e-05,0.0,0.0076768663711845875,0.0,0.9923231601715088,41.50940704345703,0.009999999776482582,-0.005546812433749437,0.0004906008252874017,0.9560185670852661,0.02777777798473835,0.2539385259151459,0.0,0.0,0.0,0.0,30.54843521118164,0.144423246383667,2402.0,44.91741180419922,495.9700012207031,0.12476416677236557
1010,-0.001638153218664229,-0.005276551004499197,0.019250858575105667,-7.95823652879335e-05,0.00016218054224736989,-0.0027777778450399637,0.0018425927264615893,0.0001193752177641727,0.0,0.008151584304869175,0.0,0.9918484091758728,41.51958084106445,0.009999999776482582,-0.004088621120899916,0.0012529492378234863,0.9212963581085205,0.013888888992369175,0.24519231915473938,0.0,0.0,0.0,0.0,29.060256958007812,0.1437816619873047,2524.0,44.95418167114258,495.82000732421875,0.13085943460464478
1011,-0.0016321911243721843,-0.005996346939355135,0.01977613940834999,-7.731282676104456e-05,0.00014052083133719862,-0.011574073694646358,0.0019444444915279746,0.00015930279914755374,0.0,0.009629991836845875,0.0,0.9903700351715088,41.525020599365234,9.999999747378752e-06,-0.0014450775925070047,0.0021278259810060263,0.9722222089767456,0.05787036940455437,0.24356640875339508,0.0,0.0,0.0,0.0,30.08255386352539,0.1518268585205078,2438.0,44.96674346923828,491.5799865722656,0.047721218317747116
1012,-0.001660238835029304,-0.005397612228989601,0.019865641370415688,-8.110844646580517e-05,0.00016699105617590249,-0.0007936508627608418,0.0019275794038549066,0.00011497020750539377,0.0,0.010579426772892475,0.0,0.9894205927848816,41.52650451660156,0.0029192925430834293,-0.0025523288641124964,0.00048220495227724314,0.9637896418571472,0.003968254197388887,0.24603870511054993,0.0,0.0,0.0,0.0,35.10004806518555,0.1466827392578125,2091.0,44.98953628540039,499.94000244140625,0.12770797312259674
1013,-0.001654012012295425,-0.005439328029751778,0.020137488842010498,-7.536461635027081e-05,0.00014437566278502345,-0.002407407620921731,0.0019109328277409077,0.0001258408447029069,0.0,0.01093207485973835,0.0,0.9890679121017456,41.54108810424805,0.009852612391114235,-0.0046019949950277805,0.0011002888204529881,0.9554663896560669,0.012037036940455437,0.24959403276443481,0.0,0.0,0.0,0.0,34.8559455871582,0.14526963233947754,2106.0,45.10771560668945,496.1099853515625,0.13513408601284027
1014,-0.0016573818866163492,-0.005649505648761988,0.01982949487864971,-7.925674435682595e-05,0.00014643876056652516,-0.0018055556574836373,0.0018825618317350745,0.00015096469724085182,0.0,0.011705187149345875,0.0,0.9882948398590088,41.55433654785156,0.0005852766335010529,-0.0017961213598027825,0.0008617673884145916,0.9412809014320374,0.00902777723968029,0.24815633893013,0.0,0.0,0.0,0.0,35.396339416503906,0.14739346504211426,2074.0,45.13185501098633,499.8500061035156,0.12355698645114899
1015,-0.0016451204428449273,-0.005245842970907688,0.01956569217145443,-7.163498230511323e-05,0.00016339017020072788,-0.0018518519354984164,0.0018933862447738647,0.0001746247144183144,0.0,0.011935763992369175,0.0,0.9880642294883728,41.5589599609375,0.009999999776482582,-0.00537357060238719,0.0012511657550930977,0.9466931223869324,0.009259259328246117,0.24912190437316895,0.0,0.0,0.0,0.0,34.3154296875,0.15394830703735352,2138.0,45.160831451416016,495.6300048828125,0.12544338405132294
1016,-0.0016450315015390515,-0.00538321677595377,0.01981433667242527,-9.19590747798793e-05,0.00018975394777953625,-0.006481482181698084,0.0019076719181612134,0.0002158542920369655,0.0,0.0118543840944767,0.0,0.988145649433136,41.56188201904297,0.001316872425377369,-0.0026071963366121054,0.0015137386508286,0.9538360238075256,0.03240741044282913,0.25176331400871277,0.0,0.0,0.0,0.0,35.48098373413086,0.14689230918884277,2069.0,45.180580139160156,500.0,0.14859671890735626
1017,-0.0016506718238815665,-0.005544735584408045,0.020233720541000366,-7.40397154004313e-05,0.00015273664030246437,-0.002500000176951289,0.0019228396704420447,0.00015269439609255642,0.0,0.011461046524345875,0.0,0.9885389804840088,41.571197509765625,0.006666666828095913,-0.004912137053906918,0.0009462281013838947,0.9614198803901672,0.012500000186264515,0.25144779682159424,0.0,0.0,0.0,0.0,34.10725784301758,0.14847660064697266,2152.0,45.26567840576172,495.4700012207031,0.11509809643030167
1018,-0.0016459092730656266,-0.0055232662707567215,0.020190436393022537,-8.032791811274365e-05,0.00018837997049558908,-0.005200617481023073,0.001986111281439662,0.0002390202134847641,0.0,0.013536241836845875,0.0,0.9864637851715088,41.58273696899414,9.999999747378752e-06,9.629628038965166e-06,0.0014137510443106294,0.9930555820465088,0.02600308693945408,0.24863916635513306,0.0,0.0,0.0,0.0,33.7884521484375,0.1484363079071045,2172.0,45.287742614746094,499.1300048828125,0.11528411507606506
1019,-0.0016532791778445244,-0.005165887996554375,0.020722756162285805,-7.65828081057407e-05,0.00021437110262922943,-0.002006172901019454,0.001913888962008059,0.00025995224132202566,0.0,0.01421440951526165,0.0,0.9857856035232544,41.585811614990234,0.004378939047455788,-0.002825613599270582,0.0007926686084829271,0.956944465637207,0.010030863806605339,0.2492607682943344,0.0,0.0,0.0,0.0,38.11874771118164,0.14812612533569336,1926.0,45.331764221191406,499.4800109863281,0.1449754685163498
1020,-0.0016401554457843304,-0.0054511395283043385,0.02053305134177208,-8.842556417221203e-05,0.0002206444914918393,-0.00592592591419816,0.00194907421246171,0.00017246033530682325,0.0,0.0147705078125,0.0,0.9852294921875,41.594852447509766,9.999999747378752e-06,-0.002715450944378972,0.0017577435355633497,0.9745371341705322,0.029629630967974663,0.24891546368598938,0.0,0.0,0.0,0.0,36.5925178527832,0.14524531364440918,2006.0,45.35547637939453,494.9800109863281,0.08101221174001694
1021,-0.001629434060305357,-0.005982352886348963,0.02036256529390812,-8.842386887408793e-05,0.00020417194173205644,-0.004550264682620764,0.001844709157012403,0.0002467387530487031,0.0,0.01627604104578495,0.0,0.9837239384651184,41.59859848022461,0.004378939047455788,-0.002916755387559533,0.0016031950945034623,0.9223545789718628,0.022751323878765106,0.24983644485473633,0.0,0.0,0.0,0.0,34.590614318847656,0.15000391006469727,2122.0,45.40790939331055,492.0799865722656,0.07389246672391891
1022,-0.0016434608260169625,-0.0058030723594129086,0.020988650619983673,-8.097851241473109e-05,0.00020746626250911504,-0.006812169682234526,0.001934656291268766,0.00028564222157001495,0.0,0.0174696184694767,0.0,0.982530415058136,41.60735321044922,9.999999747378752e-06,-0.0015218994813039899,0.0020721321925520897,0.9673280715942383,0.034060850739479065,0.24474409222602844,0.0,0.0,0.0,0.0,32.53536605834961,0.14792943000793457,2255.0,45.423255920410156,498.0799865722656,0.05523936077952385
1023,-0.001645348616875708,-0.005536518059670925,0.020606491714715958,-8.132868242682889e-05,0.00020157471590209752,-0.008240741677582264,0.0019351852824911475,0.00028577636112459004,0.0,0.01924641989171505,0.0,0.9807536005973816,41.61024856567383,0.00011390625149942935,-0.0028373554814606905,0.002421017037704587,0.9675926566123962,0.04120370373129845,0.2526492774486542,0.0,0.0,0.0,0.0,33.78307342529297,0.14705872535705566,2172.0,45.458038330078125,498.3800048828125,0.034267209470272064
1024,-0.0016315443208441138,-0.0060868957079946995,0.020900657400488853,-6.95399139658548e-05,0.00018063688185065985,-0.038941800594329834,0.0019722222350537777,0.00026025818078778684,0.0,0.02377658523619175,0.0,0.9762234091758728,41.618988037109375,0.00011390625149942935,-0.004494881723076105,0.004596311133354902,0.9861111044883728,0.19470900297164917,0.24677221477031708,0.0,0.0,0.0,0.0,27.306720733642578,0.1620323657989502,2684.0,45.50520706176758,496.3500061035156,-0.10382431000471115
1025,-0.0016341377049684525,-0.005419526714831591,0.020927341654896736,-0.0001206542001455091,0.00019735447131097317,-0.01537037082016468,0.001958333421498537,0.00017144599405582994,0.0,0.02752007357776165,0.0,0.9724799394607544,41.62629318237305,9.999999747378752e-06,-0.00476608844473958,0.0032793341670185328,0.9791666865348816,0.07685185223817825,0.25194257497787476,0.0,0.0,0.0,0.0,30.063318252563477,0.1610550880432129,2439.0,45.53431701660156,497.6199951171875,0.0018507178174331784
1026,-0.0016004068311303854,-0.0058430698700249195,0.021032631397247314,-0.00010548774298513308,0.00021317537175491452,-0.025287801399827003,0.001951799844391644,0.0002585564798209816,0.0,0.0330810546875,0.0,0.9669189453125,41.63111114501953,0.00038443360244855285,-0.0037205489352345467,0.009433118626475334,0.9758998155593872,0.12643899023532867,0.24657085537910461,0.0,0.0,0.0,0.0,36.99669647216797,0.1483900547027588,1984.0,45.571998596191406,486.05999755859375,-0.18601417541503906
1027,-0.0015901891747489572,-0.005222467239946127,0.020623454824090004,-8.035044447751716e-05,0.0001930016587721184,-0.024991381913423538,0.001957253087311983,0.0002687318774405867,0.0,0.0444200299680233,0.0,0.9555799961090088,41.64147186279297,9.999999747378752e-06,-0.005195384379476309,0.00811364222317934,0.978626549243927,0.12495691329240799,0.2504514157772064,0.0,0.0,0.0,0.0,36.383209228515625,0.1870412826538086,2016.0,45.614356994628906,488.05999755859375,-0.1397244781255722
1028,-0.0015992955304682255,-0.005436350125819445,0.020714038982987404,-7.771104719722643e-05,0.00020802979997824878,-0.027136245742440224,0.0019481482449918985,0.00018527178326621652,0.0,0.0558946393430233,0.0,0.9441053867340088,41.645694732666016,0.00011390625149942935,-0.0041768052615225315,0.007693347986787558,0.9740740656852722,0.13568122684955597,0.2501800060272217,0.0,0.0,0.0,0.0,37.17509841918945,0.14760351181030273,1975.0,45.63901138305664,493.5,-0.0629165768623352
1029,-0.0015559922903776169,-0.0053220815025269985,0.020257549360394478,-7.230212213471532e-05,0.00022123697272036225,-0.049351856112480164,0.0019109789282083511,0.0001870416454039514,0.0,0.0682373046875,0.0,0.9317626953125,41.652496337890625,0.0029192925430834293,-0.006302205845713615,0.010467683896422386,0.955489456653595,0.24675925076007843,0.2496677190065384,0.0,0.0,0.0,0.0,35.80881881713867,0.1878213882446289,2048.0,45.69624710083008,489.9700012207031,-0.16117100417613983
1030,-0.0015640215715393424,-0.00499046640470624,0.020284803584218025,-7.53425556467846e-05,0.00020083991694264114,-0.03828703612089157,0.001853174646385014,0.00018076275591738522,0.0,0.0824381485581398,0.0,0.9175618290901184,41.66339111328125,9.999999747378752e-06,0.000805604096967727,0.008942479267716408,0.9265873432159424,0.19143517315387726,0.2459430992603302,0.0,0.0,0.0,0.0,35.2227897644043,0.14772605895996094,2084.0,45.72510528564453,484.7699890136719,-0.09103914350271225
1031,-0.0015831637429073453,-0.0047463057562708855,0.020598335191607475,-8.369338320335373e-05,0.0002111031353706494,-0.022656187415122986,0.0019615741912275553,0.00019009127572644502,0.0,0.0934109166264534,0.0,0.9065890908241272,41.66603088378906,0.00038443360244855285,-0.004766854457557201,0.006003653164952993,0.9807870984077454,0.11328092962503433,0.2500546872615814,0.0,0.0,0.0,0.0,33.91257095336914,0.14847755432128906,2164.0,45.75558090209961,488.7200012207031,-0.07298515737056732
1032,-0.0015745286364108324,-0.004817469511181116,0.02092987671494484,-7.070767605910078e-05,0.00021307934366632253,-0.019365079700946808,0.001958730397745967,0.0002657384902704507,0.0,0.1000162735581398,0.0,0.8999837040901184,41.674747467041016,9.999999747378752e-06,-0.005219713319092989,0.0040757241658866405,0.9793650507926941,0.09682539850473404,0.2537704110145569,0.0,0.0,0.0,0.0,33.389617919921875,0.16687250137329102,2197.0,45.800437927246094,486.8900146484375,0.048979174345731735
1033,-0.001630053506232798,-0.004774704575538635,0.0206514373421669,-7.869952969485894e-05,0.00021801046386826783,-0.003888888983055949,0.001958333421498537,0.0002468089514877647,0.0,0.1026475727558136,0.0,0.8973524570465088,41.67863082885742,0.0029192925430834293,-0.002698207274079323,0.0010475872550159693,0.9791666865348816,0.01944444514811039,0.24839690327644348,0.0,0.0,0.0,0.0,36.084136962890625,0.1649782657623291,2033.0,45.824371337890625,499.9599914550781,0.14739172160625458
1034,-0.0016171782044693828,-0.005427864380180836,0.020680192857980728,-6.681358354398981e-05,0.00018275892944075167,-0.0035714288242161274,0.00194907421246171,0.00016360078006982803,0.0,0.1029052734375,0.0,0.8970947265625,41.68514633178711,9.999999747378752e-06,-0.002089462475851178,0.0014113050419837236,0.9745371341705322,0.01785714365541935,0.25018683075904846,0.0,0.0,0.0,0.0,33.66977310180664,0.14731168746948242,2180.0,45.853179931640625,495.8699951171875,0.12262658774852753
1035,-0.0016159521182999015,-0.005327357444912195,0.020925847813487053,-7.253118383232504e-05,0.00019297354447189718,-0.0006944444612599909,0.0019398150034248829,0.00019264427828602493,0.0,0.1018473282456398,0.0,0.8981526494026184,41.68796920776367,0.004378939047455788,-0.0033311948645859957,0.0004938837373629212,0.9699074625968933,0.0034722222480922937,0.2483287900686264,0.0,0.0,0.0,0.0,29.996109008789062,0.1465616226196289,2445.0,45.885284423828125,499.8299865722656,0.14178907871246338
1036,-0.0016169248847290874,-0.005313677713274956,0.02003512717783451,-7.413039566017687e-05,0.00016529661661479622,-0.005324074532836676,0.0018888890044763684,0.00023560707631986588,0.0,0.101209856569767,0.0,0.898790180683136,41.69467544555664,0.00011390625149942935,-0.002127451589331031,0.0012767271837219596,0.944444477558136,0.026620371267199516,0.2466312050819397,0.0,0.0,0.0,0.0,28.431617736816406,0.14577746391296387,2579.0,45.90851593017578,499.7300109863281,0.09659775346517563
1037,-0.0016183756524696946,-0.005276917479932308,0.020606275647878647,-7.471606659237295e-05,0.0001680833229329437,0.0,0.0019500000635161996,0.00016744258755352348,0.0,0.099134661257267,0.0,0.900865375995636,41.69601058959961,0.004378939047455788,-0.008298095315694809,0.00010225599544355646,0.9749999642372131,0.0,0.24719122052192688,0.0,0.0,0.0,0.0,28.8377685546875,0.1482710838317871,2543.0,45.90119171142578,500.0,0.15802742540836334
1038,-0.0016093470621854067,-0.005345120560377836,0.02101781964302063,-7.300938159460202e-05,0.0001632268395042047,0.0,0.0019768518395721912,0.00024208571994677186,0.0,0.094007708132267,0.0,0.905992329120636,41.68684387207031,0.006666666828095913,-0.00865175947546959,0.03787156194448471,0.9884260296821594,0.0,0.2505108416080475,0.0,0.0,0.0,0.0,31.396930694580078,0.14795351028442383,2337.0,45.848976135253906,500.0,0.16357676684856415
1039,-0.0016197235090658069,-0.005713535938411951,0.020319724455475807,-8.36026665638201e-05,0.00016235647490248084,0.0,0.0019666668958961964,0.00019951364083681256,0.0,0.0890570729970932,0.0,0.9109429121017456,41.683685302734375,0.009999999776482582,-0.0047563896514475346,0.01656172052025795,0.98333340883255,0.0,0.24414488673210144,0.0,0.0,0.0,0.0,30.649526596069336,0.14665627479553223,2394.0,45.864349365234375,500.0,0.15672574937343597
1040,-0.0016261031851172447,-0.005307546351104975,0.020699093118309975,-7.398430170724168e-05,0.00018358579836785793,0.0,0.0019190657185390592,0.0001624144206289202,0.0,0.0813259556889534,0.0,0.9186740517616272,41.68600845336914,0.009999999776482582,-0.006556025706231594,0.012048105709254742,0.9595328569412231,0.0,0.25041764974594116,0.0,0.0,0.0,0.0,36.76314926147461,0.14755940437316895,1997.0,45.888336181640625,500.0,0.15939457714557648
1041,-0.0016208525048568845,-0.005792518146336079,0.02071831002831459,-8.263682684628293e-05,0.00015503978647757322,0.0,0.001880246913060546,0.00020231603411957622,0.0,0.0686577707529068,0.0,0.9313422441482544,41.6915283203125,0.009999999776482582,-0.005410504061728716,0.009892579168081284,0.940123438835144,0.0,0.25228187441825867,0.0,0.0,0.0,0.0,35.571075439453125,0.14861059188842773,2064.0,45.96211242675781,500.0,0.15601782500743866
1042,-0.001585502177476883,-0.005595874972641468,0.02119290828704834,-8.720512414583936e-05,0.0001707968331174925,-0.003580247052013874,0.001867306069470942,0.00016456579032819718,0.0,0.0571017786860466,0.0,0.9428982138633728,41.70246887207031,0.009999999776482582,-0.006892085075378418,0.009386583231389523,0.9336531162261963,0.017901236191391945,0.24736346304416656,0.0,0.0,0.0,0.0,35.16964340209961,0.14861130714416504,2087.0,46.01732635498047,495.6300048828125,0.14217711985111237
1043,-0.0015928660286590457,-0.00507613830268383,0.02094613015651703,-0.00010136145283468068,0.00021265276882331818,-0.0020833334419876337,0.0019294754602015018,0.000286286958726123,0.0,0.0440131314098835,0.0,0.9559868574142456,41.70466613769531,0.00296296295709908,-0.009578229859471321,0.0043897125869989395,0.9647377133369446,0.010416666977107525,0.24539044499397278,0.0,0.0,0.0,0.0,33.29936218261719,0.18492579460144043,2201.0,46.00775909423828,495.8800048828125,0.14365336298942566
1044,-0.0016011925181373954,-0.005258949473500252,0.021077172830700874,-9.02724641491659e-05,0.00016866673831827939,0.0,0.0019039275357499719,0.00017854604811873287,0.0,0.02935112826526165,0.0,0.9706488847732544,41.69687271118164,0.009999999776482582,-0.0122561976313591,0.005913442000746727,0.9519637227058411,0.0,0.25018492341041565,0.0,0.0,0.0,0.0,35.5443229675293,0.1485304832458496,2065.0,45.949310302734375,500.0,0.15854650735855103
1045,-0.001580410753376782,-0.005536513868719339,0.02061626873910427,-0.00010200658289249986,0.0001970456214621663,-0.0028306879103183746,0.0019003968918696046,0.0002985872561112046,0.0,0.0193006731569767,0.0,0.980699360370636,41.691009521484375,0.009999999776482582,-0.0045172483660280704,0.00687504792585969,0.9501984715461731,0.014153439551591873,0.24501807987689972,0.0,0.0,0.0,0.0,32.72490692138672,0.1471424102783203,2242.0,45.97974395751953,496.07000732421875,0.1346822828054428
1046,-0.0015932853566482663,-0.005536751821637154,0.020774448290467262,-8.454886847175658e-05,0.00018731204909272492,-0.0011111112544313073,0.0018417550018057227,0.00026173758669756353,0.0,0.01152886264026165,0.0,0.9884711503982544,41.694007873535156,0.009999999776482582,-0.012382390908896923,0.005046101287007332,0.9208774566650391,0.0055555556900799274,0.25021836161613464,0.0,0.0,0.0,0.0,33.670719146728516,0.14561796188354492,2180.0,45.944725036621094,500.0,0.15727201104164124
1047,-0.001588189508765936,-0.0055194636806845665,0.020510008558630943,-0.00020177823898848146,0.0001665065938141197,-0.0006944444612599909,0.0019263890571892262,0.00018946838099509478,0.0,0.008897569961845875,0.0,0.9911024570465088,41.68656921386719,0.009999999776482582,-0.009393270127475262,0.0026267997454851866,0.9631944298744202,0.0034722222480922937,0.24945957958698273,0.0,0.0,0.0,0.0,34.33537673950195,0.14766693115234375,2138.0,45.936851501464844,500.0,0.150390625
1048,-0.0015640167985111475,-0.005639288108795881,0.020186586305499077,-0.00011241582251386717,0.00016229452739935368,-0.0055555556900799274,0.001858046860434115,0.00018249955610372126,0.0,0.007961696945130825,0.0,0.9920383095741272,41.68854904174805,0.009999999776482582,-0.007995079271495342,0.004109052941203117,0.9290234446525574,0.02777777798473835,0.24721813201904297,0.0,0.0,0.0,0.0,34.602447509765625,0.15086674690246582,2121.0,45.984947204589844,495.45001220703125,0.1291848123073578
1049,-0.0015695325564593077,-0.005732502322643995,0.02057676948606968,-9.153209975920618e-05,0.00019438654999248683,-0.004351851996034384,0.0018592593260109425,0.0002568024501670152,0.0,0.00800238735973835,0.0,0.9919975996017456,41.698097229003906,0.009999999776482582,-0.006310394965112209,0.003378497902303934,0.9296296238899231,0.021759260445833206,0.2516699433326721,0.0,0.0,0.0,0.0,34.22999572753906,0.15067338943481445,2144.0,46.06243896484375,487.8399963378906,0.09419684112071991
1050,-0.0015700054354965687,-0.005463723558932543,0.020447207614779472,-0.00012209296983201057,0.0002101114223478362,-0.003888888983055949,0.0018513227114453912,0.0001696306571830064,0.0,0.007785373367369175,0.0,0.9922146201133728,41.70815658569336,0.009999999776482582,-0.0063941930420696735,0.0015921599697321653,0.9256613850593567,0.01944444514811039,0.25418511033058167,0.0,0.0,0.0,0.0,32.2628173828125,0.14836406707763672,2274.0,46.10262680053711,491.5,0.11124523729085922
1051,-0.0015291133895516396,-0.006235423963516951,0.020832795649766922,-9.808257891563699e-05,0.00019822218746412545,-0.007962963543832302,0.0019064814550802112,0.0004546779964584857,0.0,0.009372287429869175,0.0,0.9906277060508728,41.71168899536133,9.999999747378752e-06,0.004176942165941,0.002577021485194564,0.953240692615509,0.03981481492519379,0.2505994439125061,0.0,0.0,0.0,0.0,30.030380249023438,0.14960789680480957,2442.0,46.11262512207031,474.9800109863281,0.03771630674600601
1052,-0.001488454407081008,-0.0045668696984648705,0.020718686282634735,-7.281872967723757e-05,0.0002509953046683222,-0.01685185171663761,0.0018222224898636341,0.00018695322796702385,0.0,0.012546115554869175,0.0,0.9874538779258728,41.7137565612793,0.0065684085711836815,-0.0025664702989161015,0.0027835278306156397,0.9111111164093018,0.08425925672054291,0.25520652532577515,0.0,0.0,0.0,0.0,32.14848327636719,0.16533637046813965,2281.0,46.14803695678711,478.489990234375,0.06833262741565704
1053,-0.0015815168153494596,-0.005454312078654766,0.02098102495074272,-8.672199328429997e-05,0.000234871098655276,-0.0027998238801956177,0.0019392857793718576,0.00024397624656558037,0.0,0.014119465835392475,0.0,0.9858805537223816,41.72534942626953,0.0019753086380660534,-0.0026407798286527395,0.0015457860426977277,0.9696428775787354,0.01399911753833294,0.2551453411579132,0.0,0.0,0.0,0.0,31.20524024963379,0.15010881423950195,2351.0,46.20537185668945,487.75,0.10577036440372467
1054,-0.0015888243215158582,-0.005613067653030157,0.020745230838656425,-8.535740926163271e-05,0.0002474678331054747,0.0,0.0019596563652157784,0.0002616874407976866,0.0,0.01513671875,0.0,0.98486328125,41.73258590698242,0.009999999776482582,-0.011712541803717613,0.00025236327201128006,0.9798281192779541,0.0,0.25409623980522156,0.0,0.0,0.0,0.0,36.100040435791016,0.1505739688873291,2033.0,46.227386474609375,500.0,0.16237227618694305
1055,-0.0015851682983338833,-0.005856007803231478,0.021028324961662292,-9.577682794770226e-05,0.00019073080329690129,0.0,0.0019097222248092294,0.00025435464340262115,0.0,0.015109592117369175,0.0,0.9848904013633728,41.72797775268555,0.009999999776482582,-0.009232490323483944,0.00020146729366388172,0.9548611044883728,0.0,0.25030338764190674,0.0,0.0,0.0,0.0,35.043174743652344,0.1790158748626709,2093.0,46.222328186035156,500.0,0.15768560767173767
1056,-0.0015942106256261468,-0.005771862808614969,0.02106226049363613,-9.542631596559659e-05,0.0002043398271780461,-0.0006172839784994721,0.0019416888244450092,0.00022553915914613754,0.0,0.014309353195130825,0.0,0.9856906533241272,41.7343635559082,0.009999999776482582,-0.006246181670576334,0.0005267797387205064,0.9708443880081177,0.003086419776082039,0.25357893109321594,0.0,0.0,0.0,0.0,37.15353012084961,0.14937400817871094,1976.0,46.290748596191406,500.0,0.15914364159107208
1057,-0.0015643484657630324,-0.0058871181681752205,0.020860580727458,-8.396295743295923e-05,0.0002248633827548474,-0.0027777778450399637,0.0018771605100482702,0.00026416953187435865,0.0,0.0137939453125,0.0,0.9862060546875,41.74105453491211,0.009999999776482582,-0.004935889504849911,0.0005868827574886382,0.9385802149772644,0.013888888992369175,0.2478172481060028,0.0,0.0,0.0,0.0,36.70317459106445,0.14797425270080566,2000.0,46.3148193359375,495.8699951171875,0.13441848754882812
1058,-0.0015691015869379044,-0.005450370721518993,0.021077090874314308,-8.629009971627966e-05,0.0002176546404371038,-0.0035714288242161274,0.001928530866280198,0.00021835359802935272,0.0,0.0147705078125,0.0,0.9852294921875,41.75082778930664,0.009999999776482582,-0.004183514043688774,0.0016380655579268932,0.9642654061317444,0.01785714365541935,0.24518854916095734,0.0,0.0,0.0,0.0,36.524009704589844,0.15006208419799805,2010.0,46.41712951660156,495.8800048828125,0.1439065784215927
1059,-0.0015526387142017484,-0.005540572106838226,0.020678184926509857,-8.508389146300033e-05,0.0001939705543918535,-0.006435185205191374,0.0018781746039167047,0.0002546982141211629,0.0,0.015407986007630825,0.0,0.9845920205116272,41.77256774902344,0.009999999776482582,-0.005286066792905331,0.001568101579323411,0.9390873312950134,0.03217592462897301,0.2521722912788391,0.0,0.0,0.0,0.0,34.238128662109375,0.14588427543640137,2144.0,46.526031494140625,487.0799865722656,0.10054104030132294
1060,-0.001570116146467626,-0.005534628871828318,0.02105814591050148,-9.65489525697194e-05,0.0002710208063945174,-0.003339947434142232,0.0019476190209388733,0.00024684431264176965,0.0,0.01688639260828495,0.0,0.9831135869026184,41.79136657714844,0.009999999776482582,-0.0052841645665466785,0.0007713940576650202,0.973809540271759,0.016699736937880516,0.24753369390964508,0.0,0.0,0.0,0.0,36.37713623046875,0.1483001708984375,2018.0,46.61377716064453,500.0,0.16442282497882843
1061,-0.0015958509175106883,-0.005884760990738869,0.020892934873700142,-9.537241567159072e-05,0.00023630354553461075,-0.0009259259677492082,0.0019666666630655527,0.00030737576889805496,0.0,0.01691352017223835,0.0,0.9830864667892456,41.804283142089844,0.009999999776482582,-0.007412507198750973,0.0005325598758645356,0.98333340883255,0.004629629664123058,0.24807564914226532,0.0,0.0,0.0,0.0,33.797115325927734,0.1483147144317627,2171.0,46.68647384643555,496.2900085449219,0.13779714703559875
1062,-0.0015782478731125593,-0.005784676410257816,0.02089823968708515,-7.594418275402859e-05,0.00020890925952699035,-0.004706790205091238,0.0019483023788779974,0.00027007272001355886,0.0,0.01904296875,0.0,0.98095703125,41.812320709228516,0.0008779149502515793,-0.0032091804314404726,0.0010693833464756608,0.9741513133049011,0.023533949628472328,0.24682161211967468,0.0,0.0,0.0,0.0,34.67389678955078,0.14841628074645996,2117.0,46.74422836303711,496.6099853515625,0.13992643356323242
1063,-0.0015422150027006865,-0.005660065449774265,0.020990783348679543,-8.241994510171935e-05,0.0002456048096064478,-0.008333333767950535,0.0019166668644174933,0.0002106996689690277,0.0,0.01962619461119175,0.0,0.9803737998008728,41.8228759765625,0.006666666828095913,-0.005125388037413359,0.002066854853183031,0.9583333134651184,0.0416666679084301,0.24750185012817383,0.0,0.0,0.0,0.0,30.5410213470459,0.14639854431152344,2402.0,46.822174072265625,479.20001220703125,0.06136759743094444
1064,-0.0015795243671163917,-0.006028606556355953,0.02103087678551674,-8.120036363834515e-05,0.00022786537010688335,-0.0027777778450399637,0.0018888890044763684,0.00033747509587556124,0.0,0.02022298239171505,0.0,0.9797770380973816,41.834991455078125,0.009999999776482582,-0.005768440198153257,0.0004369783273432404,0.944444477558136,0.013888888992369175,0.24814267456531525,0.0,0.0,0.0,0.0,32.23313522338867,0.1884021759033203,2274.0,46.855403900146484,495.7900085449219,0.1406632512807846
1065,-0.0015986181097105145,-0.006368146277964115,0.02108210325241089,-7.920978532638401e-05,0.00021789349557366222,0.0,0.0019240741385146976,0.00023458215582650155,0.0,0.01848687045276165,0.0,0.9815131425857544,41.83012008666992,0.009999999776482582,-0.011682560667395592,0.0001063907184288837,0.9620370864868164,0.0,0.2509102523326874,0.0,0.0,0.0,0.0,29.359983444213867,0.1534438133239746,2498.0,46.806304931640625,500.0,0.1552220582962036
1066,-0.0015717388596385717,-0.005859153810888529,0.0209038145840168,-6.850123463664204e-05,0.00018032404477708042,-0.003703703870996833,0.0018796295626088977,0.00023110213805921376,0.0,0.015163845382630825,0.0,0.9848361611366272,41.824012756347656,0.009999999776482582,-0.004136736039072275,0.0008144137100316584,0.9398148655891418,0.018518518656492233,0.2503182888031006,0.0,0.0,0.0,0.0,31.493362426757812,0.14841461181640625,2330.0,46.839454650878906,491.7200012207031,0.12030099332332611
1067,-0.001589361927472055,-0.0058141169138252735,0.020590776577591896,-7.93145882198587e-05,0.00024793416378088295,-0.0027777778450399637,0.0018949074437841773,0.00022627429279964417,0.0,0.014322916977107525,0.0,0.9856770634651184,41.83488082885742,0.009999999776482582,-0.005937523208558559,0.0004656630044337362,0.9474537372589111,0.013888888992369175,0.25874605774879456,0.0,0.0,0.0,0.0,33.094749450683594,0.14635658264160156,2217.0,46.92753982543945,495.7900085449219,0.1361151933670044
1068,-0.0015826583839952946,-0.0060676694847643375,0.02107332833111286,-9.036231494974345e-05,0.00022412622638512403,-0.0013888889225199819,0.0019276876701042056,0.00020665538613684475,0.0,0.014065212570130825,0.0,0.9859347939491272,41.84372329711914,0.009999999776482582,-0.004609507042914629,0.00038242709706537426,0.9638438820838928,0.0069444444961845875,0.2521461546421051,0.0,0.0,0.0,0.0,35.549537658691406,0.16813111305236816,2064.0,46.96539306640625,500.0,0.15467111766338348
1069,-0.0015860710991546512,-0.005940112750977278,0.020974811166524887,-7.872560672694817e-05,0.00021135192946530879,-0.0018518519354984164,0.0018994709243997931,0.0002470786275807768,0.0,0.0144178606569767,0.0,0.985582172870636,41.84312057495117,0.009999999776482582,-0.00701414979994297,0.0005127378390170634,0.9497354626655579,0.009259259328246117,0.24778668582439423,0.0,0.0,0.0,0.0,36.43400955200195,0.14583420753479004,2015.0,46.94526672363281,499.8699951171875,0.14169685542583466
1070,-0.0015622969949617982,-0.005191014148294926,0.020733041688799858,-0.00010574411135166883,0.00024203381326515228,-0.005839947145432234,0.001935427775606513,0.0003497327270451933,0.0,0.01531304232776165,0.0,0.9846869707107544,41.84510803222656,0.009999999776482582,-0.005427156575024128,0.0019989879801869392,0.9677138924598694,0.029199736192822456,0.25007137656211853,0.0,0.0,0.0,0.0,38.96193313598633,0.14685678482055664,1885.0,47.03314208984375,483.3699951171875,0.08002813905477524
1071,-0.0015735719352960587,-0.005209848750382662,0.020909840241074562,-7.297805132111534e-05,0.0002177149144699797,-0.004292930010706186,0.0019565417896956205,0.0002565559116192162,0.0,0.0179443359375,0.0,0.9820556640625,41.86116409301758,0.004444444552063942,-0.002358768368139863,0.0018520023440942168,0.9782708287239075,0.021464645862579346,0.2551899552345276,0.0,0.0,0.0,0.0,34.31709671020508,0.14885330200195312,2139.0,47.101932525634766,487.2300109863281,0.1029105931520462
1072,-0.0015659723430871964,-0.006267827935516834,0.021062331274151802,-7.032431312836707e-05,0.00019208343292120844,-0.0027314817998558283,0.0018637159373611212,0.00028087003738619387,0.0,0.01737467385828495,0.0,0.9826253056526184,41.87018966674805,0.001316872425377369,-0.0035017416812479496,0.001355845364741981,0.9318579435348511,0.013657407835125923,0.25363799929618835,0.0,0.0,0.0,0.0,34.616722106933594,0.1494765281677246,2120.0,47.13745880126953,488.32000732421875,0.09773813188076019
1073,-0.0015567683149129152,-0.005737500265240669,0.021148789674043655,-8.819319918984547e-05,0.00020075461361557245,-0.004629629664123058,0.0019115081522613764,0.00030189845710992813,0.0,0.01752387173473835,0.0,0.9824761152267456,41.88397216796875,0.009999999776482582,-0.0044472115114331245,0.0012583743082359433,0.9557539820671082,0.023148149251937866,0.2520553171634674,0.0,0.0,0.0,0.0,35.513648986816406,0.17784380912780762,2065.0,47.27278518676758,488.19000244140625,0.10264401137828827
1074,-0.001575940870679915,-0.0058463504537940025,0.021007942035794258,-7.986385753611103e-05,0.00020103603310417384,-0.0022222225088626146,0.0019152116728946567,0.00023296907602343708,0.0,0.0164930559694767,0.0,0.983506977558136,41.90320587158203,0.009999999776482582,-0.004624251276254654,0.0009334881324321032,0.95760577917099,0.011111111380159855,0.24722814559936523,0.0,0.0,0.0,0.0,35.981170654296875,0.1484529972076416,2040.0,47.34606170654297,491.3999938964844,0.11761733144521713
1075,-0.0015928881475701928,-0.0059025404043495655,0.021050337702035904,-0.00010817003203555942,0.00022385844204109162,0.0,0.0019398150034248829,0.0003234128816984594,0.0,0.01666937954723835,0.0,0.9833306074142456,41.90778350830078,0.009999999776482582,-0.010732178576290607,0.00011846949200844392,0.9699074625968933,0.0,0.24314697086811066,0.0,0.0,0.0,0.0,34.911869049072266,0.14914321899414062,2102.0,47.36309051513672,500.0,0.1612044870853424
1076,-0.0016058299224823713,-0.005372669082134962,0.02095828205347061,-0.00011982261639786884,0.00024022704747039825,0.0,0.001942129572853446,0.0002323540102224797,0.0,0.014390734024345875,0.0,0.9856092929840088,41.90718460083008,0.009999999776482582,-0.004450064618140459,0.00012988665548618883,0.9710648655891418,0.0,0.24774810671806335,0.0,0.0,0.0,0.0,33.73698806762695,0.14974308013916016,2175.0,47.4149284362793,500.0,0.16109797358512878
1077,-0.001577115966938436,-0.005674164742231369,0.021039821207523346,-9.600204066373408e-05,0.0002542615111451596,-0.0025462964549660683,0.0018541666213423014,0.0006743056001141667,0.0,0.01325141079723835,0.0,0.9867485761642456,41.92306137084961,0.009999999776482582,-0.001984710805118084,0.0008964256849139929,0.9270833134651184,0.012731482274830341,0.2474253922700882,0.0,0.0,0.0,0.0,30.59337043762207,0.1461493968963623,2398.0,47.54179763793945,491.6600036621094,0.12572215497493744
1078,-0.001499203615821898,-0.005268419627100229,0.020981399342417717,-8.367198461201042e-05,0.00023297552252188325,-0.014166666194796562,0.001886111218482256,0.0002564081223681569,0.0,0.013888888992369175,0.0,0.9861111044883728,41.94872283935547,0.009999999776482582,-0.005239405203610659,0.003140731481835246,0.9430555701255798,0.07083334028720856,0.24730896949768066,0.0,0.0,0.0,0.0,31.77260398864746,0.17460250854492188,2307.0,47.72457504272461,467.0899963378906,0.00048656819853931665
1079,-0.0014594318345189095,-0.005552330520004034,0.02032698318362236,-7.240118429763243e-05,0.00019241201516706496,-0.018108466640114784,0.0018189154798164964,0.00019092283037025481,0.0,0.01874457485973835,0.0,0.9812554121017456,41.97502899169922,0.0002601229352876544,-0.003613811219111085,0.002927431371062994,0.9094577431678772,0.09054233133792877,0.24297060072422028,0.0,0.0,0.0,0.0,29.269153594970703,0.1411144733428955,2506.0,47.7879638671875,466.07000732421875,-0.003074668813496828
1080,-0.001517128199338913,-0.005815346725285053,0.020954906940460205,-6.885967013658956e-05,0.00020040276285726577,-0.011494709178805351,0.001886508078314364,0.0003069357480853796,0.0,0.0212673619389534,0.0,0.9787326455116272,41.985984802246094,0.006666666828095913,-0.004467588383704424,0.002230989746749401,0.9432539343833923,0.0574735552072525,0.2526666820049286,0.0,0.0,0.0,0.0,30.875757217407227,0.14571547508239746,2376.0,47.892730712890625,475.44000244140625,0.038376305252313614
1081,-0.0015514702536165714,-0.005358124617487192,0.020422669127583504,-6.769292667740956e-05,0.00020629131176974624,-0.004969136323779821,0.0018947531934827566,0.00028849163209088147,0.0,0.02300347201526165,0.0,0.9769965410232544,42.00776290893555,0.009999999776482582,-0.0030789722222834826,0.0013324066530913115,0.947376549243927,0.024845680221915245,0.2510453760623932,0.0,0.0,0.0,0.0,34.649009704589844,0.14374780654907227,2119.0,48.00227737426758,490.9700012207031,0.12039854377508163
1082,-0.0015073309186846018,-0.005642412230372429,0.0203676950186491,-8.525959856342524e-05,0.00022441448527388275,-0.008719136007130146,0.0018718474311754107,0.00036331056617200375,0.0,0.02376302145421505,0.0,0.9762369990348816,42.027130126953125,0.009999999776482582,-0.003616424510255456,0.0020153969526290894,0.93592369556427,0.043595682829618454,0.25106099247932434,0.0,0.0,0.0,0.0,38.85504150390625,0.1441960334777832,1890.0,48.13929748535156,486.69000244140625,0.09707573056221008
1083,-0.0015699596842750907,-0.0053726560436189175,0.021113529801368713,-7.758645369904116e-05,0.00023231192608363926,0.0,0.0019439817406237125,0.0003224482061341405,0.0,0.02507866732776165,0.0,0.9749213457107544,42.042484283447266,0.009999999776482582,-0.012643893249332905,0.0001328706566710025,0.9719908237457275,0.0,0.24603308737277985,0.0,0.0,0.0,0.0,35.284263610839844,0.14136338233947754,2081.0,48.158607482910156,500.0,0.1632922887802124
1084,-0.001561698387376964,-0.004622890148311853,0.020874716341495514,-7.656520756427199e-05,0.0002335561002837494,-0.004034391604363918,0.0018709436990320683,0.0002576136030256748,0.0,0.02425130270421505,0.0,0.9757487177848816,42.04631423950195,0.009999999776482582,-0.003851520363241434,0.001215993775986135,0.9354718327522278,0.020171957090497017,0.24637599289417267,0.0,0.0,0.0,0.0,36.37619400024414,0.14376115798950195,2018.0,48.24368667602539,491.3599853515625,0.12992502748966217
1085,-0.0015138546004891396,-0.00553499162197113,0.020670777186751366,-9.220539504894987e-05,0.00020191962539684027,-0.008309083059430122,0.0018784832209348679,0.0003918471629731357,0.0,0.0241834856569767,0.0,0.975816547870636,42.0650749206543,0.009999999776482582,-0.003262760816141963,0.0022909471299499273,0.9392416477203369,0.04154541343450546,0.25076499581336975,0.0,0.0,0.0,0.0,39.30679702758789,0.148634672164917,1868.0,48.36318588256836,487.3399963378906,0.0999789908528328
1086,-0.0015502102905884385,-0.005407901480793953,0.021061450242996216,-8.551887731300667e-05,0.00022731251374352723,-0.003765432396903634,0.0018929013749584556,0.0001909494021674618,0.0,0.02520073764026165,0.0,0.9747992753982544,42.08728790283203,0.009999999776482582,-0.004674326162785292,0.001523333485238254,0.9464506506919861,0.0188271626830101,0.24629637598991394,0.0,0.0,0.0,0.0,37.00545883178711,0.14150476455688477,1984.0,48.482322692871094,487.2799987792969,0.09623988717794418
1087,-0.0015321552054956555,-0.005402033682912588,0.020663553848862648,-7.653770444449037e-05,0.000231291662203148,-0.005972222425043583,0.0018976852297782898,0.0002827610878739506,0.0,0.02555338479578495,0.0,0.9744465947151184,42.10532760620117,0.006666666828095913,-0.0034228002186864614,0.0017188345082104206,0.9488425850868225,0.02986111305654049,0.24672473967075348,0.0,0.0,0.0,0.0,34.98008728027344,0.1453251838684082,2098.0,48.579833984375,487.6199951171875,0.09463289380073547
1088,-0.0015429341001436114,-0.00546528585255146,0.020703554153442383,-8.237438305513933e-05,0.0002544403250794858,-0.003703703870996833,0.0018980822060257196,0.00043569671106524765,0.0,0.02654351107776165,0.0,0.9734565019607544,42.12427520751953,0.009999999776482582,-0.005545970983803272,0.000652920687571168,0.9490410685539246,0.018518518656492233,0.24804313480854034,0.0,0.0,0.0,0.0,37.20417404174805,0.14277052879333496,1974.0,48.690818786621094,495.8999938964844,0.14277927577495575
1089,-0.0015581529587507248,-0.005798006430268288,0.021075578406453133,-0.0001009069019346498,0.0002741107309702784,0.0,0.001915740896947682,0.0002508653560653329,0.0,0.0263671875,0.0,0.9736328125,42.12833786010742,0.009999999776482582,-0.011384769342839718,0.0001605874131200835,0.957870364189148,0.0,0.2491459846496582,0.0,0.0,0.0,0.0,33.72047805786133,0.16260170936584473,2175.0,48.6345100402832,500.0,0.16178840398788452
1090,-0.001537321018986404,-0.004661716520786285,0.020341645926237106,-8.196049748221412e-05,0.0003077092405874282,-0.005478395614773035,0.0019637346267700195,0.00031483900966122746,0.0,0.02750650979578495,0.0,0.9724934697151184,42.128475189208984,0.009999999776482582,-0.003291674191132188,0.0013723343145102262,0.981867253780365,0.02739197574555874,0.2523270845413208,0.0,0.0,0.0,0.0,32.5056037902832,0.18531179428100586,2255.0,48.759124755859375,487.2799987792969,0.10471968352794647
1091,-0.001509337336756289,-0.005712094251066446,0.020678212866187096,-8.63376262714155e-05,0.00030124300974421203,-0.0069444444961845875,0.0018240743083879352,0.0002311677671968937,0.0,0.0284288190305233,0.0,0.9715712070465088,42.15525817871094,0.009999999776482582,-0.0030662682838737965,0.0015339181991294026,0.9120371341705322,0.0347222238779068,0.25245097279548645,0.0,0.0,0.0,0.0,30.28267478942871,0.1497023105621338,2422.0,48.90385818481445,487.4700012207031,0.09917657822370529
1092,-0.0015672497684136033,-0.0058304546400904655,0.020667994394898415,-8.846890705171973e-05,0.00024700790527276695,0.0,0.0019814814440906048,0.0005071915802545846,0.0,0.02701822854578495,0.0,0.9729817509651184,42.165794372558594,0.009999999776482582,-0.011870330199599266,0.0012480693403631449,0.9907407760620117,0.0,0.24568778276443481,0.0,0.0,0.0,0.0,31.421205520629883,0.14629745483398438,2335.0,48.88277816772461,500.0,0.1600298285484314
1093,-0.0015561545733362436,-0.005941600538790226,0.02094906009733677,-9.694339678389952e-05,0.00025060182088054717,-0.0018518519354984164,0.0019226191798225045,0.0004726779880002141,0.0,0.02263726107776165,0.0,0.9773627519607544,42.16222381591797,0.00296296295709908,-0.0026103348936885595,0.0008282145718112588,0.961309552192688,0.009259259328246117,0.24826200306415558,0.0,0.0,0.0,0.0,33.31653594970703,0.14638376235961914,2203.0,48.918819427490234,499.3999938964844,0.13495907187461853
1094,-0.001528840628452599,-0.005845858249813318,0.020241517573595047,-7.955879846122116e-05,0.00023622285516466945,-0.0018518519354984164,0.0019333333475515246,0.0002440585958538577,0.0,0.01987033523619175,0.0,0.9801296591758728,42.172630310058594,0.0019753086380660534,-0.0038400457706302404,0.00048645021161064506,0.9666666388511658,0.009259259328246117,0.2520831227302551,0.0,0.0,0.0,0.0,30.490943908691406,0.14579534530639648,2406.0,48.98162078857422,496.20001220703125,0.1380673348903656
1095,-0.0015138573944568634,-0.005063931457698345,0.020209038630127907,-9.627997496863827e-05,0.00029070168966427445,-0.007506614085286856,0.001918761059641838,0.0002298079925822094,0.0,0.01825629360973835,0.0,0.9817436933517456,42.17848205566406,9.999999747378752e-06,-0.0026280609890818596,0.001708048745058477,0.9593804478645325,0.037533070892095566,0.2485949695110321,0.0,0.0,0.0,0.0,33.80130386352539,0.14728879928588867,2171.0,49.00439453125,487.4599914550781,0.0944509357213974
1096,-0.001543148304335773,-0.005067466292530298,0.02043144591152668,-0.0001002646895358339,0.0002857031358871609,-0.0036135162226855755,0.0019360450096428394,0.000284675566945225,0.0,0.0190565325319767,0.0,0.980943500995636,42.18117904663086,0.0029192925430834293,-0.0025178289506584406,0.0013089878484606743,0.9680224657058716,0.018067579716444016,0.2514256536960602,0.0,0.0,0.0,0.0,36.80543899536133,0.14452314376831055,1995.0,49.03688049316406,491.7799987792969,0.12312932312488556
1097,-0.0015307451831176877,-0.006068147718906403,0.02055581472814083,-8.711617556400597e-05,0.0002445303834974766,-0.0027777780778706074,0.0018725307891145349,0.0003072440449614078,0.0,0.0190700963139534,0.0,0.9809299111366272,42.193904876708984,0.009852612391114235,-0.00474607665091753,0.0010122139938175678,0.9362654089927673,0.013888888992369175,0.2553415298461914,0.0,0.0,0.0,0.0,36.12228012084961,0.14399147033691406,2032.0,49.13546371459961,495.7699890136719,0.12898322939872742
1098,-0.0015287311980500817,-0.005053880158811808,0.020351644605398178,-8.006081770872697e-05,0.000279072584817186,-0.003395061707124114,0.0019115081522613764,0.0003250087611377239,0.0,0.0191650390625,0.0,0.9808349609375,42.202640533447266,9.999999747378752e-06,-0.0005739963962696493,0.0011223341571167111,0.9557539820671082,0.01697530783712864,0.25078150629997253,0.0,0.0,0.0,0.0,36.16077423095703,0.15030980110168457,2030.0,49.15129470825195,491.8500061035156,0.12448740750551224
1099,-0.0015509226359426975,-0.005637187976390123,0.02055842988193035,-9.339475218439475e-05,0.0002623896871227771,-0.0009259259677492082,0.0019614198245108128,0.0003442608576733619,0.0,0.01677788607776165,0.0,0.9832221269607544,42.2043571472168,0.0029192925430834293,-0.00315061560831964,0.00053437240421772,0.9807099103927612,0.004629629664123058,0.24934668838977814,0.0,0.0,0.0,0.0,36.159053802490234,0.14567065238952637,2030.0,49.17580795288086,499.739990234375,0.13561031222343445
1100,-0.0015269358409568667,-0.00578406872227788,0.02047099359333515,-9.270108421333134e-05,0.00023381847131531686,-0.0018518519354984164,0.0019753561355173588,0.00032162893330678344,0.0,0.01571994461119175,0.0,0.9842800498008728,42.21046447753906,0.0008649755618534982,-0.0017912335461005569,0.00032795380684547126,0.9876781105995178,0.009259259328246117,0.251052588224411,0.0,0.0,0.0,0.0,36.261898040771484,0.14592552185058594,2025.0,49.20246124267578,500.0,0.15499232709407806
1101,-0.0015304522821679711,-0.005539830308407545,0.020357200875878334,-7.59397735237144e-05,0.0002536998363211751,-0.004166666883975267,0.0019317902624607086,0.0002293573779752478,0.0,0.013536241836845875,0.0,0.9864637851715088,42.2127685546875,9.999999747378752e-06,-0.0014587461482733488,0.0009036879637278616,0.9658951163291931,0.02083333395421505,0.24515271186828613,0.0,0.0,0.0,0.0,31.618791580200195,0.17149686813354492,2319.0,49.2116584777832,495.4700012207031,0.11599966883659363
1102,-0.0015362027334049344,-0.005207440350204706,0.020424408838152885,-7.48064776416868e-05,0.00022233329946175218,-0.0013888889225199819,0.001910185208544135,0.00024884744198061526,0.0,0.012600368820130825,0.0,0.9873996376991272,42.21437072753906,0.0029192925430834293,-0.00309448828920722,0.0005315105081535876,0.9550926685333252,0.0069444444961845875,0.24850159883499146,0.0,0.0,0.0,0.0,33.12305450439453,0.14724040031433105,2216.0,49.23210906982422,496.1000061035156,0.13877712190151215
1103,-0.00153637514449656,-0.004920251201838255,0.02051827870309353,-7.641596312168986e-05,0.0002318865736015141,-0.0011111112544313073,0.00195493851788342,0.0002325875248061493,0.0,0.013020833022892475,0.0,0.9869791865348816,42.21849822998047,9.999999747378752e-06,0.003577150171622634,0.000425514328526333,0.9774691462516785,0.0055555556900799274,0.25280746817588806,0.0,0.0,0.0,0.0,36.114288330078125,0.14626336097717285,2033.0,49.244178771972656,500.0,0.16444915533065796
1104,-0.0015219830675050616,-0.005533877294510603,0.02024132013320923,-9.183301881421357e-05,0.00022593991889152676,-0.006851851940155029,0.001956481486558914,0.00023842086375225335,0.0,0.012301974929869175,0.0,0.9876980185508728,42.219539642333984,1.4999999621068127e-05,-0.0031466970685869455,0.00215528579428792,0.9782407879829407,0.034259259700775146,0.2523103952407837,0.0,0.0,0.0,0.0,31.813758850097656,0.14522266387939453,2306.0,49.25421142578125,491.3399963378906,0.056251171976327896
1105,-0.0015111546963453293,-0.00532812112942338,0.019899630919098854,-8.157257252605632e-05,0.00024180782202165574,-0.003888888983055949,0.0019074074225500226,0.0003696064231917262,0.0,0.013644748367369175,0.0,0.9863552451133728,42.22266387939453,0.0029192925430834293,-0.0029030912555754185,0.0009127964731305838,0.953703761100769,0.01944444514811039,0.24811257421970367,0.0,0.0,0.0,0.0,31.5881290435791,0.14802050590515137,2323.0,49.2930793762207,491.9700012207031,0.11282607913017273
1106,-0.0014868744183331728,-0.005251276306807995,0.019905919209122658,-0.00011033245391445234,0.0002004437701543793,-0.008055556565523148,0.0019240741385146976,0.0003199614002369344,0.0,0.01471625454723835,0.0,0.9852837324142456,42.230003356933594,9.999999747378752e-06,-0.002699838252738118,0.0020641412120312452,0.9620370864868164,0.04027777910232544,0.25010183453559875,0.0,0.0,0.0,0.0,31.321258544921875,0.18856382369995117,2339.0,49.31377410888672,482.8699951171875,0.07470697164535522
1107,-0.0015539671294391155,-0.005013505462557077,0.01966165564954281,-7.761931192362681e-05,0.00025011837715283036,-0.003240741090849042,0.001967592863366008,0.000359509140253067,0.0,0.0168592669069767,0.0,0.983140766620636,42.23210906982422,0.0019461950287222862,-0.002312324708327651,0.0007384149939753115,0.9837963581085205,0.016203705221414566,0.24598442018032074,0.0,0.0,0.0,0.0,31.061328887939453,0.15297484397888184,2361.0,49.33808135986328,495.9700012207031,0.11610493063926697
1108,-0.0015364871360361576,-0.005242830608040094,0.020257918164134026,-7.82405404606834e-05,0.0002657125878613442,-0.0034680136013776064,0.0019781747832894325,0.0002731235872488469,0.0,0.01726616732776165,0.0,0.9827338457107544,42.236427307128906,9.999999747378752e-06,-0.0016240972327068448,0.001241241698153317,0.9890873432159424,0.01734006777405739,0.2515518367290497,0.0,0.0,0.0,0.0,32.84267807006836,0.17731380462646484,2232.0,49.34827423095703,499.1300048828125,0.10083518177270889
1109,-0.001538498792797327,-0.00540202995762229,0.01995713636279106,-7.49455502955243e-05,0.00024139154993463308,-0.002006172901019454,0.001971230376511812,0.0003773038333747536,0.0,0.01718478836119175,0.0,0.9828152060508728,42.238399505615234,0.0019461950287222862,-0.0028173637110739946,0.0012158136814832687,0.985615074634552,0.010030863806605339,0.2507435977458954,0.0,0.0,0.0,0.0,34.5570068359375,0.1511993408203125,2124.0,49.37484359741211,499.3800048828125,0.10591156035661697
1110,-0.0015357865486294031,-0.005265828222036362,0.01978273130953312,-7.963039388414472e-05,0.00025357186677865684,-0.003902116557583213,0.0019437832524999976,0.00028024116181768477,0.0,0.0171034075319767,0.0,0.982896625995636,42.24374771118164,9.999999747378752e-06,-0.0011111873900517821,0.0012068332871422172,0.9718916416168213,0.019510583952069283,0.2495388686656952,0.0,0.0,0.0,0.0,38.5648078918457,0.18442058563232422,1902.0,49.391441345214844,499.7799987792969,0.13046890497207642
1111,-0.001522739534266293,-0.005213636439293623,0.019294211640954018,-7.530832226620987e-05,0.0002223945048172027,-0.006712962873280048,0.001969907432794571,0.000224384042667225,0.0,0.0181884765625,0.0,0.9818115234375,42.245182037353516,0.0005766503745689988,-0.0027613022830337286,0.0021589980460703373,0.984953761100769,0.033564817160367966,0.2515381872653961,0.0,0.0,0.0,0.0,39.36053466796875,0.14465880393981934,1866.0,49.40683364868164,495.29998779296875,0.10636245459318161
1112,-0.0015163791831582785,-0.005751784425228834,0.019464032724499702,-7.956701301736757e-05,0.0001994213816942647,-0.009444444440305233,0.001882716198451817,0.00029294428532011807,0.0,0.0195176862180233,0.0,0.9804823398590088,42.248939514160156,9.999999747378752e-06,0.002371391747146845,0.0018173718126490712,0.9413580298423767,0.04722222313284874,0.2512636184692383,0.0,0.0,0.0,0.0,36.22206115722656,0.14841651916503906,2027.0,49.42522430419922,498.5199890136719,0.087005116045475
1113,-0.0015276763588190079,-0.00526563310995698,0.019635498523712158,-6.672852759948e-05,0.00020994848455302417,-0.006309524178504944,0.001977248815819621,0.00018535942945163697,0.0,0.0218777135014534,0.0,0.9781222939491272,42.251583099365234,0.0029192925430834293,-0.002724221907556057,0.0024981233291327953,0.9886243939399719,0.03154762089252472,0.2500585615634918,0.0,0.0,0.0,0.0,36.8167610168457,0.14653587341308594,1994.0,49.46339416503906,498.4599914550781,0.0674588605761528
1114,-0.001523694023489952,-0.0058343312703073025,0.01956154592335224,-9.133481216849759e-05,0.0002095839736284688,-0.0022817461285740137,0.001934656291268766,0.00039544032188132405,0.0,0.02361382357776165,0.0,0.9763861894607544,42.25959014892578,9.999999747378752e-06,1.3844286513631232e-05,0.001192259369418025,0.9673280715942383,0.01140872947871685,0.24896474182605743,0.0,0.0,0.0,0.0,34.80759811401367,0.14445066452026367,2109.0,49.487701416015625,495.57000732421875,0.10396163910627365
1115,-0.0014972493518143892,-0.00617435434833169,0.019285231828689575,-8.794284076429904e-05,0.00020411737204995006,-0.006410935427993536,0.00195493851788342,0.0004137757350690663,0.0,0.02518717385828495,0.0,0.9748128056526184,42.26183319091797,1.4999999621068127e-05,-0.0019033526768907905,0.00228629307821393,0.9774691462516785,0.03205467760562897,0.24936924874782562,0.0,0.0,0.0,0.0,31.148351669311523,0.14600586891174316,2355.0,49.50702667236328,490.32000732421875,0.048149093985557556
1116,-0.0015242228982970119,-0.006077686790376902,0.019877221435308456,-8.655502460896969e-05,0.0002485803561285138,-0.004166666883975267,0.001999999862164259,0.0003928774385713041,0.0,0.026611328125,0.0,0.973388671875,42.265777587890625,0.0029192925430834293,-0.002799118170514703,0.00133738003205508,1.0,0.02083333395421505,0.2511192858219147,0.0,0.0,0.0,0.0,36.321022033691406,0.14830231666564941,2021.0,49.54603958129883,499.7099914550781,0.08555173873901367
1117,-0.0015157487941905856,-0.005551057402044535,0.01957903988659382,-7.870151603128761e-05,0.00025193692999891937,-0.007561729289591312,0.001965740928426385,0.00030303001403808594,0.0,0.0286729596555233,0.0,0.9713270664215088,42.276424407958984,9.999999747378752e-06,-0.0044180164113640785,0.001965852687135339,0.98287034034729,0.03780864551663399,0.25161170959472656,0.0,0.0,0.0,0.0,34.60545349121094,0.14772605895996094,2121.0,49.59600830078125,495.55999755859375,0.08711879700422287
1118,-0.0014986813766881824,-0.006094583310186863,0.01953020505607128,-9.270967711927369e-05,0.00021727995772380382,-0.016327161341905594,0.0019021605839952826,0.0004421317426022142,0.0,0.0337456613779068,0.0,0.9662543535232544,42.2803840637207,0.00017085937724914402,-0.002594741526991129,0.0035465415567159653,0.951080322265625,0.08163581043481827,0.24641864001750946,0.0,0.0,0.0,0.0,31.832983016967773,0.18923711776733398,2302.0,49.62098693847656,489.5299987792969,0.027233319357037544
1119,-0.0015524431364610791,-0.005150394514203072,0.019976314157247543,-0.00010045727685792372,0.00024302311067003757,-0.002500000176951289,0.0019351852824911475,0.0003204809327144176,0.0,0.0336778424680233,0.0,0.9663221836090088,42.287322998046875,0.004378939047455788,-0.0038411070127040148,0.0008147950284183025,0.9675926566123962,0.012500000186264515,0.24801652133464813,0.0,0.0,0.0,0.0,28.5230770111084,0.14731597900390625,2571.0,49.67816925048828,499.7200012207031,0.11458805948495865
1120,-0.0015007228357717395,-0.005686328746378422,0.019839301705360413,-7.813180855009705e-05,0.00023776717716827989,-0.006481482181698084,0.00195370358414948,0.0003125776711385697,0.0,0.0330268032848835,0.0,0.9669731855392456,42.29545974731445,9.999999747378752e-06,-0.001865030382759869,0.0016668537864461541,0.9768518805503845,0.03240741044282913,0.25839248299598694,0.0,0.0,0.0,0.0,32.83782958984375,0.1452803611755371,2235.0,49.698463439941406,494.8599853515625,0.06987595558166504
1121,-0.0015415357192978263,-0.005409381352365017,0.02036922797560692,-7.707929762545973e-05,0.0002464550198055804,-0.0027777778450399637,0.001999999862164259,0.00022846341016702354,0.0,0.0323079414665699,0.0,0.9676920771598816,42.298030853271484,0.004378939047455788,-0.002741229021921754,0.00041941736708395183,1.0,0.013888888992369175,0.2465638369321823,0.0,0.0,0.0,0.0,30.142244338989258,0.15032052993774414,2433.0,49.73319625854492,495.9700012207031,0.13756656646728516
1122,-0.0015604461077600718,-0.004862095229327679,0.020149238407611847,-0.00010160396050196141,0.0002781296207103878,0.0,0.001999999862164259,0.00029276832356117666,0.0,0.0315890833735466,0.0,0.9684109091758728,42.304019927978516,5.1382310630287975e-05,-0.011789041571319103,0.00787261687219143,1.0,0.0,0.24910718202590942,0.0,0.0,0.0,0.0,28.595623016357422,0.14648199081420898,2565.0,49.749820709228516,500.0,0.15878058969974518
1123,-0.0015358634991571307,-0.005760272033512592,0.020606350153684616,-0.0001123407855629921,0.00027496786788105965,-0.0013888889225199819,0.0019930556882172823,0.0004323622561059892,0.0,0.03011067770421505,0.0,0.9698893427848816,42.30492401123047,0.0019753086380660534,-0.002926721703261137,0.0005740014603361487,0.9965277910232544,0.0069444444961845875,0.24672545492649078,0.0,0.0,0.0,0.0,37.82368087768555,0.14437460899353027,1941.0,49.763404846191406,499.6700134277344,0.14216220378875732
1124,-0.0015332198236137629,-0.0055286162532866,0.02027047425508499,-9.08038200577721e-05,0.0002599686267785728,-0.00296296295709908,0.0019449496176093817,0.00034896700526587665,0.0,0.02890353836119175,0.0,0.9710964560508728,42.30954360961914,0.0002601229352876544,-0.0021584415808320045,0.0008551733335480094,0.9724747538566589,0.014814815483987331,0.24807411432266235,0.0,0.0,0.0,0.0,37.92929458618164,0.14746475219726562,1936.0,49.78539276123047,499.9599914550781,0.13404937088489532
1125,-0.0015452258521690965,-0.005915191490203142,0.020415475592017174,-0.00011587999324547127,0.0002664726343937218,-0.0015432100044563413,0.0019726853352040052,0.00029067907598800957,0.0,0.0273708775639534,0.0,0.9726291298866272,42.31481170654297,0.006666666828095913,-0.004932349547743797,0.0005777143524028361,0.9863426685333252,0.0077160499058663845,0.2502422034740448,0.0,0.0,0.0,0.0,38.11110305786133,0.1456286907196045,1927.0,49.84680938720703,495.7900085449219,0.13519121706485748
1126,-0.0015493493992835283,-0.005557240452617407,0.019828511402010918,-8.825732220429927e-05,0.0002987729967571795,0.0,0.001944290241226554,0.0002849171869456768,0.0,0.02548556961119175,0.0,0.9745144248008728,42.322174072265625,0.009999999776482582,-0.01055168453603983,0.004908054601401091,0.9721450805664062,0.0,0.2473853975534439,0.0,0.0,0.0,0.0,35.246299743652344,0.16152048110961914,2082.0,49.8681640625,500.0,0.15061117708683014
1127,-0.0015332989860326052,-0.006089858710765839,0.019976194947957993,-9.711262828204781e-05,0.00023369504197034985,-0.004393939394503832,0.001974579179659486,0.0003573948342818767,0.0,0.02286783792078495,0.0,0.9771321415901184,42.32063293457031,9.999999747378752e-06,0.003206466091796756,0.0031618112698197365,0.9872896671295166,0.02196969836950302,0.24554657936096191,0.0,0.0,0.0,0.0,36.00030517578125,0.14786076545715332,2039.0,49.87135314941406,491.3900146484375,0.08758079260587692
1128,-0.001529197907075286,-0.005924487952142954,0.02003120817244053,-9.204553498420864e-05,0.00021986979118082672,-0.0006172839784994721,0.0019431250402703881,0.00028905313229188323,0.0,0.0218505859375,0.0,0.9781494140625,42.32240676879883,0.0029192925430834293,-0.00371649581938982,0.0008287530508823693,0.9715625047683716,0.003086419776082039,0.24928583204746246,0.0,0.0,0.0,0.0,34.66864013671875,0.14748835563659668,2117.0,49.899749755859375,499.9100036621094,0.12487877160310745
1129,-0.0015296611236408353,-0.006111031863838434,0.02083757519721985,-9.07090216060169e-05,0.00022868449741508812,0.0,0.001912037143483758,0.00025558227207511663,0.0,0.01995171420276165,0.0,0.9800482988357544,42.32611846923828,0.009999999776482582,-0.01122409850358963,0.001810972928069532,0.9560185670852661,0.0,0.24632258713245392,0.0,0.0,0.0,0.0,33.06105041503906,0.1471407413482666,2220.0,49.90340805053711,500.0,0.156972736120224
1130,-0.0015166685916483402,-0.005394903477281332,0.020677292719483376,-9.502893226454034e-05,0.00024987597134895623,-0.003518518526107073,0.0019412037217989564,0.0003085809585172683,0.0,0.01898871548473835,0.0,0.9810112714767456,42.32529067993164,0.009999999776482582,-0.004500887356698513,0.00196755095385015,0.9706018567085266,0.017592592164874077,0.24818600714206696,0.0,0.0,0.0,0.0,33.01259994506836,0.14763736724853516,2223.0,49.9682502746582,495.760009765625,0.13548104465007782
1131,-0.0015381561825051904,-0.005623930133879185,0.020280979573726654,-9.629285341361538e-05,0.00023889282601885498,0.0,0.0019722222350537777,0.0003565599618013948,0.0,0.0163845494389534,0.0,0.9836154580116272,42.33628463745117,0.006666666828095913,-0.010027674958109856,0.0004280779103282839,0.9861111044883728,0.0,0.24989528954029083,0.0,0.0,0.0,0.0,33.35132598876953,0.18581819534301758,2198.0,50.058441162109375,500.0,0.15293002128601074
1132,-0.0014799711061641574,-0.005464550107717514,0.020306697115302086,-7.795510464347899e-05,0.0002314931043656543,-0.010013227351009846,0.0019072754075750709,0.0003125229850411415,0.0,0.012112087570130825,0.0,0.9878879189491272,42.34246063232422,0.0005852766335010529,-0.002262428868561983,0.0029329857788980007,0.9536376595497131,0.05006613954901695,0.25209569931030273,0.0,0.0,0.0,0.0,33.12506866455078,0.16553211212158203,2214.0,50.075706481933594,470.9100036621094,0.017806774005293846
1133,-0.0014190982328727841,-0.005187937989830971,0.019795004278421402,-7.434034341713414e-05,0.00022722450376022607,-0.018611112609505653,0.001887963037006557,0.0003530876711010933,0.0,0.015285915695130825,0.0,0.9847140908241272,42.34832000732422,9.999999747378752e-06,-0.004126538522541523,0.0038551632314920425,0.9439814686775208,0.09305556118488312,0.2507309913635254,0.0,0.0,0.0,0.0,32.108638763427734,0.1449589729309082,2285.0,50.113861083984375,462.3500061035156,-0.04591185972094536
1134,-0.0014519672840833664,-0.004896550439298153,0.019739001989364624,-8.950475603342056e-05,0.00022473804710898548,-0.01564815081655979,0.0018092592945322394,0.0002499836846254766,0.0,0.01997884176671505,0.0,0.9800211787223816,42.35382080078125,0.004378939047455788,-0.00302502210251987,0.0038841820787638426,0.9046295881271362,0.07824074476957321,0.24995984137058258,0.0,0.0,0.0,0.0,32.930973052978516,0.15059733390808105,2228.0,50.17872619628906,466.19000244140625,-0.00978777278214693
1135,-0.0015240830834954977,-0.005487965885549784,0.02012036181986332,-9.290203888667747e-05,0.0002749787818174809,-0.002698412863537669,0.001980952452868223,0.00026209952193312347,0.0,0.0219997838139534,0.0,0.9780002236366272,42.3718376159668,0.009999999776482582,-0.00590487290173769,0.0009034952963702381,0.9904761910438538,0.01349206455051899,0.24905173480510712,0.0,0.0,0.0,0.0,31.466318130493164,0.15070199966430664,2331.0,50.28276443481445,495.9200134277344,0.13594554364681244
1136,-0.0015134228160604835,-0.005973147694021463,0.019809434190392494,-9.023769962368533e-05,0.0002651086251717061,-0.001719576888717711,0.0019587301649153233,0.00031717834644950926,0.0,0.02251519076526165,0.0,0.9774848222732544,42.38393783569336,0.009999999776482582,-0.004480530973523855,0.03624095767736435,0.9793650507926941,0.008597884327173233,0.2453199028968811,0.0,0.0,0.0,0.0,30.744243621826172,0.14414453506469727,2386.0,50.36370849609375,491.3699951171875,0.10694504529237747
1137,-0.0015476830303668976,-0.005278559401631355,0.020256901159882545,-0.00010659203690011054,0.00029817663016729057,0.0,0.001968915341421962,0.0002325338136870414,0.0,0.02265082485973835,0.0,0.9773491621017456,42.38724899291992,0.009999999776482582,-0.010565929114818573,0.0005164056783542037,0.9844576716423035,0.0,0.24945087730884552,0.0,0.0,0.0,0.0,34.81120681762695,0.14973855018615723,2108.0,50.29802703857422,500.0,0.16044862568378448
1138,-0.001554684480652213,-0.005379528272897005,0.020209409296512604,-0.0001446913811378181,0.0002733753644861281,0.0,0.0019634440541267395,0.00023279991000890732,0.0,0.0217420794069767,0.0,0.978257954120636,42.382293701171875,0.009999999776482582,-0.004657387267798185,0.0002617363934405148,0.9817219972610474,0.0,0.2530330717563629,0.0,0.0,0.0,0.0,36.21791076660156,0.1443159580230713,2027.0,50.339317321777344,500.0,0.1579047292470932
1139,-0.0015104352496564388,-0.005393444560468197,0.020280100405216217,-8.873132901499048e-05,0.0002438404771964997,-0.003935185261070728,0.0019212303450331092,0.0002882128464989364,0.0,0.02128092385828495,0.0,0.9787190556526184,42.39201736450195,0.009999999776482582,-0.002586412476375699,0.0013770385412499309,0.9606151580810547,0.019675927236676216,0.2504236400127411,0.0,0.0,0.0,0.0,34.647422790527344,0.1481626033782959,2118.0,50.43733215332031,491.3900146484375,0.11763559281826019
1140,-0.001532036461867392,-0.005122540984302759,0.01998523250222206,-9.398990368936211e-05,0.0002790706348605454,-0.003240741090849042,0.001967592863366008,0.0003927312500309199,0.0,0.02267795242369175,0.0,0.9773220419883728,42.400814056396484,0.009999999776482582,-0.005687743425369263,0.0008565521566197276,0.9837963581085205,0.016203705221414566,0.25664910674095154,0.0,0.0,0.0,0.0,36.5070686340332,0.1466519832611084,2011.0,50.445274353027344,495.4200134277344,0.13689205050468445
1141,-0.0015427755424752831,-0.005214697681367397,0.020052380859851837,-0.00010533795284572989,0.00030924793099984527,-0.002599206520244479,0.0019152779132127762,0.00027666473761200905,0.0,0.02323404885828495,0.0,0.9767659306526184,42.40546417236328,0.009999999776482582,-0.004334813915193081,0.0012972207041457295,0.9576388597488403,0.012996031902730465,0.2461055964231491,0.0,0.0,0.0,0.0,35.33717727661133,0.17151784896850586,2076.0,50.54682922363281,495.7200012207031,0.13938361406326294
1142,-0.001532513415440917,-0.0051573654636740685,0.0204609464854002,-0.00011368859122740105,0.000300692452583462,-0.002314814832061529,0.0019629630260169506,0.00034331457572989166,0.0,0.0229627825319767,0.0,0.977037250995636,42.42179489135742,0.009999999776482582,-0.004843659698963165,0.0009169469703920186,0.9814815521240234,0.011574074625968933,0.2507321834564209,0.0,0.0,0.0034722222480922937,0.0,34.60394287109375,0.14754939079284668,2121.0,50.620765686035156,491.6199951171875,0.12118158489465714
1143,-0.0015356108779087663,-0.005167422350496054,0.020505467429757118,-9.99269905150868e-05,0.0003125290386378765,-0.0013492064317688346,0.001986508024856448,0.0003414865641389042,0.0,0.0239393450319767,0.0,0.976060688495636,42.435218811035156,0.009999999776482582,-0.0049010892398655415,0.0008389013819396496,0.9932539463043213,0.006746032275259495,0.251199871301651,0.0,0.0,0.0,0.0,32.42469787597656,0.14697623252868652,2263.0,50.71436309814453,491.70001220703125,0.1253928244113922
1144,-0.001537205302156508,-0.005546000320464373,0.020900283008813858,-0.00011964399891439825,0.00034406574559397995,0.0,0.001999999862164259,0.0003771524934563786,0.0,0.02328830398619175,0.0,0.9767116904258728,42.4406623840332,0.009999999776482582,-0.011050334200263023,0.000138056930154562,1.0,0.0,0.25192990899086,0.0,0.0,0.0,0.0,34.48884201049805,0.14732837677001953,2128.0,50.66091537475586,500.0,0.16528798639774323
1145,-0.0014958569081500173,-0.0051497300155460835,0.020871706306934357,-0.00011563836596906185,0.0003512737457640469,-0.004351851996034384,0.001945370458997786,0.00034200141089968383,0.0,0.02377658523619175,0.0,0.9762234091758728,42.43204116821289,0.009999999776482582,-0.002164808101952076,0.001200142316520214,0.9726851582527161,0.021759260445833206,0.2489221841096878,0.0,0.0,0.0,0.0,33.932884216308594,0.14882588386535645,2163.0,50.7143440246582,491.5899963378906,0.1263236254453659
1146,-0.001508139306679368,-0.0050932057201862335,0.021075556054711342,-8.106181485345587e-05,0.0002850797900464386,-0.005740741733461618,0.0019472225103527308,0.0004495263274293393,0.0,0.02313910610973835,0.0,0.9768608808517456,42.44878387451172,0.009999999776482582,-0.003292334033176303,0.0015464344760403037,0.9736111164093018,0.028703706339001656,0.2485705465078354,0.0,0.0,0.0,0.0,28.639007568359375,0.14776253700256348,2561.0,50.82977294921875,482.7099914550781,0.0845252051949501
1147,-0.001548728789202869,-0.0052336715161800385,0.020968938246369362,-9.229026909451932e-05,0.0002746134123299271,-0.0011111112544313073,0.0019888889510184526,0.00018088506476487964,0.0,0.01958550326526165,0.0,0.9804145097732544,42.464805603027344,0.009999999776482582,-0.004822778515517712,0.00041203617001883686,0.9944444298744202,0.0055555556900799274,0.2471056580543518,0.0,0.0,0.0,0.0,32.829010009765625,0.14617300033569336,2235.0,50.882835388183594,495.6600036621094,0.14472763240337372
1148,-0.0014877428766340017,-0.005831702146679163,0.020617011934518814,-8.448577864328399e-05,0.0002597201964817941,-0.0044973548501729965,0.0019411378307268023,0.00021849870972801,0.0,0.015041775070130825,0.0,0.9849582314491272,42.470848083496094,9.999999747378752e-06,0.009244785644114017,0.0012005268363282084,0.9705687761306763,0.022486772388219833,0.2463185042142868,0.0,0.0,0.0,0.0,32.66689682006836,0.1468980312347412,2246.0,50.907623291015625,491.5,0.11739230901002884
1149,-0.0015140633331611753,-0.005508587695658207,0.02091410756111145,-0.00010588810255285352,0.00026639216230250895,-0.0013888889225199819,0.0019749999046325684,0.0001957025524461642,0.0,0.012898762710392475,0.0,0.9871012568473816,42.47458267211914,0.0065684085711836815,-0.0028881835751235485,0.000495274958666414,0.987500011920929,0.0069444444961845875,0.2541467845439911,0.0,0.0,0.0,0.0,29.049652099609375,0.15417695045471191,2524.0,50.964256286621094,495.4200134277344,0.13753558695316315
1150,-0.001541038160212338,-0.005784320179373026,0.020855767652392387,-9.937285358319059e-05,0.00024831356131471694,0.0,0.001999999862164259,0.00028312974609434605,0.0,0.012532551772892475,0.0,0.9874674677848816,42.4818115234375,0.009999999776482582,-0.011516579426825047,0.0009609753033146262,1.0,0.0,0.25437989830970764,0.0,0.0,0.0,0.0,30.181346893310547,0.1471850872039795,2430.0,50.990684509277344,500.0,0.15949280560016632
1151,-0.0015338208759203553,-0.00556284049525857,0.020730584859848022,-7.806008215993643e-05,0.00022712588543072343,0.0,0.0019671719055622816,0.0003852351801469922,0.0,0.01220703125,0.0,0.98779296875,42.481197357177734,0.009999999776482582,-0.007340788841247559,0.001099664019420743,0.9835858941078186,0.0,0.24879594147205353,0.0,0.0,0.0,0.0,35.3604736328125,0.1719825267791748,2074.0,51.021568298339844,500.0,0.15653595328330994
1152,-0.0015363219426944852,-0.005410985089838505,0.02046380750834942,-8.196973067242652e-05,0.0002044500142801553,0.0,0.001966600539162755,0.00022310191707219929,0.0,0.01220703125,0.0,0.98779296875,42.47817611694336,0.009999999776482582,-0.008908788673579693,0.000248658936470747,0.9833003282546997,0.0,0.24667055904865265,0.0,0.0,0.0,0.0,35.82883071899414,0.14902114868164062,2049.0,51.00582504272461,500.0,0.1605192869901657
1153,-0.001510394155047834,-0.005980269983410835,0.02033422328531742,-7.922483200673014e-05,0.00022472925775218755,-0.002500000176951289,0.0019819445442408323,0.0001912789448397234,0.0,0.011935763992369175,0.0,0.9880642294883728,42.4797477722168,0.009999999776482582,-0.00280333636328578,0.0007963989628478885,0.9909722208976746,0.012500000186264515,0.24731938540935516,0.0,0.0,0.0,0.0,32.937660217285156,0.14999032020568848,2228.0,51.08639907836914,495.9599914550781,0.13726043701171875
1154,-0.0015327781438827515,-0.00528945354744792,0.020689694210886955,-8.734610310057178e-05,0.0002401756210019812,-0.0005050505278632045,0.001989898970350623,0.00020212079107295722,0.0,0.01116265170276165,0.0,0.9888373613357544,42.49199295043945,0.009999999776482582,-0.004895053803920746,0.0005456125945784152,0.9949495792388916,0.0025252525229007006,0.24933089315891266,0.0,0.0,0.0,0.0,37.82711410522461,0.14839696884155273,1941.0,51.17696762084961,495.8900146484375,0.14203490316867828
1155,-0.0015178755857050419,-0.005487678572535515,0.020353274419903755,-7.128270954126492e-05,0.00023924998822622,-0.0006944444612599909,0.001922090072184801,0.00021948614448774606,0.0,0.01032172329723835,0.0,0.9896782636642456,42.50385284423828,0.009999999776482582,-0.0056664664298295975,0.0007395128486678004,0.96104496717453,0.0034722222480922937,0.25038665533065796,0.0,0.0,0.0,0.0,37.07267761230469,0.15001225471496582,1980.0,51.24336242675781,495.8900146484375,0.13642171025276184
1156,-0.0014999433187767863,-0.005811505485326052,0.02023259364068508,-8.39996719150804e-05,0.00021145562641322613,-0.003888888983055949,0.0018476851982995868,0.0002186188503401354,0.0,0.0101453997194767,0.0,0.989854633808136,42.52030944824219,0.009999999776482582,-0.00517734419554472,0.0016995904734358191,0.9238426685333252,0.01944444514811039,0.24790848791599274,0.0,0.0,0.0,0.0,35.68876266479492,0.14809489250183105,2057.0,51.36760330200195,487.3399963378906,0.08847231417894363
1157,-0.0015441305004060268,-0.005410285666584969,0.020726332440972328,-8.075476216617972e-05,0.000260385888395831,-0.0009259259677492082,0.0019797177519649267,0.00023931344912853092,0.0,0.009670681320130825,0.0,0.9903293251991272,42.53207015991211,9.999999747378752e-06,0.012129719369113445,0.0007569501758553088,0.9898589253425598,0.004629629664123058,0.2553306221961975,0.0,0.0,0.0,0.0,32.156558990478516,0.16541242599487305,2281.0,51.378173828125,496.0299987792969,0.14021307229995728
1158,-0.0015295239863917232,-0.005183991510421038,0.020618204027414322,-8.676624565850943e-05,0.00027156213764101267,-0.0018055556574836373,0.0019008597591891885,0.000321580475429073,0.0,0.01043022982776165,0.0,0.9895697832107544,42.53404998779297,0.0029192925430834293,-0.002665819600224495,0.0006951694376766682,0.9504299163818359,0.00902777723968029,0.251735121011734,0.0,0.0,0.0,0.0,33.137351989746094,0.15226149559020996,2214.0,51.40703582763672,495.7699890136719,0.14186431467533112
1159,-0.0015251394361257553,-0.005956754088401794,0.02096959948539734,-8.524758595740423e-05,0.00024324801051989198,-0.001719576888717711,0.0019578044302761555,0.0003047931531909853,0.0,0.010294596664607525,0.0,0.9897053837776184,42.5451545715332,0.009852612391114235,-0.005064454860985279,0.001028610160574317,0.9789021611213684,0.008597884327173233,0.25598832964897156,0.0,0.0,0.0,0.0,34.05252456665039,0.14618444442749023,2155.0,51.491615295410156,491.4599914550781,0.11896300315856934
1160,-0.001528894528746605,-0.005488302558660507,0.020871037617325783,-9.408027835888788e-05,0.0002493430220056325,0.0,0.0019500000635161996,0.000360661098966375,0.0,0.0091552734375,0.0,0.9908447265625,42.5472412109375,0.004444444552063942,-0.011395003646612167,0.001313382643274963,0.9749999642372131,0.0,0.24793365597724915,0.0,0.0,0.0,0.0,33.56874465942383,0.14728093147277832,2186.0,51.437095642089844,500.0,0.16250847280025482
1161,-0.0015433854423463345,-0.005218606907874346,0.020957838743925095,-0.00010497513721929863,0.0002627850335557014,0.0,0.0019333333475515246,0.00036300148349255323,0.0,0.0077989366836845875,0.0,0.9922010898590088,42.53911209106445,0.006666666828095913,-0.008274591527879238,0.0003492295800242573,0.9666666388511658,0.0,0.24942833185195923,0.0,0.0,0.0,0.0,34.05974578857422,0.14940333366394043,2155.0,51.451416015625,500.0,0.16449065506458282
1162,-0.0015496225096285343,-0.0055001708678901196,0.020708749070763588,-0.000117981675430201,0.00023860184592194855,0.0,0.0019796297419816256,0.00034564323141239583,0.0,0.0062120226211845875,0.0,0.9937880039215088,42.534149169921875,0.009999999776482582,-0.00710520101711154,0.0001596227812115103,0.9898148775100708,0.0,0.2499706745147705,0.0,0.0,0.0,0.0,31.047264099121094,0.14525222778320312,2363.0,51.39630889892578,500.0,0.16071094572544098
1163,-0.0015134994173422456,-0.00510381069034338,0.020764708518981934,-7.398156594717875e-05,0.00025681941770017147,-0.002314814832061529,0.0018518519354984164,0.000195906322915107,0.0,0.00604926235973835,0.0,0.9939507246017456,42.52582931518555,0.001316872425377369,0.00125488534104079,0.000875166617333889,0.9259260296821594,0.011574074625968933,0.2552250921726227,0.0,0.0,0.0,0.0,28.870906829833984,0.18098878860473633,2537.0,51.41111373901367,491.3900146484375,0.12220347672700882
1164,-0.00151832087431103,-0.0050349608063697815,0.020313071087002754,-0.00011020355304935947,0.000248639757046476,-0.00736111169680953,0.0019160716328769922,0.0002593859098851681,0.0,0.007080078125,0.0,0.992919921875,42.53532409667969,0.006666666828095913,-0.004053156822919846,0.001045367680490017,0.9580357670783997,0.03680555894970894,0.2535797655582428,0.0,0.0,0.0,0.0,31.78746795654297,0.14673542976379395,2308.0,51.51211166381836,495.2900085449219,0.11889328807592392
1165,-0.001525887637399137,-0.005507519468665123,0.020584847778081894,-0.0001043394731823355,0.00026906566927209496,-0.0013888889225199819,0.001986882882192731,0.00029837226611562073,0.0,0.008205837570130825,0.0,0.9917941689491272,42.546653747558594,9.999999747378752e-06,-0.0006448543281294405,0.0004011877754237503,0.9934414029121399,0.0069444444961845875,0.2494521141052246,0.0,0.0,0.0,0.0,35.79292297363281,0.14638614654541016,2051.0,51.53461456298828,500.0,0.16175712645053864
1166,-0.001538161770440638,-0.005076439119875431,0.02098834700882435,-0.00012598588364198804,0.0003329046303406358,-0.0007936508627608418,0.0019596561323851347,0.00037363290903158486,0.0,0.008544921875,0.0,0.991455078125,42.549049377441406,0.004378939047455788,-0.00321134808473289,0.0004969215951859951,0.9798281192779541,0.003968254197388887,0.25079968571662903,0.0,0.0,0.0,0.0,36.74695587158203,0.1777510643005371,1996.0,51.575408935546875,499.8999938964844,0.14649061858654022
1167,-0.001462323241867125,-0.004825147334486246,0.02053206041455269,-8.735033770790324e-05,0.0002708036336116493,-0.008849207311868668,0.0019161378731951118,0.00029665225883945823,0.0,0.00958930142223835,0.0,0.9904106855392456,42.55975341796875,0.0019753086380660534,-0.0032771769911050797,0.0027066003531217575,0.9580687284469604,0.04424603283405304,0.2528449594974518,0.0,0.0,0.0,0.0,37.68927764892578,0.14430975914001465,1948.0,51.639793395996094,478.9800109863281,0.06766542792320251
1168,-0.0015249947318807244,-0.0049495757557451725,0.020639657974243164,-0.00014642901078332216,0.0002680554171092808,-0.0033333334140479565,0.001967592863366008,0.00042431283509358764,0.0,0.01189507357776165,0.0,0.9881049394607544,42.574642181396484,0.009999999776482582,-0.004750047344714403,0.0036796904169023037,0.9837963581085205,0.01666666753590107,0.24724812805652618,0.0,0.0,0.0,0.0,31.108306884765625,0.15654230117797852,2358.0,51.773841857910156,494.3299865722656,0.12964971363544464
1169,-0.001514842384494841,-0.005183124449104071,0.020379098132252693,-0.00013149654841981828,0.0002718362957239151,-0.003240741090849042,0.001947222277522087,0.00019540924404282123,0.0,0.013278537429869175,0.0,0.9867214560508728,42.59298324584961,0.009999999776482582,-0.0049225506372749805,0.0009005909087136388,0.9736111164093018,0.016203705221414566,0.2515929937362671,0.0,0.0,0.0,0.0,34.88269805908203,0.1455392837524414,2104.0,51.86933517456055,500.0,0.15999636054039001
1170,-0.0015048738569021225,-0.00523859029635787,0.020998988300561905,-9.924368350766599e-05,0.0002481654519215226,-0.0007936508627608418,0.0019920633640140295,0.00030907089239917696,0.0,0.012925890274345875,0.0,0.9870741367340088,42.60692596435547,0.009999999776482582,-0.0061804563738405704,0.0006163814105093479,0.9960317611694336,0.003968254197388887,0.25334426760673523,0.0,0.0,0.0,0.0,36.355648040771484,0.14953160285949707,2019.0,51.96393585205078,495.6400146484375,0.14565464854240417
1171,-0.001518481643870473,-0.004823192022740841,0.020997043699026108,-8.711637929081917e-05,0.0002671272959560156,0.0,0.001999999862164259,0.0003168844268657267,0.0,0.0120849609375,0.0,0.9879150390625,42.615169525146484,0.009999999776482582,-0.011145365424454212,0.001036759465932846,1.0,0.0,0.25024306774139404,0.0,0.0,0.0,0.0,32.39392852783203,0.14694833755493164,2265.0,52.008934020996094,500.0,0.16926626861095428
1172,-0.001513103605248034,-0.005196516402065754,0.020878957584500313,-9.143437637249008e-05,0.00024296359333675355,0.0,0.001999999862164259,0.0002543383452575654,0.0,0.010959201492369175,0.0,0.9890407919883728,42.61479568481445,0.006666666828095913,-0.0058638546615839005,0.0004113593604415655,1.0,0.0,0.2501441240310669,0.0,0.0,0.0,0.0,33.552345275878906,0.1537764072418213,2187.0,51.9865608215332,500.0,0.16870246827602386
1173,-0.001494868192821741,-0.004951432812958956,0.02078981325030327,-0.0001031167121254839,0.00023811440041754395,-0.004629629664123058,0.0019425927894189954,0.00024035021488089114,0.0,0.011027018539607525,0.0,0.9889729619026184,42.6181526184082,0.009999999776482582,-0.0033792350441217422,0.0010827046353369951,0.9712963104248047,0.023148149251937866,0.2531992495059967,0.0,0.0,0.0,0.0,36.16431427001953,0.14511704444885254,2030.0,52.072959899902344,495.3699951171875,0.12247570604085922
1174,-0.001527167740277946,-0.005012932699173689,0.02050899527966976,-0.00011836561316158623,0.00025467691011726856,-0.003703703870996833,0.0019259260734543204,0.0002549828786868602,0.0,0.01189507357776165,0.0,0.9881049394607544,42.63257598876953,0.009999999776482582,-0.005023263394832611,0.0009514308185316622,0.9629629850387573,0.018518518656492233,0.24830839037895203,0.0,0.0,0.0,0.0,32.25059509277344,0.14771604537963867,2275.0,52.15876770019531,495.8699951171875,0.1392984241247177
1175,-0.0015184677904471755,-0.004973981529474258,0.021147042512893677,-0.0001003686265903525,0.0002518108522053808,-0.0013888889225199819,0.001986111281439662,0.0002285844093421474,0.0,0.012356228195130825,0.0,0.9876437783241272,42.6438102722168,0.009999999776482582,-0.006549269892275333,0.0009706303244456649,0.9930555820465088,0.0069444444961845875,0.25163784623146057,0.0,0.0,0.0,0.0,34.124847412109375,0.15778779983520508,2150.0,52.21467971801758,495.7699890136719,0.14781802892684937
1176,-0.0015184743097051978,-0.005281676538288593,0.0200848076492548,-0.00010953812306979671,0.00022837964934296906,-0.00296296295709908,0.0019406084902584553,0.00020539959950838238,0.0,0.01288519985973835,0.0,0.9871147871017456,42.65296936035156,0.009999999776482582,-0.005525915417820215,0.0010145300766453147,0.9703043103218079,0.014814815483987331,0.24986335635185242,0.0,0.0,0.0,0.0,29.976343154907227,0.15093660354614258,2447.0,52.30072784423828,495.7699890136719,0.1209719181060791
1177,-0.001477863290347159,-0.005988305900245905,0.021052757278084755,-9.936290007317439e-05,0.00018889253260567784,0.0,0.0019295635866001248,0.0003718433144968003,0.0,0.013088650070130825,0.0,0.9869113564491272,42.65913391113281,0.009999999776482582,-0.012215900234878063,0.0004788842052221298,0.9647817611694336,0.0,0.255402535200119,0.0,0.0,0.0,0.0,29.324787139892578,0.14638805389404297,2501.0,52.28884506225586,500.0,0.16107407212257385
1178,-0.0015297021018341184,-0.0054704188369214535,0.02013525366783142,-0.00016612396575510502,0.00024500765721313655,0.0,0.001967592863366008,0.00018344592535868287,0.0,0.011827257461845875,0.0,0.9881727695465088,42.65422821044922,0.009999999776482582,-0.011583750136196613,0.0002390834706602618,0.9837963581085205,0.0,0.2503282129764557,0.0,0.0,0.0,0.0,33.55036544799805,0.14689373970031738,2187.0,52.316246032714844,500.0,0.15488873422145844
1179,-0.0015292927855625749,-0.005727394483983517,0.020373621955513954,-0.00010387525981059298,0.00021791993640363216,0.0,0.001999999862164259,0.00032101364922709763,0.0,0.010782877914607525,0.0,0.9892171025276184,42.65421676635742,0.009999999776482582,-0.010921447537839413,0.000923459418118,1.0,0.0,0.24770967662334442,0.0,0.0,0.0,0.0,35.25037384033203,0.18511080741882324,2080.0,52.3062629699707,500.0,0.15576927363872528
1180,-0.0015114202396944165,-0.005576465744525194,0.020536353811621666,-9.980719187296927e-05,0.00020155707898084074,-0.003888888983055949,0.0019814814440906048,0.0002785830001812428,0.0,0.011271159164607525,0.0,0.9887288212776184,42.64966583251953,9.999999747378752e-06,-0.0008204002515412867,0.0011198571883141994,0.9907407760620117,0.01944444514811039,0.25031593441963196,0.0,0.0,0.0,0.0,34.867393493652344,0.1734168529510498,2104.0,52.31793212890625,497.260009765625,0.13671398162841797
1181,-0.0015039114514365792,-0.005150204058736563,0.020364070311188698,-0.00011740601621568203,0.00019921724742744118,-0.0061111110262572765,0.001964197726920247,0.0002510046761017293,0.0,0.0107557512819767,0.0,0.989244282245636,42.65188217163086,0.0029192925430834293,-0.003143845358863473,0.0013125133700668812,0.9820988178253174,0.03055555559694767,0.2519027292728424,0.0,0.0,0.0,0.0,34.443546295166016,0.15691733360290527,2130.0,52.354103088378906,489.94000244140625,0.09838202595710754
1182,-0.0015024811727926135,-0.005529256071895361,0.020402783527970314,-9.254289761884138e-05,0.00021494385146070272,-0.0020370371639728546,0.0019716930110007524,0.0002323467779206112,0.0,0.009195963852107525,0.0,0.9908040165901184,42.6638069152832,0.009852612391114235,-0.005668144207447767,0.001015984802506864,0.9858465194702148,0.010185185819864273,0.24700981378555298,0.0,0.0,0.0,0.0,34.24501419067383,0.1465907096862793,2143.0,52.43929672241211,491.4100036621094,0.1173357367515564
1183,-0.0015257769264280796,-0.005722118075937033,0.019836459308862686,-0.00012815774243790656,0.0001997592771658674,0.0,0.0019503968069329858,0.00023980990226846188,0.0,0.00847710482776165,0.0,0.9915229082107544,42.66429138183594,0.006666666828095913,-0.012462472543120384,0.0008429234148934484,0.9751984477043152,0.0,0.2527531087398529,0.0,0.0,0.0,0.0,37.13877487182617,0.14605140686035156,1977.0,52.35117721557617,500.0,0.14842699468135834
1184,-0.0015232630539685488,-0.0056460038758814335,0.02039429545402527,-0.0001085400945157744,0.00024428896722383797,0.0,0.0019920633640140295,0.00024022501020226628,0.0,0.007961696945130825,0.0,0.9920383095741272,42.650848388671875,0.009999999776482582,-0.009568174369633198,0.00015436875401064754,0.9960317611694336,0.0,0.2516133785247803,0.0,0.0,0.0,0.0,35.67375564575195,0.1454448699951172,2058.0,52.3062744140625,500.0,0.1542162299156189
1185,-0.0015124138444662094,-0.005783813539892435,0.02085808292031288,-0.0001014521621982567,0.00019995444745291024,0.0,0.0019799384754151106,0.00033784881816245615,0.0,0.0078125,0.0,0.9921875,42.64961624145508,0.009999999776482582,-0.007801516447216272,0.00025631749304011464,0.9899691343307495,0.0,0.2445157915353775,0.0,0.0,0.0,0.0,32.385440826416016,0.1467604637145996,2266.0,52.37625503540039,500.0,0.1563587337732315
1186,-0.001503805979155004,-0.005617748945951462,0.020381774753332138,-0.00010471258428879082,0.00018942526367027313,-0.003888888983055949,0.001967592863366008,0.00021406203450169414,0.0,0.00859917514026165,0.0,0.9914008378982544,42.65813446044922,0.00296296295709908,-0.002766117686405778,0.0015728165162727237,0.9837963581085205,0.01944444514811039,0.24653442203998566,0.0,0.0,0.0,0.0,32.768367767333984,0.15592503547668457,2239.0,52.42902374267578,500.0,0.15945422649383545
1187,-0.0014853689353913069,-0.00516167376190424,0.02034187503159046,-9.52623740886338e-05,0.00022063337382860482,-0.004404762294143438,0.0018989419331774116,0.00028128683334216475,0.0,0.00836859829723835,0.0,0.9916313886642456,42.6629753112793,9.999999747378752e-06,-0.0019983649253845215,0.001701052882708609,0.9494709372520447,0.02202380821108818,0.24863719940185547,0.0,0.0,0.0,0.0,34.855369567871094,0.19314241409301758,2103.0,52.447410583496094,484.760009765625,0.08215343952178955
1188,-0.0014980866108089685,-0.005695493891835213,0.020824270322918892,-0.00010050224227597937,0.00020973839855287224,-0.003703703870996833,0.0019351852824911475,0.0002717778261285275,0.0,0.009006076492369175,0.0,0.9909939169883728,42.66573715209961,0.0065684085711836815,-0.002652677008882165,0.0008289759862236679,0.9675926566123962,0.018518518656492233,0.24724775552749634,0.0,0.0,0.0,0.0,29.708229064941406,0.15857648849487305,2468.0,52.50310516357422,491.5199890136719,0.1206359714269638
1189,-0.001497148536145687,-0.005521649494767189,0.020591774955391884,-8.762366633163765e-05,0.00019908662943635136,-0.005185185465961695,0.0018957671709358692,0.00021898766863159835,0.0,0.01043022982776165,0.0,0.9895697832107544,42.67702865600586,0.0002601229352876544,-0.0025622649118304253,0.0012508360669016838,0.9478836059570312,0.025925926864147186,0.2480500340461731,0.0,0.0,0.0,0.0,35.31047058105469,0.17706632614135742,2077.0,52.55046463012695,495.3999938964844,0.11753853410482407
1190,-0.0014668212970718741,-0.005173135083168745,0.020503217354416847,-9.965477511286736e-05,0.00019512961443979293,-0.008994709700345993,0.0019007937517017126,0.00021747725259047002,0.0,0.011949327774345875,0.0,0.9880506992340088,42.683837890625,0.006666666828095913,-0.003949356265366077,0.0016190916066989303,0.9503968358039856,0.04497354477643967,0.2521750330924988,0.0,0.0,0.0,0.0,30.176326751708984,0.15094804763793945,2431.0,52.63080596923828,488.6400146484375,0.09907640516757965
1191,-0.0015076020499691367,-0.00535767525434494,0.02031800150871277,-8.314490696648136e-05,0.0002040128892986104,0.0,0.0019722222350537777,0.00028305084560997784,0.0,0.01220703125,0.0,0.98779296875,42.69498825073242,0.009999999776482582,-0.012917215004563332,0.0015139292227104306,0.9861111044883728,0.0,0.2508987784385681,0.0,0.0,0.0,0.0,30.317317962646484,0.1699674129486084,2418.0,52.66828155517578,500.0,0.15698525309562683
1192,-0.0015006883768364787,-0.005192020907998085,0.02042456902563572,-8.952907228376716e-05,0.00022300268756225705,-0.0071717179380357265,0.001980952452868223,0.0001784303894964978,0.0,0.013224284164607525,0.0,0.9867756962776184,42.69335174560547,9.999999747378752e-06,-0.0006794404471293092,0.002372817136347294,0.9904761910438538,0.03585858643054962,0.25378262996673584,0.0,0.0,0.0,0.0,34.768062591552734,0.14607024192810059,2111.0,52.67327880859375,491.6499938964844,0.08253795653581619
1193,-0.0014919450040906668,-0.0053578708320856094,0.020584505051374435,-9.293410403188318e-05,0.00022339288261719048,-0.0032627868931740522,0.0019648149609565735,0.00041067591519095004,0.0,0.01582845114171505,0.0,0.9841715693473816,42.69509506225586,0.0029192925430834293,-0.0029770489782094955,0.0015466889599338174,0.9824074506759644,0.016313934698700905,0.24996376037597656,0.0,0.0,0.0,0.0,37.22690200805664,0.14331388473510742,1972.0,52.7020263671875,500.0,0.15488097071647644
1194,-0.001487156143411994,-0.005577116273343563,0.02022315002977848,-9.477273852098733e-05,0.0001988210715353489,-0.0018518519354984164,0.00195370358414948,0.0002652863331604749,0.0,0.0157470703125,0.0,0.9842529296875,42.70402908325195,0.009852612391114235,-0.005528327543288469,0.0007913848385214806,0.9768518805503845,0.009259259328246117,0.24759621918201447,0.0,0.0,0.0,0.0,34.42940902709961,0.14723467826843262,2132.0,52.75981903076172,495.7900085449219,0.13400506973266602
1195,-0.0015041690785437822,-0.0057203867472708225,0.0207148939371109,-0.00010366538481321186,0.00022922782227396965,-0.0006944444612599909,0.0019930556882172823,0.0002619229780975729,0.0,0.0149061419069767,0.0,0.985093891620636,42.7091178894043,0.009999999776482582,-0.007223172578960657,0.0008083613938651979,0.9965277910232544,0.0034722222480922937,0.2547309696674347,0.0,0.0,0.0,0.0,36.066165924072266,0.14808034896850586,2035.0,52.792320251464844,495.8800048828125,0.14172062277793884
1196,-0.0014846761478111148,-0.005544912535697222,0.019871724769473076,-9.196645260090008e-05,0.00021996944269631058,-0.0027777778450399637,0.0019611113239079714,0.00022384591284208,0.0,0.014444987289607525,0.0,0.9855549931526184,42.713218688964844,0.009999999776482582,-0.004935672506690025,0.001193217234686017,0.980555534362793,0.013888888992369175,0.25448140501976013,0.0,0.0,0.0,0.0,35.26777648925781,0.15751409530639648,2081.0,52.84592819213867,495.7699890136719,0.13334500789642334
1197,-0.0015094932168722153,-0.005665075499564409,0.020417332649230957,-8.626578346593305e-05,0.00022395048290491104,-0.0018518519354984164,0.001896652509458363,0.00026363565120846033,0.0,0.01447211392223835,0.0,0.9855278730392456,42.72001266479492,0.009999999776482582,-0.006725847255438566,0.0009107824298553169,0.9483262300491333,0.009259259328246117,0.2501683235168457,0.0,0.0,0.0,0.0,37.441925048828125,0.15168261528015137,1961.0,52.89866256713867,500.0,0.15455472469329834
1198,-0.0014788266271352768,-0.005724277812987566,0.020784610882401466,-0.00015215914754662663,0.0002151440567104146,-0.0027777780778706074,0.0019285716116428375,0.0002727211976889521,0.0,0.015231662429869175,0.0,0.9847683310508728,42.72431564331055,0.009999999776482582,-0.005195436533540487,0.0012614288134500384,0.9642857313156128,0.013888888992369175,0.2542382478713989,0.0,0.0,0.0,0.0,35.79920196533203,0.15305280685424805,2050.0,52.92499542236328,491.45001220703125,0.11403577029705048
1199,-0.0014857391361147165,-0.005789327900856733,0.020679369568824768,-0.00010833134001586586,0.00023270840756595135,-0.0009259259677492082,0.001999999862164259,0.0003151400596834719,0.0,0.01570638082921505,0.0,0.9842936396598816,42.72946548461914,3.425487375352532e-05,-0.002042743843048811,0.0005547211621887982,1.0,0.004629629664123058,0.25035175681114197,0.0,0.0,0.0,0.0,34.168548583984375,0.14555668830871582,2148.0,52.94794845581055,495.8900146484375,0.14349579811096191
1200,-0.001464311615563929,-0.005776210222393274,0.020451344549655914,-8.891535981092602e-05,0.00022396259009838104,-0.006203703582286835,0.0019305557943880558,0.0002340800128877163,0.0,0.01611328125,0.0,0.98388671875,42.73314666748047,0.004444444552063942,-0.00339128402993083,0.0019829552620649338,0.9652777910232544,0.031018519774079323,0.24957776069641113,0.0,0.0,0.0,0.0,33.98131561279297,0.1796865463256836,2158.0,53.00471115112305,483.1400146484375,0.07610378414392471
1201,-0.0014836895279586315,-0.005783531349152327,0.020917551591992378,-0.00011309550609439611,0.0002518824767321348,-0.0027777778450399637,0.001958333421498537,0.00031053126440383494,0.0,0.01717122457921505,0.0,0.9828287959098816,42.75144958496094,0.009999999776482582,-0.005544397514313459,0.0016865803627297282,0.9791666865348816,0.013888888992369175,0.2500952482223511,0.0,0.0,0.0,0.0,34.17803192138672,0.18592143058776855,2145.0,53.15419006347656,495.7900085449219,0.142708882689476
1202,-0.0014854134060442448,-0.005683478433638811,0.021121185272932053,-9.990992111852393e-05,0.0002675059367902577,-0.0011111112544313073,0.001999999862164259,0.00029513161280192435,0.0,0.01618109829723835,0.0,0.9838188886642456,42.77044677734375,0.009999999776482582,-0.005610965192317963,0.0005674578715115786,1.0,0.0055555556900799274,0.2471524029970169,0.0,0.0,0.0,0.0,31.00778579711914,0.19196796417236328,2363.0,53.24214172363281,495.9599914550781,0.14123430848121643
1203,-0.001477094367146492,-0.006162426434457302,0.020831773057579994,-8.210574014810845e-05,0.00023961439728736877,-0.0044973548501729965,0.0019716930110007524,0.0005124871386215091,0.0,0.015109592117369175,0.0,0.9848904013633728,42.777156829833984,0.0008779149502515793,-0.0029991292394697666,0.0012673031305894256,0.9858465194702148,0.022486772388219833,0.2510395646095276,0.0,0.0,0.0,0.0,31.31121063232422,0.14711260795593262,2343.0,53.26148986816406,491.239990234375,0.10185624659061432
1204,-0.0014941442059352994,-0.0052538239397108555,0.021132994443178177,-8.952316420618445e-05,0.0002651620307005942,-0.0013888889225199819,0.0019398150034248829,0.0002209241793025285,0.0,0.01397026889026165,0.0,0.9860297441482544,42.78394317626953,0.009999999776482582,-0.005645371042191982,0.0005230436800047755,0.9699074625968933,0.0069444444961845875,0.25337833166122437,0.0,0.0,0.0,0.0,32.23869705200195,0.14154553413391113,2276.0,53.346153259277344,495.6499938964844,0.1479928344488144
1205,-0.0015057406853884459,-0.004807169549167156,0.021161658689379692,-9.340505494037643e-05,0.0002978578268084675,-0.0011111112544313073,0.001999999862164259,0.0003545946383383125,0.0,0.01416015625,0.0,0.98583984375,42.78966522216797,0.009999999776482582,-0.009703773073852062,0.0013216601219028234,1.0,0.0055555556900799274,0.25036850571632385,0.0,0.0,0.0,0.0,29.471654891967773,0.1471269130706787,2489.0,53.346588134765625,500.0,0.17105714976787567
1206,-0.0014901472022756934,-0.005270552355796099,0.02050376683473587,-8.500242256559432e-05,0.0002382989041507244,-0.003703703870996833,0.001927248784340918,0.0003397582331672311,0.0,0.013509114272892475,0.0,0.9864909052848816,42.789371490478516,0.009999999776482582,-0.004819277208298445,0.0015019183047115803,0.9636242985725403,0.018518518656492233,0.24776162207126617,0.0,0.0,0.0,0.0,32.620582580566406,0.14655065536499023,2250.0,53.42007827758789,495.6499938964844,0.14310823380947113
1207,-0.001511851791292429,-0.005124738905578852,0.0208862517029047,-8.579387940699235e-05,0.00028086325619369745,0.0,0.0019920633640140295,0.00029168324545025826,0.0,0.011257595382630825,0.0,0.9887424111366272,42.80057144165039,0.009999999776482582,-0.011771495454013348,0.0008196605485863984,0.9960317611694336,0.0,0.2491491436958313,0.0,0.0,0.0,0.0,35.61988067626953,0.14234495162963867,2061.0,53.472129821777344,500.0,0.16824205219745636
1208,-0.0015013832598924637,-0.005131250713020563,0.020853042602539062,-9.308064181823283e-05,0.0002461845288053155,0.0,0.0019874998833984137,0.0003053554391954094,0.0,0.01055230014026165,0.0,0.9894477128982544,42.80424499511719,0.009999999776482582,-0.011370048858225346,0.0004890385316684842,0.9937500357627869,0.0,0.24771080911159515,0.0,0.0,0.0,0.0,35.58638381958008,0.14722013473510742,2063.0,53.52031326293945,500.0,0.1653231382369995
1209,-0.0014942777343094349,-0.005036919377744198,0.020526323467493057,-8.658963633934036e-05,0.0002749035193119198,-0.0007936508627608418,0.001986111281439662,0.00039088845369406044,0.0,0.010457356460392475,0.0,0.9895426630973816,42.80646514892578,0.009999999776482582,-0.005342418793588877,0.000550749187823385,0.9930555820465088,0.003968254197388887,0.252989262342453,0.0,0.0,0.0,0.0,34.38202667236328,0.14501547813415527,2135.0,53.55987548828125,500.0,0.1672830879688263
1210,-0.0015105810016393661,-0.004903607536107302,0.021032234653830528,-8.778780465945601e-05,0.00025388822541572154,0.0,0.0019938270561397076,0.00034294830402359366,0.0,0.010036892257630825,0.0,0.9899631142616272,42.807735443115234,0.006666666828095913,-0.01120284665375948,0.00017217104323208332,0.9969136118888855,0.0,0.2523621618747711,0.0,0.0,0.0,0.0,32.897544860839844,0.14126062393188477,2231.0,53.56807327270508,500.0,0.17451979219913483
1211,-0.0015273102326318622,-0.004887737333774567,0.020626846700906754,-0.00011253776028752327,0.0002891613985411823,-0.0019047620007768273,0.0019888889510184526,0.00033308591810055077,0.0,0.01025390625,0.0,0.98974609375,42.81066131591797,0.009999999776482582,-0.004738155752420425,0.0005747784161940217,0.9944444298744202,0.009523809887468815,0.2503781318664551,0.0,0.0,0.0,0.0,34.79972457885742,0.14508485794067383,2109.0,53.5974006652832,500.0,0.1645747423171997
1212,-0.0015071835368871689,-0.004952873103320599,0.0208450760692358,-0.00010178336378885433,0.0002689556567929685,-0.0028306879103183746,0.0019716930110007524,0.00048479335964657366,0.0,0.010416666977107525,0.0,0.9895833134651184,42.821163177490234,0.009999999776482582,-0.0038048401474952698,0.00101552065461874,0.9858466386795044,0.014153439551591873,0.25324252247810364,0.0,0.0,0.0,0.0,33.15212631225586,0.14438867568969727,2214.0,53.703887939453125,491.6000061035156,0.12867072224617004
1213,-0.0014808919513598084,-0.004809617064893246,0.020268026739358902,-8.169243665179238e-05,0.0002534185186959803,-0.0055555556900799274,0.0019259260734543204,0.0003103635099250823,0.0,0.011447482742369175,0.0,0.9885525107383728,42.83814239501953,0.009999999776482582,-0.004827330354601145,0.001444952329620719,0.9629629850387573,0.02777777798473835,0.24961082637310028,0.0,0.0,0.0,0.0,34.60300064086914,0.15149593353271484,2121.0,53.80220031738281,491.57000732421875,0.1245468258857727
1214,-0.0014924027491360903,-0.0048636263236403465,0.02082117833197117,-9.372188651468605e-05,0.00026672848616726696,-0.0027777778450399637,0.001999999862164259,0.0003443595196586102,0.0,0.010728624649345875,0.0,0.9892714023590088,42.84805679321289,9.999999747378752e-06,0.00041321737808175385,0.0005524617154151201,1.0,0.013888888992369175,0.2482321858406067,0.0,0.0,0.0,0.0,34.78440475463867,0.18671798706054688,2108.0,53.823402404785156,495.8999938964844,0.14885543286800385
1215,-0.001486067776568234,-0.004945344291627407,0.020547378808259964,-9.231436706613749e-05,0.00024342193501070142,-0.003240741090849042,0.0019614198245108128,0.00037860244628973305,0.0,0.010036892257630825,0.0,0.9899631142616272,42.849796295166016,0.004378939047455788,-0.0029117378871887922,0.0005584157770499587,0.9807099103927612,0.016203705221414566,0.2509550452232361,0.0,0.0,0.0,0.0,31.269811630249023,0.1787874698638916,2344.0,53.8482666015625,495.69000244140625,0.14615221321582794
1216,-0.0014897843357175589,-0.004292158875614405,0.02036949060857296,-8.036188955884427e-05,0.00025326915783807635,-0.005423280410468578,0.001967592863366008,0.0003519332967698574,0.0,0.01068793423473835,0.0,0.9893120527267456,42.86115646362305,0.009852612391114235,-0.0034509131219238043,0.001450403593480587,0.9837963581085205,0.027116401121020317,0.2546282410621643,0.0,0.0,0.0,0.0,34.16926574707031,0.1467876434326172,2148.0,53.97852325439453,487.32000732421875,0.11375609785318375
1217,-0.0014966195449233055,-0.005300796590745449,0.020710915327072144,-8.058220555540174e-05,0.00023931347823236138,-0.0015873017255216837,0.0019424603087827563,0.00037288630846887827,0.0,0.0107557512819767,0.0,0.989244282245636,42.88280487060547,0.009999999776482582,-0.005137958563864231,0.002195130567997694,0.9712302088737488,0.007936508394777775,0.2526971399784088,0.0,0.0,0.0,0.0,32.79219055175781,0.14599227905273438,2238.0,54.127296447753906,491.6300048828125,0.12012402713298798
1218,-0.0014992289943620563,-0.004946962930262089,0.02054438926279545,-7.818191807018593e-05,0.00023376253375317901,0.0,0.001999999862164259,0.0003979095199611038,0.0,0.010538737289607525,0.0,0.9894612431526184,42.89447784423828,0.009999999776482582,-0.012230818159878254,0.000887648668140173,1.0,0.0,0.25096097588539124,0.0,0.0,0.0,0.0,30.02103042602539,0.14594316482543945,2443.0,54.13934326171875,500.0,0.16588281095027924
1219,-0.0014737601159140468,-0.005395722575485706,0.020978476852178574,-7.673727668588981e-05,0.0002531633654143661,-0.004166666883975267,0.0019027779344469309,0.00022139256179798394,0.0,0.0101453997194767,0.0,0.989854633808136,42.89128112792969,0.0019753086380660534,-0.0009637266048230231,0.0009154471335932612,0.9513888955116272,0.02083333395421505,0.24914100766181946,0.0,0.0,0.0,0.0,28.538297653198242,0.15814495086669922,2569.0,54.15923309326172,491.489990234375,0.12461723387241364
1220,-0.0014809705317020416,-0.0048681688494980335,0.02068367227911949,-8.759616321185604e-05,0.00024256213509943336,-0.005423280876129866,0.0019318783888593316,0.0002565746253821999,0.0,0.0108642578125,0.0,0.9891357421875,42.901371002197266,0.00296296295709908,-0.003005510661751032,0.0015248432755470276,0.9659392237663269,0.027116401121020317,0.25066620111465454,0.0,0.0,0.0,0.0,35.889652252197266,0.1608879566192627,2045.0,54.2480354309082,491.6400146484375,0.1305028796195984
1221,-0.0014839941868558526,-0.004704304970800877,0.02070886828005314,-8.958709076978266e-05,0.0002696395094972104,-0.0031481485348194838,0.00195956788957119,0.00024526126799173653,0.0,0.01226128451526165,0.0,0.9877387285232544,42.9140510559082,9.999999747378752e-06,-0.0013401099713519216,0.0011305119842290878,0.9797838926315308,0.015740741044282913,0.2476208508014679,0.0,0.0,0.0,0.0,35.92600631713867,0.15169882774353027,2043.0,54.297637939453125,491.8500061035156,0.12829910218715668
1222,-0.0014862037496641278,-0.004827914293855429,0.02070709690451622,-9.015376417664811e-05,0.0002508098550606519,-0.0021825397852808237,0.001954806037247181,0.00028639560332521796,0.0,0.013590495102107525,0.0,0.9864094853401184,42.917236328125,0.004378939047455788,-0.00283270631916821,0.0008383709355257452,0.9774029850959778,0.010912698693573475,0.2511153817176819,0.0,0.0,0.0,0.0,37.56917190551758,0.1519770622253418,1954.0,54.3356819152832,495.8399963378906,0.14310221374034882
1223,-0.0014959863619878888,-0.004459432326257229,0.020634496584534645,-8.39388303575106e-05,0.00024495049729011953,-0.002006172901019454,0.0019544754177331924,0.00027145774220116436,0.0,0.014933268539607525,0.0,0.9850667119026184,42.93208694458008,0.009852612391114235,-0.0038643539883196354,0.0009471134399063885,0.9772377014160156,0.010030863806605339,0.2459997683763504,0.0,0.0,0.0,0.0,38.947998046875,0.18567514419555664,1884.0,54.4672737121582,500.0,0.1714354157447815
1224,-0.001491509028710425,-0.004718520678579807,0.020575949922204018,-9.186970419250429e-05,0.00026403696392662823,-0.0018518519354984164,0.0019592593889683485,0.0003435524122323841,0.0,0.015597873367369175,0.0,0.9844021201133728,42.942726135253906,0.009999999776482582,-0.009171798825263977,0.0012433240190148354,0.9796297550201416,0.009259259328246117,0.25253573060035706,0.0,0.0,0.0,0.0,33.88108444213867,0.1428666114807129,2166.0,54.510467529296875,500.0,0.1675419956445694
1225,-0.0014893844490870833,-0.004725346807390451,0.0210995115339756,-0.0001367640943499282,0.00027378866798244417,-0.001322751515544951,0.0019695768132805824,0.0003489217779133469,0.0,0.0153944231569767,0.0,0.984605610370636,42.94791793823242,0.009999999776482582,-0.0033355425111949444,0.026605548337101936,0.9847883582115173,0.006613756995648146,0.2518324851989746,0.0,0.0,0.0,0.0,36.58130645751953,0.15097761154174805,2007.0,54.59497833251953,500.0,0.16563774645328522
1226,-0.0015027460176497698,-0.004344700835645199,0.020679175853729248,-9.251480514649302e-05,0.00024903251323848963,0.0,0.001965278061106801,0.0003174667072016746,0.0,0.0146484375,0.0,0.9853515625,42.960994720458984,0.009999999776482582,-0.010838181711733341,0.011975291185081005,0.9826388955116272,0.0,0.2497827261686325,0.0,0.0,0.0,0.0,32.86061096191406,0.14772486686706543,2233.0,54.69174575805664,500.0,0.1679287850856781
1227,-0.001510044327005744,-0.0045399912633001804,0.02046736143529415,-9.257595957024023e-05,0.0002457776281516999,0.0,0.0019938270561397076,0.0003089967940468341,0.0,0.013156467117369175,0.0,0.9868435263633728,42.96851348876953,0.004444444552063942,-0.003875696798786521,0.0071371207013726234,0.9969136118888855,0.0,0.24710650742053986,0.0,0.0,0.013888888992369175,0.0,30.905866622924805,0.17444801330566406,2372.0,54.69546127319336,500.0,0.16566024720668793
1228,-0.0014573422959074378,-0.004586116410791874,0.020408570766448975,-8.29095151857473e-05,0.00023753868299536407,-0.004821429029107094,0.0019337303237989545,0.00028330099303275347,0.0,0.0134412981569767,0.0,0.986558735370636,42.97516632080078,0.004444444552063942,-0.004965915810316801,0.004536652937531471,0.9668651223182678,0.02410714328289032,0.24579466879367828,0.0,0.0,0.0,0.0,33.721763610839844,0.14554810523986816,2176.0,54.767601013183594,482.70001220703125,0.0880005806684494
1229,-0.0014586918987333775,-0.00466109998524189,0.020684728398919106,-0.00011490581528050825,0.0002514874213375151,-0.005648148711770773,0.0019318783888593316,0.00022241247643250972,0.0,0.014797634445130825,0.0,0.9852023720741272,42.98705291748047,0.009999999776482582,-0.008054721169173717,0.008879625238478184,0.9659392237663269,0.028240740299224854,0.2525345981121063,0.0,0.0,0.0,0.0,33.331966400146484,0.14628005027770996,2202.0,54.834007263183594,483.69000244140625,0.08840300887823105
1230,-0.0014434668701142073,-0.0043366276659071445,0.02044037915766239,-0.00010388269583927467,0.00027853171923197806,-0.00917989481240511,0.0019082011422142386,0.00022843509213998914,0.0,0.015245226211845875,0.0,0.9847548007965088,42.99766540527344,0.009999999776482582,-0.007603723090142012,0.004693910945206881,0.9541006088256836,0.045899469405412674,0.2533680200576782,0.0,0.0,0.0,0.0,31.684736251831055,0.1776726245880127,2313.0,54.93452453613281,474.4700012207031,0.04794229939579964
1231,-0.001457221806049347,-0.0045905280858278275,0.02047838270664215,-9.053041139850393e-05,0.00024063492310233414,-0.0055555556900799274,0.0018935187254101038,0.00023036962375044823,0.0,0.01592339389026165,0.0,0.9840766191482544,43.010108947753906,0.009999999776482582,-0.00971712451428175,0.0022321275901049376,0.9467593431472778,0.02777777798473835,0.2474898248910904,0.0,0.0,0.0,0.0,32.16242980957031,0.15210843086242676,2281.0,54.993675231933594,495.7799987792969,0.14944064617156982
1232,-0.0014727201778441668,-0.004664341453462839,0.020209698006510735,-7.324120088014752e-05,0.00025546757387928665,0.0,0.001999999862164259,0.00044197626993991435,0.0,0.015625,0.0,0.984375,43.01143264770508,0.004444444552063942,-0.009576788172125816,0.0012329083401709795,1.0,0.0,0.24422012269496918,0.0,0.0,0.0,0.0,30.393266677856445,0.17359328269958496,2412.0,55.01157760620117,500.0,0.16187626123428345
1233,-0.0014453590847551823,-0.005061859730631113,0.02054494619369507,-0.00010050555283669382,0.0002433343033771962,-0.004043209832161665,0.0019364197505638003,0.00025300722336396575,0.0,0.01603190042078495,0.0,0.9839680790901184,43.015018463134766,0.004444444552063942,-0.0037672752514481544,0.001916902489028871,0.9682099223136902,0.02021605148911476,0.2512263059616089,0.0,0.0,0.0,0.0,32.4163932800293,0.1466841697692871,2264.0,55.066627502441406,487.07000732421875,0.10014133155345917
1234,-0.0014450626913458109,-0.005020809359848499,0.02023893967270851,-8.986635657493025e-05,0.0002445137652102858,-0.003703703870996833,0.0019629630260169506,0.000276125967502594,0.0,0.01607259176671505,0.0,0.9839274287223816,43.02705383300781,0.009999999776482582,-0.004922451917082071,0.0011537759564816952,0.9814815521240234,0.018518518656492233,0.24486415088176727,0.0,0.0,0.0,0.0,35.640132904052734,0.18272614479064941,2058.0,55.17060089111328,495.760009765625,0.14231142401695251
1235,-0.0014632664388045669,-0.005454455502331257,0.020589249208569527,-8.068260649451986e-05,0.00025434198323637247,0.0,0.0019799384754151106,0.00022676237858831882,0.0,0.014919704757630825,0.0,0.9850803017616272,43.03571701049805,0.009999999776482582,-0.012678933329880238,0.00037124205846339464,0.9899691343307495,0.0,0.2468053549528122,0.0,0.0,0.0,0.0,36.463157653808594,0.1487123966217041,2013.0,55.172542572021484,500.0,0.16451461613178253
1236,-0.0014460522215813398,-0.0052102431654930115,0.02006579004228115,-9.936918650055304e-05,0.00021378062956500798,-0.0028306879103183746,0.001936970860697329,0.00034299067920073867,0.0,0.0145263671875,0.0,0.9854736328125,43.04019546508789,0.006666666828095913,-0.0018307288410142064,0.0012366313021630049,0.9684855341911316,0.014153439551591873,0.2513968348503113,0.0,0.0,0.0,0.0,37.126731872558594,0.14818668365478516,1977.0,55.25188446044922,495.7799987792969,0.1423826962709427
1237,-0.0014161837752908468,-0.005287046078592539,0.020646609365940094,-8.328229159815237e-05,0.000256070721661672,-0.007275132928043604,0.0018794091884046793,0.00032479697256349027,0.0,0.014255099929869175,0.0,0.9857448935508728,43.05188751220703,9.999999747378752e-06,-0.001515449839644134,0.002620112616568804,0.9397047162055969,0.036375660449266434,0.2482745349407196,0.0,0.0,0.0,0.0,35.85283279418945,0.1518101692199707,2047.0,55.289817810058594,483.1199951171875,0.08316513895988464
1238,-0.0013712785439565778,-0.005068744532763958,0.02006891369819641,-8.207659266190603e-05,0.00021684470993932337,-0.012962964363396168,0.001847222214564681,0.0002761663927230984,0.0,0.01836480014026165,0.0,0.9816352128982544,43.05510330200195,0.004378939047455788,-0.002674308605492115,0.0031618447974324226,0.9236111044883728,0.06481482088565826,0.2514330744743347,0.0,0.0,0.0,0.0,35.983551025390625,0.17769479751586914,2038.0,55.34027099609375,487.2799987792969,0.09820696711540222
1239,-0.001423969166353345,-0.004922251682728529,0.020204301923513412,-0.00011256658035563305,0.00025594737962819636,-0.00862433947622776,0.0019058199832215905,0.00017458628281019628,0.0,0.02091471292078495,0.0,0.9790852665901184,43.07343292236328,0.009999999776482582,-0.004672343377023935,0.002799804788082838,0.9529101252555847,0.04312169551849365,0.2477792650461197,0.0,0.0,0.0,0.0,37.23792266845703,0.1499767303466797,1971.0,55.4953498840332,487.17999267578125,0.09885961562395096
1240,-0.001464583445340395,-0.004970524925738573,0.01997286081314087,-7.638688111910596e-05,0.0002645727072376758,-0.0018518519354984164,0.0019814814440906048,0.00026849439018405974,0.0,0.02275933139026165,0.0,0.9772406816482544,43.094242095947266,0.009999999776482582,-0.007891440764069557,0.0005276630981825292,0.9907407760620117,0.009259259328246117,0.24403005838394165,0.0,0.0,0.0,0.0,33.96613693237305,0.1481342315673828,2161.0,55.606197357177734,495.54998779296875,0.1393042802810669
1241,-0.001446596230380237,-0.005119796376675367,0.02001476101577282,-7.582861871924251e-05,0.0002753371372818947,-0.004305555485188961,0.0019500000635161996,0.000263863563304767,0.0,0.0236952044069767,0.0,0.976304829120636,43.10222625732422,9.999999747378752e-06,9.844987653195858e-05,0.001683005946688354,0.9749999642372131,0.02152777649462223,0.24956722557544708,0.0,0.0,0.0,0.0,33.011661529541016,0.14366531372070312,2223.0,55.62248992919922,490.25,0.10197402536869049
1242,-0.0014571862993761897,-0.004941209219396114,0.020438972860574722,-7.968988211359829e-05,0.0002600340230856091,-0.003240741090849042,0.0019259260734543204,0.00022640341194346547,0.0,0.0240478515625,0.0,0.9759521484375,43.10557556152344,0.0065684085711836815,-0.002098726574331522,0.0009403372532688081,0.9629629850387573,0.016203705221414566,0.2522786557674408,0.0,0.0,0.0,0.0,32.945579528808594,0.1568005084991455,2227.0,55.686126708984375,491.67999267578125,0.12252297252416611
1243,-0.001405544811859727,-0.004786394536495209,0.019245436415076256,-8.054990757955238e-05,0.00021207318059168756,-0.006388889625668526,0.001918827067129314,0.00028591344016604125,0.0,0.02389865554869175,0.0,0.9761013388633728,43.11955642700195,9.999999747378752e-06,-0.00029225446633063257,0.0017859367653727531,0.9594136476516724,0.03194444626569748,0.24591064453125,0.0,0.0,0.0,0.0,32.40104675292969,0.14519500732421875,2265.0,55.730499267578125,486.8900146484375,0.09847891330718994
1244,-0.0014652857789769769,-0.005004428327083588,0.02010873518884182,-8.985677413875237e-05,0.0002264279028167948,-0.0018518519354984164,0.0019781747832894325,0.00021761233801953495,0.0,0.0233154296875,0.0,0.9766845703125,43.12222671508789,0.0029192925430834293,-0.00329708494246006,0.0005277010495774448,0.9890873432159424,0.009259259328246117,0.2467244416475296,0.0,0.0,0.0,0.0,31.791316986083984,0.14772772789001465,2308.0,55.7575569152832,498.6400146484375,0.14246304333209991
1245,-0.0014516356168314815,-0.005063244141638279,0.019697237759828568,-7.916710455901921e-05,0.0002015588543144986,-0.0015873017255216837,0.001951719750650227,0.0001678370899753645,0.0,0.02243381179869175,0.0,0.9775661826133728,43.13032150268555,0.009852612391114235,-0.004098589066416025,0.0007841875194571912,0.9758597612380981,0.007936508394777775,0.244427889585495,0.0,0.0,0.0,0.0,34.095252990722656,0.17351078987121582,2151.0,55.831363677978516,491.5899963378906,0.11382540315389633
1246,-0.0014340600464493036,-0.005055084824562073,0.019803030416369438,-8.139250712702051e-05,0.00021779625967610627,-0.003240741090849042,0.0019351852824911475,0.00018136075232177973,0.0,0.0228407122194767,0.0,0.977159321308136,43.14281463623047,0.009999999776482582,-0.0037105430383235216,0.0007239975384436548,0.9675926566123962,0.016203705221414566,0.24865074455738068,0.0,0.0,0.0,0.0,31.200286865234375,0.14632606506347656,2352.0,55.932193756103516,491.7900085449219,0.11554208397865295
1247,-0.001448179828003049,-0.00475886557251215,0.01955716498196125,-0.00010545728582656011,0.00022679583344142884,-0.00296296295709908,0.0019703705329447985,0.00024884220329113305,0.0,0.0224473737180233,0.0,0.9775526523590088,43.15323257446289,9.999999747378752e-06,0.006910996045917273,0.000643783831037581,0.9851852059364319,0.014814815483987331,0.2434428334236145,0.0,0.0,0.0,0.0,31.59813690185547,0.15227365493774414,2322.0,55.958251953125,496.0,0.13641594350337982
1248,-0.0014629639917984605,-0.005236442666500807,0.020374566316604614,-9.021691948873922e-05,0.0002437676303088665,0.0,0.001999999862164259,0.0002868552110157907,0.0,0.02130805142223835,0.0,0.9786919355392456,43.15421676635742,0.004378939047455788,-0.006480153184384108,9.021416190080345e-05,1.0,0.0,0.2468087375164032,0.0,0.0,0.0,0.0,38.058746337890625,0.1475386619567871,1929.0,55.972312927246094,500.0,0.1617179811000824
1249,-0.001465987996198237,-0.004679513163864613,0.01986495405435562,-9.232541196979582e-05,0.000254444224992767,-0.003888888983055949,0.0019722224678844213,0.00024571255198679864,0.0,0.0211452916264534,0.0,0.9788547158241272,43.157222747802734,0.004378939047455788,-0.0028599933721125126,0.0009071801323443651,0.9861111044883728,0.01944444514811039,0.2501305937767029,0.0,0.0,0.0,0.0,36.04727554321289,0.1477041244506836,2036.0,56.03203582763672,491.239990234375,0.12465724349021912
1250,-0.0014563215663656592,-0.004944493994116783,0.019946973770856857,-7.770336378598586e-05,0.00021978568111080676,-0.0018518519354984164,0.0019411375978961587,0.0002636759600136429,0.0,0.02091471292078495,0.0,0.9790852665901184,43.165306091308594,0.00011390625149942935,0.0008190932567231357,0.0005235116113908589,0.9705687761306763,0.009259259328246117,0.2539345324039459,0.0,0.0,0.0,0.0,35.239402770996094,0.14821314811706543,2083.0,56.05792236328125,495.9200134277344,0.13544486463069916
1251,-0.0014776629395782948,-0.0049204956740140915,0.0204500500112772,-7.937169721117243e-05,0.00019671580230351537,0.0,0.0018888890044763684,0.00022419338347390294,0.0,0.0196397565305233,0.0,0.9803602695465088,43.165252685546875,0.004378939047455788,-0.010082758963108063,0.00012768342276103795,0.944444477558136,0.0,0.2510082423686981,0.0,0.0,0.0,0.0,33.921024322509766,0.1469285488128662,2164.0,56.03083801269531,500.0,0.15977957844734192
1252,-0.0014489401364699006,-0.004868743009865284,0.020032251253724098,-8.433703624177724e-05,0.00020137618412263691,-0.006316137965768576,0.0018652116414159536,0.00017640483565628529,0.0,0.0164659284055233,0.0,0.9835340976715088,43.1606559753418,9.999999747378752e-06,0.00021702087542507797,0.002080978127196431,0.9326058626174927,0.03158068656921387,0.24850483238697052,0.0,0.0,0.0,0.0,34.219669342041016,0.14850664138793945,2145.0,56.027305603027344,489.32000732421875,0.09971988946199417
1253,-0.0014616787666454911,-0.004503505304455757,0.019895723089575768,-7.527122215833515e-05,0.00020191003568470478,-0.003626543330028653,0.0018998458981513977,0.0002525161253288388,0.0,0.01584201492369175,0.0,0.9841579794883728,43.16273498535156,0.0029192925430834293,-0.0025054793804883957,0.001633143168874085,0.9499228000640869,0.018132716417312622,0.2514289319515228,0.0,0.0,0.0,0.0,36.20621109008789,0.15200233459472656,2027.0,56.06976318359375,487.3599853515625,0.10317578911781311
1254,-0.0014832010492682457,-0.004943650681525469,0.01967901922762394,-9.382098505739123e-05,0.00020321557531133294,0.0,0.0019485449884086847,0.00020422479428816587,0.0,0.0152723528444767,0.0,0.984727680683136,43.17074203491211,0.009999999776482582,-0.008543021976947784,0.00013246650632936507,0.9742725491523743,0.0,0.2482336312532425,0.0,0.0,0.0,0.0,30.871047973632812,0.14780640602111816,2376.0,56.10260772705078,500.0,0.15541687607765198
1255,-0.0014444340486079454,-0.004507380072027445,0.01950332336127758,-9.357585076941177e-05,0.00021283363457769156,-0.005740741267800331,0.0018684525275602937,0.0002920481492765248,0.0,0.015041775070130825,0.0,0.9849582314491272,43.17525863647461,0.001316872425377369,-0.0013808488147333264,0.0019349674694240093,0.9342261552810669,0.028703702613711357,0.25083622336387634,0.0,0.0,0.0,0.0,34.508209228515625,0.1505429744720459,2127.0,56.152870178222656,483.05999755859375,0.07613527029752731
1256,-0.0014466538559645414,-0.004427801351994276,0.0195117499679327,-0.00015248982526827604,0.0002212731196777895,-0.006481481716036797,0.0019467592937871814,0.00035054326872341335,0.0,0.0151502825319767,0.0,0.984849750995636,43.17973327636719,9.999999747378752e-06,-0.0010401455219835043,0.0008291495614685118,0.9733796715736389,0.032407406717538834,0.2509136199951172,0.0,0.0,0.0,0.0,33.50880432128906,0.17859983444213867,2188.0,56.1642951965332,495.9599914550781,0.1390518993139267
1257,-0.0014688983792439103,-0.00418230751529336,0.019445715472102165,-8.506598533131182e-05,0.00020616310939658433,-0.006203704047948122,0.0019074074225500226,0.0001424238580511883,0.0,0.014865451492369175,0.0,0.9851345419883728,43.181114196777344,0.0029192925430834293,-0.0025989499408751726,0.001566383522003889,0.953703761100769,0.031018521636724472,0.25132662057876587,0.0,0.0,0.0,0.0,32.862205505371094,0.1488199234008789,2233.0,56.188621520996094,485.17999267578125,0.07803988456726074
1258,-0.0014656767016276717,-0.004439253360033035,0.01953653059899807,-0.00010221993579762056,0.0001954639155883342,-0.006898148451000452,0.0018721562810242176,0.0002410665329080075,0.0,0.0168592669069767,0.0,0.983140766620636,43.187374114990234,9.999999747378752e-06,-0.00172743434086442,0.0016343850875273347,0.9360780715942383,0.03449074551463127,0.2520938515663147,0.0,0.0,0.0,0.0,32.95683288574219,0.1486194133758545,2227.0,56.2159423828125,487.2900085449219,0.10220541805028915
1259,-0.001456223544664681,-0.004262054804712534,0.019209081307053566,-9.868745837593451e-05,0.00019571819575503469,-0.008902116678655148,0.0019215610809624195,0.0002542245201766491,0.0,0.01851399801671505,0.0,0.9814860224723816,43.189414978027344,0.0019461950287222862,-0.0030122927855700254,0.0025665953289717436,0.9607804417610168,0.04451058432459831,0.2534107267856598,0.0,0.0,0.0,0.0,30.621051788330078,0.18706679344177246,2393.0,56.24248123168945,477.9700012207031,0.056581199169158936
1260,-0.0014832009328529239,-0.004387334920465946,0.01977629028260708,-9.887919441098347e-05,0.00023317456361837685,-0.009312169626355171,0.0019022487103939056,0.00019636607612483203,0.0,0.01999240554869175,0.0,0.9800075888633728,43.199462890625,9.999999747378752e-06,-0.0031055647414177656,0.0016195232747122645,0.9511244297027588,0.046560849994421005,0.2450122833251953,0.0,0.0,0.0,0.0,30.78363609313965,0.15903568267822266,2382.0,56.304466247558594,485.6499938964844,0.07867057621479034
1261,-0.0013949250569567084,-0.004293437581509352,0.019787712022662163,-9.74160066107288e-05,0.00021678554185200483,-0.017129629850387573,0.0018217592732980847,0.0002844888949766755,0.0,0.0223388671875,0.0,0.9776611328125,43.2028694152832,0.0029192925430834293,-0.0030978419817984104,0.003040613839402795,0.9108796715736389,0.08564815670251846,0.2448534220457077,0.0,0.0,0.0,0.0,31.968481063842773,0.17392587661743164,2293.0,56.33858108520508,478.9599914550781,0.06176446005702019
1262,-0.0014903951669111848,-0.0045870342291891575,0.019623445346951485,-8.801088551990688e-05,0.00020815020252484828,-0.0019444444915279746,0.0019165343837812543,0.00024362765543628484,0.0,0.0244004987180233,0.0,0.9755995273590088,43.21531295776367,0.009852612391114235,-0.00452773179858923,0.0008518395479768515,0.9582672119140625,0.009722222574055195,0.24793294072151184,0.0,0.0,0.0,0.0,33.51465606689453,0.1443312168121338,2190.0,56.46376037597656,495.2900085449219,0.136423259973526
1263,-0.0014441453386098146,-0.004409722983837128,0.019711123779416084,-7.426111551467329e-05,0.00020074495114386082,-0.007460317574441433,0.001863690558820963,0.00018599865143187344,0.0,0.02572971023619175,0.0,0.9742702841758728,43.22481918334961,9.999999747378752e-06,0.0003242722887080163,0.0023406564723700285,0.9318452477455139,0.03730158880352974,0.25158098340034485,0.0,0.0,0.0,0.0,38.26481628417969,0.14337730407714844,1919.0,56.47722625732422,492.0400085449219,0.11987431347370148
1264,-0.0014884594129398465,-0.0045940931886434555,0.019661420956254005,-9.536762809148058e-05,0.00021609154646284878,-0.0007936508627608418,0.0018683202797546983,0.00020153781224507838,0.0,0.02605522982776165,0.0,0.9739447832107544,43.22667694091797,0.004378939047455788,-0.0035268557257950306,0.000532193633262068,0.934160053730011,0.003968254197388887,0.2510945498943329,0.0,0.0,0.0,0.0,37.768192291259766,0.16693353652954102,1943.0,56.508750915527344,495.8699951171875,0.1386658400297165
1265,-0.0014815402682870626,-0.004390127491205931,0.01959199458360672,-8.90121009433642e-05,0.0002072632050840184,-0.00148148147854954,0.0019633600022643805,0.0002033823839155957,0.0,0.0262586809694767,0.0,0.973741352558136,43.23719024658203,0.009852612391114235,-0.005865697283297777,0.0009858617559075356,0.9816799163818359,0.007407407741993666,0.2488933652639389,0.0,0.0,0.0,0.0,35.80718994140625,0.170762300491333,2049.0,56.614707946777344,499.7699890136719,0.13577143847942352
1266,-0.0014636649284511805,-0.0045922622084617615,0.020060326904058456,-0.00010279162233928218,0.0002239355817437172,-0.0030864200089126825,0.0019462303025647998,0.000583906308747828,0.0,0.02558051235973835,0.0,0.9744194746017456,43.25038146972656,0.00039018443203531206,-0.0017549375770613551,0.0016741362633183599,0.973115086555481,0.015432099811732769,0.25021234154701233,0.0,0.0,0.0,0.0,37.44935607910156,0.14521241188049316,1961.0,56.65739059448242,495.20001220703125,0.11823727190494537
1267,-0.0014859831426292658,-0.004682037513703108,0.019797194749116898,-9.701788803795353e-05,0.00020771556592080742,0.0,0.0019796297419816256,0.0003485353081487119,0.0,0.02433268167078495,0.0,0.9756672978401184,43.25507736206055,0.006666666828095913,-0.011047662235796452,0.00019914719450753182,0.9898147583007812,0.0,0.2477618008852005,0.0,0.0,0.0,0.0,34.308162689208984,0.1644890308380127,2138.0,56.70307922363281,500.0,0.15624669194221497
1268,-0.0014463835395872593,-0.004373373929411173,0.02002551406621933,-9.960465831682086e-05,0.00020858967036474496,-0.006481482181698084,0.0019027777016162872,0.0003928897494915873,0.0,0.024169921875,0.0,0.975830078125,43.25647735595703,9.999999747378752e-06,0.0045078531838953495,0.001160299638286233,0.9513888955116272,0.03240741044282913,0.24384406208992004,0.0,0.0,0.0,0.0,30.643861770629883,0.1490495204925537,2394.0,56.702476501464844,487.20001220703125,0.10784613341093063
1269,-0.0015094307018443942,-0.004553026985377073,0.020241662859916687,-0.00011715833534253761,0.00026310081011615694,0.0,0.0019888889510184526,0.00035189941991120577,0.0,0.02373589389026165,0.0,0.9762641191482544,43.258426666259766,0.004378939047455788,-0.006429004017263651,0.00014361957437358797,0.9944444298744202,0.0,0.24859042465686798,0.0,0.0,0.0,0.0,32.98199462890625,0.18318772315979004,2223.0,56.72370910644531,500.0,0.16559304296970367
1270,-0.0014869972364977002,-0.0046275919303298,0.02008948102593422,-0.00010021738853538409,0.00021623574139084667,0.0,0.0019194446504116058,0.000352204981027171,0.0,0.02193196676671505,0.0,0.9780680537223816,43.26239013671875,0.009852612391114235,-0.009000260382890701,0.00302108027972281,0.9597223401069641,0.0,0.2516074776649475,0.0,0.0,0.0,0.0,34.903892517089844,0.14777445793151855,2103.0,56.74114990234375,500.0,0.16367702186107635
1271,-0.0014837029157206416,-0.004587129224091768,0.02004050835967064,-0.00010791991371661425,0.00022507405083160847,-0.0034259259700775146,0.0019313492812216282,0.0002864263951778412,0.0,0.02118598110973835,0.0,0.9788140058517456,43.2679443359375,0.006666666828095913,-0.0030437218956649303,0.0009154783328995109,0.965674638748169,0.017129629850387573,0.2529171407222748,0.0,0.0,0.0,0.0,32.23406219482422,0.14959144592285156,2276.0,56.831878662109375,495.54998779296875,0.12433226406574249
1272,-0.0014643477043136954,-0.004339518491178751,0.01977149024605751,-0.0001080530128092505,0.00023887163843028247,-0.012500000186264515,0.0019074074225500226,0.0003228306013625115,0.0,0.02058919332921505,0.0,0.9794108271598816,43.278385162353516,0.0002601229352876544,-0.00311717065051198,0.0022619161754846573,0.953703761100769,0.0625,0.24930964410305023,0.0,0.0,0.0,0.0,32.58016586303711,0.1481328010559082,2252.0,56.86785125732422,481.30999755859375,0.04576536640524864
1273,-0.0014737898018211126,-0.00441984087228775,0.01986611820757389,-9.963671618606895e-05,0.00021813882631249726,-0.0020370371639728546,0.0019129631109535694,0.00034491365659050643,0.0,0.01985677145421505,0.0,0.9801432490348816,43.285587310791016,0.009999999776482582,-0.004099516663700342,0.001720285159535706,0.9564815163612366,0.010185185819864273,0.25058892369270325,0.0,0.0,0.0,0.0,31.89582633972168,0.14790678024291992,2300.0,56.95707321166992,495.67999267578125,0.14218352735042572
1274,-0.0014145360328257084,-0.004580541513860226,0.01899012364447117,-9.177708125207573e-05,0.00020642920571845025,-0.013161376118659973,0.0017711640102788806,0.00039452043711207807,0.0,0.0191786028444767,0.0,0.980821430683136,43.294837951660156,9.999999747378752e-06,-0.0029012253507971764,0.0044273328967392445,0.8855820298194885,0.06580688059329987,0.2521046996116638,0.0,0.0,0.0,0.0,30.01648712158203,0.14803528785705566,2444.0,56.97464370727539,486.4200134277344,0.05284789949655533
1275,-0.0015038844430819154,-0.004411375615745783,0.01953827030956745,-9.906113700708374e-05,0.00018898840062320232,0.0,0.0019259258406236768,0.0003024750330951065,0.0,0.0170762799680233,0.0,0.9829237461090088,43.29560470581055,0.004378939047455788,-0.00642158230766654,9.321434481535107e-05,0.9629629850387573,0.0,0.2520595192909241,0.0,0.0,0.0,0.0,34.62038040161133,0.14722156524658203,2120.0,56.97954177856445,500.0,0.16334691643714905
1276,-0.0014916453510522842,-0.004680722486227751,0.019408760592341423,-8.520539995515719e-05,0.00019756192341446877,-0.0009259259677492082,0.0018167109228670597,0.0002850157907232642,0.0,0.01544867642223835,0.0,0.9845513105392456,43.2944221496582,0.009852612391114235,-0.005978751461952925,0.0006431823712773621,0.9083552956581116,0.004629629664123058,0.2488902360200882,0.0,0.0,0.0,0.0,36.79419708251953,0.1479053497314453,1995.0,57.00284957885742,500.0,0.1583460569381714
1277,-0.0014789977576583624,-0.004547408316284418,0.019703388214111328,-8.520551637047902e-05,0.0001808010129025206,-0.002500000176951289,0.0018591029802337289,0.0002955832169391215,0.0,0.013834635727107525,0.0,0.9861653447151184,43.30455780029297,0.009999999776482582,-0.005193858407437801,0.0033679569605737925,0.9295514225959778,0.012500000186264515,0.2500670254230499,0.0,0.0,0.0,0.0,39.71906280517578,0.1472311019897461,1849.0,57.12624740600586,499.3800048828125,0.1405709683895111
1278,-0.0014652324607595801,-0.004516246262937784,0.019323498010635376,-8.578884444432333e-05,0.00020307737577240914,-0.003240741090849042,0.0019337303237989545,0.00027021404821425676,0.0,0.01373969204723835,0.0,0.9862602949142456,43.321292877197266,0.009999999776482582,-0.00538362143561244,0.0018206286476925015,0.9668651223182678,0.016203705221414566,0.24729149043560028,0.0,0.0,0.0,0.0,35.062347412109375,0.18231463432312012,2091.0,57.21906280517578,495.44000244140625,0.13270288705825806
1279,-0.001474268501624465,-0.004773398395627737,0.019273946061730385,-0.00010165399726247415,0.00021071889204904437,-0.0028769841883331537,0.0019290124764665961,0.0002581011794973165,0.0,0.014133029617369175,0.0,0.9858669638633728,43.3354606628418,0.009999999776482582,-0.004902778659015894,0.0014770515263080597,0.9645061492919922,0.014384920708835125,0.2484237104654312,0.0,0.0,0.0,0.0,35.581546783447266,0.18654704093933105,2061.0,57.34288787841797,494.510009765625,0.11099071800708771
1280,-0.0014710730174556375,-0.004439586773514748,0.018889399245381355,-8.917558443499729e-05,0.00020139550906606019,-0.005560365971177816,0.0018644800875335932,0.0002686120569705963,0.0,0.0157470703125,0.0,0.9842529296875,43.352046966552734,0.0019753086380660534,-0.0030623571947216988,0.0017134954687207937,0.9322400689125061,0.02780182845890522,0.2508253753185272,0.0,0.0,0.0,0.0,34.80677032470703,0.14694571495056152,2109.0,57.44779586791992,487.3699951171875,0.09342368692159653
1281,-0.001470820396207273,-0.004494988359510899,0.018567433580756187,-9.157246677204967e-05,0.00020543514983728528,-0.0027777780778706074,0.0018094577826559544,0.00020643182506319135,0.0,0.0167100690305233,0.0,0.9832899570465088,43.36456298828125,0.009999999776482582,-0.004896697122603655,0.0007986308191902936,0.904728889465332,0.013888888992369175,0.2549044191837311,0.0,0.0,0.0,0.0,34.83322525024414,0.18649077415466309,2105.0,57.51491165161133,495.4599914550781,0.12906372547149658
1282,-0.0014688660157844424,-0.004980640485882759,0.018644703552126884,-9.096871508518234e-05,0.00017520863912068307,-0.004166666883975267,0.0019064154475927353,0.00023477827198803425,0.0,0.016845703125,0.0,0.983154296875,43.37770080566406,0.009999999776482582,-0.004834455903619528,0.0011378859635442495,0.9532076716423035,0.02083333395421505,0.25595012307167053,0.0,0.0,0.0,0.0,31.75510597229004,0.14680051803588867,2311.0,57.62016677856445,495.1099853515625,0.10857385396957397
1283,-0.001444995286874473,-0.00440578255802393,0.018776407465338707,-7.221080886665732e-05,0.00019206049910280854,-0.004814815241843462,0.0017803572118282318,0.00021563624613918364,0.0,0.0179307721555233,0.0,0.9820692539215088,43.38992691040039,0.0002601229352876544,-0.0003796786186285317,0.0016040191985666752,0.8901785612106323,0.024074073880910873,0.24753089249134064,0.0,0.0,0.0,0.0,33.214229583740234,0.15997004508972168,2209.0,57.65205764770508,483.1199951171875,0.06672109663486481
1284,-0.0014825136167928576,-0.004706788342446089,0.018835444003343582,-8.740445628063753e-05,0.00018100065062753856,-0.004166666883975267,0.001781746163032949,0.00027590771787799895,0.0,0.01938205398619175,0.0,0.9806179404258728,43.39737319946289,0.006666666828095913,-0.004189257510006428,0.0014800283825024962,0.8908729553222656,0.02083333395421505,0.24874374270439148,0.0,0.0,0.0,0.0,34.40236282348633,0.1456437110900879,2134.0,57.74774169921875,497.92999267578125,0.1089339405298233
1285,-0.0014471901813521981,-0.004445875063538551,0.0195192601531744,-8.928516035666689e-05,0.00016406016948167235,-0.004398148041218519,0.0018319444498047233,0.0003097844310104847,0.0,0.0198974609375,0.0,0.9801025390625,43.407623291015625,9.999999747378752e-06,0.0008009899174794555,0.0012756215874105692,0.9159721732139587,0.021990740671753883,0.24886086583137512,0.0,0.0,0.0,0.0,31.532726287841797,0.1457228660583496,2327.0,57.76643753051758,487.30999755859375,0.09827520698308945
1286,-0.0014796408358961344,-0.00454534450545907,0.01968924142420292,-8.83420289028436e-05,0.0001915237953653559,-0.0034722222480922937,0.0018998016603291035,0.00025410988018848,0.0,0.0198838971555233,0.0,0.9801161289215088,43.40937042236328,0.0029192925430834293,-0.0024110551457852125,0.0009201241191476583,0.94990074634552,0.0173611119389534,0.2519052028656006,0.0,0.0,0.0,0.0,33.441856384277344,0.15114235877990723,2194.0,57.7974739074707,495.8299865722656,0.13842062652111053
1287,-0.001437463564798236,-0.004572039935737848,0.019637303426861763,-7.857066520955414e-05,0.00018389153410680592,-0.008518518880009651,0.001703174551948905,0.00020963817951269448,0.0,0.01863606832921505,0.0,0.9813639521598816,43.41637420654297,9.999999747378752e-06,-0.0008655732381157577,0.0012147478992119431,0.8515872955322266,0.04259259253740311,0.2469574362039566,0.0,0.0,0.0,0.0,31.194305419921875,0.1464676856994629,2352.0,57.83485412597656,486.8699951171875,0.09583115577697754
1288,-0.001445910194888711,-0.00449992623180151,0.019481508061289787,-7.581966929137707e-05,0.00019013026030734181,-0.004814815241843462,0.001873148255981505,0.0002849028678610921,0.0,0.0178358294069767,0.0,0.982164204120636,43.41830825805664,0.0029192925430834293,-0.0021287119016051292,0.0010955180041491985,0.9365741014480591,0.024074073880910873,0.2502730190753937,0.0,0.0,0.0,0.0,31.173076629638672,0.1765000820159912,2351.0,57.85535430908203,491.3900146484375,0.12322632223367691
1289,-0.001454128185287118,-0.004239470697939396,0.0203850194811821,-9.318217780673876e-05,0.00017928371380548924,-0.006111111491918564,0.0017787037650123239,0.00019550036813598126,0.0,0.0189208984375,0.0,0.9810791015625,43.423587799072266,9.999999747378752e-06,-0.0006042025634087622,0.0014137126272544265,0.8893518447875977,0.03055555559694767,0.24317584931850433,0.0,0.0,0.0,0.0,34.579986572265625,0.18633770942687988,2120.0,57.87874221801758,495.70001220703125,0.14878538250923157
1290,-0.001457101316191256,-0.004562166053801775,0.01946871727705002,-8.265441283583641e-05,0.00016618070367258042,-0.0034259259700775146,0.0018792969640344381,0.00029534235363826156,0.0,0.0199245885014534,0.0,0.9800754189491272,43.42601776123047,0.0029192925430834293,-0.002262930618599057,0.0014081739354878664,0.939648449420929,0.017129629850387573,0.25000032782554626,0.0,0.0,0.0,0.0,36.73551940917969,0.1919994354248047,1996.0,57.91008758544922,486.9700012207031,0.0943465456366539
1291,-0.0014706241199746728,-0.004591080825775862,0.01945672184228897,-9.185226372210309e-05,0.0001943092793226242,-0.003888888983055949,0.0018404541769996285,0.00028139178175479174,0.0,0.02095540426671505,0.0,0.9790446162223816,43.436241149902344,0.009852612391114235,-0.004493835847824812,0.001148983370512724,0.92022705078125,0.01944444514811039,0.252805233001709,0.0,0.0,0.0,0.0,35.02886962890625,0.14670515060424805,2095.0,57.99609375,495.70001220703125,0.1416103094816208
1292,-0.0014560584677383304,-0.004774617496877909,0.01919492520391941,-7.557915523648262e-05,0.0001626806624699384,-0.004043209832161665,0.0017623897874727845,0.0001714809623081237,0.0,0.02164713479578495,0.0,0.9783528447151184,43.448585510253906,0.009999999776482582,-0.004815800581127405,0.0021993089467287064,0.8811948895454407,0.020216049626469612,0.24862463772296906,0.0,0.0,0.0,0.0,37.40329360961914,0.14800214767456055,1963.0,58.11552810668945,491.4100036621094,0.11170639842748642
1293,-0.0014752313727512956,-0.004549587145447731,0.019301733002066612,-9.351855987915769e-05,0.00017955053772311658,0.0,0.0017857966013252735,0.00018898501002695411,0.0,0.02121310867369175,0.0,0.9787868857383728,43.45555877685547,0.00296296295709908,-0.0045539503917098045,0.0009145675576291978,0.8928982615470886,0.0,0.2531466484069824,0.0,0.0,0.0,0.0,36.23126983642578,0.1495060920715332,2026.0,58.11398696899414,500.0,0.15677909553050995
1294,-0.001451033866032958,-0.0046152821741998196,0.019837990403175354,-7.156452193157747e-05,0.00015763312694616616,-0.002414021175354719,0.0017194445244967937,0.00022156986233312637,0.0,0.01888020895421505,0.0,0.9811198115348816,43.45514678955078,0.006666666828095913,-0.003047508653253317,0.0010950600262731314,0.8597222566604614,0.012070106342434883,0.24806632101535797,0.0,0.0,0.0,0.0,35.02195358276367,0.14810562133789062,2096.0,58.1735725402832,491.2900085449219,0.11388973146677017
1295,-0.0014633251121267676,-0.004369511269032955,0.01973126083612442,-7.62455674703233e-05,0.0001668806216912344,-0.004166666883975267,0.0017069444293156266,0.00019717584655154496,0.0,0.01888020895421505,0.0,0.9811198115348816,43.46771240234375,0.009999999776482582,-0.006156938150525093,0.0006866868352517486,0.8534722328186035,0.02083333395421505,0.24981795251369476,0.0,0.0,0.0,0.0,34.7893180847168,0.14637494087219238,2110.0,58.26418685913086,495.67999267578125,0.1367870569229126
1296,-0.001469654031097889,-0.004336043726652861,0.02033441886305809,-8.056404476519674e-05,0.00018335712957195938,-0.006481482181698084,0.001806878368370235,0.0002555192622821778,0.0,0.0193006731569767,0.0,0.980699360370636,43.47607421875,9.999999747378752e-06,0.00019242017879150808,0.0010729089844971895,0.9034392237663269,0.03240741044282913,0.25083664059638977,0.0,0.0,0.0,0.0,31.543455123901367,0.14710235595703125,2326.0,58.28752517700195,495.8800048828125,0.14945058524608612
1297,-0.001493033836595714,-0.004730562679469585,0.01965717226266861,-9.064449113793671e-05,0.00020348973339423537,-0.0018518519354984164,0.0018217592732980847,0.00020147752366028726,0.0,0.01839192770421505,0.0,0.9816080927848816,43.47882843017578,0.004378939047455788,-0.0033345187548547983,0.0003626321267802268,0.9108796715736389,0.009259259328246117,0.2512946128845215,0.0,0.0,0.0,0.0,32.98048782348633,0.19051504135131836,2222.0,58.33621597290039,500.0,0.15749584138393402
1298,-0.0014654259430244565,-0.004437129478901625,0.020034952089190483,-8.53510937304236e-05,0.00019936605531256646,-0.004074074327945709,0.0019046296365559101,0.00023211604275275022,0.0,0.01776801235973835,0.0,0.9822319746017456,43.49187469482422,0.009999999776482582,-0.004626426845788956,0.0022111842408776283,0.9523147940635681,0.020370371639728546,0.24323031306266785,0.0,0.0,0.0,0.0,34.39479446411133,0.14946770668029785,2134.0,58.46567916870117,491.6300048828125,0.12239530682563782
1299,-0.0014305582735687494,-0.004280491266399622,0.019405776634812355,-8.161523146554828e-05,0.00016998611681628972,-0.008518518880009651,0.0017949073808267713,0.00022224755957722664,0.0,0.0183376744389534,0.0,0.9816623330116272,43.50452423095703,9.999999747378752e-06,-0.002479218179360032,0.0018015484092757106,0.8974537253379822,0.042592596262693405,0.24957463145256042,0.0,0.0,0.0,0.0,32.92070770263672,0.14792299270629883,2229.0,58.49365234375,483.57000732421875,0.07852167636156082
1300,-0.0014767867978662252,-0.004652548115700483,0.0195793304592371,-9.102481271838769e-05,0.00020436108752619475,-0.005608466453850269,0.0017702380428090692,0.0002344591630389914,0.0,0.0195176862180233,0.0,0.9804823398590088,43.506805419921875,0.004378939047455788,-0.0023563553113490343,0.0011447893921285868,0.8851190805435181,0.028042329475283623,0.25010988116264343,0.0,0.0,0.0,0.0,32.52753829956055,0.15303778648376465,2256.0,58.53614807128906,491.6000061035156,0.12094181776046753
1301,-0.0014604396419599652,-0.004527673125267029,0.019951792433857918,-8.301902562379837e-05,0.00019952774164266884,-0.004351851996034384,0.0019234128994867206,0.00025485968217253685,0.0,0.0203857421875,0.0,0.9796142578125,43.52294921875,0.009999999776482582,-0.0038447941187769175,0.002309274161234498,0.9617063999176025,0.021759260445833206,0.25153765082359314,0.0,0.0,0.0,0.0,29.602588653564453,0.1489119529724121,2478.0,58.70629119873047,487.45001220703125,0.10376253724098206
1302,-0.0014556971145793796,-0.0047371843829751015,0.019603634253144264,-7.701045979047194e-05,0.00017040903912857175,-0.0018518519354984164,0.0018073413521051407,0.000295458419714123,0.0,0.01961263082921505,0.0,0.9803873896598816,43.541786193847656,0.009999999776482582,-0.006079619750380516,0.0006551146507263184,0.903670608997345,0.009259259328246117,0.25375106930732727,0.0,0.0,0.0,0.0,34.92170333862305,0.1476595401763916,2102.0,58.79322814941406,495.6499938964844,0.14171579480171204
1303,-0.001441358937881887,-0.004611955489963293,0.019350573420524597,-8.073525532381609e-05,0.00016825107741169631,-0.0069444444961845875,0.0018064813921228051,0.00021529787045437843,0.0,0.0185818150639534,0.0,0.9814181923866272,43.55624771118164,0.009999999776482582,-0.0035758076701313257,0.0017954205395653844,0.9032408595085144,0.0347222238779068,0.253374844789505,0.0,0.0,0.0,0.0,33.89476013183594,0.14728617668151855,2165.0,58.95902633666992,482.9200134277344,0.07536158710718155
1304,-0.0014792537549510598,-0.004668779205530882,0.01972741261124611,-7.713872037129477e-05,0.00017563538858667016,-0.0007936508627608418,0.0018384901341050863,0.0002199095324613154,0.0,0.01871744729578495,0.0,0.9812825322151184,43.57698059082031,0.009999999776482582,-0.005461406894028187,0.000596209429204464,0.9192450046539307,0.003968254197388887,0.2503753900527954,0.0,0.0,0.0,0.0,36.860870361328125,0.14935970306396484,1992.0,59.0610237121582,500.0,0.1516055464744568
1305,-0.0014529288746416569,-0.004761207848787308,0.019552940502762794,-9.316210343968123e-05,0.00016808518557809293,-0.004682539496570826,0.0017907627625390887,0.00020026824495289475,0.0,0.0191514752805233,0.0,0.9808485507965088,43.58655548095703,0.006666666828095913,-0.0023874202743172646,0.001662499620579183,0.8953813910484314,0.02341269887983799,0.24923157691955566,0.0,0.0,0.0,0.0,35.50224304199219,0.14838123321533203,2068.0,59.13540267944336,500.0,0.15504787862300873
1306,-0.0014611921506002545,-0.00450827507302165,0.018898745998740196,-8.26086979941465e-05,0.00015142932534217834,-0.0014880953822284937,0.001912830863147974,0.00023380348284263164,0.0,0.01812065951526165,0.0,0.9818793535232544,43.600093841552734,0.009999999776482582,-0.005644821096211672,0.0011580544523894787,0.9564154148101807,0.0074404762126505375,0.2561795115470886,0.0,0.0,0.0,0.0,37.398746490478516,0.14788436889648438,1963.0,59.23332595825195,495.5199890136719,0.1331578642129898
1307,-0.001471333671361208,-0.0045516095124185085,0.019671430811285973,-7.638036913704127e-05,0.00017891587049234658,-0.0011111112544313073,0.001832227106206119,0.00016508596308995038,0.0,0.01864963211119175,0.0,0.9813503623008728,43.61402893066406,0.009999999776482582,-0.004907479975372553,0.0008998929406516254,0.916113555431366,0.0055555556900799274,0.2472049444913864,0.0,0.0,0.0,0.0,35.602210998535156,0.1470627784729004,2062.0,59.33835983276367,495.8800048828125,0.1364360749721527
1308,-0.001460480852983892,-0.004407879430800676,0.019570715725421906,-7.83252326073125e-05,0.0001675853127380833,-0.0033245154190808535,0.0018057317938655615,0.00031743114232085645,0.0,0.01901584304869175,0.0,0.9809841513633728,43.62565994262695,9.999999747378752e-06,-0.0020529141183942556,0.0026246309280395508,0.9028659462928772,0.016622576862573624,0.24837848544120789,0.0,0.0,0.0,0.0,36.228782653808594,0.1534271240234375,2026.0,59.37211227416992,483.3599853515625,0.07969416677951813
1309,-0.0014331600395962596,-0.004431248642504215,0.01906663179397583,-7.369214290520176e-05,0.0001826835359679535,-0.008849207311868668,0.0017346561653539538,0.0001413995196344331,0.0,0.02046712301671505,0.0,0.9795328974723816,43.6293830871582,0.004378939047455788,-0.002360840095207095,0.0016757519915699959,0.8673280477523804,0.04424603655934334,0.24892112612724304,0.0,0.0,0.0,0.0,38.177955627441406,0.15169811248779297,1923.0,59.42616653442383,486.94000244140625,0.09479856491088867
1310,-0.0014056095387786627,-0.004383295774459839,0.019323548302054405,-7.920966891106218e-05,0.00017626849876251072,-0.01314814854413271,0.0017011023592203856,0.00029231110238470137,0.0,0.02166069857776165,0.0,0.9783393144607544,43.64276123046875,0.0029192925430834293,-0.0037902435287833214,0.0031636191997677088,0.8505511283874512,0.06574074178934097,0.2565155327320099,0.0,0.0,0.0,0.0,33.17687225341797,0.14707016944885254,2212.0,59.51448440551758,470.44000244140625,0.014661751687526703
1311,-0.0013876690063625574,-0.0042383405379951,0.019644251093268394,-8.194751717383042e-05,0.00017702249169815332,-0.015476192347705364,0.0017178572015836835,0.00017961063713300973,0.0,0.0261366106569767,0.0,0.973863422870636,43.653324127197266,9.999999747378752e-06,-0.002669109497219324,0.0034857606515288353,0.8589285612106323,0.0773809552192688,0.24703224003314972,0.0,0.0,0.0,0.0,35.47428894042969,0.17145943641662598,2068.0,59.560302734375,482.6000061035156,0.07800709456205368
1312,-0.0014744328800588846,-0.00463384622707963,0.01992552913725376,-8.704639913048595e-05,0.00020930949540343136,-0.003240741090849042,0.0018486111657693982,0.00016086242976598442,0.0,0.02803548239171505,0.0,0.9719645380973816,43.657203674316406,0.004378939047455788,-0.0024844645522534847,0.0008424223633483052,0.9243056178092957,0.016203705221414566,0.25181084871292114,0.0,0.0,0.0,0.0,35.66503143310547,0.14143157005310059,2059.0,59.61526107788086,491.5,0.12164001166820526
1313,-0.0014348907861858606,-0.004567905329167843,0.01959514059126377,-9.153076825896278e-05,0.00019455557048786432,-0.006203704047948122,0.0017597222467884421,0.00019028688257094473,0.0,0.0273573137819767,0.0,0.972642719745636,43.666988372802734,0.0002562890585977584,-0.001670323545113206,0.0019019778119400144,0.8798611760139465,0.031018519774079323,0.247502863407135,0.0,0.0,0.0,0.0,32.186622619628906,0.1493206024169922,2280.0,59.65988540649414,483.1600036621094,0.0775865688920021
1314,-0.001431553508155048,-0.004408122040331364,0.01980631984770298,-8.179062569979578e-05,0.0001939536741701886,-0.009444444440305233,0.001787962974049151,0.0003107990196440369,0.0,0.0279812291264534,0.0,0.9720187783241272,43.672706604003906,0.004378939047455788,-0.004481400363147259,0.0021573840640485287,0.8939815163612366,0.04722222313284874,0.2571820616722107,0.0,0.0,0.0,0.0,33.08844757080078,0.1473982334136963,2218.0,59.72721481323242,484.0,0.0856427550315857
1315,-0.001472902949899435,-0.004705141764134169,0.019458292052149773,-9.17948636924848e-05,0.0002125694154528901,-0.005000000353902578,0.0018365081632509828,0.00022348365746438503,0.0,0.0285508893430233,0.0,0.9714491367340088,43.68520736694336,0.0005766503745689988,-0.0025483628269284964,0.0014017404755577445,0.918254017829895,0.02500000037252903,0.24434304237365723,0.0,0.0,0.0,0.0,31.615352630615234,0.17211270332336426,2319.0,59.79597854614258,483.42999267578125,0.07688470184803009
1316,-0.001447379239834845,-0.004659285303205252,0.019526856020092964,-9.403123112861067e-05,0.0002011322503676638,-0.007592592854052782,0.0017457673093304038,0.00021273126185406,0.0,0.02936469204723835,0.0,0.9706352949142456,43.695091247558594,0.0065684085711836815,-0.004274938255548477,0.001633126987144351,0.8728836178779602,0.037962961941957474,0.24888713657855988,0.0,0.0,0.0,0.0,32.467529296875,0.14496231079101562,2260.0,59.8968391418457,482.95001220703125,0.07540908455848694
1317,-0.0014447226421907544,-0.00475302804261446,0.019516482949256897,-9.905525075737387e-05,0.0001872955181170255,-0.006435185670852661,0.0017887345748022199,0.00021601379557978362,0.0,0.03058539517223835,0.0,0.9694145917892456,43.706356048583984,9.999999747378752e-06,-0.001244563376531005,0.0016586402198299766,0.8943672180175781,0.03217592462897301,0.24936223030090332,0.0,0.0,0.0,0.0,33.99026107788086,0.17512989044189453,2157.0,59.92802047729492,487.2300109863281,0.09190665185451508
1318,-0.0014795707538723946,-0.004766751546412706,0.019507944583892822,-8.692098344909027e-05,0.00017818502965383232,-0.0011111112544313073,0.0018328463193029165,0.0002268604002892971,0.0,0.0300428606569767,0.0,0.969957172870636,43.708961486816406,0.004378939047455788,-0.0028284245636314154,0.0004966852138750255,0.9164231419563293,0.0055555556900799274,0.24880126118659973,0.0,0.0,0.0,0.0,33.99253845214844,0.1524214744567871,2159.0,59.97218322753906,495.3999938964844,0.13378794491291046
1319,-0.001473274896852672,-0.004723229445517063,0.020049287006258965,-8.328289550263435e-05,0.0001897407346405089,-0.0007936508627608418,0.001812830800190568,0.00022576801711693406,0.0,0.0287950299680233,0.0,0.9712049961090088,43.720829010009766,0.009852612391114235,-0.004497309681028128,0.02116900496184826,0.9064152836799622,0.003968254197388887,0.2523587942123413,0.0,0.0,0.0,0.0,34.22365951538086,0.17241525650024414,2143.0,60.05909729003906,500.0,0.15517540276050568
1320,-0.0014592051738873124,-0.004851728677749634,0.019656838849186897,-8.821865048957989e-05,0.00019095577590633184,-0.003421717556193471,0.0017616802360862494,0.000265530776232481,0.0,0.029052734375,0.0,0.970947265625,43.72914505004883,9.999999747378752e-06,0.013428866863250732,0.0062412964180111885,0.8808401226997375,0.017108585685491562,0.25262847542762756,0.0,0.0,0.0,0.0,36.77460479736328,0.1443166732788086,1997.0,60.07903289794922,487.75,0.08978142589330673
1321,-0.0014301934279501438,-0.0046097817830741405,0.02004612237215042,-0.00010604708950268105,0.00019559422798920423,-0.011395502835512161,0.0017669975059106946,0.00018128252122551203,0.0,0.03024631179869175,0.0,0.9697536826133728,43.731231689453125,0.0029192925430834293,-0.0032928679138422012,0.0035193220246583223,0.8834987282752991,0.05697751045227051,0.25259342789649963,0.0,0.0,0.0,0.0,36.53868865966797,0.1783146858215332,2008.0,60.11649703979492,475.1099853515625,0.04133722558617592
1322,-0.0014155675889924169,-0.004632818978279829,0.019569387659430504,-0.00010524160461500287,0.00016380853776354343,-0.011578483507037163,0.0016932388534769416,0.00021970903617329895,0.0,0.0347900390625,0.0,0.9652099609375,43.73816680908203,9.999999747378752e-06,-0.0018035636749118567,0.003575927810743451,0.8466194272041321,0.057892415672540665,0.25120121240615845,0.0,0.0,0.0,0.0,37.616172790527344,0.14880990982055664,1952.0,60.14255142211914,488.07000732421875,0.09647355228662491
1323,-0.0014385125832632184,-0.0044831992127001286,0.019520524889230728,-0.00011401582014514133,0.00019804362091235816,-0.009166667237877846,0.001768386224284768,0.00020842462254222482,0.0,0.0352918840944767,0.0,0.964708149433136,43.740440368652344,0.0012974634300917387,-0.0036116763949394226,0.0025465679354965687,0.8841931223869324,0.04583333805203438,0.2511688470840454,0.0,0.0,0.0,0.0,32.86086654663086,0.15101361274719238,2233.0,60.17430877685547,475.70001220703125,0.03807905688881874
1324,-0.0014386717230081558,-0.004797596018761396,0.020220404490828514,-9.155450970865786e-05,0.00018933926185127348,-0.007506614085286856,0.0017322091152891517,0.0003050738596357405,0.0,0.0359700508415699,0.0,0.9640299677848816,43.746612548828125,1.4999999621068127e-05,-0.003475849749520421,0.002417459152638912,0.8661044836044312,0.037533070892095566,0.2528006136417389,0.0,0.0,0.0,0.0,36.32360076904297,0.14721465110778809,2021.0,60.20155334472656,483.6099853515625,0.08127040416002274
1325,-0.0014645499177277088,-0.004816131200641394,0.019753146916627884,-9.784537542145699e-05,0.00017256544379051775,-0.003935185726732016,0.0017708332743495703,0.00021006741735618562,0.0,0.0321451835334301,0.0,0.9678547978401184,43.74924850463867,0.0029192925430834293,-0.0031745871528983116,0.0012563378550112247,0.8854167461395264,0.019675927236676216,0.25141075253486633,0.0,0.0,0.0,0.0,35.11415100097656,0.1487586498260498,2090.0,60.2350959777832,488.25,0.09746363759040833
1326,-0.0014908182201907039,-0.004381477367132902,0.020296139642596245,-9.424453310202807e-05,0.00021096691489219666,0.0,0.0017915345961228013,0.00020983383001293987,0.0,0.03058539517223835,0.0,0.9694145917892456,43.7535285949707,0.0029192925430834293,-0.011858328245580196,0.0001850651897257194,0.8957672119140625,0.0,0.2484157830476761,0.0,0.0,0.0,0.0,36.71076202392578,0.1451256275177002,2000.0,60.24924850463867,500.0,0.16565251350402832
1327,-0.0013963469536975026,-0.004435428883880377,0.019599394872784615,-9.053561370819807e-05,0.00014743120118509978,-0.01199735514819622,0.00164160062558949,0.00016029604012146592,0.0,0.03047688864171505,0.0,0.9695231318473816,43.751014709472656,9.999999747378752e-06,-0.001617257483303547,0.002828085795044899,0.820800244808197,0.05998677760362625,0.24838702380657196,0.0,0.0,0.013888888992369175,0.0,36.75421905517578,0.1490631103515625,1997.0,60.2467041015625,476.2099914550781,0.0362045019865036
1328,-0.0014091123593971133,-0.004734755028039217,0.018958667293190956,-8.321218774653971e-05,0.0001606587175047025,-0.006574074272066355,0.0017363758524879813,0.00018500395526643842,0.0,0.0313313789665699,0.0,0.9686686396598816,43.752193450927734,0.0029192925430834293,-0.0031959586776793003,0.0021663738880306482,0.8681878447532654,0.032870370894670486,0.2533915936946869,0.0,0.0,0.0,0.0,31.662654876708984,0.14501953125,2317.0,60.27784729003906,480.5400085449219,0.04937569424510002
1329,-0.0014604049501940608,-0.004952861927449703,0.020249493420124054,-9.0290057414677e-05,0.00018755752535071224,-0.0007936508627608418,0.001737301587127149,0.00016423971101175994,0.0,0.0309109166264534,0.0,0.9690890908241272,43.76292037963867,0.009999999776482582,-0.005325552076101303,0.0033138871658593416,0.8686507940292358,0.003968254197388887,0.2490205466747284,0.0,0.0,0.0,0.0,33.54210662841797,0.17053747177124023,2186.0,60.37974166870117,495.739990234375,0.13882283866405487
1330,-0.0014172212686389685,-0.005198443774133921,0.01960175670683384,-9.421347931493074e-05,0.00013402644253801554,-0.0055555556900799274,0.001691402168944478,0.00012452693772502244,0.0,0.03085666336119175,0.0,0.9691433310508728,43.76960754394531,9.999999747378752e-06,0.005089977756142616,0.0024089906364679337,0.8457010388374329,0.02777777798473835,0.24361160397529602,0.0,0.0,0.0,0.0,33.5288200378418,0.14739704132080078,2189.0,60.39142608642578,475.6400146484375,0.025846416130661964
1331,-0.00140902039129287,-0.005034500267356634,0.019991738721728325,-9.334339847555384e-05,0.00014642116730101407,-0.01141093485057354,0.001712918863631785,0.00015318712394218892,0.0,0.0311550572514534,0.0,0.9688449501991272,43.770713806152344,9.999999747378752e-06,-0.0031453242991119623,0.0043711611069738865,0.8564594388008118,0.057054679840803146,0.25105634331703186,0.0,0.0,0.0,0.0,34.207740783691406,0.19025778770446777,2143.0,60.40237045288086,465.2300109863281,-0.045415859669446945
1332,-0.0012949630618095398,-0.004935525357723236,0.01998233236372471,-8.247165533248335e-05,0.00013345912157092243,-0.02772727608680725,0.0018166647059842944,0.00015885112225078046,0.0,0.0390353724360466,0.0,0.9609646201133728,43.77311325073242,9.999999747378752e-06,-0.002715066773816943,0.00815282016992569,0.9083322882652283,0.13863636553287506,0.24886544048786163,0.0,0.0,0.0,0.0,36.52476501464844,0.1474618911743164,2010.0,60.42154312133789,446.4800109863281,-0.13716362416744232
1333,-0.0013528643175959587,-0.004864085931330919,0.020106738433241844,-0.00020398951892275363,0.00012781853729393333,-0.0194933470338583,0.00168350781314075,0.0001607135054655373,0.0,0.0497233085334301,0.0,0.9502766728401184,43.77616500854492,9.999999747378752e-06,-0.004346703179180622,0.006057574413716793,0.8417538404464722,0.09746673703193665,0.2464800477027893,0.0,0.0,0.0,0.0,37.375980377197266,0.14187908172607422,1965.0,60.44130325317383,466.9800109863281,-0.047146353870630264
1334,-0.0013734657550230622,-0.005332185421139002,0.019768696278333664,-0.00039314254536293447,0.0001103278118534945,-0.008306879550218582,0.0015825838781893253,0.00012809793406631798,0.0,0.0539822056889534,0.0,0.9460178017616272,43.778541564941406,9.999999747378752e-06,-0.0039218575693666935,0.0030388575978577137,0.7912918925285339,0.041534390300512314,0.24916379153728485,0.0,0.0,0.0,0.0,35.2878303527832,0.14737582206726074,2080.0,60.45352554321289,473.3900146484375,-0.0011253076372668147
1335,-0.001295797061175108,-0.006245832424610853,0.019256513565778732,-6.255736661842093e-05,9.845998283708468e-05,-0.014096121303737164,0.0014882495161145926,0.00013307094923220575,0.0,0.0560709647834301,0.0,0.9439290165901184,43.78038024902344,3.3749998692655936e-05,-0.0034507163800299168,0.004774823319166899,0.7441248297691345,0.0704805999994278,0.24786414206027985,0.0,0.0,0.0,0.0,35.506839752197266,0.15880632400512695,2067.0,60.46732711791992,468.94000244140625,-0.01827184297144413
1336,-0.001301271258853376,-0.00533292256295681,0.019742678850889206,-7.078353519318625e-05,0.00011713794810930267,-0.020515872165560722,0.0015536699211224914,0.00014476067735813558,0.0,0.05859375,0.0,0.94140625,43.78234100341797,9.999999747378752e-06,-0.0047434126026928425,0.0056394124403595924,0.7768349051475525,0.10257937014102936,0.25148311257362366,0.0,0.0,0.0,0.0,37.709312438964844,0.14537692070007324,1947.0,60.47539520263672,488.9100036621094,0.07896111160516739
1337,-0.0013188852462917566,-0.0056615411303937435,0.01947622001171112,-8.280829206341878e-05,0.00011457572691142559,-0.018902117386460304,0.0016869048122316599,9.916742419591174e-05,0.0,0.0623779296875,0.0,0.9376220703125,43.78376007080078,9.999999747378752e-06,-0.004213608335703611,0.006699681282043457,0.8434523344039917,0.09451059252023697,0.24990224838256836,0.0,0.0,0.0,0.0,37.06474685668945,0.15044212341308594,1981.0,60.48975372314453,437.8299865722656,-0.19764935970306396
1338,-0.0012800809927284718,-0.005425646901130676,0.019401902332901955,-7.394779095193371e-05,0.00011695401190081611,-0.03004629723727703,0.0015587301459163427,0.00014071352779865265,0.0,0.068359375,0.0,0.931640625,43.78577423095703,9.999999747378752e-06,-0.004597653169184923,0.006784097291529179,0.7793651223182678,0.1502314954996109,0.2506345212459564,0.0,0.0,0.0,0.0,33.37550354003906,0.14774298667907715,2199.0,60.50385284423828,463.7099914550781,-0.08324433863162994
1339,-0.0013605382991954684,-0.005618530325591564,0.019599642604589462,-5.9352274547563866e-05,9.890045475913212e-05,-0.012275133281946182,0.0015106482896953821,0.00012406249879859388,0.0,0.0729302316904068,0.0,0.9270697832107544,43.78734588623047,9.999999747378752e-06,-0.003692164085805416,0.003946940414607525,0.755324125289917,0.061375658959150314,0.25305208563804626,0.0,0.0,0.0,0.0,32.40790557861328,0.1451716423034668,2264.0,60.51056671142578,471.9800109863281,-0.018366316333413124
1340,-0.0013739689020439982,-0.006194217596203089,0.01958450861275196,-7.431982521666214e-05,9.77407325990498e-05,-0.012638889253139496,0.001572685199789703,0.00013149442384019494,0.0,0.0771077498793602,0.0,0.9228922724723816,43.78856658935547,9.999999747378752e-06,-0.0039337133057415485,0.0036063070874661207,0.7863426208496094,0.06319444626569748,0.25329506397247314,0.0,0.0,0.0,0.0,32.20582962036133,0.14648842811584473,2278.0,60.52162170410156,474.8999938964844,-0.025458993390202522
1341,-0.0012872935039922595,-0.006322490517050028,0.019161706790328026,-7.310138607863337e-05,9.978868183679879e-05,-0.017129629850387573,0.0016341271111741662,0.00014999485574662685,0.0,0.0805528461933136,0.0,0.9194471836090088,43.790679931640625,9.999999747378752e-06,-0.003832265269011259,0.004658523015677929,0.817063570022583,0.08564815670251846,0.2526944875717163,0.0,0.0,0.0,0.0,33.19617462158203,0.18599534034729004,2208.0,60.53962707519531,459.010009765625,-0.08807842433452606
1342,-0.0012688788119703531,-0.00672996137291193,0.01895645260810852,-0.00013119698269292712,9.009787027025595e-05,-0.008994709700345993,0.0016179893864318728,0.00011963232100242749,0.0,0.0834825336933136,0.0,0.9165174961090088,43.792884826660156,9.999999747378752e-06,-0.002674258314073086,0.0020010354928672314,0.808994710445404,0.04497354477643967,0.2505694627761841,0.0,0.0,0.0,0.0,30.189014434814453,0.1484684944152832,2430.0,60.55088424682617,482.1000061035156,0.02762608788907528
1343,-0.0013213080819696188,-0.006640960928052664,0.019076712429523468,-0.000164678247529082,9.503569890512154e-05,-0.007460317574441433,0.0016489417757838964,9.316125942859799e-05,0.0,0.0845811665058136,0.0,0.9154188632965088,43.79476547241211,0.0029192925430834293,-0.0025973401498049498,0.0017161061987280846,0.8244709372520447,0.03730158880352974,0.2509760856628418,0.0,0.0,0.0,0.0,32.11068344116211,0.1452169418334961,2285.0,60.57383346557617,487.17999267578125,0.047964490950107574
1344,-0.001376659027300775,-0.006463198456913233,0.019411558285355568,-8.061750850174576e-05,0.00010441026097396389,-0.003395061707124114,0.001776499324478209,0.00010854098945856094,0.0,0.0847574844956398,0.0,0.9152424931526184,43.80034637451172,9.999999747378752e-06,-0.0017305286601185799,0.0009009319473989308,0.8882495760917664,0.01697530783712864,0.24810224771499634,0.0,0.0,0.0,0.0,32.07258987426758,0.14951109886169434,2288.0,60.59934616088867,492.3399963378906,0.08770600706338882
1345,-0.0012707093264907598,-0.006243294104933739,0.019290560856461525,-0.0004065415414515883,9.249579306924716e-05,-0.013902117498219013,0.0015486994525417686,9.564209176460281e-05,0.0,0.0851508229970932,0.0,0.9148491621017456,43.80211639404297,9.999999747378752e-06,-0.002718632807955146,0.003641490824520588,0.7743496894836426,0.06951058655977249,0.2447185516357422,0.0,0.0,0.0,0.0,34.47884750366211,0.1463935375213623,2129.0,60.61469268798828,478.3599853515625,0.011128829792141914
1346,-0.0013427488738670945,-0.006438788957893848,0.019399389624595642,-7.43773125577718e-05,0.00010279556590830907,-0.005608465988188982,0.0016839908203110099,0.00011176486441399902,0.0,0.0791015625,0.0,0.9208984375,43.80453109741211,0.0008649755618534982,-0.002529697259888053,0.0015637315809726715,0.841995358467102,0.028042329475283623,0.25032198429107666,0.0,0.0,0.0,0.0,36.53459167480469,0.1515979766845703,2009.0,60.63490295410156,497.2099914550781,0.11922823637723923
1347,-0.0013327585766091943,-0.006359687075018883,0.018927806988358498,-6.813606159994379e-05,9.828933980315924e-05,-0.006534392014145851,0.0016075617168098688,7.348569488385692e-05,0.0,0.0696072056889534,0.0,0.9303928017616272,43.809635162353516,9.999999747378752e-06,-0.0034544942900538445,0.001842600991949439,0.8037808537483215,0.03267195448279381,0.24967585504055023,0.0,0.0,0.0,0.0,34.59680938720703,0.15033268928527832,2121.0,60.66330337524414,488.3500061035156,0.07106844335794449
1348,-0.001331740408204496,-0.0064566549845039845,0.018575724214315414,-0.00016873967251740396,8.651873940834776e-05,-0.010319865308701992,0.0015372695634141564,8.64069297676906e-05,0.0,0.0682101771235466,0.0,0.9317898154258728,43.8120002746582,0.0019461950287222862,-0.003266761312261224,0.0026860046200454235,0.7686347365379333,0.05159933120012283,0.2541184425354004,0.0,0.0,0.0,0.0,33.7321891784668,0.14931368827819824,2176.0,60.69187545776367,479.6000061035156,0.030318234115839005
1349,-0.0012956660939380527,-0.006701336242258549,0.019299497827887535,-6.055495032342151e-05,7.553207251476124e-05,-0.00986772496253252,0.0016568783903494477,0.0001358008594252169,0.0,0.0673692524433136,0.0,0.9326307773590088,43.816707611083984,9.999999747378752e-06,-0.003938463516533375,0.003335039597004652,0.8284391760826111,0.049338627606630325,0.24842026829719543,0.0,0.0,0.0,0.0,35.80133056640625,0.1502995491027832,2050.0,60.70836639404297,484.7099914550781,0.029905175790190697
1350,-0.0013078560587018728,-0.006795882247388363,0.01984412595629692,-0.00011346927931299433,8.419663208769634e-05,-0.008675044402480125,0.0015763668343424797,0.0001176382284029387,0.0,0.063490130007267,0.0,0.936509907245636,43.81858825683594,7.593750342493877e-05,-0.0029943573754280806,0.0037857485003769398,0.7881834506988525,0.04337522014975548,0.252980500459671,0.0,0.0,0.0,0.0,36.21514892578125,0.17230892181396484,2026.0,60.7320442199707,486.2699890136719,0.05692911148071289
1351,-0.001343038398772478,-0.0065411836840212345,0.019528156146407127,-0.00012850802158936858,8.632175013190135e-05,-0.005740741267800331,0.0016711640637367964,0.0001244962913915515,0.0,0.0603298619389534,0.0,0.9396701455116272,43.823184967041016,0.0029192925430834293,-0.004160803742706776,0.001513774855993688,0.8355820775032043,0.028703702613711357,0.2510576546192169,0.0,0.0,0.0,0.0,34.64219665527344,0.14977049827575684,2119.0,60.77290725708008,488.94000244140625,0.07485286146402359
1352,-0.0012585809454321861,-0.006253251805901527,0.019449099898338318,-6.981656042626128e-05,8.624073234386742e-05,-0.01537037082016468,0.001645194017328322,0.00018177593301516026,0.0,0.0531277135014534,0.0,0.9468722939491272,43.828216552734375,9.999999747378752e-06,0.006796696223318577,0.002874910132959485,0.8225969672203064,0.07685185968875885,0.24746127426624298,0.0,0.0,0.0,0.0,35.292327880859375,0.143280029296875,2080.0,60.7852668762207,488.1400146484375,0.07987136393785477
1353,-0.0013297117548063397,-0.006596114952117205,0.01940304972231388,-7.666167948627844e-05,9.1178560978733e-05,-0.005978836212307215,0.0017521163681522012,0.00011872480536112562,0.0,0.0494113489985466,0.0,0.9505886435508728,43.82928466796875,0.0019461950287222862,-0.002618299564346671,0.0014882110990583897,0.8760582208633423,0.029894182458519936,0.2504202127456665,0.0,0.0,0.0,0.0,35.239166259765625,0.14608383178710938,2083.0,60.80418014526367,494.6300048828125,0.09077031910419464
1354,-0.0012855883687734604,-0.006564098875969648,0.019570762291550636,-7.588492735521868e-05,8.530951890861616e-05,-0.015238096006214619,0.0015794974751770496,0.00012442126171663404,0.0,0.0486111119389534,0.0,0.9513888955116272,43.832786560058594,9.999999747378752e-06,-0.0037922330666333437,0.003679899498820305,0.7897486686706543,0.07619047909975052,0.24431303143501282,0.0,0.0,0.0,0.0,32.55157470703125,0.18496251106262207,2252.0,60.8233642578125,476.2799987792969,-0.02264731004834175
1355,-0.0013221952831372619,-0.00653266254812479,0.019950035959482193,-0.0001900249917525798,9.545766079099849e-05,-0.0061111110262572765,0.0018161378102377057,0.00015100128075573593,0.0,0.0478786900639534,0.0,0.9521213173866272,43.83452224731445,0.00038443360244855285,-0.0030748366843909025,0.0018579813186079264,0.9080687761306763,0.03055555559694767,0.2526710629463196,0.0,0.0,0.013888888992369175,0.0,32.46015167236328,0.1450185775756836,2261.0,60.84616470336914,484.7099914550781,0.057703811675310135
1356,-0.0013188086450099945,-0.006842128466814756,0.019775936380028725,-0.00011646305210888386,0.00010994839976774529,-0.012685185298323631,0.0017026454443112016,0.0001748537179082632,0.0,0.0448540598154068,0.0,0.9551459550857544,43.842430114746094,0.004378939047455788,-0.004741013515740633,0.0018560515018180013,0.8513227701187134,0.0634259283542633,0.2511153817176819,0.0,0.0,0.0,0.0,30.58582878112793,0.14835405349731445,2398.0,60.93034744262695,481.8599853515625,0.0335683710873127
1357,-0.0013672482455149293,-0.0063622137531638145,0.020031895488500595,-7.943902164697647e-05,0.00012996229634154588,-0.008617726154625416,0.0017147486796602607,0.00013675258378498256,0.0,0.0448269322514534,0.0,0.9551730751991272,43.85304641723633,9.999999747378752e-06,-0.00251037091948092,0.002726005157455802,0.857374370098114,0.043088626116514206,0.250528484582901,0.0,0.0,0.0,0.0,30.4975528717041,0.18019533157348633,2403.0,60.96051788330078,474.8900146484375,0.0032367596868425608
1358,-0.0013771028025075793,-0.006372829899191856,0.02017209678888321,-6.766342994524166e-05,8.600528235547245e-05,-0.007043651305139065,0.001795304357074201,0.00020620232680812478,0.0,0.0473497174680233,0.0,0.9526503086090088,43.85490798950195,2.2500000341096893e-05,-0.0029243871103972197,0.00156872917432338,0.8976520895957947,0.0352182574570179,0.2518637478351593,0.0,0.0,0.0,0.0,33.195350646972656,0.14596819877624512,2211.0,60.97900390625,496.3299865722656,0.10168202221393585
1359,-0.0013137467904016376,-0.006592706777155399,0.01934492029249668,-6.966214277781546e-05,9.418087574886158e-05,-0.006435185670852661,0.001589550287462771,0.0001657455723034218,0.0,0.0459120012819767,0.0,0.954088032245636,43.85727310180664,9.999999747378752e-06,-0.0035980932880192995,0.0021780706010758877,0.794775128364563,0.03217592462897301,0.24926090240478516,0.0,0.0,0.0,0.0,31.633745193481445,0.14537644386291504,2320.0,60.99163055419922,487.0799865722656,0.032430123537778854
1360,-0.0013051502173766494,-0.006646431516855955,0.019724730402231216,-7.439209730364382e-05,7.864604413043708e-05,-0.007268519140779972,0.0016679012915119529,0.00013543259410653263,0.0,0.0452473945915699,0.0,0.9547526240348816,43.85902404785156,0.0019461950287222862,-0.0037007909268140793,0.0027700052596628666,0.8339506983757019,0.036342594772577286,0.24831491708755493,0.0,0.0,0.0,0.0,37.91685104370117,0.14456629753112793,1937.0,61.01294708251953,489.7900085449219,0.05269196256995201
1361,-0.0013239611871540546,-0.00643169553950429,0.019716931506991386,-6.245671829674393e-05,8.824987889965996e-05,-0.013540564104914665,0.0017305115470662713,0.0001297265844186768,0.0,0.0477294921875,0.0,0.9522705078125,43.862213134765625,9.999999747378752e-06,-0.004862264264374971,0.00391437066718936,0.8652557730674744,0.06770282238721848,0.2497912496328354,0.0,0.0,0.0,0.0,34.823760986328125,0.1482558250427246,2108.0,61.02109146118164,492.2099914550781,0.05760364234447479
1362,-0.001272412482649088,-0.006487872917205095,0.019617024809122086,-6.853129161754623e-05,7.713535887887701e-05,-0.016124337911605835,0.0015656966716051102,0.00018264746177010238,0.0,0.0492621548473835,0.0,0.9507378339767456,43.86314392089844,9.999999747378752e-06,-0.0034842388704419136,0.003009920008480549,0.7828483581542969,0.08062169700860977,0.2523721754550934,0.0,0.0,0.0,0.0,34.23284912109375,0.18367314338684082,2142.0,61.03023910522461,488.6300048828125,0.04199696704745293
1363,-0.0013213948113843799,-0.006405646447092295,0.02007746323943138,-7.532109157182276e-05,8.170105138560757e-05,-0.012923281639814377,0.0016169312875717878,0.00012264279939699918,0.0,0.0494791679084301,0.0,0.9505208134651184,43.86445617675781,9.999999747378752e-06,-0.0041249897330999374,0.0054121618159115314,0.8084656596183777,0.06461640447378159,0.24988611042499542,0.0,0.0,0.0,0.0,34.73904800415039,0.1485123634338379,2113.0,61.03699493408203,473.9700012207031,-0.03816822171211243
1364,-0.0013530476717278361,-0.006185207050293684,0.020158642902970314,-5.840204903506674e-05,8.962929132394493e-05,-0.0028306879103183746,0.0016959657659754157,0.00015744999109301716,0.0,0.0497911237180233,0.0,0.9502089023590088,43.86589050292969,0.0019461950287222862,-0.0033376619685441256,0.0012836961541324854,0.8479828238487244,0.014153439551591873,0.25662675499916077,0.0,0.0,0.0,0.0,35.828704833984375,0.1776714324951172,2047.0,61.05704116821289,492.7799987792969,0.10742060095071793
1365,-0.0012864762684330344,-0.006486783269792795,0.019270295277237892,-6.461277371272445e-05,7.497453043470159e-05,-0.010932539589703083,0.0015693121822550893,0.0001719261781545356,0.0,0.0498996302485466,0.0,0.9501003623008728,43.868812561035156,9.999999747378752e-06,-0.00437406450510025,0.0035645312163978815,0.7846561074256897,0.05466269701719284,0.24648118019104004,0.0,0.0,0.0,0.0,36.16643142700195,0.14714550971984863,2030.0,61.06552505493164,477.9700012207031,-0.008044099435210228
1366,-0.0013327734777703881,-0.006914398167282343,0.02002967707812786,-7.720894791418687e-05,9.255267650587484e-05,-0.003201058367267251,0.0016812171088531613,0.00014871069288346916,0.0,0.0496961809694767,0.0,0.950303852558136,43.86942672729492,9.999999747378752e-06,-0.0028204896952956915,0.0015005419263616204,0.8406084775924683,0.016005292534828186,0.25573819875717163,0.0,0.0,0.0,0.0,34.61614227294922,0.1528308391571045,2120.0,61.07035446166992,497.6600036621094,0.07410595566034317
1367,-0.0013536619953811169,-0.006266037467867136,0.020402465015649796,-5.7427212595939636e-05,9.553372365189716e-05,-0.010383597575128078,0.0015743386466056108,0.00017848607967607677,0.0,0.0489230677485466,0.0,0.9510769248008728,43.870574951171875,0.0012974634300917387,-0.0035922732204198837,0.002165859565138817,0.787169337272644,0.05191798880696297,0.2479335516691208,0.0,0.0,0.0,0.0,37.87679672241211,0.1463005542755127,1939.0,61.08694839477539,489.19000244140625,0.06434692442417145
1368,-0.0012768203159794211,-0.006697083357721567,0.020150883123278618,-7.135763735277578e-05,9.022817539516836e-05,-0.009457672946155071,0.0016892858548089862,0.00027170623070560396,0.0,0.0487060546875,0.0,0.9512939453125,43.873817443847656,9.999999747378752e-06,-0.0028635968919843435,0.0017588019836694002,0.8446428775787354,0.04728836193680763,0.24545103311538696,0.0,0.0,0.0,0.0,33.391944885253906,0.14606451988220215,2198.0,61.10195541381836,488.3399963378906,0.07925631105899811
1369,-0.0013388866791501641,-0.00637552747502923,0.01998058892786503,-7.558770448667929e-05,8.231017272919416e-05,-0.0027777778450399637,0.0016685185255482793,0.0001703571033431217,0.0,0.046142578125,0.0,0.953857421875,43.87495040893555,0.0029192925430834293,-0.0036547540221363306,0.0002930024347733706,0.8342592716217041,0.013888888992369175,0.24752302467823029,0.0,0.0,0.0,0.0,33.67683792114258,0.14524006843566895,2179.0,61.1165771484375,500.0,0.13997972011566162
1370,-0.001281360280700028,-0.006388331763446331,0.01960734836757183,-5.625544872600585e-05,8.311044075526297e-05,-0.009444445371627808,0.0016411376418545842,0.00019651897309813648,0.0,0.0447319895029068,0.0,0.9552680253982544,43.87700271606445,9.999999747378752e-06,-0.0029447958804666996,0.0020161548163741827,0.820568859577179,0.04722222313284874,0.25053492188453674,0.0,0.0,0.0,0.0,32.358970642089844,0.16434741020202637,2266.0,61.12474822998047,491.4200134277344,0.04309140890836716
1371,-0.0013210057513788342,-0.006654926110059023,0.019832342863082886,-7.475315214833245e-05,7.465872477041557e-05,-0.009444445371627808,0.0016771164955571294,0.00014379424101207405,0.0,0.0451931431889534,0.0,0.9548068642616272,43.877601623535156,9.999999747378752e-06,-0.0032071147579699755,0.0023079062812030315,0.8385581970214844,0.04722222313284874,0.25062841176986694,0.0,0.0,0.0,0.0,28.540430068969727,0.16762280464172363,2568.0,61.13005447387695,490.5299987792969,0.018779445439577103
1372,-0.0013019763864576817,-0.006401102524250746,0.02064380794763565,-0.00014126837777439505,9.511419193586335e-05,-0.015740742906928062,0.0016790124354884028,0.00015060802979860455,0.0,0.0466444231569767,0.0,0.953355610370636,43.87821960449219,9.999999747378752e-06,-0.0025335915852338076,0.002611232455819845,0.839506208896637,0.07870370894670486,0.24866972863674164,0.0,0.0,0.0,0.0,31.753694534301758,0.1475660800933838,2311.0,61.13263702392578,488.739990234375,0.007144260220229626
1373,-0.0012819793773815036,-0.006867603864520788,0.01999789848923683,-6.992310227360576e-05,8.095843804767355e-05,-0.004836860578507185,0.001635670312680304,0.00020946755830664188,0.0,0.0476209856569767,0.0,0.952379047870636,43.879615783691406,0.0002562890585977584,-0.00321342539973557,0.0019499793415889144,0.8178351521492004,0.024184303358197212,0.24423833191394806,0.0,0.0,0.0,0.0,33.86001968383789,0.14612555503845215,2168.0,61.15351867675781,491.92999267578125,0.06232300400733948
1374,-0.0013556688791140914,-0.006151404697448015,0.020399626344442368,-9.597710595699027e-05,0.00010015739826485515,-0.0038183426950126886,0.0017368607223033905,0.0002425093698548153,0.0,0.0459391288459301,0.0,0.9540608525276184,43.882476806640625,9.999999747378752e-06,-0.0024749997537583113,0.0013605514541268349,0.8684303760528564,0.019091712310910225,0.250711590051651,0.0,0.0,0.0,0.0,37.21691131591797,0.17735767364501953,1971.0,61.1644172668457,495.7300109863281,0.08516780287027359
1375,-0.0012926064664497972,-0.006609863601624966,0.020306799560785294,-5.189852890907787e-05,9.747288277139887e-05,-0.005154321435838938,0.001578549505211413,0.00022275855008047074,0.0,0.0424126535654068,0.0,0.9575873613357544,43.883644104003906,0.0012974634300917387,-0.0030523387249559164,0.0018809523899108171,0.7892746925354004,0.025771604850888252,0.24830253422260284,0.0055555556900799274,0.0,0.0,0.0,34.04487609863281,0.14561986923217773,2156.0,61.18029022216797,495.6000061035156,0.08359730243682861
1376,-0.0012982035987079144,-0.006835205014795065,0.020283963531255722,-7.957690831972286e-05,9.206304821418598e-05,-0.00838624406605959,0.0016860229661688209,0.0001722348970361054,0.0,0.0407307930290699,0.0,0.9592692255973816,43.88577651977539,9.999999747378752e-06,-0.003067551413550973,0.0025422386825084686,0.8430114984512329,0.04193121939897537,0.2538262605667114,0.0,0.0,0.0,0.0,38.137386322021484,0.14931559562683105,1925.0,61.18659210205078,498.2300109863281,0.06142342463135719
1377,-0.0012839918490499258,-0.006409888621419668,0.01985057257115841,-6.66088963043876e-05,8.022310066735372e-05,-0.0024691361468285322,0.0016206128057092428,0.0001767217618180439,0.0,0.0383572056889534,0.0,0.9616428017616272,43.88641357421875,0.0019461950287222862,-0.0025662388652563095,0.001079578185454011,0.8103064298629761,0.01234568003565073,0.2467338740825653,0.0,0.0,0.0,0.0,37.846614837646484,0.1478443145751953,1940.0,61.19733428955078,496.0199890136719,0.09940274059772491
1378,-0.0013120945077389479,-0.006425632629543543,0.01997535116970539,-5.626069105346687e-05,6.944587948964909e-05,-0.008454586379230022,0.0015349427703768015,0.00014107520109973848,0.0,0.0373806431889534,0.0,0.9626193642616272,43.888248443603516,9.999999747378752e-06,-0.0014931075274944305,0.0028646597638726234,0.7674713730812073,0.04227292537689209,0.2519885301589966,0.0,0.0,0.0,0.0,37.30895233154297,0.18074965476989746,1966.0,61.20317459106445,483.3599853515625,0.05689788609743118
1379,-0.0012965045170858502,-0.006610180716961622,0.020055504515767097,-0.0002079754340229556,8.248213271144778e-05,-0.008888890035450459,0.0015463624149560928,0.00012411113129928708,0.0,0.0359971784055233,0.0,0.9640028476715088,43.88917541503906,0.0012974634300917387,-0.0032730898819863796,0.0023191350046545267,0.7731812596321106,0.04444444552063942,0.2539133131504059,0.0,0.0,0.0,0.0,35.48634719848633,0.14943695068359375,2068.0,61.2200927734375,490.0400085449219,0.034416910260915756
1380,-0.0013181717367842793,-0.006553480867296457,0.02018953301012516,-7.414758874801919e-05,7.193165947683156e-05,-0.006865079514682293,0.0014726190129294991,0.00014133147487882525,0.0,0.0355360247194767,0.0,0.964464008808136,43.891334533691406,9.999999747378752e-06,0.00015775187057442963,0.0019081442151218653,0.7363095879554749,0.03432539850473404,0.25025445222854614,0.0,0.0,0.0,0.0,34.75303649902344,0.14656615257263184,2112.0,61.2253303527832,495.9800109863281,0.06079843267798424
1381,-0.0013409930979833007,-0.0061341398395597935,0.02008143998682499,-5.3665640734834597e-05,7.421824557241052e-05,-0.004867725074291229,0.0015190476551651955,0.0001312692475039512,0.0,0.0358751080930233,0.0,0.9641249179840088,43.891971588134766,9.999999747378752e-06,-0.0028864815831184387,0.0016516709001734853,0.7595238089561462,0.024338627234101295,0.24981151521205902,0.0,0.0,0.0,0.0,34.50248336791992,0.14873790740966797,2127.0,61.23268127441406,496.05999755859375,0.07952288538217545
1382,-0.0012906870106235147,-0.006603001616895199,0.020091529935598373,-4.975193223799579e-05,7.277975237229839e-05,-0.005939153954386711,0.0015857142861932516,0.00020712154218927026,0.0,0.0343017578125,0.0,0.9656982421875,43.89352798461914,0.0019461950287222862,-0.0032103611156344414,0.0019222665578126907,0.7928571701049805,0.029695769771933556,0.2512773871421814,0.0,0.0,0.0,0.0,32.389801025390625,0.1832282543182373,2263.0,61.2550048828125,484.17999267578125,0.0383991003036499
1383,-0.0013057118048891425,-0.0066856639459729195,0.019892260432243347,-9.608906839275733e-05,8.89444345375523e-05,-0.00592592591419816,0.0016175926430150867,0.00015709474973846227,0.0,0.0353325754404068,0.0,0.9646674394607544,43.89818572998047,9.999999747378752e-06,-0.0024589018430560827,0.0021122395992279053,0.8087962865829468,0.029629627242684364,0.2509419620037079,0.0,0.0,0.0,0.0,33.3129768371582,0.1458139419555664,2203.0,61.27503204345703,485.8399963378906,0.03575588017702103
1384,-0.0013635361101478338,-0.005794104654341936,0.020110759884119034,-5.394982508732937e-05,7.350065425271168e-05,-0.0022222225088626146,0.0016439154278486967,8.889500895747915e-05,0.0,0.0360514335334301,0.0,0.9639485478401184,43.8996696472168,0.0012974634300917387,-0.002751568565145135,0.0009183634538203478,0.8219577074050903,0.011111111380159855,0.25014182925224304,0.0,0.0,0.0,0.0,29.456636428833008,0.14764904975891113,2490.0,61.29398727416992,499.1400146484375,0.10531926155090332
1385,-0.0013023803476244211,-0.006834531668573618,0.020110640674829483,-5.079670881968923e-05,7.449866825481877e-05,-0.0027777780778706074,0.0014437830541282892,0.00013460418267641217,0.0,0.0346408411860466,0.0,0.9653591513633728,43.902565002441406,9.999999747378752e-06,-0.002373521216213703,0.000794301216956228,0.7218915820121765,0.013888888992369175,0.24655164778232574,0.0,0.0,0.0,0.0,31.151369094848633,0.14613914489746094,2355.0,61.30249786376953,499.44000244140625,0.09492505341768265
1386,-0.0013399193994700909,-0.006372006144374609,0.020023727789521217,-5.681036054738797e-05,8.217592403525487e-05,-0.005324074532836676,0.001555555616505444,0.00012789426546078175,0.0,0.03095160610973835,0.0,0.9690483808517456,43.90433883666992,0.0029192925430834293,-0.0032917652279138565,0.0013176539214327931,0.7777777910232544,0.026620371267199516,0.24201399087905884,0.0,0.0,0.0,0.0,31.225120544433594,0.14713406562805176,2350.0,61.33548355102539,498.75,0.08163358271121979
1387,-0.0013645003782585263,-0.006011133547872305,0.0203102994710207,-4.3823354644700885e-05,7.554827607236803e-05,-0.0024603174533694983,0.0015739419031888247,0.00018942233873531222,0.0,0.03034125454723835,0.0,0.9696587324142456,43.91217803955078,0.0002562890585977584,-0.0016928561963140965,0.003795451018959284,0.7869709134101868,0.012301587499678135,0.25095945596694946,0.0,0.0,0.0,0.0,35.131134033203125,0.14788079261779785,2089.0,61.37349319458008,492.1000061035156,0.1090736985206604
1388,-0.0013467224780470133,-0.00682745361700654,0.01984466426074505,-7.324622856685892e-05,8.495656220475212e-05,-0.0030864200089126825,0.0016411817632615566,0.00015052343951538205,0.0,0.0306667760014534,0.0,0.9693332314491272,43.9151611328125,0.0002562890585977584,-0.0035287775099277496,0.0008513465290889144,0.8205908536911011,0.015432099811732769,0.24934281408786774,0.0,0.0,0.0,0.0,35.59865188598633,0.17841625213623047,2060.0,61.3935546875,499.5199890136719,0.120704784989357
1389,-0.001347896526567638,-0.0062124887481331825,0.020383039489388466,-5.677324952557683e-05,7.966489647515118e-05,-0.0020370371639728546,0.0015553130069747567,8.723442442715168e-05,0.0,0.0291883684694767,0.0,0.970811665058136,43.917236328125,1.4999999621068127e-05,-0.002321232110261917,0.0008484469726681709,0.7776565551757812,0.010185185819864273,0.24960370361804962,0.0,0.0,0.0,0.0,33.937294006347656,0.1476898193359375,2163.0,61.40416717529297,495.9599914550781,0.12195805460214615
1390,-0.0013707306934520602,-0.006541358772665262,0.020157286897301674,-5.9903184592258185e-05,7.663491123821586e-05,0.0,0.0015969577943906188,0.00010716458928072825,0.0,0.0271267369389534,0.0,0.9728732705116272,43.91807556152344,0.0029192925430834293,-0.0070014456287026405,0.00013596442295238376,0.798478901386261,0.0,0.2472498118877411,0.0,0.0,0.0,0.0,34.97307586669922,0.1456611156463623,2099.0,61.41480255126953,500.0,0.13993912935256958
1391,-0.001345511176623404,-0.0057787662371993065,0.020291855558753014,-5.623662218567915e-05,9.469796350458637e-05,-0.004728836473077536,0.0016078704502433538,0.00018278468633070588,0.0,0.0266384556889534,0.0,0.9733615517616272,43.91868591308594,0.0012974634300917387,-0.00410338444635272,0.0022425460629165173,0.8039352297782898,0.023644180968403816,0.2500351369380951,0.0,0.0,0.0,0.0,34.077083587646484,0.15143513679504395,2153.0,61.4375,491.8599853515625,0.0835963785648346
1392,-0.001378284185193479,-0.005865063983947039,0.02046508528292179,-8.091992640402168e-05,8.35818937048316e-05,-0.0018518519354984164,0.0015768299344927073,0.00016584373952355236,0.0,0.02384440042078495,0.0,0.9761555790901184,43.922630310058594,0.0029192925430834293,-0.0022768008057028055,0.000565194059163332,0.7884148955345154,0.009259259328246117,0.2491638958454132,0.003968254197388887,0.0,0.0,0.0,34.07245635986328,0.14725089073181152,2154.0,61.47222137451172,497.7699890136719,0.12426489591598511
1393,-0.0013495191233232617,-0.0063172136433422565,0.02020864747464657,-6.05791065027006e-05,7.876355084590614e-05,0.0,0.0015886244364082813,0.00017254463455174118,0.0,0.02060275711119175,0.0,0.9793972373008728,43.92478561401367,9.999999747378752e-06,-0.004041212145239115,0.0010628477903082967,0.7943121790885925,0.0,0.24662627279758453,0.0,0.0,0.0,0.0,36.59944534301758,0.1599721908569336,2005.0,61.48432159423828,500.0,0.1389346867799759
1394,-0.0013503845548257232,-0.006115579046308994,0.020010968670248985,-6.131690315669402e-05,9.650373976910487e-05,-0.0018518519354984164,0.001641137758269906,0.00015795293438713998,0.0,0.0175645612180233,0.0,0.9824354648590088,43.92559814453125,0.0029192925430834293,-0.002960193669423461,0.0005318507901392877,0.820568859577179,0.009259259328246117,0.2487044632434845,0.0,0.0,0.0,0.0,34.10347366333008,0.1478898525238037,2152.0,61.50551223754883,495.6400146484375,0.12463594973087311
1395,-0.0013004152569919825,-0.006000753957778215,0.02056201919913292,-5.9459616750245914e-05,9.222287917509675e-05,-0.0014880953822284937,0.0016450396506115794,0.00017451051098760217,0.0,0.01605902798473835,0.0,0.9839409589767456,43.928688049316406,9.999999747378752e-06,0.0018485856708139181,0.0006168081308715045,0.8225198984146118,0.0074404762126505375,0.24966375529766083,0.0,0.0,0.0,0.0,33.531333923339844,0.14497041702270508,2189.0,61.51513671875,496.6199951171875,0.13167710602283478
1396,-0.0013496066676452756,-0.005982859525829554,0.020528921857476234,-8.669992530485615e-05,0.00010693979857023805,-0.0055555556900799274,0.001738359802402556,0.00014875018678139895,0.0,0.01470269076526165,0.0,0.9852973222732544,43.929744720458984,0.0019461950287222862,-0.0037414529360830784,0.00026002078084275126,0.869179904460907,0.02777777798473835,0.24400754272937775,0.0,0.0,0.0,0.0,32.9090461730957,0.14796662330627441,2230.0,61.53477096557617,500.0,0.1531682312488556
1397,-0.0013321057194843888,-0.006512297783046961,0.020078161731362343,-0.00014865519187878817,7.939549686852843e-05,-0.0007936508627608418,0.0015997354639694095,0.00017056531214620918,0.0,0.012966579757630825,0.0,0.9870334267616272,43.93500518798828,0.0008649755618534982,-0.005604803562164307,0.0011274181306362152,0.7998677492141724,0.003968254197388887,0.25110551714897156,0.0,0.0,0.0,0.0,33.46492004394531,0.1462855339050293,2193.0,61.58331298828125,495.7900085449219,0.11979987472295761
1398,-0.0013093502493575215,-0.0058513968251645565,0.020126238465309143,-4.85883756482508e-05,8.09536941233091e-05,-0.0050925929099321365,0.0016861112089827657,0.00014989267219789326,0.0,0.012003581039607525,0.0,0.9879963994026184,43.94017791748047,0.004378939047455788,-0.004498198162764311,0.0012053175596520305,0.8430556058883667,0.025462964549660683,0.25508198142051697,0.0,0.0,0.0,0.0,35.21063995361328,0.15021991729736328,2085.0,61.63557434082031,491.1000061035156,0.0904533863067627
1399,-0.0013175435597077012,-0.006007434334605932,0.02043730393052101,-5.4607622587354854e-05,8.885779971024022e-05,-0.005555556155741215,0.0015694445464760065,0.00013566648703999817,0.0,0.0127088762819767,0.0,0.987291157245636,43.94807434082031,0.0012974634300917387,-0.0038110120221972466,0.016665015369653702,0.7847222089767456,0.02777777798473835,0.24263255298137665,0.0,0.0,0.0,0.0,30.654659271240234,0.1470506191253662,2393.0,61.6733283996582,496.3699951171875,0.13639295101165771
1400,-0.0012993152486160398,-0.006205180659890175,0.0198038499802351,-0.0003017190028913319,9.107174264499918e-05,-0.0011111112544313073,0.0016537037445232272,0.0002539905544836074,0.0,0.0126953125,0.0,0.9873046875,43.95391082763672,0.0008649755618534982,-0.004588000010699034,0.001313604530878365,0.8268518447875977,0.0055555556900799274,0.25058063864707947,0.0,0.0,0.0,0.0,32.989715576171875,0.15163350105285645,2224.0,61.72315979003906,496.239990234375,0.1266159564256668
1401,-0.0013389450032263994,-0.006165638566017151,0.020049691200256348,-6.870676588732749e-05,8.512588101439178e-05,0.0,0.0016592151951044798,0.00012338845408521593,0.0,0.01093207485973835,0.0,0.9890679121017456,43.9586067199707,0.0019461950287222862,-0.010367774404585361,9.231870353687555e-05,0.8296076059341431,0.0,0.2504955232143402,0.0,0.0,0.0,0.0,33.86231231689453,0.15836167335510254,2167.0,61.75324249267578,500.0,0.14182431995868683
1402,-0.0013151937164366245,-0.005920648109167814,0.02002021297812462,-7.211934280348942e-05,9.411903738509864e-05,-0.0013888889225199819,0.0016451500123366714,0.00016000930918380618,0.0,0.0091552734375,0.0,0.9908447265625,43.96143341064453,0.004378939047455788,-0.005362496245652437,0.0015602835919708014,0.8225749135017395,0.0069444444961845875,0.2513890266418457,0.0,0.0,0.0,0.0,35.85163116455078,0.14784574508666992,2048.0,61.79248809814453,496.239990234375,0.12840008735656738
1403,-0.0013357020216062665,-0.006227375473827124,0.020423496142029762,-6.841299182269722e-05,0.00010518484486965463,-0.0011111112544313073,0.0016781084705144167,0.00017703857156448066,0.0,0.00908745639026165,0.0,0.9909125566482544,43.96446990966797,0.004378939047455788,-0.0069738212041556835,0.0019765945617109537,0.8390542268753052,0.0055555556900799274,0.2449616938829422,0.0,0.0,0.0,0.0,35.514747619628906,0.1444549560546875,2067.0,61.8152961730957,500.0,0.1518702507019043
1404,-0.001351893413811922,-0.005627697799354792,0.02085874415934086,-6.911671516718343e-05,0.00011303648352622986,0.0,0.0017494050553068519,0.00017822599329520017,0.0,0.0087890625,0.0,0.9912109375,43.965919494628906,9.999999747378752e-06,-0.008643052540719509,0.00046691769966855645,0.8747023344039917,0.0,0.25116369128227234,0.0,0.0,0.0,0.0,33.44414520263672,0.17018818855285645,2193.0,61.82384490966797,500.0,0.14565040171146393
1405,-0.0013570187147706747,-0.00555356265977025,0.02024274505674839,-7.04324702383019e-05,0.00010893131548073143,-0.0011111112544313073,0.0018377647502347827,0.00019533703743945807,0.0,0.008083767257630825,0.0,0.9919162392616272,43.96738052368164,0.004378939047455788,-0.003148886375129223,0.0005309637053869665,0.9188822507858276,0.0055555556900799274,0.24992114305496216,0.0,0.0,0.0,0.0,37.85136795043945,0.1777791976928711,1938.0,61.85115432739258,500.0,0.15558867156505585
1406,-0.0013413847191259265,-0.0059617068618535995,0.020489402115345,-0.00013360260345507413,0.00010901653149630874,0.0,0.001783663989044726,0.00015390553744509816,0.0,0.007107204757630825,0.0,0.9928928017616272,43.97191619873047,0.0029192925430834293,-0.010423663072288036,0.0007783933542668819,0.8918320536613464,0.0,0.2526668310165405,0.0,0.0,0.0,0.0,33.19541931152344,0.1480393409729004,2211.0,61.86030578613281,500.0,0.15155915915966034
1407,-0.0013484813971444964,-0.005271160043776035,0.020402751863002777,-5.764164961874485e-05,9.683332609711215e-05,0.0,0.0016353835817426443,0.00014118106628302485,0.0,0.0068359375,0.0,0.9931640625,43.97144317626953,0.0029192925430834293,-0.006998459808528423,0.00016944653179962188,0.8176918029785156,0.0,0.25041353702545166,0.0,0.0,0.0,0.0,32.69189453125,0.1460721492767334,2245.0,61.88074493408203,500.0,0.1525287628173828
1408,-0.0012932581594213843,-0.0061417375691235065,0.01981455646455288,-6.711595051456243e-05,9.743671398609877e-05,-0.0027777778450399637,0.0017842152155935764,0.00024824627325870097,0.0,0.007134331855922937,0.0,0.9928656816482544,43.97327423095703,0.0065684085711836815,-0.006171874701976776,0.00018491531955078244,0.8921075463294983,0.013888888992369175,0.2512780427932739,0.0,0.0,0.0,0.0,34.69978713989258,0.14594411849975586,2115.0,61.91289520263672,500.0,0.14612405002117157
1409,-0.0013367810752242804,-0.005708268377929926,0.020512862130999565,-9.412359213456511e-05,0.00011710581020452082,-0.002500000176951289,0.0017567460890859365,0.00020806491374969482,0.0,0.006523980293422937,0.0,0.9934760332107544,43.974552154541016,9.999999747378752e-06,0.0039291768334805965,0.0006346342270262539,0.8783730268478394,0.012500000186264515,0.24879217147827148,0.0,0.0,0.0,0.0,33.1014289855957,0.1481797695159912,2217.0,61.92116165161133,499.9700012207031,0.13805826008319855
1410,-0.0012974500423297286,-0.005351974628865719,0.019974512979388237,-0.0002108431508531794,0.00010496294999029487,-0.007777777966111898,0.0017500000540167093,0.0002589643991086632,0.0,0.00714789517223835,0.0,0.9928520917892456,43.9756965637207,2.2500000341096893e-05,-0.001781231607310474,0.00100812001619488,0.875,0.03888889029622078,0.2463856041431427,0.0,0.0,0.0,0.0,31.293460845947266,0.14910483360290527,2344.0,61.93741226196289,498.6199951171875,0.11130017787218094
1411,-0.0013216963270679116,-0.005748442839831114,0.020199105143547058,-7.440832996508107e-05,8.86190464370884e-05,-0.0027777778450399637,0.001743254135362804,0.00020411245350260288,0.0,0.008165148086845875,0.0,0.9918348789215088,43.9780158996582,0.0029192925430834293,-0.0029310749378055334,0.0007967164856381714,0.8716269731521606,0.013888888992369175,0.24822388589382172,0.0,0.0,0.0,0.0,32.94402313232422,0.14772486686706543,2227.0,61.96076202392578,492.0799865722656,0.11404404044151306
1412,-0.0013108255807310343,-0.005548436194658279,0.020456377416849136,-5.79854822717607e-05,0.00010614350321702659,-0.002500000176951289,0.0016740740975365043,0.00024094971013255417,0.0,0.008097331039607525,0.0,0.9919026494026184,43.9808464050293,9.999999747378752e-06,-0.0012932547833770514,0.0008720587356947362,0.8370370268821716,0.012500000186264515,0.2473742663860321,0.0,0.0,0.0,0.0,31.413602828979492,0.17707014083862305,2333.0,61.96742248535156,495.3399963378906,0.10740441828966141
1413,-0.0012816408416256309,-0.006039860658347607,0.019811687991023064,-0.0001477345358580351,9.206712275044993e-05,-0.003194444580003619,0.0017101853154599667,0.00029295418062247336,0.0,0.0074462890625,0.0,0.9925537109375,43.98168182373047,5.062499985797331e-05,-0.00276431767269969,0.0011074589565396309,0.8550926446914673,0.01597222127020359,0.24895520508289337,0.0,0.0,0.0,0.0,30.98674201965332,0.1478893756866455,2368.0,61.9793586730957,495.54998779296875,0.1001407578587532
1414,-0.0013569132424890995,-0.005434608086943626,0.02000029943883419,-7.725691102677956e-05,9.983794734580442e-05,-0.00296296295709908,0.0017750000115484,0.00025536917382851243,0.0,0.00811089389026165,0.0,0.9918891191482544,43.98276138305664,9.999999747378752e-06,-0.001340462127700448,0.0005532534560188651,0.8875000476837158,0.014814815483987331,0.24933619797229767,0.0,0.0,0.0,0.0,30.573410034179688,0.1456756591796875,2400.0,61.98084259033203,499.8900146484375,0.13620957732200623
1415,-0.0013176975771784782,-0.005558717995882034,0.019796263426542282,-0.00011816111509688199,0.0001062995070242323,-0.0016161617822945118,0.0018271125154569745,0.0003052111133001745,0.0,0.0086805559694767,0.0,0.991319477558136,43.983787536621094,0.0029192925430834293,-0.002608011243864894,0.0008561509312130511,0.9135562181472778,0.008080808445811272,0.24722453951835632,0.0,0.0,0.0,0.0,36.4611930847168,0.14683818817138672,2013.0,62.00192642211914,495.29998779296875,0.1299031376838684
1416,-0.0013205932918936014,-0.005649189930409193,0.02040090225636959,-0.0003018910647369921,0.0001215626034536399,-0.0013888889225199819,0.0018409391632303596,0.00020269487868063152,0.0,0.009385851211845875,0.0,0.9906141757965088,43.986412048339844,9.999999747378752e-06,0.0001260207936866209,0.00044849325786344707,0.9204695820808411,0.0069444444961845875,0.24767780303955078,0.0,0.0,0.0,0.0,37.55762481689453,0.14607906341552734,1955.0,62.00678253173828,500.0,0.15303991734981537
1417,-0.0013352298410609365,-0.005795519333332777,0.02042858675122261,-7.465158705599606e-05,9.36467113206163e-05,-0.0006944444612599909,0.001733201090246439,0.00021617981838062406,0.0,0.008829752914607525,0.0,0.9911702275276184,43.98746109008789,0.0019461950287222862,-0.0032504319678992033,0.0005535641685128212,0.8666005730628967,0.0034722222480922937,0.24987001717090607,0.0,0.0,0.0,0.0,38.38481521606445,0.14690423011779785,1913.0,62.02672576904297,498.4100036621094,0.1327332854270935
1418,-0.0013574643526226282,-0.005253645591437817,0.0201911348849535,-7.412083505187184e-05,0.00011519555118866265,0.0,0.0018418431282043457,0.00011747059033950791,0.0,0.00927734375,0.0,0.99072265625,43.98788833618164,0.0019461950287222862,-0.011355550028383732,0.00013765829498879611,0.9209215641021729,0.0,0.2480137050151825,0.0,0.0,0.0,0.0,33.222774505615234,0.14749765396118164,2209.0,62.01161193847656,500.0,0.15066443383693695
1419,-0.001331839244812727,-0.00551019050180912,0.0197500791400671,-6.177793693495914e-05,0.00011796945182140917,-0.004027778282761574,0.0017854057950899005,0.00018633162835612893,0.0,0.010036892257630825,0.0,0.9899631142616272,43.9836540222168,9.999999747378752e-06,-0.0014487265143543482,0.0013952067820355296,0.8927028775215149,0.02013888955116272,0.25043925642967224,0.0,0.0,0.0,0.0,38.601722717285156,0.14832115173339844,1902.0,62.00963592529297,492.2699890136719,0.11761751770973206
1420,-0.0013282557483762503,-0.005351859610527754,0.020288603380322456,-8.880010864231735e-05,0.00011161142901983112,-0.0020833334419876337,0.0017892196774482727,0.0003357614914420992,0.0,0.0114881731569767,0.0,0.988511860370636,43.98495864868164,0.004378939047455788,-0.0030039316043257713,0.0005697068409062922,0.8946097493171692,0.010416666977107525,0.24838712811470032,0.0,0.0,0.0,0.0,33.0881233215332,0.14901351928710938,2218.0,62.03529357910156,495.8500061035156,0.13892792165279388
1421,-0.0013142182724550366,-0.005554270464926958,0.020252438262104988,-0.00010732484224718064,0.0001144432244473137,-0.0071296305395662785,0.0017756393644958735,0.00019668746972456574,0.0,0.01300727017223835,0.0,0.9869927167892456,43.98808670043945,9.999999747378752e-06,-0.0017662732861936092,0.0018584931967779994,0.8878196477890015,0.035648148506879807,0.24790075421333313,0.0,0.0,0.0,0.0,35.76305389404297,0.1536998748779297,2052.0,62.04084014892578,494.05999755859375,0.08698458969593048
1422,-0.0013006542576476932,-0.005452098790556192,0.019811401143670082,-8.435871859546751e-05,0.00012418748519849032,-0.004583333618938923,0.001766137545928359,0.00015702750533819199,0.0,0.01397026889026165,0.0,0.9860297441482544,43.9886360168457,0.0008649755618534982,-0.0027569930534809828,0.001317331800237298,0.8830687999725342,0.02291666716337204,0.24949437379837036,0.0,0.0,0.0,0.0,35.09189987182617,0.1500697135925293,2092.0,62.05068588256836,491.1000061035156,0.09379687160253525
1423,-0.001319724484346807,-0.005848950240761042,0.019968774169683456,-5.519992919289507e-05,0.00010900726920226589,-0.003888888983055949,0.001803174614906311,0.0001569707237649709,0.0,0.0153944231569767,0.0,0.984605610370636,43.990203857421875,9.999999747378752e-06,-0.001701428322121501,0.0008911272743716836,0.9015873074531555,0.01944444514811039,0.24294617772102356,0.0,0.0,0.0,0.0,32.93328857421875,0.14784455299377441,2228.0,62.05886459350586,498.7099914550781,0.1115335151553154
1424,-0.0013135490007698536,-0.005632313434034586,0.019923683255910873,-0.00011028363951481879,0.00013841033796779811,-0.010227273218333721,0.0018866161117330194,0.0002058645331999287,0.0,0.0162624791264534,0.0,0.9837375283241272,43.99095916748047,9.999999747378752e-06,-0.0038195697125047445,0.002694806084036827,0.9433081150054932,0.05113636329770088,0.24894221127033234,0.0,0.0,0.0,0.0,30.74484634399414,0.1516251564025879,2386.0,62.06663131713867,494.17999267578125,0.050971947610378265
1425,-0.0013075402239337564,-0.00556181650608778,0.020584268495440483,-6.537481385748833e-05,0.00011441467358963564,-0.005000000353902578,0.001784259220585227,0.00018040442955680192,0.0,0.01790364645421505,0.0,0.9820963740348816,43.99213790893555,0.00038443360244855285,-0.002678622491657734,0.0014167678309604526,0.8921297192573547,0.02500000037252903,0.24792681634426117,0.0,0.0,0.0,0.0,33.98600387573242,0.14606523513793945,2160.0,62.07838821411133,495.2300109863281,0.09317313879728317
1426,-0.0013046860694885254,-0.006343735847622156,0.020231522619724274,-7.482994988095015e-05,0.00012914350372739136,-0.014074074104428291,0.001762037049047649,0.00019157398492097855,0.0,0.0194091796875,0.0,0.9805908203125,43.99399185180664,9.999999747378752e-06,-0.004051948431879282,0.0018111519748345017,0.8810185194015503,0.07037036865949631,0.25292351841926575,0.0,0.0,0.0,0.0,29.576900482177734,0.18042564392089844,2477.0,62.08776092529297,498.7900085449219,0.052340537309646606
1427,-0.001311476225964725,-0.006007841322571039,0.0200098417699337,-0.00011447141878306866,0.00011657868890324607,-0.012037036940455437,0.0018296295311301947,0.00016648256860207766,0.0,0.01995171420276165,0.0,0.9800482988357544,43.99537658691406,9.999999747378752e-06,-0.0028162000235170126,0.0015595381846651435,0.914814829826355,0.06018518656492233,0.25229981541633606,0.0,0.0,0.0,0.0,32.05575942993164,0.15118169784545898,2289.0,62.10122299194336,497.94000244140625,0.06628415733575821
1428,-0.0013285395689308643,-0.005479729734361172,0.020612675696611404,-4.935335164191201e-05,0.00011282869672868401,-0.004629629664123058,0.0017310185357928276,0.00028095123707316816,0.0,0.02092827670276165,0.0,0.9790717363357544,43.99740219116211,0.0005766503745689988,-0.0026953835040330887,0.0009130698163062334,0.8655092716217041,0.023148149251937866,0.2485872358083725,0.0,0.0,0.0,0.0,33.97496032714844,0.19642925262451172,2157.0,62.12031555175781,499.1099853515625,0.11501935869455338
1429,-0.001284923404455185,-0.00561642786487937,0.020345356315374374,-0.00010753922106232494,0.00013789648073725402,-0.007876984775066376,0.0017733905697241426,0.00024838506942614913,0.0,0.0221218541264534,0.0,0.9778781533241272,43.999534606933594,9.999999747378752e-06,-0.0017336750170215964,0.0020995009690523148,0.8866953253746033,0.03938492015004158,0.24962826073169708,0.0,0.0,0.0,0.0,38.34406280517578,0.14714550971984863,1915.0,62.12377166748047,499.1300048828125,0.118496373295784
1430,-0.001344200223684311,-0.005716358311474323,0.020353039726614952,-6.496191053884104e-05,0.00012162057828390971,-0.0027777780778706074,0.0017785715172067285,0.0001563040423206985,0.0,0.02351888082921505,0.0,0.9764811396598816,44.00075912475586,0.0019461950287222862,-0.0023859948851168156,0.0010396040743216872,0.8892857432365417,0.013888888992369175,0.2490530014038086,0.0,0.0,0.0,0.0,37.051239013671875,0.14693665504455566,1982.0,62.14565658569336,499.7200012207031,0.13398288190364838
1431,-0.00130569189786911,-0.005727267358452082,0.02051328495144844,-5.873210102436133e-05,0.00011814395111287013,-0.0022222225088626146,0.001741975313052535,0.00021587121591437608,0.0,0.0244140625,0.0,0.9755859375,44.00465393066406,9.999999747378752e-06,-0.0016517272451892495,0.0007879178738221526,0.8709877133369446,0.011111111380159855,0.2512000799179077,0.0,0.0,0.0,0.0,34.892086029052734,0.14783573150634766,2104.0,62.16189193725586,499.1300048828125,0.13271531462669373
1432,-0.0012870313366875052,-0.006008562166243792,0.020418405532836914,-6.094940908951685e-05,9.368605969939381e-05,-0.0027777780778706074,0.0016207672888413072,0.00017619594291318208,0.0,0.02469889260828495,0.0,0.9753010869026184,44.00600051879883,0.0019461950287222862,-0.002981479512527585,0.0008742861682549119,0.8103836178779602,0.013888888992369175,0.24974900484085083,0.0,0.0,0.0,0.0,33.72452926635742,0.14787864685058594,2176.0,62.17995071411133,495.3299865722656,0.1135876327753067
1433,-0.001293902168981731,-0.006086124572902918,0.020417429506778717,-7.867250678827986e-05,0.00011349024862283841,-0.002310606185346842,0.001700282678939402,0.0001806041254894808,0.0,0.0246853306889534,0.0,0.9753146767616272,44.011775970458984,0.0065684085711836815,-0.004274393897503614,0.0024853888899087906,0.8501413464546204,0.011553031392395496,0.24699397385120392,0.0,0.0,0.0,0.0,40.67286682128906,0.1488492488861084,1806.0,62.24428939819336,500.0,0.14342793822288513
1434,-0.0012938808649778366,-0.006069594994187355,0.02033086121082306,-0.00011543946311576292,0.00011171857477165759,-0.003240741090849042,0.0017147486796602607,0.0001503635721746832,0.0,0.02469889260828495,0.0,0.9753010869026184,44.0173454284668,9.999999747378752e-06,-0.0016222626436501741,0.012597288936376572,0.857374370098114,0.016203705221414566,0.25711163878440857,0.0,0.0,0.0,0.0,35.43492889404297,0.14519405364990234,2072.0,62.25885772705078,496.5799865722656,0.1328107863664627
1435,-0.0013230242766439915,-0.005663593765348196,0.020402608439326286,-9.138526365859434e-05,0.00011227269715163857,0.0,0.0017339946934953332,0.00016844971105456352,0.0,0.02328830398619175,0.0,0.9767116904258728,44.0173454284668,0.0029192925430834293,-0.006685941480100155,0.0006081826286390424,0.8669974207878113,0.0,0.24718819558620453,0.0,0.0,0.0,0.0,33.94136428833008,0.15075016021728516,2162.0,62.25307846069336,500.0,0.154343843460083
1436,-0.0013129330473020673,-0.005963715258985758,0.020790468901395798,-6.475203554145992e-05,0.000129474196000956,-0.0018518519354984164,0.0017164682503789663,0.00018657806504052132,0.0,0.02206760086119175,0.0,0.9779323935508728,44.01471710205078,0.004378939047455788,-0.0039552245289087296,0.0005534313386306167,0.858234167098999,0.009259259328246117,0.25261297821998596,0.0,0.0,0.0,0.0,36.58830642700195,0.14912819862365723,2006.0,62.25908660888672,496.2699890136719,0.14238160848617554
1437,-0.001304366858676076,-0.00592412194237113,0.020634964108467102,-7.482554792659357e-05,0.00010837498120963573,-0.0022222225088626146,0.0017359788762405515,0.0001840203331084922,0.0,0.0214708112180233,0.0,0.9785292148590088,44.01610565185547,9.999999747378752e-06,-0.0029972402844578028,0.0007527713314630091,0.8679894208908081,0.011111111380159855,0.25049999356269836,0.0,0.0,0.0,0.0,34.209136962890625,0.14659953117370605,2146.0,62.27003860473633,495.7699890136719,0.13703665137290955
1438,-0.001328779966570437,-0.005046806763857603,0.020609978586435318,-0.0001484655076637864,0.00010991981253027916,-0.0018518519354984164,0.0018226852407678962,0.00015371415065601468,0.0,0.019775390625,0.0,0.980224609375,44.017032623291016,0.004378939047455788,-0.0029683620668947697,0.0005387641722336411,0.9113426208496094,0.009259259328246117,0.24485373497009277,0.0,0.0,0.0,0.0,33.986915588378906,0.15158581733703613,2159.0,62.29463195800781,496.55999755859375,0.1397586315870285
1439,-0.0013145746197551489,-0.005688187666237354,0.020827963948249817,-0.000229843586566858,0.00011169641220476478,-0.0035714288242161274,0.0017563492292538285,0.00018110191740561277,0.0,0.01752387173473835,0.0,0.9824761152267456,44.025779724121094,0.009852612391114235,-0.004161079879850149,0.03521573916077614,0.8781746029853821,0.01785714365541935,0.24826863408088684,0.0,0.0,0.0,0.0,32.87351608276367,0.14863896369934082,2232.0,62.41274642944336,494.4700012207031,0.11955998092889786
1440,-0.0013170014135539532,-0.005223773419857025,0.020731784403324127,-6.841229333076626e-05,0.0001384629576932639,0.0,0.0018777777440845966,0.00018029921920970082,0.0,0.01607259176671505,0.0,0.9839274287223816,44.03507614135742,0.0008779149502515793,-0.0047086263075470924,0.01896684430539608,0.9388889670372009,0.0,0.2522534728050232,0.0,0.0,0.0,0.0,30.61322784423828,0.14881563186645508,2396.0,62.43349838256836,500.0,0.16453340649604797
1441,-0.0013158235233277082,-0.005690332967787981,0.021128976717591286,-6.239464710233733e-05,0.00012805323058273643,0.0,0.0017013889737427235,0.0003679488436318934,0.0,0.0142957903444767,0.0,0.985704243183136,44.036563873291016,0.004444444552063942,-0.009051823057234287,0.003871198510751128,0.850694477558136,0.0,0.23869724571704865,0.0,0.0,0.0,0.0,32.693641662597656,0.14754319190979004,2244.0,62.45631408691406,500.0,0.15997099876403809
1442,-0.0013219958636909723,-0.00601154612377286,0.020272977650165558,-8.987312321551144e-05,0.00012684721150435507,-0.0011111112544313073,0.0017768519464880228,0.0001602538104634732,0.0,0.012369791977107525,0.0,0.9876301884651184,44.04092025756836,0.006666666828095913,-0.006495242472738028,0.002788182580843568,0.8884259462356567,0.0055555556900799274,0.24901849031448364,0.0,0.0,0.0,0.0,33.1606330871582,0.14885473251342773,2213.0,62.52943801879883,496.1199951171875,0.1369677484035492
1443,-0.0013107599224895239,-0.005259186029434204,0.020512772724032402,-6.984984065638855e-05,0.00012847187463194132,-0.0018518519354984164,0.001781922415830195,0.00019723233708646148,0.0,0.010850694961845875,0.0,0.9891493320465088,44.04792022705078,0.00296296295709908,-0.003384691895917058,0.0018503989558666945,0.890961229801178,0.009259259328246117,0.2538747191429138,0.0,0.0,0.0,0.0,38.59892272949219,0.1876366138458252,1900.0,62.55731201171875,495.3500061035156,0.1394299417734146
1444,-0.0013462876668199897,-0.0052332826890051365,0.02037401683628559,-8.042986883083358e-05,0.00014207340427674353,-0.0006944444612599909,0.0019041006453335285,0.00021455908427014947,0.0,0.00995551235973835,0.0,0.9900444746017456,44.05403137207031,9.999999747378752e-06,0.0036469113547354937,0.0014994638040661812,0.9520503282546997,0.0034722222480922937,0.24791786074638367,0.0,0.0,0.0,0.0,34.46135330200195,0.14609527587890625,2130.0,62.60399627685547,500.0,0.15465717017650604
1445,-0.0013457505265250802,-0.0052579352632164955,0.02041803114116192,-7.562896644230932e-05,0.00013269014016259462,0.0,0.001880092779174447,0.00019230088219046593,0.0,0.009073893539607525,0.0,0.9909260869026184,44.05727767944336,0.004378939047455788,-0.005970566067844629,0.0012238322524353862,0.9400463104248047,0.0,0.24932236969470978,0.0,0.0,0.0,0.0,34.91510772705078,0.15455079078674316,2102.0,62.63992691040039,500.0,0.16023455560207367
1446,-0.0013159273657947779,-0.005245199892669916,0.02019127458333969,-5.348778358893469e-05,0.0001328377256868407,-0.0013888889225199819,0.0017639329889789224,0.0002426310529699549,0.0,0.008205837570130825,0.0,0.9917941689491272,44.06401824951172,9.999999747378752e-06,-0.0034644713159650564,0.0014858877984806895,0.8819664716720581,0.0069444444961845875,0.249236062169075,0.0,0.0,0.0,0.0,35.6989860534668,0.14728283882141113,2056.0,62.68141555786133,496.05999755859375,0.13863378763198853
1447,-0.001325839082710445,-0.005183066241443157,0.02043457329273224,-7.136117346817628e-05,0.00013015695731155574,-0.00195767218247056,0.0019045857479795814,0.00017004093388095498,0.0,0.008083767257630825,0.0,0.9919162392616272,44.066707611083984,0.0029192925430834293,-0.002641793340444565,0.0013591189635917544,0.9522927403450012,0.009788360446691513,0.2504892647266388,0.0,0.0,0.0,0.0,38.13532257080078,0.1506202220916748,1925.0,62.71708297729492,499.1400146484375,0.14290374517440796
1448,-0.0012783629354089499,-0.005156556610018015,0.020208941772580147,-6.68206048430875e-05,0.00012761770631186664,-0.003888888983055949,0.0018295635236427188,0.00034557702019810677,0.0,0.0076090493239462376,0.0,0.9923909306526184,44.0766487121582,0.0065684085711836815,-0.005399824120104313,0.00099266751203686,0.9147818088531494,0.01944444514811039,0.24856407940387726,0.0,0.0,0.0,0.0,33.322574615478516,0.14763951301574707,2202.0,62.80808639526367,493.1300048828125,0.12249961495399475
1449,-0.0013497608015313745,-0.004833423066884279,0.020218074321746826,-5.9046691603725776e-05,0.0001428237446816638,-0.0007936508627608418,0.0018625884549692273,0.00026663931203074753,0.0,0.008151584304869175,0.0,0.9918484091758728,44.08493423461914,0.009999999776482582,-0.006654399447143078,0.0005926737794652581,0.9312941431999207,0.003968254197388887,0.24756601452827454,0.0,0.0,0.0,0.0,33.174781799316406,0.14902687072753906,2212.0,62.85901641845703,500.0,0.16144408285617828
1450,-0.0013247339520603418,-0.0053510405123233795,0.020648350939154625,-0.00010879291221499443,0.0001588868908584118,-0.0011111112544313073,0.0018777777440845966,0.00033460246049799025,0.0,0.008449978195130825,0.0,0.9915500283241272,44.08851623535156,0.004444444552063942,-0.004249810241162777,0.0005427632131613791,0.9388888478279114,0.0055555556900799274,0.2545163333415985,0.0,0.0,0.0,0.0,35.70514678955078,0.18014049530029297,2054.0,62.89717483520508,495.8800048828125,0.1423845887184143
1451,-0.0013441627379506826,-0.004844465292990208,0.020419757813215256,-0.0001767690118867904,0.00014702313637826592,-0.002314814832061529,0.0018337302608415484,0.00018737095524556935,0.0,0.007853190414607525,0.0,0.9921467900276184,44.09292984008789,0.009999999776482582,-0.004637640900909901,0.0010248350445181131,0.9168651700019836,0.011574074625968933,0.25241532921791077,0.0,0.0,0.0,0.0,35.26005554199219,0.14762163162231445,2082.0,62.986572265625,493.6199951171875,0.11781033873558044
1452,-0.0013185443822294474,-0.005169896874576807,0.020491864532232285,-8.423798135481775e-05,0.00015272662858478725,-0.0018518519354984164,0.0018380472902208567,0.0002298148174304515,0.0,0.008260090835392475,0.0,0.9917399287223816,44.10292053222656,0.009999999776482582,-0.0060883332043886185,0.0005461011896841228,0.9190236330032349,0.009259259328246117,0.25186845660209656,0.0,0.0,0.0,0.0,33.29020309448242,0.1486339569091797,2204.0,63.06145477294922,497.0299987792969,0.13983206450939178
1453,-0.001304776524193585,-0.005185491871088743,0.021012194454669952,-7.562313112430274e-05,0.00015145698853302747,-0.0036111113149672747,0.0018753968179225922,0.0002740234194789082,0.0,0.008544921875,0.0,0.991455078125,44.10679244995117,9.999999747378752e-06,-0.0012909044744446874,0.0013011412229388952,0.9376983642578125,0.01805555447936058,0.2474101334810257,0.0,0.0,0.0,0.0,32.901329040527344,0.1746068000793457,2229.0,63.0692138671875,495.20001220703125,0.10791297256946564
1454,-0.0013246270827949047,-0.004762622993439436,0.0201233122497797,-7.374724373221397e-05,0.00016145833069458604,0.0,0.0019037039019167423,0.00020525728177744895,0.0,0.0087890625,0.0,0.9912109375,44.108272552490234,0.004378939047455788,-0.005892001558095217,0.0001369271194562316,0.9518519639968872,0.0,0.245929554104805,0.0,0.0,0.0,0.0,28.819007873535156,0.15128183364868164,2544.0,63.0876350402832,500.0,0.16100269556045532
1455,-0.0013334146933630109,-0.004899620544165373,0.020639095455408096,-7.677180838072672e-05,0.00014815044414717704,-0.0013888889225199819,0.0018648148979991674,0.00027869647601619363,0.0,0.00910102017223835,0.0,0.9908989667892456,44.10972213745117,9.999999747378752e-06,0.0022659876849502325,0.00046844076132401824,0.9324073791503906,0.0069444444961845875,0.24673673510551453,0.0,0.0,0.0,0.0,32.548789978027344,0.18852806091308594,2252.0,63.08800506591797,499.3500061035156,0.14314885437488556
1456,-0.0013235511723905802,-0.004880817607045174,0.020566049963235855,-6.570545519934967e-05,0.00014657207066193223,0.0,0.0017911376198753715,0.00028413586551323533,0.0,0.00920952670276165,0.0,0.9907904863357544,44.11103439331055,0.004378939047455788,-0.00612928532063961,0.0001061399671016261,0.89556884765625,0.0,0.24652941524982452,0.0,0.0,0.0,0.0,33.45332717895508,0.14995789527893066,2194.0,63.11234664916992,500.0,0.16906876862049103
1457,-0.0012927892385050654,-0.005294849630445242,0.02030121348798275,-0.0005079579423181713,0.00013653349014930427,-0.002500000176951289,0.0018606260418891907,0.0003703972324728966,0.0,0.00859917514026165,0.0,0.9914008378982544,44.114505767822266,9.999999747378752e-06,-4.986290878150612e-05,0.0007440645713359118,0.9303131103515625,0.012500000186264515,0.24777407944202423,0.0,0.0,0.0,0.0,37.189422607421875,0.1473557949066162,1974.0,63.1277961730957,495.9100036621094,0.12773415446281433
1458,-0.001304002245888114,-0.004917945247143507,0.020202532410621643,-6.374101940309629e-05,0.00014647419448010623,-0.003765432396903634,0.0017556438688188791,0.0003160951309837401,0.0,0.009358723647892475,0.0,0.9906412959098816,44.115928649902344,0.004378939047455788,-0.0026676547713577747,0.0009270381997339427,0.8778218626976013,0.018827160820364952,0.24851979315280914,0.0,0.0,0.0,0.0,37.78139114379883,0.15899395942687988,1943.0,63.15553665161133,492.6600036621094,0.12176355719566345
1459,-0.0012942870380356908,-0.005069179926067591,0.021002793684601784,-0.00019287965551484376,0.00015361793339252472,-0.0027777780778706074,0.0018888890044763684,0.0002616540004964918,0.0,0.01030815951526165,0.0,0.9896918535232544,44.121952056884766,9.999999747378752e-06,-0.0005741944187320769,0.0008967447211034596,0.944444477558136,0.013888888992369175,0.2512233555316925,0.0,0.0,0.0,0.0,34.91030502319336,0.17988252639770508,2101.0,63.18336868286133,494.92999267578125,0.12181926518678665
1460,-0.0012914357939735055,-0.004700460005551577,0.02035759575664997,-7.14265406713821e-05,0.00014856248162686825,-0.004814815241843462,0.001868077670224011,0.00020885650883428752,0.0,0.01142035610973835,0.0,0.9885796308517456,44.12398910522461,0.0029192925430834293,-0.0026999707333743572,0.0011931407498195767,0.9340388178825378,0.024074073880910873,0.24720096588134766,0.0,0.0,0.0,0.0,35.761260986328125,0.14809679985046387,2053.0,63.214111328125,491.5299987792969,0.13217246532440186
1461,-0.0012824881123378873,-0.0047503141686320305,0.020783603191375732,-7.875049050198868e-05,0.00015034274838399142,-0.0022916668094694614,0.0018444446614012122,0.0002650005917530507,0.0,0.011338976211845875,0.0,0.9886610507965088,44.12953186035156,9.999999747378752e-06,-0.002367262262851,0.0016701065469533205,0.9222222566604614,0.01145833358168602,0.24738410115242004,0.0,0.0,0.0,0.0,36.6239128112793,0.1527576446533203,2004.0,63.23358154296875,491.0899963378906,0.1110103502869606
1462,-0.0012940135784447193,-0.005425905808806419,0.020693017169833183,-7.780538726365194e-05,0.00015251255535986274,-0.0013888889225199819,0.0018337302608415484,0.00026734487619251013,0.0,0.011813693679869175,0.0,0.9881862998008728,44.13234329223633,0.004378939047455788,-0.003313525579869747,0.0005196553538553417,0.9168651700019836,0.0069444444961845875,0.25059810280799866,0.0,0.0,0.0,0.0,35.07652282714844,0.16901826858520508,2091.0,63.28252410888672,495.7900085449219,0.14240942895412445
1463,-0.0012849286431446671,-0.005056313704699278,0.020427748560905457,-0.0003251084708608687,0.00012838392285630107,-0.005000000353902578,0.0017511685146018863,0.00019332118972670287,0.0,0.012546115554869175,0.0,0.9874538779258728,44.139076232910156,9.999999747378752e-06,-0.0016900994814932346,0.0018103397451341152,0.8755842447280884,0.02500000037252903,0.25176313519477844,0.0,0.0,0.0,0.0,35.20489501953125,0.143843412399292,2085.0,63.298828125,492.30999755859375,0.09606309980154037
1464,-0.001267232233658433,-0.005280124489217997,0.0208442322909832,-7.301514415303245e-05,0.00017490606114733964,-0.0013888889225199819,0.0018765872810035944,0.0003335207002237439,0.0,0.01349555142223835,0.0,0.9865044355392456,44.14082717895508,0.0019461950287222862,-0.0033669292461127043,0.0005263146013021469,0.9382936954498291,0.0069444444961845875,0.25005632638931274,0.0,0.0,0.0,0.0,34.9743537902832,0.14700627326965332,2099.0,63.32759475708008,499.8599853515625,0.14230336248874664
1465,-0.0013143906835466623,-0.005312822759151459,0.020630717277526855,-7.044251105980948e-05,0.00015818781685084105,0.0,0.001957804197445512,0.00032231147633865476,0.0,0.0134412981569767,0.0,0.986558735370636,44.145782470703125,0.004378939047455788,-0.008549045771360397,0.0013549174182116985,0.9789021611213684,0.0,0.2499374896287918,0.0,0.0,0.0,0.0,31.95032501220703,0.1482241153717041,2296.0,63.36589431762695,500.0,0.16747020184993744
1466,-0.0013053156435489655,-0.0045280661433935165,0.020589914172887802,-6.336297519737855e-05,0.0001585109275765717,-0.003240741090849042,0.0018375422805547714,0.0002828298893291503,0.0,0.01299370639026165,0.0,0.9870063066482544,44.14644241333008,9.999999747378752e-06,-0.0012136688455939293,0.0008156344410963356,0.9187710881233215,0.016203705221414566,0.25135505199432373,0.0,0.0,0.0,0.0,36.3521614074707,0.1475074291229248,2019.0,63.37063217163086,495.739990234375,0.150898739695549
1467,-0.0012796454830095172,-0.004775072913616896,0.021100828424096107,-6.493062392110005e-05,0.0001651454804232344,-0.006481482181698084,0.0019611113239079714,0.00028124076197855175,0.0,0.0129530169069767,0.0,0.987047016620636,44.14753341674805,9.999999747378752e-06,-0.0028622951358556747,0.0012696891790255904,0.980555534362793,0.03240741044282913,0.24970531463623047,0.0,0.0,0.0,0.0,32.544044494628906,0.1519153118133545,2254.0,63.3835334777832,495.17999267578125,0.115559421479702
1468,-0.0012980835745111108,-0.005024957004934549,0.020388146862387657,-6.751543696736917e-05,0.00015166665252763778,-0.003888888983055949,0.0018666668329387903,0.00020453782053664327,0.0,0.01372612826526165,0.0,0.9862738847732544,44.14974594116211,0.0029192925430834293,-0.0029738619923591614,0.0008419619989581406,0.9333332777023315,0.01944444514811039,0.24541568756103516,0.0,0.0,0.0,0.0,28.83457374572754,0.18967866897583008,2540.0,63.41004180908203,499.4599914550781,0.1270286589860916
1469,-0.001292250119149685,-0.004437033552676439,0.021043473854660988,-8.364895620616153e-05,0.00017718516755849123,-0.00296296295709908,0.0019375000847503543,0.00034575044992379844,0.0,0.0140380859375,0.0,0.9859619140625,44.15330505371094,9.999999747378752e-06,0.00042653040145523846,0.0008999103447422385,0.96875,0.014814815483987331,0.2530801594257355,0.0,0.0,0.0,0.0,29.23385238647461,0.14690446853637695,2509.0,63.41972732543945,498.9200134277344,0.13335557281970978
1470,-0.001277939067222178,-0.0047060237266123295,0.02096901275217533,-7.007402018643916e-05,0.00018174501019529998,-0.003888888983055949,0.0019375000847503543,0.00019169322331435978,0.0,0.015625,0.0,0.984375,44.15446472167969,9.999999747378752e-06,-0.002458879491314292,0.0009526482899673283,0.96875,0.01944444514811039,0.2507542669773102,0.0,0.0,0.0,0.0,35.38542556762695,0.14772796630859375,2074.0,63.43348693847656,496.1099853515625,0.1349550485610962
1471,-0.0012896975968033075,-0.004590790253132582,0.020944440737366676,-7.35295980121009e-05,0.0001733028911985457,-0.0019047620007768273,0.001855202834121883,0.0002267370728077367,0.0,0.01605902798473835,0.0,0.9839409589767456,44.15650939941406,0.0019461950287222862,-0.0027615788858383894,0.0008235680870711803,0.9276013970375061,0.009523809887468815,0.2500132918357849,0.0,0.0,0.0,0.0,36.53599548339844,0.14739537239074707,2009.0,63.45637512207031,499.67999267578125,0.15237416326999664
1472,-0.0012837796239182353,-0.004927829839289188,0.020418591797351837,-0.00020627971389330924,0.00016023807984311134,-0.002500000176951289,0.0019268518080934882,0.00023175845853984356,0.0,0.0155029296875,0.0,0.9844970703125,44.1663703918457,0.0065684085711836815,-0.0032912727911025286,0.005798072088509798,0.9634259343147278,0.012500000186264515,0.24937836825847626,0.0,0.0,0.0,0.0,33.097373962402344,0.1472010612487793,2217.0,63.57313919067383,495.6400146484375,0.1421777755022049
1473,-0.001269969274289906,-0.0045356303453445435,0.020443400368094444,-7.797890430083498e-05,0.00016752346709836274,-0.002314814832061529,0.001877336879260838,0.00031866473727859557,0.0,0.01580132357776165,0.0,0.9841986894607544,44.17758560180664,0.0019461950287222862,-0.0032540145330131054,0.0014838258503004909,0.9386684894561768,0.011574074625968933,0.24542151391506195,0.0,0.0,0.0,0.0,34.761436462402344,0.1452469825744629,2112.0,63.61024856567383,500.0,0.16961099207401276
1474,-0.001296602189540863,-0.00502975657582283,0.020231517031788826,-9.031550871441141e-05,0.00016208330634981394,-0.002006172901019454,0.001868871389888227,0.00027652591234073043,0.0,0.015285915695130825,0.0,0.9847140908241272,44.18197250366211,0.0005766503745689988,-0.0032497867941856384,0.0006857817061245441,0.9344356656074524,0.010030863806605339,0.25002798438072205,0.0,0.0,0.0,0.0,37.76975631713867,0.14540672302246094,1944.0,63.64580535888672,496.20001220703125,0.14223913848400116
1475,-0.0012854033848270774,-0.0048766485415399075,0.020495355129241943,-8.14450322650373e-05,0.00017033610492944717,-0.0011111112544313073,0.001927248784340918,0.00028656370704993606,0.0,0.014390734024345875,0.0,0.9856092929840088,44.185482025146484,0.0019461950287222862,-0.0029653010424226522,0.0005465779104270041,0.9636242985725403,0.0055555556900799274,0.2503546178340912,0.0,0.0,0.0,0.0,35.62556838989258,0.14369869232177734,2061.0,63.67139434814453,499.4100036621094,0.14199554920196533
1476,-0.0013063227524980903,-0.0049719479866325855,0.02045963518321514,-8.361300569958985e-05,0.00015934753173496574,0.0,0.0018632275750860572,0.0002337970508961007,0.0,0.013346354477107525,0.0,0.9866536259651184,44.1908073425293,0.0029192925430834293,-0.010866587981581688,0.000937634555157274,0.9316138029098511,0.0,0.24656884372234344,0.0,0.0,0.0,0.0,36.40249252319336,0.14966797828674316,2017.0,63.7199592590332,500.0,0.1630592942237854
1477,-0.001297608483582735,-0.004592806566506624,0.020447636023163795,-6.67037456878461e-05,0.00016693108773324639,-0.0013888889225199819,0.001958333421498537,0.0002704853832256049,0.0,0.0117323137819767,0.0,0.988267719745636,44.19247055053711,9.999999747378752e-06,-0.00010982039384543896,0.0006093312404118478,0.9791666865348816,0.0069444444961845875,0.24778397381305695,0.0,0.0,0.0,0.0,33.98487854003906,0.14620542526245117,2160.0,63.72406768798828,499.42999267578125,0.14695855975151062
1478,-0.001306038349866867,-0.0047038281336426735,0.020272161811590195,-6.626875983783975e-05,0.00015475924010388553,-0.0007936508627608418,0.0018882937729358673,0.0001897649490274489,0.0,0.011433918960392475,0.0,0.9885661005973816,44.19355773925781,0.0029192925430834293,-0.0036012395285069942,0.00038462074007838964,0.9441468119621277,0.003968254197388887,0.24938184022903442,0.0,0.0,0.0,0.0,35.09602355957031,0.15075898170471191,2091.0,63.74298095703125,500.0,0.16704201698303223
1479,-0.0013047665124759078,-0.0049775391817092896,0.020598040893673897,-7.030946289887652e-05,0.00015977676957845688,-0.0006944444612599909,0.0019652778282761574,0.00026338238967582583,0.0,0.011705187149345875,0.0,0.9882948398590088,44.19927215576172,0.009852612391114235,-0.008704726584255695,0.0009548270027153194,0.9826388955116272,0.0034722222480922937,0.2441687285900116,0.0,0.0,0.0,0.0,33.3023567199707,0.1485130786895752,2204.0,63.79794692993164,500.0,0.1693161576986313
1480,-0.0013420070754364133,-0.004780900198966265,0.020270900800824165,-6.360957195283845e-05,0.00014600336726289243,0.0,0.0017907408764585853,0.00016406437498517334,0.0,0.0109998919069767,0.0,0.989000141620636,44.197113037109375,0.004444444552063942,-0.008387228474020958,0.0012488632928580046,0.895370364189148,0.0,0.24877211451530457,0.0,0.0,0.0,0.0,33.39400100708008,0.14635181427001953,2198.0,63.77253723144531,500.0,0.16622523963451385
1481,-0.0013157723005861044,-0.00528247794136405,0.020640164613723755,-6.77675343467854e-05,0.00014898211520630866,0.0,0.0018837302923202515,0.000175352644873783,0.0,0.010050456039607525,0.0,0.9899495244026184,44.19314193725586,0.004444444552063942,-0.00935344398021698,0.0001290187065023929,0.941865086555481,0.0,0.2510664463043213,0.0,0.0,0.0,0.0,32.34419250488281,0.1768498420715332,2267.0,63.77605056762695,500.0,0.15920789539813995
1482,-0.0012640689965337515,-0.0049777221865952015,0.02011631242930889,-5.874454291188158e-05,0.00012714813055936247,-0.002314814832061529,0.0018481484148651361,0.00018266559345647693,0.0,0.0089246965944767,0.0,0.991075336933136,44.19289016723633,9.999999747378752e-06,-0.0019024504581466317,0.0008950793417170644,0.9240740537643433,0.011574074625968933,0.249496191740036,0.0,0.0,0.0,0.0,28.916778564453125,0.14648962020874023,2536.0,63.78013229370117,491.9200134277344,0.1187429279088974
1483,-0.0012852896470576525,-0.005277647636830807,0.02031152881681919,-0.00010623577691148967,0.00014493285561911762,0.0,0.0019402779871597886,0.00020170376228634268,0.0,0.008884006179869175,0.0,0.9911159873008728,44.193023681640625,0.004378939047455788,-0.006506053265184164,0.00011455472122179344,0.9701388478279114,0.0,0.24696268141269684,0.0,0.0,0.0,0.0,32.003665924072266,0.14863872528076172,2293.0,63.77357482910156,500.0,0.1606442928314209
1484,-0.001302476623095572,-0.004627903923392296,0.020546145737171173,-7.215738150989637e-05,0.00015373046335298568,-0.0006944444612599909,0.0018328704172745347,0.00019271745986770838,0.0,0.007595486007630825,0.0,0.9924045205116272,44.19070053100586,0.009852612391114235,-0.004610991105437279,0.00044126572902314365,0.9164352416992188,0.0034722222480922937,0.25156068801879883,0.0,0.0,0.0,0.0,34.209800720214844,0.14673113822937012,2145.0,63.80780792236328,500.0,0.16757285594940186
1485,-0.0012971407268196344,-0.004540849011391401,0.020678231492638588,-7.641029515070841e-05,0.00016294000670313835,0.0,0.0019386245403438807,0.00024075779947452247,0.0,0.00665961392223835,0.0,0.9933403730392456,44.19538116455078,3.425487375352532e-05,-0.011443857103586197,0.0005467117298394442,0.9693122506141663,0.0,0.2489134520292282,0.0,0.0,0.0,0.0,37.862823486328125,0.14580702781677246,1939.0,63.82297897338867,500.0,0.16714389622211456
1486,-0.001316815265454352,-0.004765570629388094,0.02062024362385273,-7.700531568843871e-05,0.00016673146456014365,0.0,0.001910185208544135,0.00015132088446989655,0.0,0.005710178054869175,0.0,0.9942898154258728,44.196136474609375,0.004444444552063942,-0.008514244109392166,0.00013125650002621114,0.9550926685333252,0.0,0.2534216046333313,0.0,0.0,0.0,0.0,34.661521911621094,0.1527576446533203,2117.0,63.82854461669922,500.0,0.17218869924545288
1487,-0.0012948190560564399,-0.004799561575055122,0.0208174679428339,-7.957189518492669e-05,0.00017732681590132415,-0.0005555556272156537,0.0018777778604999185,0.00020172866061329842,0.0,0.004489474929869175,0.0,0.9955105185508728,44.19991683959961,0.009999999776482582,-0.005823391955345869,0.0025290302000939846,0.9388888478279114,0.0027777778450399637,0.2540823221206665,0.0,0.0,0.0,0.0,34.25006866455078,0.1625981330871582,2142.0,63.90227508544922,495.8699951171875,0.14884713292121887
1488,-0.001306304708123207,-0.004613752942532301,0.020619964227080345,-6.361727719195187e-05,0.00016602456162218004,-0.002500000176951289,0.0018944446928799152,0.00026152399368584156,0.0,0.004733615554869175,0.0,0.9952663779258728,44.21226501464844,0.009999999776482582,-0.0041947197169065475,0.0017772639403119683,0.9472221732139587,0.012500000186264515,0.2528439164161682,0.0,0.0,0.0,0.0,39.35882568359375,0.18709063529968262,1864.0,64.0140380859375,497.1600036621094,0.15186284482479095
1489,-0.0012811648193746805,-0.004912194795906544,0.020411677658557892,-0.00010040482447948307,0.00015407969476655126,-0.0020833334419876337,0.0019172951579093933,0.00024257124459836632,0.0,0.0050184461288154125,0.0,0.994981586933136,44.22215270996094,0.001316872425377369,-0.0016687206225469708,0.0009024828323163092,0.9586475491523743,0.010416666977107525,0.25109466910362244,0.0,0.0,0.0,0.0,37.78795623779297,0.14711475372314453,1943.0,64.04570770263672,492.0899963378906,0.12850885093212128
1490,-0.001259736716747284,-0.0048256730660796165,0.020083431154489517,-9.280947415390983e-05,0.0001513696915935725,-0.002645503031089902,0.0018471562070772052,0.0002618066791910678,0.0,0.0056287976913154125,0.0,0.994371235370636,44.23009490966797,0.006666666828095913,-0.004779550712555647,0.0009265078115276992,0.9235780835151672,0.013227513991296291,0.2514035999774933,0.0055555556900799274,0.0,0.0,0.0,34.76783752441406,0.1556868553161621,2111.0,64.13304138183594,491.4700012207031,0.122653067111969
1491,-0.0012864834861829877,-0.005140604916960001,0.020452503114938736,-0.0003684903203975409,0.0001432737917639315,-0.0006944444612599909,0.0018746914574876428,0.0002391511225141585,0.0,0.00653754360973835,0.0,0.9934624433517456,44.23953628540039,0.009999999776482582,-0.004917043261229992,0.0005294134607538581,0.9373457431793213,0.0034722222480922937,0.24818123877048492,0.0,0.0,0.0,0.0,33.83022689819336,0.14981818199157715,2169.0,64.16068267822266,495.5299987792969,0.13197848200798035
1492,-0.0012808109167963266,-0.0046819294802844524,0.020264489576220512,-6.489080988103524e-05,0.00014031612954568118,-0.0011111112544313073,0.001925793825648725,0.00025915008154697716,0.0,0.006103515625,0.0,0.993896484375,44.243568420410156,0.009999999776482582,-0.006247206591069698,0.0008653669501654804,0.9628967642784119,0.0055555556900799274,0.2531678378582001,0.0,0.0,0.0,0.0,36.83164596557617,0.1460590362548828,1993.0,64.2274169921875,495.42999267578125,0.14485128223896027
1493,-0.0012629077536985278,-0.004951975308358669,0.020250145345926285,-0.00014468375593423843,0.00013413556735031307,-0.0018518519354984164,0.001880952506326139,0.00015442143194377422,0.0,0.0063069663010537624,0.0,0.9936930537223816,44.247886657714844,9.999999747378752e-06,0.004622280597686768,0.00030504382448270917,0.9404762387275696,0.009259259328246117,0.2534886598587036,0.0,0.0,0.0,0.0,31.802621841430664,0.14690351486206055,2307.0,64.2342529296875,500.0,0.16030500829219818
1494,-0.0013252436183393002,-0.0047290208749473095,0.020171577110886574,-0.00025832653045654297,0.00015613550203852355,0.0,0.0018680976936593652,0.0002659565943758935,0.0,0.00634765625,0.0,0.99365234375,44.24852752685547,0.0029192925430834293,-0.006811218801885843,0.00011774781887652352,0.9340488910675049,0.0,0.25102996826171875,0.0,0.0,0.0,0.0,33.77211380004883,0.14548635482788086,2173.0,64.24774169921875,500.0,0.15367978811264038
1495,-0.001257083029486239,-0.004697837401181459,0.020013177767395973,-0.00011759468907257542,0.00013086704711895436,-0.003888888983055949,0.001755026518367231,0.00027126073837280273,0.0,0.0066053601913154125,0.0,0.993394672870636,44.25233459472656,0.0065684085711836815,-0.003534026676788926,0.0008939495892263949,0.8775132298469543,0.01944444514811039,0.2484857738018036,0.0,0.0,0.0,0.0,30.09221649169922,0.14694714546203613,2438.0,64.31352996826172,491.1400146484375,0.11869044601917267
1496,-0.0012334943749010563,-0.0054333750158548355,0.019444581121206284,-7.121149974409491e-05,0.00012172915012342855,-0.003888888983055949,0.0017856481717899442,0.00028973352164030075,0.0,0.00763617642223835,0.0,0.9923638105392456,44.26399230957031,0.009852612391114235,-0.004707077983766794,0.0022544183302670717,0.8928240537643433,0.01944444514811039,0.24855484068393707,0.0,0.0,0.0,0.0,27.328449249267578,0.1781308650970459,2680.0,64.41616821289062,492.5799865722656,0.1211254894733429
1497,-0.0013518402120098472,-0.0048098210245370865,0.020015720278024673,-5.783949018223211e-05,0.00017295137513428926,0.0,0.0018777777440845966,0.00020410772413015366,0.0,0.0078125,0.0,0.9921875,44.27393341064453,0.0019753086380660534,-0.010929753072559834,0.057845961302518845,0.9388888478279114,0.0,0.25265079736709595,0.0,0.0,0.0,0.0,31.399497985839844,0.1471407413482666,2337.0,64.4588394165039,500.0,0.16059309244155884
1498,-0.0012959521263837814,-0.004829358775168657,0.020365076139569283,-5.88494585826993e-05,0.000151468237163499,0.0,0.0019064152147620916,0.0003093259292654693,0.0,0.0073649086989462376,0.0,0.9926350712776184,44.27434158325195,0.00296296295709908,-0.009229492396116257,0.003243527142331004,0.9532076716423035,0.0,0.25435808300971985,0.0,0.0,0.0,0.0,35.00531005859375,0.14671897888183594,2097.0,64.46804809570312,500.0,0.16022051870822906
1499,-0.0012966403737664223,-0.004650578368455172,0.020332034677267075,-7.543479296145961e-05,0.00015440718561876565,0.0,0.0018801590194925666,0.0001831570261856541,0.0,0.00732421875,0.0,0.99267578125,44.27650451660156,0.0005852766335010529,-0.010646628215909004,0.00043814058881253004,0.940079391002655,0.0,0.2501181662082672,0.0,0.0,0.0,0.0,37.18916320800781,0.17164301872253418,1973.0,64.48716735839844,500.0,0.16114628314971924
1500,-0.0012800674885511398,-0.004819408059120178,0.020396579056978226,-6.370191113092005e-05,0.00013573300384450704,-0.0027777780778706074,0.0018299383809790015,0.00021564154303632677,0.0,0.007595486007630825,0.0,0.9924045205116272,44.28082275390625,0.006666666828095913,-0.005270794034004211,0.0012463200837373734,0.9149691462516785,0.013888888992369175,0.2500130534172058,0.0,0.0,0.0,0.0,33.623023986816406,0.14648962020874023,2183.0,64.54776000976562,492.0199890136719,0.11727657169103622
1501,-0.0013110003201290965,-0.0048931678757071495,0.020778724923729897,-5.795636025140993e-05,0.0001401216723024845,0.0,0.0017950617475435138,0.00018101950990967453,0.0,0.0081787109375,0.0,0.9918212890625,44.287689208984375,9.999999747378752e-06,-0.0067141177132725716,0.00019701947167050093,0.8975308537483215,0.0,0.2477443963289261,0.0,0.0,0.0,0.0,34.26542663574219,0.1486814022064209,2142.0,64.56631469726562,500.0,0.16257406771183014
1502,-0.0013276732061058283,-0.0045591783709824085,0.020656386390328407,-7.149080192903057e-05,0.00016343053721357137,-0.0018518519354984164,0.0019337963312864304,0.00019216742657590657,0.0,0.007175021804869175,0.0,0.9928249716758728,44.28863525390625,0.0019461950287222862,-0.003308206098154187,0.0006595969316549599,0.9668982028961182,0.009259259328246117,0.2515643537044525,0.0,0.0,0.0,0.0,37.75297546386719,0.15002870559692383,1945.0,64.57958984375,499.95001220703125,0.15083466470241547
1503,-0.0012672963785007596,-0.0048744166269898415,0.02069753222167492,-6.96311763022095e-05,0.000148287188494578,-0.0021825397852808237,0.0019100529607385397,0.0002072088682325557,0.0,0.0072835288010537624,0.0,0.9927164912223816,44.29087829589844,9.999999747378752e-06,-0.0028788831550627947,0.0008936200756579638,0.9550264477729797,0.010912698693573475,0.2494877129793167,0.0,0.0,0.0,0.0,36.85850143432617,0.14617156982421875,1992.0,64.5892105102539,499.6600036621094,0.14858058094978333
1504,-0.0012810586486011744,-0.005125097930431366,0.02032770775258541,-0.00016329323989339173,0.00017354231385979801,0.0,0.0019261905690655112,0.0002705109363887459,0.0,0.0069580078125,0.0,0.9930419921875,44.29262161254883,0.004378939047455788,-0.006914077792316675,0.00020820993813686073,0.9630952477455139,0.0,0.2525535225868225,0.0,0.0,0.0,0.0,36.51525115966797,0.17884182929992676,2009.0,64.62043762207031,500.0,0.16158567368984222
1505,-0.0012525932397693396,-0.004461402539163828,0.020177312195301056,-0.00010149244189960882,0.00016025613876990974,-0.004629629664123058,0.0018943784525617957,0.0002566450566519052,0.0,0.00634765625,0.0,0.99365234375,44.297542572021484,0.0019461950287222862,-0.003744766116142273,0.0009624410304240882,0.9471891522407532,0.023148149251937866,0.24820180237293243,0.0,0.0,0.0,0.0,35.921722412109375,0.18404722213745117,2042.0,64.66201782226562,492.95001220703125,0.1280159205198288
1506,-0.0013053384609520435,-0.004579782020300627,0.02047225832939148,-6.851348007330671e-05,0.00016295599925797433,0.0,0.0019388890359550714,0.00024616860901005566,0.0,0.0065104165114462376,0.0,0.9934895634651184,44.300479888916016,0.0005766503745689988,-0.012957130558788776,0.00013239150575827807,0.9694445133209229,0.0,0.2522997558116913,0.0,0.0,0.0,0.0,37.676448822021484,0.16170215606689453,1948.0,64.66749572753906,500.0,0.1681605726480484
1507,-0.0012779227690771222,-0.004731983877718449,0.020111853256821632,-0.0002904661523643881,0.0001579282252350822,0.0,0.0018837302923202515,0.00021804631978739053,0.0,0.005859375,0.0,0.994140625,44.299591064453125,0.0065684085711836815,-0.01237474661320448,0.0001296755508519709,0.941865086555481,0.0,0.2512904703617096,0.0,0.0,0.0,0.0,31.098472595214844,0.17951178550720215,2357.0,64.65564727783203,500.0,0.16572394967079163
1508,-0.0013061381177976727,-0.004557633772492409,0.020174665376544,-7.823804480722174e-05,0.0001742268359521404,-0.0013888889225199819,0.001967592863366008,0.000248250609729439,0.0,0.006279839668422937,0.0,0.9937201738357544,44.29823303222656,9.999999747378752e-06,-0.0002593659155536443,0.00036491223727352917,0.9837963581085205,0.0069444444961845875,0.24857521057128906,0.0,0.0,0.0,0.0,34.602115631103516,0.15071725845336914,2121.0,64.65357208251953,500.0,0.1683913767337799
1509,-0.001244831713847816,-0.0045973146334290504,0.020448237657546997,-7.194959471235052e-05,0.00015770633763168007,-0.0011111112544313073,0.0019592593889683485,0.0003073150001000613,0.0,0.00617133267223835,0.0,0.9938286542892456,44.29952621459961,0.004378939047455788,-0.003007066436111927,0.0005049921455793083,0.979629635810852,0.0055555556900799274,0.2483397126197815,0.0,0.0,0.0,0.0,32.594825744628906,0.14426326751708984,2251.0,64.68403625488281,495.489990234375,0.1471276879310608
1510,-0.001282713026739657,-0.004707215819507837,0.02045990712940693,-7.935606845421717e-05,0.0001573865592945367,-0.0011111112544313073,0.0019310187781229615,0.0002640620223246515,0.0,0.005181206855922937,0.0,0.9948188066482544,44.30797576904297,0.009852612391114235,-0.004262289498001337,0.0005100982380099595,0.9655092358589172,0.0055555556900799274,0.24837279319763184,0.0,0.0,0.0,0.0,28.10831069946289,0.1437845230102539,2609.0,64.7682876586914,495.6600036621094,0.14581099152565002
1511,-0.0012938649160787463,-0.004885820206254721,0.020257797092199326,-7.610469765495509e-05,0.00015220136265270412,-0.0013888889225199819,0.0019166668644174933,0.00018978590378537774,0.0,0.005303277168422937,0.0,0.9946967363357544,44.31361389160156,0.00296296295709908,-0.007196573540568352,0.002045354340225458,0.9583333134651184,0.0069444444961845875,0.24685822427272797,0.0,0.0,0.0,0.0,31.885103225708008,0.14987659454345703,2301.0,64.77500915527344,500.0,0.16394248604774475
1512,-0.0013016496086493134,-0.004464477766305208,0.020206021144986153,-5.9412843256723136e-05,0.00015109017840586603,-0.0027314817998558283,0.0018512565875425935,0.00023264327319338918,0.0,0.006157769355922937,0.0,0.9938422441482544,44.31640625,0.006666666828095913,-0.0027008692268282175,0.0010889878030866385,0.9256283640861511,0.013657407835125923,0.2505691945552826,0.0,0.0,0.0,0.0,34.191200256347656,0.1445462703704834,2147.0,64.84512329101562,495.7699890136719,0.14851756393909454
1513,-0.0013221061090007424,-0.0044210911728441715,0.019618937745690346,-6.369520269799978e-05,0.00013536792539525777,0.0,0.0018987213261425495,0.0001490840659243986,0.0,0.0068359375,0.0,0.9931640625,44.32320785522461,9.999999747378752e-06,-0.008944923989474773,0.000116423521831166,0.949360728263855,0.0,0.25023072957992554,0.0,0.0,0.0,0.0,35.05105209350586,0.16179680824279785,2093.0,64.86541748046875,500.0,0.1638382375240326
1514,-0.0012948336079716682,-0.004727414809167385,0.020069824531674385,-9.168987162411213e-05,0.00015554473793599755,0.0,0.0018919754074886441,0.00023166761093307287,0.0,0.0064561632461845875,0.0,0.9935438632965088,44.323646545410156,0.0029192925430834293,-0.006811192724853754,0.00014271392137743533,0.9459877014160156,0.0,0.2469365894794464,0.0,0.0,0.0,0.0,32.61896514892578,0.1782827377319336,2247.0,64.8678970336914,500.0,0.15897539258003235
1515,-0.0013034564908593893,-0.004587002098560333,0.020290996879339218,-5.42811794730369e-05,0.00015393109060823917,-0.0018518519354984164,0.0018744708504527807,0.00020491077157203108,0.0,0.0059950086288154125,0.0,0.994005024433136,44.32443618774414,0.0065684085711836815,-0.0052408818155527115,0.000562844390515238,0.9372355341911316,0.009259259328246117,0.25154533982276917,0.0,0.0,0.0,0.0,33.703643798828125,0.1519300937652588,2177.0,64.87910461425781,495.8699951171875,0.1430843472480774
1516,-0.0012903478927910328,-0.004804024938493967,0.019476717337965965,-7.302156154764816e-05,0.0001481633516959846,-0.0005555556272156537,0.0017590610077604651,0.0001972019235836342,0.0,0.006591796875,0.0,0.993408203125,44.32587432861328,9.999999747378752e-06,-0.002718531060963869,0.0005000188830308616,0.8795304894447327,0.0027777778450399637,0.25095897912979126,0.0,0.0,0.0,0.0,36.02375030517578,0.14502310752868652,2038.0,64.88691711425781,500.0,0.15765513479709625
1517,-0.001294220332056284,-0.004456504248082638,0.020148610696196556,-8.172257366823032e-05,0.00014793581794947386,-0.0025462964549660683,0.001884259283542633,0.0001751587842591107,0.0,0.006279839668422937,0.0,0.9937201738357544,44.327816009521484,0.004378939047455788,-0.0028881824109703302,0.0007373798289336264,0.9421296715736389,0.012731482274830341,0.2524312436580658,0.0,0.0,0.0,0.0,35.380409240722656,0.14513897895812988,2075.0,64.93141174316406,495.7799987792969,0.14196838438510895
1518,-0.0012554427376016974,-0.004671922884881496,0.02001936174929142,-6.664069223916158e-05,0.0001498091733083129,-0.003339947434142232,0.0018340609967708588,0.0002353560266783461,0.0,0.007080078125,0.0,0.992919921875,44.33460998535156,9.999999747378752e-06,0.0003912472166121006,0.0012099590385332704,0.9170304536819458,0.016699736937880516,0.24945147335529327,0.0,0.0,0.0,0.0,35.902523040771484,0.1466836929321289,2045.0,64.96177673339844,492.2300109863281,0.13280387222766876
1519,-0.0012724758125841618,-0.0047942050732672215,0.020196471363306046,-7.143072434701025e-05,0.00016923971998039633,-0.0006944444612599909,0.0018770942697301507,0.00022511795395985246,0.0,0.0074462890625,0.0,0.9925537109375,44.33618927001953,0.0019461950287222862,-0.003584675258025527,0.0005440054228529334,0.9385471343994141,0.0034722222480922937,0.250392347574234,0.0,0.0,0.0,0.0,33.905582427978516,0.14454269409179688,2165.0,64.97903442382812,496.5899963378906,0.1356564164161682
1520,-0.0012970734387636185,-0.004631055984646082,0.02038431540131569,-5.7239001762354746e-05,0.00016781050362624228,0.0,0.001913690590299666,0.0002762000367511064,0.0,0.00732421875,0.0,0.99267578125,44.33747482299805,0.0029192925430834293,-0.010786566883325577,0.00012241255899425596,0.9568452835083008,0.0,0.2537950575351715,0.0,0.0,0.0,0.0,33.32728958129883,0.1562035083770752,2201.0,64.9642105102539,500.0,0.16691461205482483
1521,-0.0012777858646586537,-0.004463949240744114,0.0206726286560297,-8.474120841128752e-05,0.0001688124903012067,-0.005555556155741215,0.0018736111233010888,0.00032965565333142877,0.0,0.007839626632630825,0.0,0.9921603798866272,44.33562469482422,0.0019461950287222862,-0.0028680479153990746,0.0013271949719637632,0.9368056058883667,0.02777777798473835,0.24500629305839539,0.0,0.0,0.0,0.0,32.20590591430664,0.19831061363220215,2275.0,64.97840118408203,489.8500061035156,0.11291481554508209
1522,-0.0012973807752132416,-0.004490552935749292,0.020372770726680756,-6.6424734541215e-05,0.00015922221064101905,-0.0011111112544313073,0.001860185177065432,0.00018605575314722955,0.0,0.00859917514026165,0.0,0.9914008378982544,44.34186553955078,0.009852612391114235,-0.006197779905050993,0.021552130579948425,0.9300926327705383,0.0055555556900799274,0.24430635571479797,0.0,0.0,0.0,0.0,33.87595748901367,0.14557790756225586,2167.0,65.0459213256836,496.739990234375,0.14841033518314362
1523,-0.001294014393351972,-0.00463492376729846,0.02037585712969303,-7.75952503317967e-05,0.0001487241970608011,-0.0018518519354984164,0.0018870370695367455,0.0002772115694824606,0.0,0.008531359024345875,0.0,0.9914686679840088,44.348670959472656,0.0005852766335010529,-0.005830517504364252,0.011209961958229542,0.9435185194015503,0.009259259328246117,0.2520952820777893,0.0,0.0,0.0,0.0,30.626447677612305,0.14670181274414062,2395.0,65.09597778320312,495.4700012207031,0.14564064145088196
1524,-0.0013148817233741283,-0.0042952182702720165,0.020459698513150215,-6.0862086684210226e-05,0.0001771041570464149,-0.0022222225088626146,0.0019046296365559101,0.00023537765082437545,0.0,0.0090467669069767,0.0,0.990953266620636,44.35609436035156,0.006666666828095913,-0.005620667245239019,0.0014341510832309723,0.9523147940635681,0.011111111380159855,0.24725808203220367,0.0,0.0,0.0,0.0,27.64019203186035,0.1631307601928711,2651.0,65.17597198486328,491.2300109863281,0.13049112260341644
1525,-0.0012827900936827064,-0.004185209516435862,0.02020624652504921,-0.00012264566612429917,0.00016408562078140676,-0.004166666883975267,0.0017962964484468102,0.00019019779574591666,0.0,0.009195963852107525,0.0,0.9908040165901184,44.369136810302734,0.004444444552063942,-0.006157829426229,0.0009840504499152303,0.898148238658905,0.02083333395421505,0.248048335313797,0.0,0.0,0.0,0.0,30.719762802124023,0.14498519897460938,2388.0,65.2634048461914,493.6199951171875,0.12673667073249817
1526,-0.0012802118435502052,-0.00451698200777173,0.02034952864050865,-7.502932567149401e-05,0.0001505353720858693,-0.0004629629838746041,0.001915829023346305,0.00021234613086562604,0.0,0.00910102017223835,0.0,0.9908989667892456,44.377708435058594,0.0019753086380660534,-0.0064603169448673725,0.0006159376353025436,0.9579144716262817,0.002314814832061529,0.2532910406589508,0.0,0.0,0.0,0.0,34.844818115234375,0.1446821689605713,2107.0,65.3089370727539,500.0,0.16748742759227753
1527,-0.0012622203212231398,-0.0046857912093400955,0.020134441554546356,-6.217670306796208e-05,0.00014642084715887904,-0.003240741090849042,0.0018087303033098578,0.00021241507783997804,0.0,0.00934516079723835,0.0,0.9906548261642456,44.382057189941406,9.999999747378752e-06,-0.00047030465793795884,0.0008751010755077004,0.9043651223182678,0.016203705221414566,0.25014737248420715,0.0,0.0,0.0,0.0,35.53160858154297,0.15680813789367676,2065.0,65.33634185791016,496.0299987792969,0.14537528157234192
1528,-0.0012833595974370837,-0.004550423007458448,0.019736358895897865,-6.687219865852967e-05,0.00016117282211780548,-0.0020370371639728546,0.0017472222680225968,0.0003127590171061456,0.0,0.010050456039607525,0.0,0.9899495244026184,44.383663177490234,0.0029192925430834293,-0.003079431364312768,0.0010270109632983804,0.8736111521720886,0.010185185819864273,0.2500653564929962,0.0,0.0,0.0,0.0,33.90943908691406,0.15173792839050293,2164.0,65.35722351074219,491.3599853515625,0.12138531357049942
1529,-0.0012364770518615842,-0.004528242163360119,0.019542047753930092,-5.5622291256440803e-05,0.0001356799912173301,-0.005740741267800331,0.0017336640739813447,0.0002607567294035107,0.0,0.0116102434694767,0.0,0.988389790058136,44.39398193359375,0.009852612391114235,-0.004094893112778664,0.0015717700589448214,0.8668320775032043,0.028703702613711357,0.24940596520900726,0.0,0.0,0.0,0.0,33.94742965698242,0.15193653106689453,2162.0,65.49717712402344,495.3500061035156,0.14176255464553833
1530,-0.0012824308359995484,-0.0043793958611786366,0.02068289741873741,-6.719532393617555e-05,0.00015780127432662994,-0.0011994950473308563,0.0018777538789436221,0.0001511007285444066,0.0,0.01226128451526165,0.0,0.9877387285232544,44.40511703491211,9.999999747378752e-06,0.015836546197533607,0.0008573798695579171,0.9388769268989563,0.005997474770992994,0.25115475058555603,0.0,0.0,0.0,0.0,36.91522979736328,0.15030837059020996,1989.0,65.51590728759766,495.92999267578125,0.15301017463207245
1531,-0.0012797574745491147,-0.004186882171779871,0.020347893238067627,-6.826037133578211e-05,0.00016162653628271073,-0.0023456790950149298,0.0018148148665204644,0.00022161980450619012,0.0,0.013088650070130825,0.0,0.9869113564491272,44.40602111816406,0.0029192925430834293,-0.0029290684033185244,0.0009416922694072127,0.9074074625968933,0.011728395707905293,0.24701805412769318,0.0,0.0,0.0,0.0,35.08405685424805,0.1620023250579834,2091.0,65.52839660644531,495.80999755859375,0.15564094483852386
1532,-0.0012932709651067853,-0.0043504186905920506,0.020178738981485367,-7.12680266587995e-05,0.0001591001928318292,-0.0013888889225199819,0.001875793794170022,0.00023969118774402887,0.0,0.01239691860973835,0.0,0.9876030683517456,44.409278869628906,9.999999747378752e-06,-0.004738511051982641,0.0005660756141878664,0.9378968477249146,0.0069444444961845875,0.24519702792167664,0.0,0.0,0.0,0.0,34.17521286010742,0.18668270111083984,2145.0,65.54633331298828,496.5400085449219,0.14707036316394806
1533,-0.0012809921754524112,-0.004495527595281601,0.01987355574965477,-8.535946835763752e-05,0.0001481765793869272,-0.0033333336468786,0.0018234789604321122,0.00022407314099837095,0.0,0.01337348110973835,0.0,0.9866265058517456,44.41101837158203,0.004378939047455788,-0.0027672143187373877,0.000756629160605371,0.9117393493652344,0.01666666753590107,0.25132742524147034,0.0,0.0,0.0,0.0,33.834747314453125,0.19803714752197266,2166.0,65.57646179199219,500.0,0.16739188134670258
1534,-0.0013089777203276753,-0.004092739894986153,0.020359529182314873,-6.976046279305592e-05,0.00015320401871576905,0.0,0.0018587303347885609,0.0002443488338030875,0.0,0.01318359375,0.0,0.98681640625,44.41477966308594,9.999999747378752e-06,-0.008866515941917896,0.00012697299825958908,0.9293651580810547,0.0,0.2513803541660309,0.0,0.0,0.0,0.0,38.43901824951172,0.14721417427062988,1910.0,65.5887451171875,500.0,0.16947847604751587
1535,-0.001274710288271308,-0.00416013365611434,0.02024107053875923,-5.899004463572055e-05,0.00016325691831298172,-0.0034259259700775146,0.0018833333160728216,0.00023290370882023126,0.0,0.01360405795276165,0.0,0.9863959550857544,44.415462493896484,0.0029192925430834293,-0.002589810872450471,0.0009616066236048937,0.9416667222976685,0.017129629850387573,0.2479420304298401,0.0,0.0,0.0,0.0,33.73054504394531,0.18995094299316406,2173.0,65.60964965820312,491.5199890136719,0.13031721115112305
1536,-0.00130259629804641,-0.004806198179721832,0.019809015095233917,-7.187842857092619e-05,0.00014672684483230114,-0.0020370371639728546,0.0018398149404674768,0.0002831975871231407,0.0,0.013644748367369175,0.0,0.9863552451133728,44.42407989501953,0.009852612391114235,-0.004950794391334057,0.000708149978891015,0.9199074506759644,0.010185185819864273,0.2493370920419693,0.0,0.0,0.0,0.0,33.95757293701172,0.14861679077148438,2161.0,65.71342468261719,495.7799987792969,0.14057768881320953
1537,-0.0013085658429190516,-0.004536821972578764,0.020623816177248955,-7.116827327990904e-05,0.0001736944104777649,-0.0009259259677492082,0.0019240741385146976,0.00029344894574023783,0.0,0.013780382461845875,0.0,0.9862196445465088,44.43443298339844,0.006666666828095913,-0.006690074224025011,0.001298827468417585,0.9620369672775269,0.004629629664123058,0.24759690463542938,0.0,0.0,0.0,0.0,30.85192108154297,0.160050630569458,2377.0,65.76787567138672,496.3800048828125,0.15309178829193115
1538,-0.0012921401066705585,-0.004295140504837036,0.021182537078857422,-6.832927465438843e-05,0.00016148146823979914,-0.0018518519354984164,0.001858333358541131,0.00037720752879977226,0.0,0.0133056640625,0.0,0.9866943359375,44.43748092651367,9.999999747378752e-06,0.001973583362996578,0.0006317474762909114,0.9291666746139526,0.009259259328246117,0.2469981461763382,0.0,0.0,0.0,0.0,30.005611419677734,0.14356374740600586,2445.0,65.7810287475586,495.8800048828125,0.15574446320533752
1539,-0.0013029674300923944,-0.005066222045570612,0.020896052941679955,-7.877653843024746e-05,0.00017017590289469808,-0.0018518519354984164,0.0018564814236015081,0.0002481111150700599,0.0,0.013102213852107525,0.0,0.9868977665901184,44.43804168701172,0.0019461950287222862,-0.0034915560390800238,0.00028703780844807625,0.9282407760620117,0.009259259328246117,0.24974139034748077,0.0,0.0,0.0,0.0,30.536531448364258,0.142930269241333,2403.0,65.78799438476562,500.0,0.16786015033721924
1540,-0.0013159962836652994,-0.004944800864905119,0.020814333111047745,-6.558306631632149e-05,0.00017186772311106324,-0.002645503031089902,0.0019267197931185365,0.000280420616036281,0.0,0.012898762710392475,0.0,0.9871012568473816,44.43906021118164,9.999999747378752e-06,0.001035194145515561,0.0008241148316301405,0.9633598327636719,0.013227513991296291,0.24978552758693695,0.0,0.0,0.0,0.0,36.39104080200195,0.14429426193237305,2017.0,65.7979965209961,496.9100036621094,0.15070463716983795
1541,-0.0012980583123862743,-0.005433555692434311,0.020413998514413834,-6.483893957920372e-05,0.00017686374485492706,-0.003703703870996833,0.0018652998842298985,0.0002880264655686915,0.0,0.012654622085392475,0.0,0.9873453974723816,44.44080352783203,0.0029192925430834293,-0.002765452489256859,0.0009292463073506951,0.9326499104499817,0.018518518656492233,0.24817445874214172,0.0,0.0,0.0,0.0,35.08499526977539,0.14397573471069336,2092.0,65.83417510986328,494.30999755859375,0.11827263236045837
1542,-0.0013095499016344547,-0.0048699756152927876,0.020599644631147385,-6.591360579477623e-05,0.00015706679550930858,-0.002645503031089902,0.0018631393322721124,0.00020095327636227012,0.0,0.01349555142223835,0.0,0.9865044355392456,44.45259475708008,0.009852612391114235,-0.00412921654060483,0.0020031523890793324,0.9315696358680725,0.013227513991296291,0.2453618049621582,0.0,0.0,0.0,0.0,32.93912887573242,0.14548921585083008,2228.0,65.96905517578125,491.67999267578125,0.1277885138988495
1543,-0.0012797812232747674,-0.005616988521069288,0.020331228151917458,-6.652539741480723e-05,0.00014707769150845706,-0.0011111112544313073,0.0017767857061699033,0.00023867392155807465,0.0,0.012654622085392475,0.0,0.9873453974723816,44.46609878540039,0.006666666828095913,-0.005293114576488733,0.02835548110306263,0.8883928656578064,0.0055555556900799274,0.24964576959609985,0.0,0.0,0.0,0.0,36.13816833496094,0.14691948890686035,2031.0,66.0679931640625,495.6600036621094,0.14360511302947998
1544,-0.0013028949033468962,-0.004815147258341312,0.02049976773560047,-6.751193723175675e-05,0.00016643136041238904,-0.0032870371360331774,0.0018282168311998248,0.0002225329662906006,0.0,0.012736002914607525,0.0,0.9872639775276184,44.48014831542969,0.009999999776482582,-0.0048107728362083435,0.054127037525177,0.914108395576477,0.016435185447335243,0.2497062385082245,0.0,0.0,0.0,0.0,38.66673278808594,0.15857553482055664,1898.0,66.2100601196289,497.79998779296875,0.14377284049987793
1545,-0.0012878902489319444,-0.004904175642877817,0.019908607006072998,-6.585609662579373e-05,0.00015490090299863368,-0.004814815241843462,0.0018470680806785822,0.00020757644961122423,0.0,0.01274956576526165,0.0,0.9872504472732544,44.49704360961914,0.009999999776482582,-0.004642218351364136,0.004919186234474182,0.9235339760780334,0.024074073880910873,0.24616411328315735,0.0,0.0,0.0,0.0,35.717220306396484,0.1459798812866211,2055.0,66.31439208984375,492.5299987792969,0.11675599962472916
1546,-0.00131012755446136,-0.004874164238572121,0.020312735810875893,-0.00028979298076592386,0.0001723855675663799,-0.0017283952329307795,0.0019105159444734454,0.00028931835549883544,0.0,0.013400607742369175,0.0,0.9865993857383728,44.504676818847656,9.999999747378752e-06,0.0005609103827737272,0.0011730471160262823,0.9552579522132874,0.008641975931823254,0.25047075748443604,0.0,0.0,0.0,0.0,32.68191909790039,0.14510607719421387,2245.0,66.33775329589844,497.010009765625,0.14141373336315155
1547,-0.0012649573618546128,-0.0051374537870287895,0.02021287940442562,-6.78466894896701e-05,0.00015568517846986651,-0.0018518519354984164,0.001884259283542633,0.00017129113257396966,0.0,0.012668185867369175,0.0,0.9873318076133728,44.50578308105469,0.004378939047455788,-0.003831530222669244,0.00037776216049678624,0.9421296715736389,0.009259259328246117,0.24989435076713562,0.0,0.0,0.0,0.0,36.7994270324707,0.14607954025268555,1995.0,66.36485290527344,500.0,0.15809927880764008
1548,-0.001278611714951694,-0.0052192904986441135,0.01986602693796158,-0.0005654693813994527,0.00015649502165615559,-0.0027777778450399637,0.0018546298379078507,0.0002567527408245951,0.0,0.012844509445130825,0.0,0.9871554970741272,44.51276397705078,0.009852612391114235,-0.003031381405889988,0.0009356096270494163,0.9273147583007812,0.013888888992369175,0.24980847537517548,0.0,0.0,0.0,0.0,34.237266540527344,0.14456892013549805,2144.0,66.47673034667969,491.1300048828125,0.10829797387123108
1549,-0.001288314932025969,-0.004990741144865751,0.020462870597839355,-6.84575570630841e-05,0.00016022352792788297,0.0,0.001836111187003553,0.00024323056277353317,0.0,0.012437609024345875,0.0,0.9875624179840088,44.52382278442383,0.004444444552063942,-0.009646162390708923,0.00012137476733187214,0.9180556535720825,0.0,0.24849261343479156,0.0,0.0,0.0,0.0,34.35260772705078,0.1474316120147705,2137.0,66.51919555664062,500.0,0.16583794355392456
1550,-0.0012829905608668923,-0.004945039749145508,0.020347876474261284,-7.157149229897186e-05,0.0001559259108034894,-0.002500000176951289,0.001808333327062428,0.0003127845993731171,0.0,0.011867946945130825,0.0,0.9881320595741272,44.526180267333984,0.006666666828095913,-0.0046029528602957726,0.0006496579735539854,0.9041666388511658,0.012500000186264515,0.2503957748413086,0.0,0.0,0.0,0.0,32.24667739868164,0.14556241035461426,2276.0,66.56779479980469,495.489990234375,0.1449391096830368
1551,-0.0012731883907690644,-0.004532328806817532,0.0203440859913826,-8.048180461628363e-05,0.0001601481344550848,-0.0027777778450399637,0.0018981482135131955,0.00017582569853402674,0.0,0.012071398086845875,0.0,0.9879286289215088,44.53643798828125,0.009999999776482582,-0.005744795314967632,0.0004914958844892681,0.9490740895271301,0.013888888992369175,0.2483438402414322,0.0,0.0,0.0,0.0,30.770292282104492,0.17000389099121094,2382.0,66.66402435302734,495.7900085449219,0.1467982679605484
1552,-0.0013182825641706586,-0.0047404649667441845,0.019981252029538155,-6.636282341787592e-05,0.00018500925216358155,0.0,0.001854629605077207,0.00019471360428724438,0.0,0.011935763992369175,0.0,0.9880642294883728,44.538665771484375,0.004444444552063942,-0.011022352613508701,0.00010133923933608457,0.9273147583007812,0.0,0.2459465116262436,0.0,0.0,0.0,0.0,30.6069278717041,0.14889168739318848,2397.0,66.59617614746094,500.0,0.15973278880119324
1553,-0.0012878862908110023,-0.004680281039327383,0.020134733989834785,-8.236117719206959e-05,0.00016629858873784542,-0.005555556155741215,0.0018638890469446778,0.00025569336139597,0.0,0.011881510727107525,0.0,0.9881184697151184,44.53288269042969,0.006666666828095913,-0.0030851217452436686,0.001584262354299426,0.9319444298744202,0.02777777798473835,0.2504677176475525,0.0,0.0,0.0,0.0,34.04893112182617,0.14891934394836426,2155.0,66.65309143066406,492.55999755859375,0.12489115446805954
1554,-0.0012724649859592319,-0.004848509095609188,0.020290430635213852,-7.412021659547463e-05,0.0001591530890436843,-0.0007936508627608418,0.0019245371222496033,0.0001790912647265941,0.0,0.012166340835392475,0.0,0.9878336787223816,44.54122543334961,9.999999747378752e-06,0.02474462054669857,0.0005338661721907556,0.9622685313224792,0.003968254197388887,0.25777438282966614,0.0,0.0,0.0,0.0,36.43408203125,0.16539216041564941,2014.0,66.67842864990234,495.8800048828125,0.14554744958877563
1555,-0.001239011762663722,-0.004665455315262079,0.020556483417749405,-8.486442675348371e-05,0.00014921040565241128,-0.009953704662621021,0.0018500001169741154,0.00032264264882542193,0.0,0.0130750872194767,0.0,0.986924946308136,44.5429573059082,0.0019461950287222862,-0.0024301079101860523,0.00139168044552207,0.9250000715255737,0.04976851865649223,0.24946488440036774,0.0,0.0,0.0,0.0,33.47209930419922,0.17688870429992676,2191.0,66.70274353027344,490.79998779296875,0.11314202100038528
1556,-0.0012670907890424132,-0.004918547347187996,0.019908100366592407,-8.432872709818184e-05,0.0001616888039279729,-0.001620370545424521,0.0018203705549240112,0.0001697429543128237,0.0,0.01299370639026165,0.0,0.9870063066482544,44.5465087890625,9.999999747378752e-06,0.00020650686929002404,0.0008004594128578901,0.9101851582527161,0.008101852610707283,0.25027164816856384,0.0,0.0,0.0,0.0,34.352386474609375,0.14494609832763672,2137.0,66.71327209472656,495.82000732421875,0.14292243123054504
1557,-0.0012673510937020183,-0.004221275448799133,0.019892755895853043,-5.947178942733444e-05,0.0001695194951025769,-0.0055246916599571705,0.0019336419645696878,0.00031853566179051995,0.0,0.013427734375,0.0,0.986572265625,44.54814147949219,0.0029192925430834293,-0.002604125067591667,0.002023751847445965,0.9668209552764893,0.027623457834124565,0.25062498450279236,0.0,0.0,0.0,0.0,35.514488220214844,0.14983129501342773,2067.0,66.75213623046875,483.9800109863281,0.0871802270412445
1558,-0.001240267651155591,-0.004720060154795647,0.020207298919558525,-7.59106405894272e-05,0.00017641711747273803,-0.007583774626255035,0.0018853616202250123,0.0002985670289490372,0.0,0.015462239272892475,0.0,0.9845377802848816,44.553497314453125,9.999999747378752e-06,-0.0020302427001297474,0.0028746104799211025,0.9426807761192322,0.03791887313127518,0.24830958247184753,0.0,0.0,0.0,0.0,39.31488800048828,0.14478039741516113,1868.0,66.7737045288086,489.19000244140625,0.07963892817497253
1559,-0.0012526048813015223,-0.00449044443666935,0.020282307639718056,-6.288880831561983e-05,0.00017532010679133236,-0.007336861453950405,0.0018833333160728216,0.00027427569148130715,0.0,0.0182020403444767,0.0,0.981797993183136,44.555233001708984,0.0019461950287222862,-0.0025473148562014103,0.0022234334610402584,0.9416667222976685,0.036684300750494,0.24957942962646484,0.0,0.0,0.0,0.0,35.25048828125,0.1459028720855713,2082.0,66.80264282226562,492.4100036621094,0.12728440761566162
1560,-0.0012448262423276901,-0.004668549634516239,0.02055310644209385,-5.930130646447651e-05,0.00015457924746442586,-0.004382716491818428,0.0018821429694071412,0.0003796447126660496,0.0,0.0195176862180233,0.0,0.9804823398590088,44.56452560424805,0.0065684085711836815,-0.004925480578094721,0.0018154538702219725,0.9410713911056519,0.02191358245909214,0.2499445080757141,0.0,0.0,0.0,0.0,38.4090461730957,0.15355730056762695,1911.0,66.90668487548828,491.760009765625,0.12387306988239288
1561,-0.00124940590467304,-0.004998908843845129,0.020270880311727524,-9.167710231849924e-05,0.0001796063588699326,-0.007660935167223215,0.0018882937729358673,0.0003493217227514833,0.0,0.0209825299680233,0.0,0.9790174961090088,44.57176971435547,9.999999747378752e-06,-0.003532842267304659,0.003107128432020545,0.9441468119621277,0.03830467537045479,0.24795635044574738,0.0,0.0,0.0,0.0,33.50688171386719,0.17693305015563965,2188.0,66.9163589477539,484.42999267578125,0.038360241800546646
1562,-0.0012542873155325651,-0.004284089896827936,0.02027422934770584,-6.710932211717591e-05,0.00016812265675980598,-0.007460317574441433,0.0019212965853512287,0.0003448258794378489,0.0,0.02483452670276165,0.0,0.9751654863357544,44.57316970825195,0.0019461950287222862,-0.0029958439990878105,0.001974564278498292,0.960648238658905,0.03730158880352974,0.24948671460151672,0.0,0.0,0.0,0.0,33.037330627441406,0.168928861618042,2220.0,66.94708251953125,490.4200134277344,0.08693268895149231
1563,-0.0012844805605709553,-0.004573133308440447,0.020077938213944435,-0.00012396454985719174,0.0001652241771807894,-0.004166666883975267,0.0019351852824911475,0.0002996881084982306,0.0,0.0260145403444767,0.0,0.973985493183136,44.580421447753906,0.004378939047455788,-0.00421743281185627,0.0012469306821003556,0.9675926566123962,0.0208333358168602,0.2549947202205658,0.0,0.0,0.0,0.0,32.02519989013672,0.18637347221374512,2288.0,67.01692199707031,491.7200012207031,0.10408081114292145
1564,-0.001246111118234694,-0.004655111115425825,0.02027169056236744,-6.158633186714724e-05,0.0001703974703559652,-0.005000000353902578,0.0018489419016987085,0.00031608782592229545,0.0,0.02715386264026165,0.0,0.9728461503982544,44.586971282958984,9.999999747378752e-06,0.0014081799890846014,0.0015010819770395756,0.9244709014892578,0.02500000037252903,0.25103268027305603,0.0,0.0,0.0,0.0,32.021339416503906,0.14402270317077637,2292.0,67.03581237792969,489.42999267578125,0.10436965525150299
1565,-0.0012705640401691198,-0.00467906566336751,0.020615819841623306,-7.44000353734009e-05,0.00018742127576842904,0.0,0.0019305557943880558,0.0003073243424296379,0.0,0.02765570767223835,0.0,0.9723442792892456,44.58728790283203,0.0029192925430834293,-0.00688466802239418,0.00010674589429982007,0.9652777910232544,0.0,0.24967212975025177,0.0,0.0,0.0,0.0,29.37493324279785,0.14730477333068848,2497.0,67.03204345703125,500.0,0.16872382164001465
1566,-0.001251230132766068,-0.004804314114153385,0.01992306113243103,-5.859828524990007e-05,0.00014862266834825277,-0.004351851996034384,0.0018444446614012122,0.0003697258362080902,0.0,0.02777777798473835,0.0,0.9722222089767456,44.58529281616211,9.999999747378752e-06,0.0012767236912623048,0.0012847285252064466,0.9222222566604614,0.021759258583188057,0.2535913288593292,0.0,0.0,0.0,0.0,28.87830924987793,0.14782977104187012,2540.0,67.0319595336914,489.5899963378906,0.10671259462833405
1567,-0.0013190240133553743,-0.004910706542432308,0.020357267931103706,-6.276476779021323e-05,0.00014379859203472733,-0.0013888889225199819,0.0019449074752628803,0.0002530799829401076,0.0,0.0283338762819767,0.0,0.971666157245636,44.58633804321289,0.004378939047455788,-0.0030478709377348423,0.00042681422200985253,0.972453773021698,0.0069444444961845875,0.24984309077262878,0.0,0.0,0.0,0.0,31.861167907714844,0.14655351638793945,2303.0,67.05681610107422,496.45001220703125,0.14128518104553223
1568,-0.001298609422519803,-0.005048042628914118,0.020127182826399803,-6.374970689648762e-05,0.0001555370254209265,-0.0013888889225199819,0.001883664052002132,0.00028686283621937037,0.0,0.0277099609375,0.0,0.9722900390625,44.589420318603516,9.999999747378752e-06,-0.001893309410661459,0.000497909146361053,0.9418320059776306,0.0069444444961845875,0.24918818473815918,0.0,0.0,0.0,0.0,34.266300201416016,0.1444864273071289,2142.0,67.0685806274414,496.82000732421875,0.14541451632976532
1569,-0.0012692726450040936,-0.0055676656775176525,0.02025688998401165,-7.123818795662373e-05,0.0001521663216408342,-0.0009259259677492082,0.0019124338869005442,0.0004050030547659844,0.0,0.0266384556889534,0.0,0.9733615517616272,44.59092712402344,0.0029192925430834293,-0.003229522844776511,0.0005177424754947424,0.9562169313430786,0.004629629664123058,0.2493942528963089,0.0,0.0,0.0,0.0,35.123291015625,0.15466046333312988,2089.0,67.09398651123047,496.5899963378906,0.13782545924186707
1570,-0.0013036029413342476,-0.005288749933242798,0.020402735099196434,-0.00011450559395598248,0.00016206965665332973,-0.0007936508627608418,0.0019430555403232574,0.00040057144360616803,0.0,0.0256483294069767,0.0,0.974351704120636,44.593772888183594,0.00038443360244855285,-0.0025519011542201042,0.0005416266503743827,0.9715277552604675,0.003968254197388887,0.24529807269573212,0.0,0.0,0.0,0.0,32.08850860595703,0.14558625221252441,2287.0,67.10176849365234,496.5,0.14105720818042755
1571,-0.0012910509249195457,-0.004978581797331572,0.020139401778578758,-8.432514005107805e-05,0.00013862726336810738,-0.0032627868931740522,0.0017708555096760392,0.0002781274088192731,0.0,0.02510579489171505,0.0,0.9748942255973816,44.59672546386719,0.004378939047455788,-0.004674843978136778,0.001269650412723422,0.885427713394165,0.016313934698700905,0.244357168674469,0.0,0.0,0.0,0.0,36.531558990478516,0.14693999290466309,2010.0,67.1580810546875,487.19000244140625,0.105207659304142
1572,-0.001274575013667345,-0.005028360057622194,0.020137427374720573,-7.786809146637097e-05,0.0001523151295259595,-0.006250000558793545,0.0019261684501543641,0.00028792882221750915,0.0,0.02312554232776165,0.0,0.9768744707107544,44.603519439697266,9.999999747378752e-06,-0.0024005670566111803,0.0016135384794324636,0.9630842208862305,0.03125,0.24636846780776978,0.0,0.0,0.0,0.0,40.29030990600586,0.14514446258544922,1823.0,67.18273162841797,492.4599914550781,0.121296226978302
1573,-0.00128052884247154,-0.004861827939748764,0.019853387027978897,-5.8586851082509384e-05,0.00013614195631816983,-0.004550265148282051,0.0019544092938303947,0.00017023699183482677,0.0,0.0213487409055233,0.0,0.9786512851715088,44.60494613647461,0.0029192925430834293,-0.0026183300651609898,0.0012288701254874468,0.9772046208381653,0.022751325741410255,0.25084078311920166,0.0,0.0,0.0,0.0,32.997554779052734,0.17821764945983887,2222.0,67.21092987060547,492.4700012207031,0.1150691881775856
1574,-0.0012460850412026048,-0.005165598820894957,0.020224571228027344,-5.6459768529748544e-05,0.00014629318320658058,-0.00783730112016201,0.001879188814200461,0.00021095976990181953,0.0,0.02140299417078495,0.0,0.9785969853401184,44.60884094238281,9.999999747378752e-06,-0.001339233829639852,0.0020848363637924194,0.9395943880081177,0.0391865074634552,0.2521010935306549,0.0,0.0,0.0,0.0,33.341705322265625,0.15283489227294922,2201.0,67.22471618652344,484.2799987792969,0.0806671604514122
1575,-0.0012717044446617365,-0.004461060743778944,0.019840573891997337,-5.434960621641949e-05,0.00012296451313886791,-0.0050925929099321365,0.0018399030668660998,0.00023458416399080306,0.0,0.02048068679869175,0.0,0.9795193076133728,44.609840393066406,0.0012974634300917387,-0.0030163282062858343,0.0010905867675319314,0.9199515581130981,0.025462964549660683,0.2459963709115982,0.0,0.0,0.0,0.0,33.63996887207031,0.14706182479858398,2182.0,67.2396240234375,496.32000732421875,0.14124168455600739
1576,-0.0012625650269910693,-0.004726072307676077,0.02005036175251007,-7.176128565333784e-05,0.00013758233399130404,-0.005648148711770773,0.001908333390019834,0.0003667556738946587,0.0,0.0184597447514534,0.0,0.9815402626991272,44.615962982177734,0.004378939047455788,-0.004791462793946266,0.001989752985537052,0.9541667103767395,0.028240740299224854,0.2475888729095459,0.0,0.0,0.0,0.0,32.89741897583008,0.14971494674682617,2230.0,67.31157684326172,482.7300109863281,0.06686944514513016
1577,-0.001245307270437479,-0.005148804746568203,0.020343953743577003,-0.00011383336095605046,0.0001453942822990939,-0.007083334028720856,0.0019328705966472626,0.00030949831125326455,0.0,0.01973470114171505,0.0,0.9802653193473816,44.624053955078125,0.0012974634300917387,-0.004079470876604319,0.0017837687628343701,0.9664352536201477,0.03541666641831398,0.24717967212200165,0.003086419776082039,0.0,0.0,0.0,32.108402252197266,0.14584088325500488,2285.0,67.34892272949219,489.79998779296875,0.08326263725757599
1578,-0.0012491637608036399,-0.005121494177728891,0.01934758946299553,-5.9071422583656386e-05,0.00014306481170933694,-0.008472222834825516,0.0018254630267620087,0.00033330704900436103,0.0,0.01972113735973835,0.0,0.9802788496017456,44.63001251220703,0.004378939047455788,-0.005114419385790825,0.0015389982145279646,0.9127314686775208,0.04236111417412758,0.24900633096694946,0.0,0.0,0.0,0.0,34.35613250732422,0.14364361763000488,2137.0,67.40895080566406,488.8699951171875,0.09007532149553299
1579,-0.0011904607526957989,-0.005023347679525614,0.01941399835050106,-8.360279753105715e-05,0.00013516201579477638,-0.014444444328546524,0.0018888890044763684,0.00021605327492579818,0.0,0.02060275711119175,0.0,0.9793972373008728,44.63578796386719,0.00017085937724914402,-0.0021509937942028046,0.0012545128120109439,0.944444477558136,0.07222222536802292,0.2490285485982895,0.0,0.0,0.0,0.0,27.569334030151367,0.14499354362487793,2660.0,67.43131256103516,489.6600036621094,0.09086135029792786
1580,-0.0012556599685922265,-0.005388305522501469,0.01955881156027317,-6.229661812540144e-05,0.00014511738845612854,-0.007275132928043604,0.0018119708402082324,0.00031015268177725375,0.0,0.02178276889026165,0.0,0.9782172441482544,44.637752532958984,0.0029192925430834293,-0.004122014157474041,0.0018261013319715858,0.9059855341911316,0.036375660449266434,0.24957916140556335,0.0,0.0,0.0,0.0,31.342304229736328,0.1435706615447998,2341.0,67.46046447753906,485.8599853515625,0.06508763879537582
1581,-0.00122922845184803,-0.005113671068102121,0.019713742658495903,-5.10694007971324e-05,0.00014087697491049767,-0.005798059981316328,0.0018089065561071038,0.00023392747971229255,0.0,0.02323404885828495,0.0,0.9767659306526184,44.6419677734375,9.999999747378752e-06,-0.00406169518828392,0.0028357463888823986,0.9044532775878906,0.02899029850959778,0.24985234439373016,0.0,0.0,0.0,0.0,34.60376739501953,0.1474606990814209,2121.0,67.47976684570312,473.82000732421875,0.012978172861039639
1582,-0.0012635623570531607,-0.004826853983104229,0.020383113995194435,-6.380040576914325e-05,0.00014850164006929845,-0.005879630334675312,0.0018364419229328632,0.00035168902832083404,0.0,0.02667914517223835,0.0,0.9733208417892456,44.64377975463867,0.0019461950287222862,-0.0030724972020834684,0.0021652341820299625,0.9182209372520447,0.029398150742053986,0.24946832656860352,0.0069444444961845875,0.0,0.0,0.0,35.140743255615234,0.14905929565429688,2089.0,67.5102310180664,491.55999755859375,0.1116601750254631
1583,-0.0012330716708675027,-0.005114668980240822,0.019671184942126274,-7.513396849390119e-05,0.00013485569797921926,-0.01050925999879837,0.0018458333797752857,0.0003010555519722402,0.0,0.0288221575319767,0.0,0.971177875995636,44.65413284301758,0.0065684085711836815,-0.004782544448971748,0.001844182494096458,0.9229167103767395,0.05254629999399185,0.25213199853897095,0.0,0.0,0.0,0.0,34.3710823059082,0.1468210220336914,2135.0,67.62397766113281,485.2200012207031,0.07667538523674011
1584,-0.0012910767691209912,-0.0048470264300704,0.020450934767723083,-0.0001014731969917193,0.00015609875845257193,-0.0027777778450399637,0.0019263228168711066,0.000249807519139722,0.0,0.03034125454723835,0.0,0.9696587324142456,44.666770935058594,0.004378939047455788,-0.00477548548951745,0.0007236452074721456,0.9631613492965698,0.013888888992369175,0.2508311867713928,0.0,0.0,0.0,0.0,32.36139678955078,0.14644646644592285,2268.0,67.68809509277344,496.8399963378906,0.1432098150253296
1585,-0.0012453285744413733,-0.005055525340139866,0.01977139711380005,-8.40931897982955e-05,0.00015906017506495118,-0.010515873320400715,0.0018932981183752418,0.00035228990600444376,0.0,0.0315348319709301,0.0,0.9684651494026184,44.6722297668457,0.00017085937724914402,-0.005038578994572163,0.003582581179216504,0.9466490149497986,0.0525793619453907,0.24389703571796417,0.0,0.0,0.0,0.0,34.51594543457031,0.1493990421295166,2126.0,67.71472930908203,472.0299987792969,-0.0013699382543563843
1586,-0.0012586710508912802,-0.005193471908569336,0.019747840240597725,-0.00014833857130724937,0.00015789053577464074,-0.0025617284700274467,0.0019399912562221289,0.00039737363113090396,0.0,0.0333387590944767,0.0,0.966661274433136,44.676185607910156,0.004378939047455788,-0.004354322329163551,0.0012586014345288277,0.9699956178665161,0.012808641418814659,0.24900563061237335,0.0,0.0,0.0,0.0,36.719093322753906,0.14609503746032715,1999.0,67.76502990722656,496.6199951171875,0.1350436955690384
1587,-0.0012756895739585161,-0.00507731270045042,0.01969260908663273,-0.00010536961781326681,0.00015475803229492158,-0.0033487656619399786,0.0018851852510124445,0.0003370646736584604,0.0,0.0326334647834301,0.0,0.9673665165901184,44.68232345581055,0.0012974634300917387,-0.003667423501610756,0.0013868125388398767,0.9425926208496094,0.016743827611207962,0.2513410151004791,0.0,0.0,0.0,0.0,34.09537887573242,0.14548873901367188,2153.0,67.79695129394531,488.9200134277344,0.09892429411411285
1588,-0.0012491478119045496,-0.004909110721200705,0.02018451690673828,-5.5589855037396774e-05,0.0001449814735678956,-0.005740741267800331,0.0018712965538725257,0.0003111670375801623,0.0,0.0318874791264534,0.0,0.9681125283241272,44.68840408325195,0.0065684085711836815,-0.005492175463587046,0.0009986985241994262,0.9356482028961182,0.028703702613711357,0.2529749274253845,0.0,0.0,0.0,0.0,37.79389953613281,0.14539790153503418,1943.0,67.88187408447266,491.6600036621094,0.12162637710571289
1589,-0.0012570355320349336,-0.005025739781558514,0.019682232290506363,-5.55701699340716e-05,0.00015867997717577964,-0.0034722222480922937,0.00195370358414948,0.0003176285536028445,0.0,0.0316297747194767,0.0,0.968370258808136,44.69724655151367,1.4999999621068127e-05,-0.0013374278787523508,0.0020430816803127527,0.9768518805503845,0.0173611119389534,0.253728449344635,0.0,0.0,0.0,0.0,34.18597412109375,0.18602371215820312,2145.0,67.90769958496094,492.32000732421875,0.11240066587924957
1590,-0.0012674626195803285,-0.004978398326784372,0.01949150674045086,-6.985590880503878e-05,0.00015783353592269123,-0.0032627868931740522,0.0018800265388563275,0.00033852216438390315,0.0,0.0306532122194767,0.0,0.969346821308136,44.69861602783203,0.0019461950287222862,-0.003379698609933257,0.001570313237607479,0.9400132298469543,0.016313934698700905,0.24876542389392853,0.0,0.0,0.0,0.0,33.371490478515625,0.176987886428833,2197.0,67.93218231201172,487.8299865722656,0.09513242542743683
1591,-0.0012662155786529183,-0.00520419841632247,0.02022290602326393,-6.24463937128894e-05,0.00015720348164904863,-0.001719576888717711,0.0018595680594444275,0.0001970697776414454,0.0,0.0292833112180233,0.0,0.9707167148590088,44.70586013793945,0.0065684085711836815,-0.004784408025443554,0.0008982772706076503,0.9297839403152466,0.008597884327173233,0.24757348001003265,0.0,0.0,0.0,0.0,33.173484802246094,0.1455531120300293,2212.0,68.02372741699219,492.3900146484375,0.12273865938186646
1592,-0.0012856835965067148,-0.00482143322005868,0.019500384107232094,-5.695809886674397e-05,0.0001659143454162404,-0.003888888983055949,0.001986111281439662,0.0002872238401323557,0.0,0.0294189453125,0.0,0.9705810546875,44.713218688964844,9.999999747378752e-06,0.002368917455896735,0.0015534948324784636,0.9930555820465088,0.01944444514811039,0.25713539123535156,0.0,0.0,0.0,0.0,30.908517837524414,0.14490461349487305,2374.0,68.04130554199219,496.6000061035156,0.13890613615512848
1593,-0.0012874392559751868,-0.0049131871201097965,0.020007312297821045,-6.269496225286275e-05,0.0001864212827058509,-0.0011111112544313073,0.0019444447243586183,0.00017995080270338804,0.0,0.02829318679869175,0.0,0.9717068076133728,44.71513366699219,0.0029192925430834293,-0.0028394039254635572,0.0005306685343384743,0.9722222089767456,0.0055555556900799274,0.2576163709163666,0.0,0.0,0.0,0.0,32.30548858642578,0.1903066635131836,2268.0,68.07585144042969,499.57000732421875,0.14188528060913086
1594,-0.0012883368181064725,-0.004764846060425043,0.019963936880230904,-6.69620421831496e-05,0.0001641256531002,-0.0020370371639728546,0.0019425927894189954,0.0002992734080180526,0.0,0.0272352434694767,0.0,0.972764790058136,44.72162628173828,0.0019461950287222862,-0.0029053189791738987,0.0007945290999487042,0.9712963104248047,0.010185185819864273,0.2483958750963211,0.0,0.0,0.0,0.0,29.473941802978516,0.14936137199401855,2488.0,68.1183090209961,491.3399963378906,0.12201625853776932
1595,-0.0012782674748450518,-0.005234075244516134,0.019599024206399918,-6.362317071761936e-05,0.00019159117073286325,-0.0015384616563096642,0.0019192240433767438,0.00029647882911376655,0.0,0.02499728836119175,0.0,0.9750027060508728,44.72669219970703,0.0019461950287222862,-0.0035171383060514927,0.0008700407925061882,0.9596120119094849,0.007692308165132999,0.24830743670463562,0.0,0.0,0.0,0.0,32.53359603881836,0.14557385444641113,2256.0,68.16144561767578,491.6099853515625,0.11537463217973709
1596,-0.001307182596065104,-0.004950325470417738,0.019898520782589912,-6.66442938381806e-05,0.0001965889532584697,-0.001620370545424521,0.0019467592937871814,0.00017839223437476903,0.0,0.0228542760014534,0.0,0.9771457314491272,44.73097229003906,0.0019461950287222862,-0.0038610603660345078,0.000770134967751801,0.9733796715736389,0.008101852610707283,0.25292232632637024,0.0,0.0,0.0,0.0,33.115055084228516,0.14661502838134766,2216.0,68.19538116455078,496.6499938964844,0.13617122173309326
1597,-0.001293959910981357,-0.005382521543651819,0.020054949447512627,-6.620489875786006e-05,0.00020696362480521202,0.0,0.0019022487103939056,0.0002908238966483623,0.0,0.02054850198328495,0.0,0.9794514775276184,44.733951568603516,0.00011390625149942935,-0.012659083120524883,0.00012224854435771704,0.9511243104934692,0.0,0.25110217928886414,0.0,0.0,0.0,0.0,31.936466217041016,0.14528322219848633,2298.0,68.2094497680664,500.0,0.1555783748626709
1598,-0.001281174598261714,-0.0048382580280303955,0.01977851428091526,-5.25781542819459e-05,0.00016432868142146617,-0.0033333334140479565,0.0019888889510184526,0.00023204507306218147,0.0,0.0193142369389534,0.0,0.9806857705116272,44.735145568847656,0.0019461950287222862,-0.004573022946715355,0.0016218980308622122,0.9944444298744202,0.01666666753590107,0.2471606433391571,0.0,0.0,0.0,0.0,32.8344841003418,0.15318894386291504,2235.0,68.2337646484375,489.9200134277344,0.09898027032613754
1599,-0.0012801099801436067,-0.004650994203984737,0.0198943093419075,-7.118088979041204e-05,0.0001815753785194829,-0.002500000176951289,0.001967592863366008,0.00021127727814018726,0.0,0.01863606832921505,0.0,0.9813639521598816,44.74275588989258,0.0065684085711836815,-0.004819923080503941,0.0009073095279745758,0.9837963581085205,0.012500000186264515,0.25089144706726074,0.0,0.0,0.0,0.0,34.79496383666992,0.14517736434936523,2110.0,68.330322265625,492.42999267578125,0.12013978511095047
1600,-0.0012979357270523906,-0.004668361507356167,0.020068565383553505,-7.274812378454953e-05,0.00016673289064783603,-0.0027777778450399637,0.0019444447243586183,0.00025097772595472634,0.0,0.01639811135828495,0.0,0.9836018681526184,44.75246047973633,0.001316872425377369,-0.00453577097505331,0.015322481282055378,0.9722222089767456,0.013888888992369175,0.2482316792011261,0.0,0.0,0.0,0.0,38.154720306396484,0.18597912788391113,1922.0,68.36717224121094,495.70001220703125,0.14834365248680115
1601,-0.0012845745077356696,-0.005302332807332277,0.019940175116062164,-5.8540426834952086e-05,0.00015861881547607481,0.0,0.001910185208544135,0.0002578237617854029,0.0,0.0150146484375,0.0,0.9849853515625,44.753501892089844,9.999999747378752e-06,-0.00953127071261406,0.0005503846914507449,0.9550926685333252,0.0,0.25239357352256775,0.0,0.0,0.0,0.0,34.141483306884766,0.14389514923095703,2150.0,68.37149047851562,500.0,0.15711280703544617
1602,-0.0012654891470447183,-0.0050412812270224094,0.019662663340568542,-6.452247907873243e-05,0.0001667630858719349,-0.0050925929099321365,0.0019166666315868497,0.0002672949049156159,0.0,0.01471625454723835,0.0,0.9852837324142456,44.75398254394531,0.0019461950287222862,-0.0026761775370687246,0.0014885924756526947,0.9583333134651184,0.025462964549660683,0.2520290017127991,0.0,0.0,0.0,0.0,34.2880859375,0.14754104614257812,2141.0,68.39081573486328,495.20001220703125,0.1425366997718811
1603,-0.0012654185993596911,-0.0044215344823896885,0.020007459446787834,-5.277381933410652e-05,0.0001663693692535162,-0.0027314817998558283,0.0019392857793718576,0.0002133999514626339,0.0,0.01435004360973835,0.0,0.9856499433517456,44.75777816772461,0.0012974634300917387,-0.003913205582648516,0.001046119723469019,0.9696428775787354,0.013657407835125923,0.24863842129707336,0.0,0.0,0.0,0.0,35.18260955810547,0.15267467498779297,2086.0,68.42189025878906,492.5,0.12847964465618134
1604,-0.001275734743103385,-0.004563101567327976,0.0196648221462965,-6.234989268705249e-05,0.00016484300431329757,-0.0027777778450399637,0.0019166668644174933,0.00016974691243376583,0.0,0.014187282882630825,0.0,0.9858127236366272,44.76354217529297,0.0065684085711836815,-0.006743514910340309,0.00045753424637950957,0.9583333134651184,0.013888888992369175,0.2539929747581482,0.0,0.0,0.0,0.0,32.647098541259766,0.1496882438659668,2248.0,68.47630310058594,500.0,0.1597135365009308
1605,-0.001287549501284957,-0.004555718041956425,0.020344430580735207,-5.103565854369663e-05,0.00016266862803604454,-0.004629629664123058,0.001963426126167178,0.00018803300918079913,0.0,0.013766818679869175,0.0,0.9862331748008728,44.76886749267578,0.0029192925430834293,-0.004236931446939707,0.0010943161323666573,0.9817129969596863,0.023148149251937866,0.2538287937641144,0.0,0.0,0.0,0.0,33.19501495361328,0.14772534370422363,2211.0,68.50829315185547,497.0299987792969,0.1477750837802887
1606,-0.001266742474399507,-0.00446441350504756,0.019819475710392,-7.330437074415386e-05,0.00016034720465540886,-0.002500000176951289,0.0019722222350537777,0.0002409332519164309,0.0,0.01299370639026165,0.0,0.9870063066482544,44.775875091552734,0.0065684085711836815,-0.004210231360048056,0.0007552216411568224,0.9861111044883728,0.012500000186264515,0.24769465625286102,0.0,0.0,0.0,0.0,28.101715087890625,0.14740204811096191,2609.0,68.58738708496094,496.6099853515625,0.12739810347557068
1607,-0.001263700076378882,-0.004663252737373114,0.020306618884205818,-5.889326348551549e-05,0.00018321296374779195,-0.00296296295709908,0.0019518519984558225,0.00019401729514356703,0.0,0.013210720382630825,0.0,0.9867892861366272,44.783058166503906,9.999999747378752e-06,0.004150064662098885,0.0008976986864581704,0.9759259819984436,0.014814815483987331,0.2548045516014099,0.0,0.0,0.0,0.0,27.877952575683594,0.1500253677368164,2630.0,68.60891723632812,492.9800109863281,0.12635262310504913
1608,-0.0013137198984622955,-0.004560096655040979,0.020236577838659286,-6.128964014351368e-05,0.00017014681361615658,-0.0013888889225199819,0.0019041006453335285,0.00018212465511169285,0.0,0.0131971575319767,0.0,0.986802875995636,44.784908294677734,0.0029192925430834293,-0.0030177284497767687,0.00048754230374470353,0.9520503282546997,0.0069444444961845875,0.25346365571022034,0.0,0.0,0.0,0.0,29.755197525024414,0.1492757797241211,2465.0,68.64875030517578,495.7900085449219,0.14915023744106293
1609,-0.001290217856876552,-0.004686582367867231,0.020322373136878014,-5.1891904149670154e-05,0.0001536991767352447,-0.0003968254313804209,0.001949735451489687,0.0001859265030361712,0.0,0.01299370639026165,0.0,0.9870063066482544,44.792510986328125,0.004378939047455788,-0.004379658959805965,0.0004995958297513425,0.9748677015304565,0.0019841270986944437,0.25229716300964355,0.0,0.0,0.0,0.0,34.09125518798828,0.14719557762145996,2153.0,68.71830749511719,496.5799865722656,0.13944678008556366
1610,-0.001272520748898387,-0.004810834303498268,0.02060007117688656,-5.943176074652001e-05,0.0001779243757482618,-0.0034722222480922937,0.0019351852824911475,0.00024910602951422334,0.0,0.012613932602107525,0.0,0.9873860478401184,44.7987060546875,9.999999747378752e-06,0.001421369961462915,0.0007911781431175768,0.9675926566123962,0.0173611119389534,0.25138935446739197,0.0,0.0,0.0,0.0,34.117584228515625,0.14802098274230957,2151.0,68.73834991455078,495.79998779296875,0.14693543314933777
1611,-0.0012806946178898215,-0.00496898777782917,0.019628236070275307,-5.855628114659339e-05,0.00019769309437833726,-0.004259259440004826,0.0019527777330949903,0.0002847219293471426,0.0,0.013387043960392475,0.0,0.9866129755973816,44.799888610839844,0.0019461950287222862,-0.002773366402834654,0.001661893678829074,0.9763889312744141,0.021296296268701553,0.2508145570755005,0.0,0.0,0.0,0.0,31.346105575561523,0.14773130416870117,2341.0,68.7598648071289,482.5899963378906,0.08124876767396927
1612,-0.001298407674767077,-0.00500546395778656,0.020484181120991707,-5.8361438277643174e-05,0.000175157401827164,0.0,0.001967592630535364,0.00026852497830986977,0.0,0.01386176235973835,0.0,0.9861382246017456,44.803489685058594,0.0012974634300917387,-0.011933769099414349,0.00012977654114365578,0.9837963581085205,0.0,0.24798627197742462,0.0,0.0,0.0,0.0,33.73808288574219,0.14269638061523438,2176.0,68.77650451660156,500.0,0.16338075697422028
1613,-0.0013015790609642863,-0.0043737334199249744,0.0202197153121233,-6.0701884649461135e-05,0.00018573035777080804,-0.0027777778450399637,0.0019512346480041742,0.00016841248725540936,0.0,0.013088650070130825,0.0,0.9869113564491272,44.80518341064453,0.0029192925430834293,-0.004716082941740751,0.0005160468281246722,0.9756172895431519,0.013888888992369175,0.2486814707517624,0.0,0.0,0.0,0.0,36.94610595703125,0.14818072319030762,1987.0,68.81788635253906,500.0,0.1717808097600937
1614,-0.0012746333377435803,-0.004643186926841736,0.019891774281859398,-7.468523835996166e-05,0.00017609963833820075,-0.004999999888241291,0.0019188272999599576,0.00017163374286610633,0.0,0.01360405795276165,0.0,0.9863959550857544,44.80965805053711,9.999999747378752e-06,-0.0017788943368941545,0.0019031211268156767,0.9594136476516724,0.02500000037252903,0.2494785338640213,0.0,0.0,0.0,0.0,37.12213897705078,0.15127158164978027,1978.0,68.83724212646484,494.1700134277344,0.12054275721311569
1615,-0.0012631822610273957,-0.004507930018007755,0.02008035220205784,-5.469640746014193e-05,0.00017997066606767476,-0.004166666883975267,0.0019287036266177893,0.00027047310140915215,0.0,0.015380859375,0.0,0.984619140625,44.81086349487305,0.0019461950287222862,-0.0029079257510602474,0.001224190229550004,0.9643518924713135,0.0208333358168602,0.2523098886013031,0.0,0.0,0.0,0.0,34.70656204223633,0.14792227745056152,2115.0,68.8589859008789,492.4100036621094,0.12867528200149536
1616,-0.0012866825563833117,-0.004182119853794575,0.02015785686671734,-7.133862527552992e-05,0.00018537763389758766,-0.005370370578020811,0.0019388890359550714,0.0002539023698773235,0.0,0.015869140625,0.0,0.984130859375,44.8139762878418,9.999999747378752e-06,-2.178285467380192e-05,0.0012765156570822,0.9694445133209229,0.026851851493120193,0.24710586667060852,0.0,0.0,0.0,0.0,35.58274459838867,0.1469275951385498,2063.0,68.87034606933594,492.45001220703125,0.1313052773475647
1617,-0.0012679354986175895,-0.004570171236991882,0.020410306751728058,-6.828909681644291e-05,0.00018799777899403125,-0.006031746510416269,0.0019220018293708563,0.00022257727687247097,0.0,0.0169813372194767,0.0,0.983018696308136,44.81512451171875,0.0012974634300917387,-0.0028192007448524237,0.0015171774430200458,0.9610008597373962,0.03015873208642006,0.25183263421058655,0.0,0.0,0.0,0.0,35.635318756103516,0.14452338218688965,2060.0,68.89057922363281,496.489990234375,0.14577041566371918
1618,-0.0012688158312812448,-0.004073852673172951,0.019897062331438065,-4.813685154658742e-05,0.00015696296759415418,-0.0031481485348194838,0.0018615081207826734,0.0002479199902154505,0.0,0.01708984375,0.0,0.98291015625,44.81951904296875,0.0029192925430834293,-0.004646921530365944,0.0011986488243564963,0.9307539463043213,0.015740741044282913,0.25237494707107544,0.0,0.0,0.0,0.0,32.521785736083984,0.14757132530212402,2256.0,68.93519592285156,491.1099853515625,0.1280507594347
1619,-0.0012707990827038884,-0.004524200223386288,0.01999775320291519,-7.368674414465204e-05,0.00020247847714927047,-0.006388889160007238,0.0019430555403232574,0.0001928655692609027,0.0,0.01714409701526165,0.0,0.9828559160232544,44.82447814941406,1.4999999621068127e-05,-0.00051265605725348,0.0011806344846263528,0.9715277552604675,0.03194444254040718,0.25318804383277893,0.0,0.0,0.0,0.0,34.11726379394531,0.18522167205810547,2149.0,68.96097564697266,494.2799987792969,0.1264912486076355
1620,-0.0012719103833660483,-0.004120060242712498,0.02030412293970585,-7.007839303696528e-05,0.00019041929044760764,-0.005277778021991253,0.0019888889510184526,0.000181934519787319,0.0,0.01776801235973835,0.0,0.9822319746017456,44.82582092285156,0.0019461950287222862,-0.0031260906253010035,0.001375547843053937,0.9944444298744202,0.02638888917863369,0.25037264823913574,0.0,0.0,0.0,0.0,29.40750503540039,0.14653825759887695,2494.0,68.98004150390625,490.6300048828125,0.1101723164319992
1621,-0.001278339303098619,-0.004837153013795614,0.02036321349442005,-7.042785728117451e-05,0.00021091665257699788,-0.008518518880009651,0.0019666666630655527,0.0003434778191149235,0.0,0.01863606832921505,0.0,0.9813639521598816,44.83017349243164,0.0012974634300917387,-0.0033577142748981714,0.0011777774197980762,0.98333340883255,0.042592596262693405,0.25575533509254456,0.0,0.0,0.0,0.0,28.510879516601562,0.14682722091674805,2572.0,69.01402282714844,491.6499938964844,0.10393724590539932
1622,-0.0012573589337989688,-0.004958180245012045,0.020246556028723717,-5.089896512799896e-05,0.00020020500232931226,-0.0038095240015536547,0.0018370371544733644,0.00019745485042221844,0.0,0.01974826492369175,0.0,0.9802517294883728,44.832916259765625,9.999999747378752e-06,-0.0016283032018691301,0.0009977767476812005,0.9185184836387634,0.01904761977493763,0.2443733513355255,0.0,0.0,0.0,0.0,30.447216033935547,0.1770317554473877,2407.0,69.02503967285156,494.42999267578125,0.12520082294940948
1623,-0.0012847214238718152,-0.004528776742517948,0.0205091442912817,-7.292551890714094e-05,0.00020011969900224358,0.0,0.0019390872912481427,0.0002943693252746016,0.0,0.02035861648619175,0.0,0.9796413779258728,44.83319854736328,0.0019461950287222862,-0.007430712692439556,8.645657362649217e-05,0.9695436954498291,0.0,0.2531069219112396,0.0,0.0,0.0,0.0,33.0528678894043,0.15111446380615234,2220.0,69.02143096923828,500.0,0.1695086807012558
1624,-0.0012773778289556503,-0.00467758160084486,0.020447054877877235,-7.376736175501719e-05,0.00020797936304006726,-0.0018518519354984164,0.0019537038169801235,0.0002761751238722354,0.0,0.01958550326526165,0.0,0.9804145097732544,44.83404541015625,0.004378939047455788,-0.00555075891315937,0.0004243493312969804,0.9768518805503845,0.009259259328246117,0.24721834063529968,0.0,0.0,0.0,0.0,35.1400146484375,0.14538049697875977,2089.0,69.05557250976562,500.0,0.16881592571735382
1625,-0.0012652981095016003,-0.0043571158312261105,0.019782600924372673,-6.239773210836574e-05,0.00020427709387149662,-0.0018518519354984164,0.0019574074540287256,0.00014731007104273885,0.0,0.01944986917078495,0.0,0.9805501103401184,44.8390007019043,9.999999747378752e-06,-0.0008119140984490514,0.0008308325777761638,0.9787037372589111,0.009259259328246117,0.25543537735939026,0.0,0.0,0.0,0.0,33.06282043457031,0.14726042747497559,2220.0,69.07850646972656,499.7900085449219,0.1470411866903305
1626,-0.001283501274883747,-0.004376825410872698,0.02024836838245392,-5.882230107090436e-05,0.0002070832997560501,-0.0027777778450399637,0.001967592630535364,0.0001961925154319033,0.0,0.01947699673473835,0.0,0.9805229902267456,44.84019088745117,0.0029192925430834293,-0.0031319628469645977,0.0008715519797988236,0.9837963581085205,0.013888888992369175,0.25251537561416626,0.0,0.0,0.0,0.0,33.993812561035156,0.1755526065826416,2157.0,69.10003662109375,491.67999267578125,0.12742923200130463
1627,-0.001287273596972227,-0.004483748693019152,0.020203743129968643,-6.870059587527066e-05,0.00022667569282930344,-0.0021428572945296764,0.001986508257687092,0.0002623499894980341,0.0,0.02023654617369175,0.0,0.9797634482383728,44.842464447021484,9.999999747378752e-06,-0.0008469924796372652,0.0008151131332851946,0.9932539463043213,0.010714286006987095,0.2552170157432556,0.0,0.0,0.0,0.0,36.691925048828125,0.1418607234954834,2001.0,69.10755920410156,495.7200012207031,0.14593468606472015
1628,-0.0012684230459854007,-0.004566551651805639,0.020619956776499748,-5.84088011237327e-05,0.00021018617553636432,-0.0014309765538200736,0.0019796297419816256,0.00016973749734461308,0.0,0.0196397565305233,0.0,0.9803602695465088,44.843162536621094,0.0012974634300917387,-0.003035712754353881,0.0006232182495296001,0.9898147583007812,0.007154881954193115,0.2498866468667984,0.0,0.0,0.0,0.0,37.61808776855469,0.14525389671325684,1952.0,69.11941528320312,495.82000732421875,0.14705778658390045
1629,-0.0012754732742905617,-0.004329819697886705,0.020228311419487,-5.789506030851044e-05,0.00021367514273151755,-0.006203704047948122,0.001965740928426385,0.00019150736625306308,0.0,0.0189073346555233,0.0,0.9810926914215088,44.845497131347656,9.999999747378752e-06,-0.003294427413493395,0.002088306937366724,0.98287034034729,0.031018521636724472,0.24963541328907013,0.0,0.0,0.0,0.0,34.60943603515625,0.14742755889892578,2121.0,69.13279724121094,485.4200134277344,0.08929992467164993
1630,-0.0012679999927058816,-0.004023937042802572,0.02018263004720211,-5.6510667491238564e-05,0.000211414007935673,-0.007645502686500549,0.0019749999046325684,0.00020370144920889288,0.0,0.01973470114171505,0.0,0.9802653193473816,44.847206115722656,0.0019461950287222862,-0.0035265260376036167,0.0023471172899007797,0.987500011920929,0.03822751343250275,0.25038495659828186,0.0,0.0,0.0,0.0,34.924644470214844,0.1500720977783203,2102.0,69.1622085571289,488.55999755859375,0.07058887928724289
1631,-0.001273298286832869,-0.004303618334233761,0.01995663531124592,-8.261510083684698e-05,0.00017337498138658702,-0.003009259235113859,0.0019240741385146976,0.0001878973562270403,0.0,0.019775390625,0.0,0.980224609375,44.854251861572266,0.0065684085711836815,-0.004467959515750408,0.02039020135998726,0.9620370864868164,0.015046296641230583,0.2506715655326843,0.0,0.0,0.0,0.0,33.80568313598633,0.18788552284240723,2168.0,69.24209594726562,492.2900085449219,0.12720941007137299
1632,-0.0012867512414231896,-0.0043773590587079525,0.02031738869845867,-6.828387995483354e-05,0.00020453438628464937,-0.0019047620007768273,0.001968915341421962,0.00016366010822821409,0.0,0.01935492642223835,0.0,0.9806450605392456,44.86145782470703,0.0019461950287222862,-0.003889130661264062,0.011478637345135212,0.9844576716423035,0.009523809887468815,0.24908389151096344,0.0,0.0,0.0,0.0,34.9232063293457,0.149186372756958,2102.0,69.29056549072266,492.760009765625,0.13040021061897278
1633,-0.001284703379496932,-0.0044614579528570175,0.020255502313375473,-6.763532292097807e-05,0.00021986440697219223,-0.003703703870996833,0.001999999862164259,0.00017782810027711093,0.0,0.01877170242369175,0.0,0.9812282919883728,44.86626434326172,0.00038443360244855285,-0.003589361673220992,0.00137100531719625,1.0,0.018518518656492233,0.251192569732666,0.0,0.0,0.0,0.0,31.028182983398438,0.1453235149383545,2365.0,69.31785583496094,493.9599914550781,0.11242645233869553
1634,-0.0013118673814460635,-0.004260983783751726,0.020432528108358383,-6.0790134739363566e-05,0.00020816203323192894,-0.0013888889225199819,0.0019305555615574121,0.00017384336388204247,0.0,0.01836480014026165,0.0,0.9816352128982544,44.86936569213867,0.004378939047455788,-0.007869532331824303,0.0004990171873942018,0.9652777910232544,0.0069444444961845875,0.24916835129261017,0.0,0.0,0.0,0.0,30.548696517944336,0.18831253051757812,2398.0,69.36124420166016,500.0,0.1740252524614334
1635,-0.0012956593418493867,-0.004169183317571878,0.019695911556482315,-5.186995258554816e-05,0.0001976441708393395,-0.0009259259677492082,0.0018888890044763684,0.00014695788559038192,0.0,0.01692708395421505,0.0,0.9830729365348816,44.87236785888672,9.999999747378752e-06,0.0061838049441576,0.000543290632776916,0.944444477558136,0.004629629664123058,0.24852891266345978,0.0,0.0,0.0,0.0,29.864662170410156,0.14496994018554688,2456.0,69.3706283569336,497.3500061035156,0.14396673440933228
1636,-0.0012663094094023108,-0.0043758824467659,0.02045728638768196,-6.641773506999016e-05,0.0002067109599011019,-0.007129629608243704,0.0018787035951390862,0.00014359837223310024,0.0,0.01726616732776165,0.0,0.9827338457107544,44.873252868652344,0.0019461950287222862,-0.0027169492095708847,0.001730922143906355,0.9393518567085266,0.035648148506879807,0.25129014253616333,0.0,0.0,0.0,0.0,31.4761905670166,0.18611693382263184,2328.0,69.3916015625,482.8999938964844,0.0697997435927391
1637,-0.0012984821805730462,-0.004553874488919973,0.020881494507193565,-5.885540304007009e-05,0.0002189024817198515,-0.0009259259677492082,0.001958333421498537,0.00020153251534793526,0.0,0.0179443359375,0.0,0.9820556640625,44.88135528564453,0.0065684085711836815,-0.005742351058870554,0.0026389018166810274,0.9791666865348816,0.004629629664123058,0.24411745369434357,0.0,0.0,0.0,0.0,34.000953674316406,0.14502930641174316,2159.0,69.48099517822266,500.0,0.16995295882225037
1638,-0.0012851631036028266,-0.004543257877230644,0.020711801946163177,-7.120666850823909e-05,0.00020886883430648595,-0.0013888889225199819,0.001968827098608017,0.0001679206034168601,0.0,0.01799858920276165,0.0,0.9820014238357544,44.890079498291016,0.004444444552063942,-0.003463895758613944,0.000986872473731637,0.9844135642051697,0.0069444444961845875,0.2438499629497528,0.0,0.0,0.0,0.0,34.26148223876953,0.1489565372467041,2142.0,69.53897094726562,500.0,0.17135442793369293
1639,-0.0013016849989071488,-0.00483669014647603,0.02060849778354168,-6.536150613101199e-05,0.00020100793335586786,0.0,0.00197592587210238,0.00017408152052666992,0.0,0.01738823764026165,0.0,0.9826117753982544,44.89509201049805,0.004444444552063942,-0.010179067961871624,0.0007319985306821764,0.9879629611968994,0.0,0.24992510676383972,0.0,0.0,0.0,0.0,32.25230026245117,0.14669537544250488,2275.0,69.55729675292969,500.0,0.16256432235240936
1640,-0.001243228674866259,-0.004121977835893631,0.02045505680143833,-5.7689627283252776e-05,0.000195966029423289,-0.008333333767950535,0.0018888890044763684,0.0001693338417680934,0.0,0.01730685867369175,0.0,0.9826931357383728,44.89646911621094,0.004444444552063942,-0.003156514372676611,0.0012241869699209929,0.944444477558136,0.0416666679084301,0.25175610184669495,0.0,0.0,0.0,0.0,34.311920166015625,0.14754414558410645,2139.0,69.60770416259766,496.7099914550781,0.1555667221546173
1641,-0.001256825984455645,-0.004397917073220015,0.02071133255958557,-6.671330629615113e-05,0.00020138519175816327,-0.002638888778164983,0.0019194446504116058,0.0001936589105753228,0.0,0.0169677734375,0.0,0.9830322265625,44.906463623046875,0.004444444552063942,-0.004319385625422001,0.0022467675153166056,0.9597222208976746,0.013194444589316845,0.25071755051612854,0.0,0.0,0.0,0.0,36.83163070678711,0.17117834091186523,1992.0,69.68692779541016,493.489990234375,0.13947328925132751
1642,-0.0012428299523890018,-0.004770014435052872,0.020315740257501602,-6.235727050807327e-05,0.00019987432460766286,-0.005185185465961695,0.0019240743713453412,0.00020768001559190452,0.0,0.0178493931889534,0.0,0.9821506142616272,44.91523742675781,0.00296296295709908,-0.004502386320382357,0.002569714095443487,0.9620370864868164,0.025925926864147186,0.2504763603210449,0.0,0.0,0.0,0.0,36.302852630615234,0.14838695526123047,2022.0,69.7663345336914,486.4800109863281,0.08379442989826202
1643,-0.0012620168272405863,-0.004411434289067984,0.02011968567967415,-6.0944283177377656e-05,0.00018610725237522274,-0.00296296295709908,0.0019407408544793725,0.00013535498874261975,0.0,0.0188123919069767,0.0,0.981187641620636,44.927005767822266,0.006666666828095913,-0.003751190844923258,0.0019277920946478844,0.9703704118728638,0.014814815483987331,0.25278013944625854,0.0,0.0,0.0,0.0,34.57697677612305,0.18791747093200684,2120.0,69.89270782470703,495.5299987792969,0.14754824340343475
1644,-0.00126582698430866,-0.00418482068926096,0.02036438137292862,-5.202824104344472e-05,0.00019134457397740334,-0.003240741090849042,0.001870546955615282,0.00025058130268007517,0.0,0.0169677734375,0.0,0.9830322265625,44.93622970581055,9.999999747378752e-06,0.0016895669978111982,0.001012801076285541,0.9352734088897705,0.016203705221414566,0.25017568469047546,0.0,0.0,0.0,0.0,35.25614929199219,0.14739632606506348,2082.0,69.91778564453125,495.8500061035156,0.1538214087486267
1645,-0.0012685632100328803,-0.004420383367687464,0.02024109847843647,-5.023863195674494e-05,0.00018498610006645322,-0.0013888889225199819,0.0018462963635101914,0.00024444510927423835,0.0,0.015299479477107525,0.0,0.9847005009651184,44.93782043457031,0.0029192925430834293,-0.0036630842369049788,0.000560431566555053,0.9231481552124023,0.0069444444961845875,0.24770350754261017,0.0,0.0,0.0,0.0,37.10728454589844,0.18163561820983887,1977.0,69.94200897216797,497.9800109863281,0.14897316694259644
1646,-0.0012826137244701385,-0.004086180590093136,0.020545264706015587,-5.410005178418942e-05,0.00018615474982652813,0.0,0.0019175925990566611,0.00034379021963104606,0.0,0.014634874649345875,0.0,0.9853651523590088,44.941036224365234,0.0019461950287222862,-0.011882232502102852,0.00013964768731966615,0.9587963223457336,0.0,0.2517555356025696,0.0,0.0,0.0,0.0,33.06595993041992,0.14530181884765625,2219.0,69.95933532714844,500.0,0.17334404587745667
1647,-0.0012695500627160072,-0.004183767829090357,0.020766569301486015,-5.455273640109226e-05,0.00018635611922945827,0.0,0.0019472225103527308,0.00018508649372961372,0.0,0.013346354477107525,0.0,0.9866536259651184,44.93949890136719,0.00011390625149942935,-0.008170456625521183,0.00012955680722370744,0.9736111164093018,0.0,0.2527122497558594,0.0,0.0,0.0,0.0,33.837554931640625,0.14771771430969238,2169.0,69.95092010498047,500.0,0.17439718544483185
1648,-0.001277588657103479,-0.004067131318151951,0.020596468821167946,-6.771251355530694e-05,0.0002003194240387529,-0.0022222225088626146,0.001936111249960959,0.00018749591254163533,0.0,0.0128309465944767,0.0,0.987169086933136,44.9401969909668,0.0029192925430834293,-0.004158932715654373,0.0006859423592686653,0.9680555462837219,0.011111111380159855,0.2504068911075592,0.0,0.0,0.0,0.0,31.937557220458984,0.14808893203735352,2297.0,69.97572326660156,495.6400146484375,0.15660998225212097
1649,-0.0012495117262005806,-0.004480632487684488,0.02040090225636959,-4.438295218278654e-05,0.00018982405890710652,-0.0055555556900799274,0.0018898149719461799,0.00023816918837837875,0.0,0.01312934048473835,0.0,0.9868706464767456,44.943912506103516,9.999999747378752e-06,-0.0015650682616978884,0.0005208501825109124,0.9449074864387512,0.02777777798473835,0.25369465351104736,0.0,0.0,0.0,0.0,29.44314193725586,0.1467747688293457,2491.0,69.9911117553711,496.82000732421875,0.1513964980840683
1650,-0.001243798527866602,-0.004479265306144953,0.020176641643047333,-7.734758401056752e-05,0.0001916785549838096,-0.0022751325741410255,0.0019322751322761178,0.000312947784550488,0.0,0.011990017257630825,0.0,0.9880099892616272,44.94493103027344,0.0029192925430834293,-0.0023368315305560827,0.000992535031400621,0.9661375880241394,0.011375661939382553,0.2490895837545395,0.0,0.0,0.0,0.0,30.2625732421875,0.15011382102966309,2424.0,70.01447296142578,491.2799987792969,0.1284557729959488
1651,-0.0012895672116428614,-0.004039162769913673,0.02086622640490532,-6.005032264511101e-05,0.00018932048988062888,-0.0009259259677492082,0.0018623931100592017,0.00018535784329287708,0.0,0.011922200210392475,0.0,0.9880778193473816,44.955467224121094,0.009852612391114235,-0.005297011695802212,0.007027208339422941,0.9311966300010681,0.004629629664123058,0.2478063404560089,0.0,0.0,0.0,0.0,34.59502410888672,0.1440260410308838,2122.0,70.14041137695312,495.30999755859375,0.15491409599781036
1652,-0.001266922103241086,-0.004223853815346956,0.020792344585061073,-5.311492350301705e-05,0.0002060231490759179,-0.0027777780778706074,0.0019271605415269732,0.00028113374719396234,0.0,0.01227484829723835,0.0,0.9877251386642456,44.965030670166016,9.999999747378752e-06,0.0006702414830215275,0.0013435197761282325,0.9635802507400513,0.013888888992369175,0.24825456738471985,0.0,0.0,0.0,0.0,34.28254318237305,0.17738699913024902,2139.0,70.15771484375,495.8500061035156,0.16131658852100372
1653,-0.0012755581410601735,-0.0042656296864151955,0.020237160846590996,-6.0691163525916636e-05,0.00016782738384790719,-0.001719576888717711,0.0018433862132951617,0.00020837473857682198,0.0,0.0130615234375,0.0,0.9869384765625,44.9664192199707,0.0029192925430834293,-0.003303835866972804,0.0010853387648239732,0.9216931462287903,0.008597884327173233,0.24874714016914368,0.0,0.0,0.0,0.0,32.08319091796875,0.14736342430114746,2287.0,70.18788146972656,491.04998779296875,0.12542027235031128
1654,-0.0012880516005679965,-0.004440548364073038,0.020298974588513374,-5.714815415558405e-05,0.00018770831229630858,-0.0018518519354984164,0.0017995371017605066,0.00024380894319619983,0.0,0.012939453125,0.0,0.987060546875,44.973236083984375,0.0065684085711836815,-0.006267464719712734,0.0009695231565274298,0.8997685313224792,0.009259259328246117,0.24983984231948853,0.0,0.0,0.0,0.0,35.16367721557617,0.1549384593963623,2087.0,70.25590515136719,499.5299987792969,0.13054020702838898
1655,-0.0012851397041231394,-0.004304260015487671,0.02071697637438774,-5.813413372379728e-05,0.0001898559567052871,-0.0028306879103183746,0.0019285716116428375,0.0004041396896354854,0.0,0.01312934048473835,0.0,0.9868706464767456,44.98005294799805,9.999999747378752e-06,-0.0022208690643310547,0.0011922838166356087,0.9642857313156128,0.014153439551591873,0.24598900973796844,0.013888888992369175,0.0,0.0,0.0,36.52200698852539,0.16014337539672852,2009.0,70.29019927978516,495.7200012207031,0.1518993079662323
1656,-0.001252921181730926,-0.004145869053900242,0.020455652847886086,-5.932382555329241e-05,0.00021100655430927873,-0.006180556025356054,0.0019298611441627145,0.000237635598750785,0.0,0.013712565414607525,0.0,0.9862874150276184,44.98263168334961,0.0029192925430834293,-0.0029562353156507015,0.0018245350802317262,0.9649306535720825,0.03090277686715126,0.24942536652088165,0.0,0.0,0.0,0.0,36.3267822265625,0.1627671718597412,2020.0,70.3364028930664,483.1000061035156,0.09431061148643494
1657,-0.0012782809790223837,-0.004202997777611017,0.020570550113916397,-5.4433145123766735e-05,0.0002120239078067243,-0.004629629664123058,0.0018854939844459295,0.00020067048899363726,0.0,0.013102213852107525,0.0,0.9868977665901184,44.98834228515625,9.999999747378752e-06,0.0016967540141195059,0.0006907210336066782,0.9427469372749329,0.023148149251937866,0.24904115498065948,0.0,0.0,0.0,0.0,33.8035888671875,0.14910459518432617,2171.0,70.35595703125,500.0,0.17311504483222961
1658,-0.0012819619150832295,-0.0042320662178099155,0.020624006167054176,-6.163188663776964e-05,0.00021538646251428872,-0.004351851996034384,0.0019685185980051756,0.00020903734548483044,0.0,0.01274956576526165,0.0,0.9872504472732544,44.989864349365234,0.0029192925430834293,-0.0028691357001662254,0.0012686913833022118,0.984259307384491,0.021759260445833206,0.25043609738349915,0.0,0.0,0.0,0.0,34.00798416137695,0.14728116989135742,2158.0,70.38816833496094,495.3599853515625,0.1339598447084427
1659,-0.0012792939087375998,-0.003833677154034376,0.020342543721199036,-4.732535671791993e-05,0.00020929165475536138,-0.0027777778450399637,0.001871296321041882,0.0002831247984431684,0.0,0.013387043960392475,0.0,0.9866129755973816,44.99650573730469,0.0005766503745689988,-0.003491027280688286,0.0009704986005090177,0.9356482028961182,0.013888888992369175,0.24808070063591003,0.0,0.0,0.0,0.0,36.46657180786133,0.17063403129577637,2012.0,70.43135070800781,492.4599914550781,0.13609349727630615
1660,-0.0013008423848077655,-0.00417805602774024,0.02085900865495205,-6.434931856347248e-05,0.00022974600142333657,-0.0009259259677492082,0.0019531745929270983,0.0002262433699797839,0.0,0.01409233920276165,0.0,0.9859076738357544,45.000125885009766,0.0065684085711836815,-0.006317514926195145,0.0003819386474788189,0.9765872955322266,0.004629629664123058,0.24329741299152374,0.0,0.0,0.0,0.0,32.6705436706543,0.15087032318115234,2246.0,70.47068786621094,500.0,0.1795397698879242
1661,-0.0012972059193998575,-0.003967389464378357,0.020512891933321953,-5.7434081099927425e-05,0.00021466896578203887,-0.0009259259677492082,0.0018962962785735726,0.00047564212582074106,0.0,0.014309353195130825,0.0,0.9856906533241272,45.00307846069336,9.999999747378752e-06,0.0010841182665899396,0.0005425533163361251,0.9481480717658997,0.004629629664123058,0.25072041153907776,0.0,0.0,0.0,0.0,31.58616828918457,0.14550495147705078,2323.0,70.4800796508789,495.8699951171875,0.15834279358386993
1662,-0.0013112869346514344,-0.003905966877937317,0.020961761474609375,-4.755753980134614e-05,0.0002213657571701333,-0.0027777778450399637,0.0018592593260109425,0.00021983639453537762,0.0,0.013997395522892475,0.0,0.9860026240348816,45.00420379638672,0.0029192925430834293,-0.0035802850034087896,0.0005297173047438264,0.9296296238899231,0.013888888992369175,0.24709531664848328,0.0,0.0,0.0,0.0,30.031635284423828,0.1517627239227295,2442.0,70.49800109863281,498.9100036621094,0.16333965957164764
1663,-0.001315740286372602,-0.003935741260647774,0.021077340468764305,-5.2028852223884314e-05,0.0001994953490793705,0.0,0.0019518519984558225,0.000284249777905643,0.0,0.01398383267223835,0.0,0.9860161542892456,45.00619888305664,0.0029192925430834293,-0.012041306123137474,0.001125314156524837,0.9759259819984436,0.0,0.25257325172424316,0.0,0.0,0.0,0.0,28.633607864379883,0.17675423622131348,2559.0,70.50714111328125,500.0,0.18186742067337036
1664,-0.001289524370804429,-0.003858610987663269,0.020105183124542236,-5.919314207858406e-05,0.00019506657554302365,-0.004166666883975267,0.0018886683974415064,0.00018766771245282143,0.0,0.013427734375,0.0,0.986572265625,45.00602722167969,0.0065684085711836815,-0.0037025732453912497,0.0008142304141074419,0.9443342685699463,0.02083333395421505,0.2547191083431244,0.0,0.0,0.0,0.0,30.723247528076172,0.14914608001708984,2388.0,70.56228637695312,491.6000061035156,0.1334095150232315
1665,-0.001325614401139319,-0.0041879573836922646,0.020901532843708992,-6.729439337505028e-05,0.0002177496935473755,0.0,0.0018943378236144781,0.0002296966704307124,0.0,0.012980143539607525,0.0,0.9870198369026184,45.0129508972168,0.0029192925430834293,-0.011400667019188404,0.00025039183674380183,0.94716876745224,0.0,0.24527163803577423,0.0,0.0,0.0,0.0,33.854339599609375,0.14757347106933594,2168.0,70.59230041503906,500.0,0.1763252168893814
1666,-0.0012706744018942118,-0.0038434371817857027,0.020160576328635216,-6.621744978474453e-05,0.0002107198815792799,-0.007407407741993666,0.0018055555410683155,0.00016030878759920597,0.0,0.012301974929869175,0.0,0.9876980185508728,45.0166015625,0.0065684085711836815,-0.004326396156102419,0.0009218883351422846,0.9027777910232544,0.03703703731298447,0.2456008642911911,0.0,0.0,0.0,0.0,36.78852081298828,0.14496445655822754,1996.0,70.6513900756836,491.3500061035156,0.13496136665344238
1667,-0.0013138344511389732,-0.004162639379501343,0.019944656640291214,-6.656393816228956e-05,0.00022275296214502305,-0.002500000176951289,0.0018271827138960361,0.00023418288037646562,0.0,0.013522678054869175,0.0,0.9864773154258728,45.027854919433594,0.0065684085711836815,-0.0028003458864986897,0.0021179805044084787,0.9135912656784058,0.012500000186264515,0.2462339997291565,0.0,0.0,0.0,0.0,30.41338348388672,0.14672422409057617,2412.0,70.75238037109375,491.44000244140625,0.1288653016090393
1668,-0.0012949872761964798,-0.003926669713109732,0.020578278228640556,-6.18157209828496e-05,0.00020702545589301735,0.0,0.0019155865302309394,0.00020954050705768168,0.0,0.013278537429869175,0.0,0.9867214560508728,45.03725814819336,0.0019753086380660534,-0.011788642033934593,0.0009538885788060725,0.9577932357788086,0.0,0.2482452094554901,0.0,0.0,0.0,0.0,34.37421798706055,0.1479196548461914,2135.0,70.80204772949219,500.0,0.17676377296447754
1669,-0.0012907981872558594,-0.004054499324411154,0.020510749891400337,-5.3516283514909446e-05,0.00021645237575285137,-0.004814815241843462,0.001899074180983007,0.00021564227063208818,0.0,0.012166340835392475,0.0,0.9878336787223816,45.04008865356445,0.004444444552063942,-0.004934434778988361,0.001297923387028277,0.9495370984077454,0.024074073880910873,0.25350725650787354,0.0,0.0,0.0,0.0,36.119789123535156,0.14773297309875488,2032.0,70.85636901855469,495.07000732421875,0.13051024079322815
1670,-0.0013119145296514034,-0.0037905822973698378,0.020787151530385017,-6.042827226337977e-05,0.00020267878426238894,-0.0009259259677492082,0.0019611113239079714,0.00023310838150791824,0.0,0.010769314132630825,0.0,0.9892306923866272,45.04557800292969,9.999999747378752e-06,-0.0014618536224588752,0.0005426594289019704,0.980555534362793,0.004629629664123058,0.24770689010620117,0.0,0.0,0.0,0.0,35.72296905517578,0.14611482620239258,2055.0,70.87616729736328,496.32000732421875,0.15874548256397247
1671,-0.0012871877988800406,-0.004015906248241663,0.021022137254476547,-5.630843588733114e-05,0.00019477852038107812,-0.0018055556574836373,0.0018665124662220478,0.00018082426686305553,0.0,0.00957573764026165,0.0,0.9904242753982544,45.0467529296875,0.0019461950287222862,-0.0033866288140416145,0.0009565832442604005,0.9332561492919922,0.00902777723968029,0.2517305612564087,0.0,0.0,0.0,0.0,39.96643829345703,0.15033483505249023,1837.0,70.90059661865234,494.55999755859375,0.13347192108631134
1672,-0.0013026725500822067,-0.0038973812479525805,0.02060692012310028,-4.8701916966820136e-05,0.00022657735098619014,-0.0013888889225199819,0.0018920635338872671,0.00024646977544762194,0.0,0.009792751632630825,0.0,0.9902072548866272,45.0504264831543,9.999999747378752e-06,-0.003261720761656761,0.00047374411951750517,0.9460318088531494,0.0069444444961845875,0.246406689286232,0.0,0.0,0.0,0.0,34.428287506103516,0.14754915237426758,2132.0,70.92344665527344,500.0,0.1766710728406906
1673,-0.0012838852126151323,-0.003739600069820881,0.02032426744699478,-6.623593071708456e-05,0.0002122394071193412,-0.002932098926976323,0.0018382716225460172,0.00016743499145377427,0.0,0.009765625,0.0,0.990234375,45.05147933959961,0.0029192925430834293,-0.003154895966872573,0.0009643139783293009,0.9191358685493469,0.014660494402050972,0.2514828145503998,0.0,0.0,0.0,0.0,36.44290542602539,0.14677166938781738,2014.0,70.94276428222656,495.1300048828125,0.1351337879896164
1674,-0.0012939360458403826,-0.0041696298867464066,0.020637154579162598,-5.4112464567879215e-05,0.00021873676450923085,-0.0013888889225199819,0.001934656291268766,0.0003296727663837373,0.0,0.009385851211845875,0.0,0.9906141757965088,45.0575065612793,0.0065684085711836815,-0.006341848988085985,0.0005450150929391384,0.9673280715942383,0.0069444444961845875,0.2492922693490982,0.013888888992369175,0.0,0.0,0.0,33.82550811767578,0.14788556098937988,2170.0,71.01164245605469,499.7699890136719,0.15594790875911713
1675,-0.0013076697941869497,-0.0038327716756612062,0.021064143627882004,-5.127143958816305e-05,0.0002227268269052729,0.0,0.001910185208544135,0.0002362518134759739,0.0,0.009548611007630825,0.0,0.9904513955116272,45.064579010009766,0.0029192925430834293,-0.011453717015683651,0.00012752988550346345,0.9550926685333252,0.0,0.2530643045902252,0.0,0.0,0.0,0.0,32.09590148925781,0.14497661590576172,2286.0,71.05366516113281,500.0,0.18178172409534454
1676,-0.001269301981665194,-0.0035111920442432165,0.020461993291974068,-4.8493442591279745e-05,0.00022588421416003257,-0.005555556155741215,0.0018351852195337415,0.00023514992790296674,0.0,0.0095350481569767,0.0,0.990464985370636,45.07111358642578,0.0065684085711836815,-0.004776527173817158,0.0008562099537812173,0.9175925850868225,0.02777777798473835,0.2460210621356964,0.0,0.0,0.0,0.0,30.480587005615234,0.1458585262298584,2407.0,71.14258575439453,490.7699890136719,0.13701185584068298
1677,-0.0012970411917194724,-0.004119253251701593,0.0207691453397274,-5.63316025363747e-05,0.00023982803395483643,0.0,0.0019212965853512287,0.00021618721075356007,0.0,0.009765625,0.0,0.990234375,45.080604553222656,0.0019461950287222862,-0.011036224663257599,0.00023869208234827965,0.960648238658905,0.0,0.25230541825294495,0.0,0.0,0.0,0.0,31.29470443725586,0.16144680976867676,2343.0,71.17036437988281,500.0,0.1748378574848175
1678,-0.0012867774348706007,-0.004225148819386959,0.020674603059887886,-6.795129593228921e-05,0.00020196515833958983,-0.0007936508627608418,0.0018929013749584556,0.0001056355977198109,0.0,0.0092909075319767,0.0,0.990709125995636,45.08070373535156,9.999999747378752e-06,-0.0015996722504496574,0.0004936883924528956,0.9464506506919861,0.003968254197388887,0.25034186244010925,0.0,0.0,0.0,0.0,32.53303146362305,0.1482377052307129,2255.0,71.17301940917969,495.9700012207031,0.1554301679134369
1679,-0.0012623752700164914,-0.0037525338120758533,0.020701875910162926,-4.0953211282612756e-05,0.00020051354658789933,-0.003888888983055949,0.0018989419331774116,0.0001719351566862315,0.0,0.009792751632630825,0.0,0.9902072548866272,45.08201217651367,0.0029192925430834293,-0.00264623761177063,0.0007187725277617574,0.9494709372520447,0.01944444514811039,0.25139009952545166,0.0,0.0,0.0,0.0,37.05154800415039,0.19084978103637695,1979.0,71.20852661132812,495.8299865722656,0.15809772908687592
1680,-0.0013015472795814276,-0.004108218476176262,0.020548472180962563,-5.388710997067392e-05,0.00020323377975728363,-0.00328282848931849,0.0019260102417320013,0.00028903796919621527,0.0,0.01067437045276165,0.0,0.9893256425857544,45.08787536621094,0.0019461950287222862,-0.004435065668076277,0.0010184344137087464,0.9630050659179688,0.01641414314508438,0.24725882709026337,0.0,0.0,0.0,0.0,33.62375259399414,0.14693331718444824,2183.0,71.2566909790039,495.2099914550781,0.12785904109477997
1681,-0.00126544083468616,-0.004044438246637583,0.020440945401787758,-5.127313852426596e-05,0.00019936871831305325,-0.008888889104127884,0.0017758599715307355,0.00016366899944841862,0.0,0.011081271804869175,0.0,0.9889187216758728,45.0943489074707,0.004378939047455788,-0.00489869574084878,0.0016816607676446438,0.8879299163818359,0.04444444924592972,0.24720504879951477,0.0,0.0,0.0,0.0,32.190338134765625,0.16590309143066406,2278.0,71.32269287109375,487.989990234375,0.11408188939094543
1682,-0.001267898129299283,-0.004157992545515299,0.020842840895056725,-5.206348578212783e-05,0.00022487730893772095,-0.0034259259700775146,0.0018717593047767878,0.0003076169523410499,0.0,0.012844509445130825,0.0,0.9871554970741272,45.105369567871094,0.009852612391114235,-0.005183682311326265,0.05745968595147133,0.9358795881271362,0.017129629850387573,0.25008317828178406,0.0,0.0,0.0,0.0,35.275333404541016,0.14635992050170898,2081.0,71.44990539550781,495.7699890136719,0.15532560646533966
1683,-0.0012785578146576881,-0.0037823249585926533,0.020487340167164803,-8.81270389072597e-05,0.0002229757810709998,0.0,0.0018816781230270863,0.00016957924526650459,0.0,0.012546115554869175,0.0,0.9874538779258728,45.11298370361328,0.0019753086380660534,-0.010658705607056618,0.013229343108832836,0.9408389329910278,0.0,0.251343309879303,0.0,0.0,0.0,0.0,36.04890060424805,0.14713525772094727,2036.0,71.46107482910156,500.0,0.17699168622493744
1684,-0.0012625918025150895,-0.004406370688229799,0.02044004201889038,-5.651151514030062e-05,0.00022069861006457359,-0.001719576888717711,0.001862830831669271,0.0002990869979839772,0.0,0.012478298507630825,0.0,0.9875217080116272,45.115196228027344,0.00039018443203531206,-0.007571767084300518,0.0014651347883045673,0.9314153790473938,0.008597884327173233,0.2476167380809784,0.0,0.0,0.0,0.0,33.197898864746094,0.1457691192626953,2211.0,71.49250793457031,500.0,0.16880156099796295
1685,-0.0012669434072449803,-0.004251325502991676,0.020557556301355362,-5.264790524961427e-05,0.00021067270427010953,-0.004166666883975267,0.0018901234725490212,0.00018925059703178704,0.0,0.01274956576526165,0.0,0.9872504472732544,45.11903762817383,0.004444444552063942,-0.008141657337546349,0.001980131259188056,0.9450618028640747,0.02083333395421505,0.2535483241081238,0.0,0.0,0.0,0.0,36.36163330078125,0.15068912506103516,2019.0,71.5374526977539,491.5299987792969,0.13570024073123932
1686,-0.0012842596042901278,-0.0038989505264908075,0.020745763555169106,-4.952228118781932e-05,0.00020973246137145907,-0.0034259259700775146,0.0017948413733392954,0.00022255556541495025,0.0,0.013210720382630825,0.0,0.9867892861366272,45.12295913696289,0.00039018443203531206,-0.002962449099868536,0.0020110171753913164,0.8974207043647766,0.017129629850387573,0.2533889412879944,0.0,0.0,0.0,0.0,36.05873489379883,0.14945077896118164,2036.0,71.55543518066406,495.6600036621094,0.15882548689842224
1687,-0.0012757395161315799,-0.004126428626477718,0.020888062193989754,-0.0001791158429114148,0.0002197471185354516,-0.002500000176951289,0.0018777778604999185,0.00024603839847259223,0.0,0.01300727017223835,0.0,0.9869927167892456,45.12591552734375,0.004444444552063942,-0.0073064048774540424,0.0011850747978314757,0.9388889670372009,0.012500000186264515,0.25058451294898987,0.0,0.0,0.0,0.0,36.926475524902344,0.1486988067626953,1988.0,71.59039306640625,491.6199951171875,0.13258500397205353
1688,-0.0012840608833357692,-0.003878235351294279,0.021114781498908997,-5.7926274166675285e-05,0.0001941550726769492,-0.0034722222480922937,0.001832407433539629,0.00024280643265228719,0.0,0.01360405795276165,0.0,0.9863959550857544,45.13493728637695,0.004444444552063942,-0.006922428030520678,0.0011804377427324653,0.9162037372589111,0.0173611119389534,0.25125980377197266,0.0,0.0,0.0,0.0,35.3804817199707,0.185499906539917,2072.0,71.68614196777344,495.7200012207031,0.16291067004203796
1689,-0.0012747353175655007,-0.004055615048855543,0.02088024653494358,-4.895687379757874e-05,0.00023060647072270513,-0.0013888889225199819,0.0018722222885116935,0.00031029447563923895,0.0,0.013997395522892475,0.0,0.9860026240348816,45.1438102722168,0.0019753086380660534,-0.005988104734569788,0.0005881350371055305,0.9361111521720886,0.0069444444961845875,0.25079765915870667,0.0069444444961845875,0.0,0.0,0.0,28.808147430419922,0.14527606964111328,2546.0,71.72514343261719,495.6400146484375,0.15776589512825012
1690,-0.001293854438699782,-0.004418177530169487,0.0204639695584774,-0.0001703536108834669,0.00021787961304653436,-0.002645503031089902,0.0018494708929210901,0.00015897904813755304,0.0,0.0145399309694767,0.0,0.985460102558136,45.14565658569336,9.999999747378752e-06,-0.0017772670835256577,0.00055548211093992,0.9247353672981262,0.013227513991296291,0.2531157433986664,0.0,0.0,0.0,0.0,27.81642723083496,0.1433558464050293,2636.0,71.73328399658203,491.5799865722656,0.1259930431842804
1691,-0.0012842495925724506,-0.003920082934200764,0.020447952672839165,-6.411900540115312e-05,0.00025767754414118826,-0.0022817461285740137,0.0018882275326177478,0.00025053301942534745,0.0,0.01445855014026165,0.0,0.9855414628982544,45.14633560180664,0.0012974634300917387,-0.003215834265574813,0.00130728620570153,0.9441138505935669,0.01140872947871685,0.25403064489364624,0.0,0.0,0.0,0.0,32.06340789794922,0.14601874351501465,2289.0,71.74693298339844,487.6199951171875,0.11606825888156891
1692,-0.0012636982137337327,-0.004437079653143883,0.020644301548600197,-5.9817386500071734e-05,0.00023235184198711067,-0.007407407741993666,0.001890211715362966,0.00022415090643335134,0.0,0.01666937954723835,0.0,0.9833306074142456,45.14852523803711,9.999999747378752e-06,-0.0020667717326432467,0.0008635685662738979,0.9451058506965637,0.03703703731298447,0.2503913938999176,0.0,0.0,0.0,0.0,34.731483459472656,0.1495802402496338,2113.0,71.75935363769531,495.42999267578125,0.1381724625825882
1693,-0.0012849748600274324,-0.003944821655750275,0.020935742184519768,-6.406466127373278e-05,0.00025789151550270617,-0.002314814832061529,0.0019207673612982035,0.00030559152946807444,0.0,0.01713053323328495,0.0,0.9828694462776184,45.15034484863281,0.0029192925430834293,-0.0021046644542366266,0.0007050962885841727,0.9603836536407471,0.011574074625968933,0.24847227334976196,0.0,0.0,0.0,0.0,34.696372985839844,0.14679479598999023,2115.0,71.79924774169922,495.8399963378906,0.16121579706668854
1694,-0.001272369991056621,-0.004083957057446241,0.020939545705914497,-6.209373532328755e-05,0.00023249829246196896,-0.003703703870996833,0.0018365741707384586,0.00030197727028280497,0.0,0.0166015625,0.0,0.9833984375,45.155094146728516,9.999999747378752e-06,-0.001287468709051609,0.0008735126466490328,0.9182870984077454,0.018518518656492233,0.24832595884799957,0.0,0.0,0.0,0.0,34.66299057006836,0.14597654342651367,2118.0,71.81327056884766,494.760009765625,0.1345619559288025
1695,-0.0012733201729133725,-0.004437197465449572,0.020692598074674606,-4.9431819206802174e-05,0.00022861571051180363,-0.005972222425043583,0.0017832672456279397,0.0003039896837435663,0.0,0.01592339389026165,0.0,0.9840766191482544,45.15584182739258,0.00011390625149942935,-0.0032537756487727165,0.0016394277336075902,0.8916335701942444,0.02986111305654049,0.251668781042099,0.0,0.0,0.0,0.0,33.573646545410156,0.15914344787597656,2185.0,71.82167053222656,483.82000732421875,0.09455377608537674
1696,-0.0012749260058626533,-0.004424345213919878,0.021052133291959763,-6.274254701565951e-05,0.0002397515345364809,-0.003395061707124114,0.0019202162511646748,0.00020526579464785755,0.0,0.015489366836845875,0.0,0.9845106601715088,45.15789794921875,0.0029192925430834293,-0.004370937589555979,0.0008358227787539363,0.9601080417633057,0.01697530783712864,0.25442856550216675,0.0,0.0,0.0,0.0,34.955543518066406,0.18699932098388672,2097.0,71.84915924072266,495.8599853515625,0.15815794467926025
1697,-0.0012932299869135022,-0.004056194797158241,0.021043075248599052,-5.285257429932244e-05,0.00024169569951482117,-0.0013888889225199819,0.0019034834112972021,0.00017109319742303342,0.0,0.01605902798473835,0.0,0.9839409589767456,45.162601470947266,0.0065684085711836815,-0.007514680735766888,0.00033863462158478796,0.9517415165901184,0.0069444444961845875,0.25296539068222046,0.0,0.0,0.0,0.0,38.20854568481445,0.1877424716949463,1920.0,71.9052505493164,500.0,0.17561951279640198
1698,-0.0012969778617843986,-0.0041902679949998856,0.02109738253057003,-6.509953527711332e-05,0.00025459189782850444,0.0,0.0018748678267002106,0.00028415131964720786,0.0,0.01513671875,0.0,0.98486328125,45.16649627685547,0.00038443360244855285,-0.010748445987701416,0.0001412394194630906,0.9374338984489441,0.0,0.24998527765274048,0.0,0.0,0.0,0.0,36.56850814819336,0.14451193809509277,2008.0,71.92632293701172,500.0,0.17769238352775574
1699,-0.001290815998800099,-0.004063019063323736,0.02060316689312458,-5.61644701519981e-05,0.00022381404414772987,-0.0018518519354984164,0.001879012444987893,0.0003396257816348225,0.0,0.014444987289607525,0.0,0.9855549931526184,45.16838455200195,0.0065684085711836815,-0.006855962332338095,0.0005086672608740628,0.9395061135292053,0.009259259328246117,0.24573734402656555,0.0,0.0,0.0,0.0,36.73415756225586,0.15856289863586426,1998.0,71.95860290527344,500.0,0.18257899582386017
1700,-0.0012922907480970025,-0.003979384433478117,0.02063935250043869,-7.121630915207788e-05,0.0002430504682706669,-0.0027777778450399637,0.0018318784423172474,0.00017777631001081318,0.0,0.013834635727107525,0.0,0.9861653447151184,45.17710494995117,0.009852612391114235,-0.004062431864440441,0.002070748247206211,0.9159391522407532,0.013888888992369175,0.2533440887928009,0.0,0.0,0.0,0.0,34.52675247192383,0.14886951446533203,2126.0,72.08708190917969,500.0,0.1724623590707779
1701,-0.001283011632040143,-0.004012432415038347,0.020590532571077347,-4.9903872422873974e-05,0.00023567381140310317,0.0,0.0018554894486442208,0.00027895966195501387,0.0,0.0130750872194767,0.0,0.986924946308136,45.18695831298828,0.00296296295709908,-0.011327465996146202,0.0007221197010949254,0.9277447462081909,0.0,0.2509745955467224,0.0069444444961845875,0.0,0.0,0.0,33.078582763671875,0.14410614967346191,2219.0,72.12245178222656,500.0,0.17682909965515137
1702,-0.0012894774554297328,-0.004060066305100918,0.020530475303530693,-6.487881182692945e-05,0.00022304397134575993,-0.0013888889225199819,0.0018466932233422995,0.00023280673485714942,0.0,0.012478298507630825,0.0,0.9875217080116272,45.18606948852539,0.006666666828095913,-0.008466641418635845,0.00031599661451764405,0.9233466386795044,0.0069444444961845875,0.2496756762266159,0.0,0.0,0.0,0.0,35.117210388183594,0.1438460350036621,2090.0,72.0905532836914,500.0,0.1737864464521408
1703,-0.00128166691865772,-0.0037874903064221144,0.020867612212896347,-7.005263614701107e-05,0.00025435714633204043,-0.0011111112544313073,0.0019453705754131079,0.00045239258906804025,0.0,0.01201714389026165,0.0,0.9879828691482544,45.181800842285156,9.999999747378752e-06,0.0023680883459746838,0.0005195102421566844,0.9726851582527161,0.0055555556900799274,0.24905014038085938,0.0,0.0,0.0,0.0,30.256803512573242,0.14659428596496582,2424.0,72.08454132080078,499.44000244140625,0.16184456646442413
1704,-0.0012761589605361223,-0.004734392743557692,0.02049037255346775,-7.203147833934054e-05,0.0002453009074088186,0.0,0.0019333333475515246,0.0003184765810146928,0.0,0.011257595382630825,0.0,0.9887424111366272,45.18180847167969,0.0029192925430834293,-0.007356337271630764,0.00010968551214318722,0.9666666388511658,0.0,0.24366416037082672,0.009259259328246117,0.0,0.0,0.0,28.511974334716797,0.14841794967651367,2572.0,72.07550048828125,500.0,0.1768639236688614
1705,-0.001232803799211979,-0.0036554548423737288,0.02056327648460865,-0.00010837539593921974,0.00022942824580240995,-0.008333333767950535,0.0018507937202230096,0.0002519000554457307,0.0,0.0116102434694767,0.0,0.988389790058136,45.180816650390625,9.999999747378752e-06,-0.0008831970626488328,0.0016075748717412353,0.9253968000411987,0.0416666679084301,0.2531953454017639,0.0,0.0,0.0,0.0,32.47981643676758,0.14816927909851074,2259.0,72.07427978515625,484.29998779296875,0.09743189811706543
1706,-0.001281009754166007,-0.004318844992667437,0.02047092467546463,-8.194792462745681e-05,0.0002314930607099086,0.0,0.0018966932548210025,0.00037220658850856125,0.0,0.01032172329723835,0.0,0.9896782636642456,45.1816291809082,0.0029192925430834293,-0.007196328137069941,9.212544682668522e-05,0.9483465552330017,0.0,0.24966740608215332,0.0,0.0,0.0,0.0,32.61870574951172,0.14866399765014648,2250.0,72.09593200683594,500.0,0.16806171834468842
1707,-0.0012758743250742555,-0.0036963399033993483,0.02053920552134514,-5.466989750857465e-05,0.00022848312801215798,-0.0011111112544313073,0.0019036796875298023,0.0002384184772381559,0.0,0.00910102017223835,0.0,0.9908989667892456,45.18292236328125,9.999999747378752e-06,-0.0023446334525942802,0.0005089733749628067,0.9518398642539978,0.0055555556900799274,0.2495291531085968,0.0,0.0,0.0,0.0,33.216941833496094,0.14649605751037598,2209.0,72.10543060302734,496.5899963378906,0.1586810052394867
1708,-0.001291537657380104,-0.004223763011395931,0.020233504474163055,-4.6213099267333746e-05,0.00022455879661720246,-0.0018518519354984164,0.0018654321320354939,0.000153942804899998,0.0,0.009304470382630825,0.0,0.9906955361366272,45.183773040771484,0.0012974634300917387,-0.005255035124719143,0.00021749826555605978,0.9327160716056824,0.009259259328246117,0.24877959489822388,0.0,0.0,0.0,0.0,32.51671600341797,0.14686226844787598,2257.0,72.12158966064453,500.0,0.16981065273284912
1709,-0.0012621644418686628,-0.004183554090559483,0.020722873508930206,-0.0001934039028128609,0.00023717987642157823,-0.003888888983055949,0.0019189153099432588,0.00038247802876867354,0.0,0.008585612289607525,0.0,0.9914143681526184,45.18573760986328,9.999999747378752e-06,-0.0028635156340897083,0.0009470651275478303,0.9594576954841614,0.01944444514811039,0.24839994311332703,0.0,0.0,0.0,0.0,33.130069732666016,0.1893303394317627,2212.0,72.13639831542969,495.9700012207031,0.13411909341812134
1710,-0.001269030966795981,-0.004251428879797459,0.020407473668456078,-8.289723336929455e-05,0.00021728084539063275,-0.0013888889225199819,0.0018740741070359945,0.0002401985984761268,0.0,0.00798882357776165,0.0,0.9920111894607544,45.18717575073242,0.004378939047455788,-0.003807570319622755,0.00037974893348291516,0.9370370507240295,0.0069444444961845875,0.24685128033161163,0.0,0.0,0.0,0.0,35.8435173034668,0.18033266067504883,2046.0,72.1619644165039,500.0,0.17243824899196625
1711,-0.0012531112879514694,-0.004201057367026806,0.02002696320414543,-4.2883690184680745e-05,0.0002087138855131343,-0.004012345802038908,0.0018305315170437098,0.00027105925255455077,0.0,0.008341471664607525,0.0,0.9916585087776184,45.19072723388672,9.999999747378752e-06,-0.0005526604945771396,0.0015403801808133721,0.9152658581733704,0.020061727613210678,0.250861793756485,0.0,0.0,0.0,0.0,38.803680419921875,0.14975690841674805,1892.0,72.17384338378906,493.4800109863281,0.13107813894748688
1712,-0.0012659166241064668,-0.003942626062780619,0.020774491131305695,-6.154950824566185e-05,0.00019692745991051197,-0.003703703870996833,0.0018754630582407117,0.00017524273425806314,0.0,0.01043022982776165,0.0,0.9895697832107544,45.192115783691406,0.0029192925430834293,-0.0031014345586299896,0.0010214904323220253,0.9377315640449524,0.018518518656492233,0.24699531495571136,0.0,0.0,0.0,0.0,34.128875732421875,0.148146390914917,2150.0,72.20156860351562,500.0,0.177286759018898
1713,-0.0012836779933422804,-0.004082508385181427,0.020455697551369667,-4.828994133276865e-05,0.0001883528457256034,-0.0028306879103183746,0.0018945325864478946,0.0001922808587551117,0.0,0.01104058139026165,0.0,0.9889594316482544,45.20180130004883,0.009852612391114235,-0.005659952759742737,0.003977743908762932,0.9472662806510925,0.014153439551591873,0.25233951210975647,0.0,0.0,0.0,0.0,37.1714973449707,0.14728474617004395,1975.0,72.31886291503906,496.1600036621094,0.13241340219974518
1714,-0.0012335374485701323,-0.004635683260858059,0.020802993327379227,-5.9339166909921914e-05,0.00018797355005517602,-0.0022222225088626146,0.0019435185240581632,0.0003465371555648744,0.0,0.011515299789607525,0.0,0.9884846806526184,45.21598434448242,0.006666666828095913,-0.007474706042557955,0.06307722628116608,0.9717592597007751,0.011111111380159855,0.25432223081588745,0.003968254197388887,0.0,0.0,0.0,35.054420471191406,0.14884376525878906,2094.0,72.4449234008789,495.80999755859375,0.15556149184703827
1715,-0.001255785464309156,-0.00413091154769063,0.02045307494699955,-6.228425627341494e-05,0.0001914659223984927,-0.0011111112544313073,0.0017905423883348703,0.00028095312882214785,0.0,0.012071398086845875,0.0,0.9879286289215088,45.22954559326172,0.004444444552063942,-0.0060254596173763275,0.0014812995214015245,0.8952711820602417,0.0055555556900799274,0.2506745159626007,0.0,0.0,0.0,0.0,33.99375915527344,0.14833879470825195,2159.0,72.52598571777344,500.0,0.17306575179100037
1716,-0.00129842315800488,-0.0041795698925852776,0.020437806844711304,-6.81936799082905e-05,0.00018956018902827054,0.0,0.00182638899423182,0.00018026147154159844,0.0,0.01171875,0.0,0.98828125,45.233924865722656,0.0019753086380660534,-0.012401794083416462,0.00017068219312932342,0.913194477558136,0.0,0.25229910016059875,0.0,0.0,0.0,0.0,33.966796875,0.14752888679504395,2161.0,72.54937744140625,500.0,0.16574402153491974
1717,-0.0012565157376229763,-0.003922478295862675,0.02074841782450676,-5.1827744755428284e-05,0.0002085806627292186,0.0,0.0018666668329387903,0.000286539871012792,0.0,0.011447482742369175,0.0,0.9885525107383728,45.23448181152344,0.00296296295709908,-0.010884728282690048,0.00011959658877458423,0.9333332777023315,0.0,0.24530410766601562,0.0,0.0,0.0,0.0,30.773193359375,0.18110394477844238,2381.0,72.57368469238281,500.0,0.17434455454349518
1718,-0.0012618066975846887,-0.003922292497009039,0.01985623501241207,-3.780581391765736e-05,0.00018538424046710134,-0.0050925929099321365,0.0018314814660698175,0.0002153764507966116,0.0,0.012112087570130825,0.0,0.9878879189491272,45.236148834228516,1.0149592526431661e-05,-0.002179787727072835,0.001136251026764512,0.9157407879829407,0.025462964549660683,0.25090447068214417,0.0,0.0,0.0,0.0,30.052780151367188,0.1487116813659668,2441.0,72.58277893066406,490.8699951171875,0.10569025576114655
1719,-0.001250902540050447,-0.004431809764355421,0.02007921226322651,-6.32705123280175e-05,0.00019477710884530097,0.0,0.0018978837179020047,0.00016368101933039725,0.0,0.0116102434694767,0.0,0.988389790058136,45.236446380615234,0.00296296295709908,-0.0071752904914319515,0.00010282531729899347,0.9489418864250183,0.0,0.24749761819839478,0.0,0.0,0.0,0.0,31.56692886352539,0.1475510597229004,2324.0,72.58247375488281,500.0,0.16902542114257812
1720,-0.0012442240258678794,-0.004321647342294455,0.0206572487950325,-5.6837063311832026e-05,0.00021067362104076892,-0.005277777556329966,0.001881415257230401,0.00033532248926348984,0.0,0.011203342117369175,0.0,0.9887966513633728,45.235679626464844,9.999999747378752e-06,-0.0025742128491401672,0.0012974445708096027,0.9407077431678772,0.02638888917863369,0.2500844895839691,0.0,0.0,0.0,0.0,31.805313110351562,0.17747259140014648,2305.0,72.58558654785156,494.82000732421875,0.11772750318050385
1721,-0.00127785827498883,-0.003927337471395731,0.02011026255786419,-7.475249003618956e-05,0.00020273654081393033,-0.0013888889225199819,0.00185972242616117,0.0002478358510416001,0.0,0.012301974929869175,0.0,0.9876980185508728,45.23673629760742,0.0029192925430834293,-0.003668231423944235,0.00046837085392326117,0.9298611879348755,0.0069444444961845875,0.24883607029914856,0.0,0.0,0.0,0.0,36.069828033447266,0.1755828857421875,2034.0,72.61380004882812,500.0,0.17377522587776184
1722,-0.0012849356280639768,-0.003766225418075919,0.020701328292489052,-4.802635885425843e-05,0.00019544160750228912,0.0,0.001958333421498537,0.0001949984725797549,0.0,0.01166449673473835,0.0,0.9883354902267456,45.241485595703125,0.004378939047455788,-0.01171664334833622,0.00011795256432378665,0.9791666865348816,0.0,0.2534908652305603,0.0,0.0,0.0,0.0,32.84794998168945,0.150099515914917,2234.0,72.63750457763672,500.0,0.17912130057811737
1723,-0.0012609455734491348,-0.0038637155666947365,0.02032073587179184,-5.300953853293322e-05,0.0002143696037819609,-0.007407407741993666,0.001834568101912737,0.0005249807727523148,0.0,0.011990017257630825,0.0,0.9880099892616272,45.2411994934082,9.999999747378752e-06,0.0018019797280430794,0.001241924474015832,0.9172840118408203,0.03703703731298447,0.2509475350379944,0.0,0.0,0.0,0.0,34.626834869384766,0.148637056350708,2120.0,72.63845825195312,494.5400085449219,0.13935112953186035
1724,-0.0012658043997362256,-0.004070647060871124,0.020700348541140556,-7.16908325557597e-05,0.0002085833257297054,-0.0026234567631036043,0.0018947531934827566,0.0002536526008043438,0.0,0.012803819961845875,0.0,0.9871962070465088,45.241817474365234,0.0019461950287222862,-0.0025577060878276825,0.0010271051432937384,0.947376549243927,0.013117283582687378,0.24819029867649078,0.0,0.0,0.0,0.0,35.44612503051758,0.1794724464416504,2069.0,72.65394592285156,495.3900146484375,0.15787218511104584
1725,-0.0012837555259466171,-0.004295375198125839,0.020357893779873848,-5.5308388255070895e-05,0.0002178897411795333,-0.0006172839784994721,0.0019236333901062608,0.00013848482922185212,0.0,0.012424045242369175,0.0,0.9875759482383728,45.244319915771484,0.004378939047455788,-0.007885923609137535,0.00021860368724446744,0.9618166089057922,0.003086419776082039,0.24924302101135254,0.0,0.0,0.0,0.0,38.69209289550781,0.14715218544006348,1898.0,72.67008209228516,500.0,0.1732318252325058
1726,-0.0012741711689159274,-0.003740925807505846,0.020834757015109062,-5.0397651648381725e-05,0.00023132329806685448,0.0,0.0019018519669771194,0.00023151836649049073,0.0,0.010403103195130825,0.0,0.9895969033241272,45.24353790283203,0.0019461950287222862,-0.012813177891075611,0.0001452737342333421,0.9509259462356567,0.0,0.25015121698379517,0.004629629664123058,0.0,0.0,0.0,33.75786209106445,0.14908885955810547,2174.0,72.65831756591797,500.0,0.17684009671211243
1727,-0.001267850399017334,-0.004060492850840092,0.02047923021018505,-5.536787648452446e-05,0.00020624767057597637,-0.003935185726732016,0.0018847222672775388,0.00020812168077100068,0.0,0.010213215835392475,0.0,0.9897868037223816,45.245304107666016,0.0065684085711836815,-0.005282738246023655,0.0012713458854705095,0.9423611760139465,0.019675927236676216,0.25356346368789673,0.0,0.0,0.0,0.0,35.26218795776367,0.1638939380645752,2081.0,72.71619415283203,495.8399963378906,0.15219123661518097
1728,-0.001272538909688592,-0.003834861796349287,0.020602984353899956,-4.988051296095364e-05,0.00020052491163369268,0.0,0.0018777778604999185,0.00015608685498591512,0.0,0.00946723110973835,0.0,0.9905327558517456,45.25126647949219,0.0019461950287222862,-0.01329624094069004,0.00045314827002584934,0.9388889670372009,0.0,0.24638955295085907,0.0,0.0,0.0,0.0,34.52024459838867,0.15033411979675293,2126.0,72.72659301757812,500.0,0.1755724549293518
1729,-0.0012758852681145072,-0.004089996684342623,0.020652467384934425,-4.950147194904275e-05,0.0002347189001739025,-0.0011111112544313073,0.0018864419544115663,0.00025293350336141884,0.0,0.009195963852107525,0.0,0.9908040165901184,45.251163482666016,0.0065684085711836815,-0.007234802003949881,0.0005071158520877361,0.9432209134101868,0.0055555556900799274,0.24795007705688477,0.004629629664123058,0.0,0.0,0.0,34.95614242553711,0.14504528045654297,2100.0,72.75616455078125,500.0,0.17824669182300568
1730,-0.0012605326483026147,-0.004465921316295862,0.020580679178237915,-4.423367863637395e-05,0.0002204212942160666,0.0,0.001854629605077207,0.00016484885418321937,0.0,0.00927734375,0.0,0.99072265625,45.25359344482422,0.0008649755618534982,-0.01300949789583683,0.0005951342172920704,0.9273147583007812,0.0,0.25362274050712585,0.0,0.0,0.0,0.0,32.4809684753418,0.14998173713684082,2259.0,72.7537841796875,500.0,0.16776663064956665
1731,-0.0012809255858883262,-0.004049374721944332,0.02033286914229393,-9.805322042666376e-05,0.00021802248375024647,0.0,0.001934656291268766,0.000150673309690319,0.0,0.00927734375,0.0,0.99072265625,45.251556396484375,0.0029192925430834293,-0.01184549368917942,0.00012380836415104568,0.9673280715942383,0.0,0.2550763487815857,0.0,0.0,0.0,0.0,31.702880859375,0.14910626411437988,2314.0,72.73444366455078,500.0,0.17346909642219543
1732,-0.0012777445372194052,-0.0040396046824753284,0.020552879199385643,-5.999880158924498e-05,0.00020011574088130146,-0.0011111112544313073,0.0018546298379078507,0.0001179966566269286,0.0,0.008544921875,0.0,0.991455078125,45.250789642333984,0.004378939047455788,-0.0057451906614005566,0.000470029073767364,0.9273148775100708,0.0055555556900799274,0.24686676263809204,0.0,0.0,0.0,0.0,29.153789520263672,0.14927339553833008,2516.0,72.7574234008789,497.32000732421875,0.15510143339633942
1733,-0.001283144229091704,-0.0039950343780219555,0.020534493029117584,-6.47151391603984e-05,0.0001802539627533406,0.0,0.0018911376828327775,0.00014492167974822223,0.0,0.00830078125,0.0,0.99169921875,45.25239562988281,0.00038443360244855285,-0.013890592381358147,0.0006174446898512542,0.945568859577179,0.0,0.24792104959487915,0.0,0.0,0.0,0.0,33.62602996826172,0.14682817459106445,2183.0,72.75940704345703,500.0,0.1734205037355423
1734,-0.0012513535330072045,-0.004219383466988802,0.020518120378255844,-5.031055479776114e-05,0.00018842017743736506,-0.0037566141691058874,0.0018883600132539868,0.0002119604905601591,0.0,0.00786675326526165,0.0,0.9921332597732544,45.25243377685547,0.004378939047455788,-0.004782581236213446,0.001352130901068449,0.9441799521446228,0.018783070147037506,0.2500442862510681,0.0,0.0,0.0,0.0,33.5799446105957,0.14638352394104004,2186.0,72.79200744628906,494.7300109863281,0.11301441490650177
1735,-0.0012444978347048163,-0.0037917238660156727,0.020643936470150948,-5.17496773682069e-05,0.00019328418420627713,-0.004188712686300278,0.0018825177103281021,0.00017701764591038227,0.0,0.0085584856569767,0.0,0.991441547870636,45.25642776489258,9.999999747378752e-06,-0.0028955386951565742,0.0017281612381339073,0.9412587285041809,0.02094356156885624,0.2528821527957916,0.0,0.0,0.0,0.0,36.397972106933594,0.14810800552368164,2017.0,72.80667877197266,488.8800048828125,0.0945919081568718
1736,-0.0012471204390749335,-0.004342822823673487,0.020111121237277985,-5.970282290945761e-05,0.00018906516197603196,-0.0013888889225199819,0.0018007697071880102,0.00025527618709020317,0.0,0.010118273086845875,0.0,0.9898817539215088,45.25764465332031,0.004378939047455788,-0.0036109492648392916,0.0004057481128256768,0.900384783744812,0.0069444444961845875,0.2507680058479309,0.0,0.0,0.0,0.0,33.99527359008789,0.1510322093963623,2159.0,72.83644104003906,500.0,0.16305454075336456
1737,-0.0012247271370142698,-0.00422575231641531,0.02021227963268757,-5.9199901443207636e-05,0.00018743748660199344,-0.004629629664123058,0.0018888890044763684,0.00019703539146576077,0.0,0.009738498367369175,0.0,0.9902614951133728,45.26139831542969,9.999999747378752e-06,0.003897672751918435,0.0011924800928682089,0.944444477558136,0.023148149251937866,0.2562505304813385,0.0,0.0,0.0,0.0,31.324247360229492,0.14573979377746582,2342.0,72.85536193847656,496.07000732421875,0.14469078183174133
1738,-0.0012386656599119306,-0.004141041077673435,0.020030658692121506,-5.6845932704163715e-05,0.00016777776181697845,-0.0013888889225199819,0.0018219136400148273,0.0001787994260666892,0.0,0.008653429336845875,0.0,0.9913465976715088,45.262535095214844,0.0029192925430834293,-0.0036999452859163284,0.0005245287320576608,0.9109567999839783,0.0069444444961845875,0.25297820568084717,0.0,0.0,0.0,0.0,36.3537712097168,0.14785313606262207,2019.0,72.8783950805664,496.6300048828125,0.1530790776014328
1739,-0.0012530606472864747,-0.004582488909363747,0.020395612344145775,-5.562898513744585e-05,0.00018487300258129835,-0.0007936508627608418,0.001838179538026452,0.00014822273806203157,0.0,0.008341471664607525,0.0,0.9916585087776184,45.26848220825195,0.0012974634300917387,-0.006226153578609228,0.004451323300600052,0.9190897345542908,0.003968254197388887,0.24638114869594574,0.0,0.0,0.0,0.0,34.38768005371094,0.14591646194458008,2134.0,72.9371109008789,495.9200134277344,0.13993993401527405
1740,-0.0012322616530582309,-0.004346175584942102,0.020458851009607315,-4.899857231066562e-05,0.00016454397700726986,-0.002645503031089902,0.0018716930644586682,0.0001441173517378047,0.0,0.00957573764026165,0.0,0.9904242753982544,45.273258209228516,0.004378939047455788,-0.004448717460036278,0.0008142160950228572,0.9358465671539307,0.013227513991296291,0.24811400473117828,0.0,0.0,0.0,0.0,31.87983512878418,0.1481459140777588,2301.0,72.98116302490234,500.0,0.17277541756629944
1741,-0.0012518491130322218,-0.004305620677769184,0.02028786577284336,-6.269515142776072e-05,0.00019869762763846666,-0.0013888889225199819,0.0018566359067335725,0.00023739800963085145,0.0,0.008992512710392475,0.0,0.9910075068473816,45.27849197387695,0.0012974634300917387,-0.005628911778330803,0.001056394074112177,0.9283179044723511,0.0069444444961845875,0.2478044033050537,0.0,0.0,0.0,0.0,36.083065032958984,0.14622259140014648,2035.0,73.00894927978516,499.5899963378906,0.15024104714393616
1742,-0.001223368220962584,-0.0037491314578801394,0.020038286224007607,-5.478672755998559e-05,0.00018286275735590607,-0.0034259259700775146,0.0018599648028612137,0.00014143818407319486,0.0,0.00957573764026165,0.0,0.9904242753982544,45.2811279296875,0.0002562890585977584,-0.003903924487531185,0.0010738063137978315,0.9299824237823486,0.017129629850387573,0.2516113519668579,0.0,0.0,0.0,0.0,37.4639778137207,0.14591145515441895,1960.0,73.03096771240234,492.67999267578125,0.13102249801158905
1743,-0.0012283530086278915,-0.004094364587217569,0.019972125068306923,-8.851482562022284e-05,0.00018588358943816274,-0.0034722222480922937,0.0018526456551626325,0.00012373969366308302,0.0,0.010226779617369175,0.0,0.9897732138633728,45.282798767089844,9.999999747378752e-06,-0.003647977253422141,0.000949790352024138,0.9263227581977844,0.0173611119389534,0.24991385638713837,0.0,0.0,0.0,0.0,32.861026763916016,0.14716577529907227,2233.0,73.04032897949219,493.0400085449219,0.12740559875965118
1744,-0.0012482423335313797,-0.00412559462711215,0.020668143406510353,-4.541469024843536e-05,0.000197358793229796,-0.0011111112544313073,0.0018847222672775388,0.00019123720994684845,0.0,0.0109998919069767,0.0,0.989000141620636,45.28388214111328,0.0029192925430834293,-0.003742770291864872,0.0005146282492205501,0.9423611760139465,0.0055555556900799274,0.2454128861427307,0.0,0.0,0.0,0.0,35.269344329833984,0.14782500267028809,2081.0,73.05989837646484,495.7900085449219,0.15253408253192902
1745,-0.0012097989674657583,-0.0040342421270906925,0.019361399114131927,-4.289907883503474e-05,0.00016474338190164417,-0.0050925929099321365,0.0017748677637428045,0.0002010595053434372,0.0,0.012179904617369175,0.0,0.9878200888633728,45.2899284362793,0.0065684085711836815,-0.0030255599413067102,0.0009188422118313611,0.8874338865280151,0.025462964549660683,0.24648237228393555,0.0,0.0,0.0,0.0,27.732967376708984,0.1531662940979004,2643.0,73.15245056152344,490.82000732421875,0.12407959997653961
1746,-0.0012348756426945329,-0.00454562297090888,0.02022474817931652,-0.00019334595708642155,0.00019877776503562927,-0.0011111112544313073,0.001746296533383429,0.00017709075473248959,0.0,0.012437609024345875,0.0,0.9875624179840088,45.303165435791016,0.009999999776482582,-0.0048410226590931416,0.011117750778794289,0.8731482028961182,0.0055555556900799274,0.2504984438419342,0.0,0.0,0.0,0.0,30.25579261779785,0.14506244659423828,2425.0,73.25772857666016,495.7699890136719,0.14763692021369934
1747,-0.0012287612771615386,-0.0038886868860572577,0.02021489292383194,-4.329741568653844e-05,0.00020832187146879733,-0.0024691359139978886,0.0017889332957565784,0.00017336432938463986,0.0,0.013142903335392475,0.0,0.9868571162223816,45.31196975708008,0.0019753086380660534,-0.0032605547457933426,0.002046603476628661,0.8944665193557739,0.012345679104328156,0.2437748908996582,0.0,0.0,0.0,0.0,31.02640724182129,0.1462421417236328,2365.0,73.29638671875,494.8800048828125,0.13536934554576874
1748,-0.001217731973156333,-0.004043700639158487,0.02013721689581871,-7.92729333625175e-05,0.0001867917162599042,-0.005740741267800331,0.001854629605077207,0.0002374441537540406,0.0,0.014119465835392475,0.0,0.9858805537223816,45.32176208496094,0.009999999776482582,-0.004880940075963736,0.0024597535375505686,0.9273148775100708,0.028703702613711357,0.24842800199985504,0.0,0.0,0.0,0.0,31.220674514770508,0.14526796340942383,2350.0,73.44892883300781,485.45001220703125,0.07186244428157806
1749,-0.0012293870095163584,-0.004300449509173632,0.020077848806977272,-5.726299059460871e-05,0.00020453923207242042,-0.0020370371639728546,0.0018404540605843067,0.00018027867190539837,0.0,0.014404296875,0.0,0.985595703125,45.33815002441406,0.009999999776482582,-0.0043891179375350475,0.00265496876090765,0.92022705078125,0.010185185819864273,0.24891625344753265,0.0,0.0,0.0,0.0,33.6368408203125,0.14601516723632812,2182.0,73.58155822753906,495.1000061035156,0.11929897218942642
1750,-0.0012081211898475885,-0.004828138742595911,0.02011994458734989,-5.674154090229422e-05,0.00019915777374990284,-0.0011111112544313073,0.0018236993346363306,0.0002755866735242307,0.0,0.0135498046875,0.0,0.9864501953125,45.35077667236328,0.009999999776482582,-0.004776870831847191,0.0009405609453096986,0.9118496775627136,0.0055555556900799274,0.25015053153038025,0.0,0.0,0.0,0.0,33.6457405090332,0.14933538436889648,2181.0,73.6982421875,495.6600036621094,0.14171141386032104
1751,-0.0012347700539976358,-0.004331211093813181,0.020414547994732857,-6.684996333206072e-05,0.00021626034867949784,-0.0007936508627608418,0.001909964601509273,0.00020654636318795383,0.0,0.012858073227107525,0.0,0.9871419072151184,45.3596076965332,9.999999747378752e-06,-0.0012678599450737238,0.0005461148684844375,0.954982340335846,0.003968254197388887,0.24653159081935883,0.0,0.0,0.0,0.0,33.772666931152344,0.14626717567443848,2173.0,73.7264404296875,499.8599853515625,0.1449602246284485
1752,-0.0012090277159586549,-0.004095671698451042,0.019860684871673584,-5.205087654758245e-05,0.00020318824681453407,-0.005577601492404938,0.0017819665372371674,0.0001718864805297926,0.0,0.01349555142223835,0.0,0.9865044355392456,45.36071014404297,0.0005766503745689988,-0.002994708251208067,0.001728900708258152,0.8909832835197449,0.02788800746202469,0.2480633556842804,0.0,0.0,0.0,0.0,35.887779235839844,0.14575695991516113,2046.0,73.74272155761719,495.5899963378906,0.1247633844614029
1753,-0.0012184442020952702,-0.004377054516226053,0.02004346251487732,-6.400338315870613e-05,0.00021049333736300468,-0.0018055556574836373,0.00190511264372617,0.0001809913374017924,0.0,0.0147840715944767,0.0,0.985215961933136,45.365020751953125,0.0065684085711836815,-0.005346609745174646,0.0007606417057104409,0.952556312084198,0.00902777723968029,0.2484176754951477,0.0,0.0,0.0,0.0,37.8311653137207,0.146942138671875,1941.0,73.80174255371094,496.6700134277344,0.1481035202741623
1754,-0.0012130929389968514,-0.004334950819611549,0.020348047837615013,-7.343642937485129e-05,0.0002041651023318991,-0.0027314815670251846,0.001879012444987893,0.00019061756029259413,0.0,0.014553493820130825,0.0,0.9854465126991272,45.373104095458984,0.00296296295709908,-0.004879585932940245,0.0011913051130250096,0.9395061135292053,0.013657407835125923,0.2505176365375519,0.0,0.0,0.0,0.0,35.870906829833984,0.14685988426208496,2046.0,73.8763198852539,492.6400146484375,0.12857167422771454
1755,-0.0012256226036697626,-0.004431890323758125,0.020053843036293983,-5.584296741290018e-05,0.0001895187160698697,-0.002645503031089902,0.0018019399140030146,0.00013361132005229592,0.0,0.01496039517223835,0.0,0.9850395917892456,45.38336181640625,0.009999999776482582,-0.005497388541698456,0.0012366329319775105,0.9009700417518616,0.013227513991296291,0.25027915835380554,0.0,0.0,0.0,0.0,35.61149215698242,0.14671063423156738,2061.0,73.9979248046875,494.55999755859375,0.13304565846920013
1756,-0.001227912842296064,-0.00403943145647645,0.020058078691363335,-5.132680598762818e-05,0.0001982020476134494,-0.0011111112544313073,0.0018628305988386273,0.0001608008606126532,0.0,0.014987521804869175,0.0,0.9850124716758728,45.396148681640625,0.006666666828095913,-0.005512435920536518,0.0007410194375552237,0.9314153790473938,0.0055555556900799274,0.2500733435153961,0.0,0.0,0.0,0.0,35.55276870727539,0.150040864944458,2065.0,74.08512878417969,499.57000732421875,0.14687170088291168
1757,-0.0012454065727069974,-0.00379595416598022,0.020360754802823067,-5.5251708545256406e-05,0.00021655322052538395,-0.0009259259677492082,0.001907341182231903,0.000217221473576501,0.0,0.01433647982776165,0.0,0.9856635332107544,45.40208435058594,9.999999747378752e-06,0.005325394216924906,0.0005435224738903344,0.9536707401275635,0.004629629664123058,0.2479216605424881,0.0,0.0,0.0,0.0,33.40153503417969,0.14801716804504395,2197.0,74.09745025634766,495.92999267578125,0.15534260869026184
1758,-0.0012402345892041922,-0.004542187787592411,0.02008260227739811,-6.489465158665553e-05,0.00022176156926434487,0.0,0.0019037039019167423,0.0001826545485528186,0.0,0.013821071945130825,0.0,0.9861789345741272,45.402984619140625,0.0029192925430834293,-0.0074767074547708035,0.0001342431642115116,0.9518518447875977,0.0,0.25189897418022156,0.0,0.0,0.0,0.0,31.98216438293457,0.14962005615234375,2294.0,74.11428833007812,500.0,0.16113579273223877
1759,-0.00123305874876678,-0.004336105193942785,0.020112987607717514,-5.2319999667815864e-05,0.00021000063861720264,-0.002314814832061529,0.0019041006453335285,0.000177862195414491,0.0,0.013292101211845875,0.0,0.9867079257965088,45.40810012817383,0.0065684085711836815,-0.004879554733633995,0.0007567235734313726,0.9520503282546997,0.011574074625968933,0.24963529407978058,0.0,0.0,0.0,0.0,32.66221618652344,0.16134119033813477,2246.0,74.19832611083984,493.75,0.1260758340358734
1760,-0.001168453716672957,-0.003584671299904585,0.019360341131687164,-4.857320891460404e-05,0.00020024071272928268,-0.018425926566123962,0.0017527778400108218,0.00020197323465254158,0.0,0.015380859375,0.0,0.984619140625,45.415748596191406,9.999999747378752e-06,-0.0016826499486342072,0.0029906071722507477,0.8763888478279114,0.09212962538003922,0.2538366913795471,0.0,0.0,0.0,0.0,33.73493576049805,0.14313435554504395,2176.0,74.22523498535156,472.4800109863281,0.027937406674027443
1761,-0.0012241497170180082,-0.004324418026953936,0.019877532497048378,-4.940598955727182e-05,0.00020117283565923572,-0.0050925929099321365,0.001912037143483758,0.00018088208162225783,0.0,0.01725260354578495,0.0,0.9827473759651184,45.417781829833984,0.0029192925430834293,-0.0025655939243733883,0.0012661600485444069,0.9560185670852661,0.025462964549660683,0.2511516511440277,0.0,0.0,0.0,0.0,30.679384231567383,0.15073895454406738,2391.0,74.26814270019531,489.2300109863281,0.103676438331604
1762,-0.0012470190413296223,-0.003922211471945047,0.02033008635044098,-5.126898395246826e-05,0.00019636536308098584,0.0,0.0018364840652793646,0.00015779404202476144,0.0,0.0165066197514534,0.0,0.9834933876991272,45.42472457885742,0.0029192925430834293,-0.012004068121314049,0.0007218457758426666,0.9182419180870056,0.0,0.2558787763118744,0.0,0.0,0.0,0.0,35.212066650390625,0.14458131790161133,2085.0,74.29631042480469,500.0,0.17533078789710999
1763,-0.001238462165929377,-0.003882390446960926,0.01983565464615822,-5.199958468438126e-05,0.00018614802684169263,-0.002500000176951289,0.0019066580571234226,0.00015485564654227346,0.0,0.01508246548473835,0.0,0.9849175214767456,45.42555236816406,0.0065684085711836815,-0.0031233131885528564,0.0007709403871558607,0.9533289074897766,0.012500000186264515,0.24853283166885376,0.0,0.0,0.0,0.0,32.798282623291016,0.18796348571777344,2235.0,74.3448486328125,495.7200012207031,0.148288756608963
1764,-0.0012528883526101708,-0.0033352570608258247,0.019829988479614258,-5.7414315961068496e-05,0.00019527070980984718,-0.0006944444612599909,0.0017762106144800782,0.00013285322347655892,0.0,0.01496039517223835,0.0,0.9850395917892456,45.43548583984375,0.006666666828095913,-0.005783041473478079,0.0018105764174833894,0.8881052732467651,0.0034722222480922937,0.24267037212848663,0.0,0.0,0.0,0.0,33.01023864746094,0.14633440971374512,2223.0,74.4366683959961,495.6300048828125,0.14774039387702942
1765,-0.0012377279344946146,-0.0041009667329490185,0.01966649852693081,-4.388610977912322e-05,0.00019538159540388733,0.0,0.0018011023057624698,0.00027708595735020936,0.0,0.014797634445130825,0.0,0.9852023720741272,45.44127655029297,0.00296296295709908,-0.011557857505977154,0.0007180418469943106,0.9005511403083801,0.0,0.253784716129303,0.0,0.0,0.0,0.0,35.29326629638672,0.14724278450012207,2080.0,74.45127868652344,500.0,0.1608777642250061
1766,-0.001236645388416946,-0.003958733286708593,0.020075472071766853,-5.661631439579651e-05,0.00018718135834205896,0.0,0.0018260801443830132,0.00023127839085645974,0.0,0.013427734375,0.0,0.986572265625,45.44041442871094,0.004444444552063942,-0.011004560627043247,0.00020255627168808132,0.9130401611328125,0.0,0.2485063672065735,0.0,0.0,0.0,0.0,36.84345626831055,0.15412306785583496,1992.0,74.44932556152344,500.0,0.1699751764535904
1767,-0.0012147898087278008,-0.004365361295640469,0.020050054416060448,-6.181110074976459e-05,0.00018496251141186804,-0.0027777778450399637,0.001896472880616784,0.0001541325618745759,0.0,0.012301974929869175,0.0,0.9876980185508728,45.44107437133789,0.006666666828095913,-0.004568001721054316,0.0008706226362846792,0.948236346244812,0.013888888992369175,0.25004979968070984,0.0,0.0,0.0,0.0,35.358428955078125,0.14609313011169434,2076.0,74.50221252441406,497.1600036621094,0.1497848927974701
1768,-0.0012491416418924928,-0.003949601668864489,0.019833670929074287,-4.392728806124069e-05,0.00019394895934965461,-0.0007936508627608418,0.001819554716348648,0.00017125371959991753,0.0,0.01177300326526165,0.0,0.9882270097732544,45.44658660888672,9.999999747378752e-06,0.003218692261725664,0.0005450823809951544,0.9097773432731628,0.003968254197388887,0.2503111958503723,0.0,0.0,0.0,0.0,35.45628356933594,0.14751458168029785,2070.0,74.52297973632812,496.55999755859375,0.15388117730617523
1769,-0.001216445816680789,-0.004036422818899155,0.019757390022277832,-4.224223812343553e-05,0.00017923202540259808,-0.002698412863537669,0.0018417990067973733,0.00021350604947656393,0.0,0.012559679336845875,0.0,0.9874403476715088,45.447845458984375,0.0019461950287222862,-0.003184746950864792,0.0009183916263282299,0.920899510383606,0.01349206455051899,0.25145599246025085,0.0,0.0,0.0,0.0,35.45428466796875,0.14870381355285645,2070.0,74.5448989868164,498.6199951171875,0.14008201658725739
1770,-0.0012498270953074098,-0.0035918818321079016,0.020196812227368355,-4.825957876164466e-05,0.00019528866687323898,0.0,0.0018587303347885609,0.00011631252709776163,0.0,0.011881510727107525,0.0,0.9881184697151184,45.45316696166992,0.0019461950287222862,-0.013653929345309734,0.0006221068324521184,0.9293650388717651,0.0,0.24935775995254517,0.0,0.0,0.0,0.0,34.463233947753906,0.14692449569702148,2130.0,74.58889770507812,500.0,0.17477059364318848
1771,-0.001235214644111693,-0.003825912019237876,0.020159028470516205,-6.073172698961571e-05,0.00019872948178090155,-0.0007936508627608418,0.0018999340245500207,0.00021844968432560563,0.0,0.01190863735973835,0.0,0.9880913496017456,45.457393646240234,0.0065684085711836815,-0.006885447073727846,0.0003907077480107546,0.9499669671058655,0.003968254197388887,0.2501390278339386,0.0,0.0,0.0,0.0,34.77763748168945,0.1473829746246338,2111.0,74.64909362792969,500.0,0.17413711547851562
1772,-0.0012326069409027696,-0.003699805121868849,0.020101550966501236,-5.1790040743071586e-05,0.00016958067135419697,0.0,0.0019333333475515246,0.0002096288080792874,0.0,0.01171875,0.0,0.98828125,45.46091079711914,0.0019461950287222862,-0.011144128628075123,0.0007060159114189446,0.9666666388511658,0.0,0.25363674759864807,0.0,0.0,0.0,0.0,30.57657241821289,0.14906096458435059,2399.0,74.66165161132812,500.0,0.17540615797042847
1773,-0.001230198540724814,-0.004293174482882023,0.020435921847820282,-5.7750796258915216e-05,0.00018752644245978445,0.0,0.0018911376828327775,0.00018067254859488457,0.0,0.01081000454723835,0.0,0.9891899824142456,45.45958709716797,0.004378939047455788,-0.011492369696497917,0.00012064807378919795,0.9455687403678894,0.0,0.24286863207817078,0.0,0.0,0.0,0.0,30.315317153930664,0.1698918342590332,2418.0,74.65237426757812,500.0,0.17123550176620483
1774,-0.001243214006535709,-0.0033703416120260954,0.019916657358407974,-6.265412230277434e-05,0.00019702312420122325,0.0,0.001899074180983007,0.00017775254673324525,0.0,0.00798882357776165,0.0,0.9920111894607544,45.45989227294922,0.004378939047455788,-0.0095937205478549,8.992492075776681e-05,0.9495370984077454,0.0,0.24699075520038605,0.0,0.0,0.0,0.0,29.694915771484375,0.19213008880615234,2466.0,74.68797302246094,500.0,0.1743440330028534
1775,-0.001214772928506136,-0.0038977761287242174,0.02022900991141796,-4.817350782104768e-05,0.00018525627092458308,0.0,0.0018984789494425058,0.0001358368608634919,0.0,0.005466037429869175,0.0,0.9945339560508728,45.461669921875,0.004378939047455788,-0.013111825101077557,0.011254590936005116,0.9492394328117371,0.0,0.2445458024740219,0.0,0.0,0.0,0.0,30.049053192138672,0.15052342414855957,2441.0,74.70790100097656,500.0,0.17464002966880798
1776,-0.0012372859055176377,-0.003805875778198242,0.019833525642752647,-4.9781509005697444e-05,0.00016887531091924757,0.0,0.001892989268526435,0.0001858523319242522,0.0,0.0048828125,0.0,0.9951171875,45.46187210083008,0.0029192925430834293,-0.011704948730766773,0.0011856516357511282,0.9464947581291199,0.0,0.24723434448242188,0.0,0.0,0.0,0.0,35.35383987426758,0.14606404304504395,2076.0,74.72038269042969,500.0,0.16904257237911224
1777,-0.0012290541781112552,-0.003537051845341921,0.020130550488829613,-4.935695687890984e-05,0.00017499594832770526,0.0,0.0019227274460718036,0.00011762281064875424,0.0,0.004123263992369175,0.0,0.9958767294883728,45.45927810668945,0.0065684085711836815,-0.013822201639413834,0.00012014651292702183,0.961363673210144,0.0,0.2585962116718292,0.0,0.0,0.0,0.0,34.79981994628906,0.14714932441711426,2109.0,74.68913269042969,500.0,0.17562156915664673
1778,-0.0012540571624413133,-0.0035108374431729317,0.020147422328591347,-3.7780901038786396e-05,0.00018297132919542491,-0.0011111112544313073,0.001890586456283927,0.00013026664964854717,0.0,0.0036485460586845875,0.0,0.9963514804840088,45.45542526245117,0.00038443360244855285,-0.0036380374804139137,0.0005332198925316334,0.9452932476997375,0.0055555556900799274,0.25260302424430847,0.0,0.0,0.0,0.0,30.40502166748047,0.14956140518188477,2412.0,74.6952896118164,498.3999938964844,0.15529195964336395
1779,-0.0012327298754826188,-0.0034058874007314444,0.019204892218112946,-4.040355997858569e-05,0.0001564673730172217,0.0,0.0018667549593374133,0.00014653377002105117,0.0,0.00341796875,0.0,0.99658203125,45.45602035522461,0.004378939047455788,-0.012802738696336746,0.00010713843948906288,0.9333773851394653,0.0,0.24826939404010773,0.0,0.0,0.0,0.0,32.92005157470703,0.14723420143127441,2229.0,74.69267272949219,500.0,0.17163975536823273
1780,-0.0012365382863208652,-0.0033808446023613214,0.019674930721521378,-4.4550692109623924e-05,0.00014804881357122213,0.0,0.001832687994465232,0.0001107068092096597,0.0,0.00341796875,0.0,0.99658203125,45.45304870605469,0.004378939047455788,-0.012313887476921082,0.00010189609747612849,0.9163439869880676,0.0,0.2496742457151413,0.0,0.0,0.0,0.0,36.81882858276367,0.1886744499206543,1992.0,74.67284393310547,500.0,0.1695632040500641
1781,-0.0012259442592039704,-0.0035924618132412434,0.019642213359475136,-4.786227145814337e-05,0.0001517944037914276,-0.001620370545424521,0.001828329055570066,8.831751620164141e-05,0.0,0.0035264757461845875,0.0,0.9964735507965088,45.4520378112793,0.0065684085711836815,-0.005341098643839359,0.0006895142141729593,0.9141644239425659,0.008101852610707283,0.250623881816864,0.0,0.0,0.0,0.0,35.84941864013672,0.1465132236480713,2048.0,74.7073745727539,498.29998779296875,0.14210541546344757
1782,-0.0012154891155660152,-0.0036957503762096167,0.019869457930326462,-3.965632276958786e-05,0.00014493319031316787,-0.0006172839784994721,0.0018438270781189203,0.00016280713316518813,0.0,0.0032823351211845875,0.0,0.9967176914215088,45.4567756652832,0.009852612391114235,-0.005432622507214546,0.0006152938585728407,0.9219135642051697,0.003086419776082039,0.2535219192504883,0.0,0.0,0.0,0.0,34.62439727783203,0.15297889709472656,2119.0,74.7556381225586,495.6499938964844,0.146033376455307
1783,-0.0012181730708107352,-0.0035097438376396894,0.019357740879058838,-4.5872278860770166e-05,0.00013850229152012616,0.0,0.0017769179539754987,0.00016540817159693688,0.0,0.0025770398788154125,0.0,0.997422993183136,45.45947265625,9.999999747378752e-06,-0.00891710165888071,0.0012890241341665387,0.8884590268135071,0.0,0.24465857446193695,0.0,0.0,0.0,0.0,35.929847717285156,0.1905515193939209,2041.0,74.7681884765625,500.0,0.16803158819675446
1784,-0.0012151137925684452,-0.003662123577669263,0.019797811284661293,-4.524857286014594e-05,0.00015533794066868722,0.0,0.001814285758882761,0.00014019696391187608,0.0,0.00244140625,0.0,0.99755859375,45.460174560546875,0.0029192925430834293,-0.007624558173120022,0.0001356018183287233,0.9071428775787354,0.0,0.2494407445192337,0.0,0.0,0.0,0.0,34.570167541503906,0.14824175834655762,2123.0,74.77655792236328,500.0,0.167829692363739
1785,-0.0012142612831667066,-0.0037425467744469643,0.02016071416437626,-5.085729935672134e-05,0.00016925923409871757,-0.0011111112544313073,0.0018906746990978718,0.00017073960043489933,0.0,0.0020209418144077063,0.0,0.9979790449142456,45.465885162353516,0.009852612391114235,-0.007325421553105116,0.0006749724270775914,0.9453372955322266,0.0055555556900799274,0.2540762722492218,0.0,0.0,0.0,0.0,32.05117416381836,0.1482856273651123,2289.0,74.87163543701172,498.2099914550781,0.14887264370918274
1786,-0.0012050585355609655,-0.0034863066393882036,0.019366536289453506,-5.6951721489895135e-05,0.00014124005974736065,-0.005555556155741215,0.0016318783164024353,9.197900362778455e-05,0.0,0.0033230253029614687,0.0,0.9966769814491272,45.47259521484375,0.0008779149502515793,-0.0023347344249486923,0.0015717820497229695,0.81593918800354,0.02777777798473835,0.25586041808128357,0.0,0.0,0.0,0.0,31.81913948059082,0.1467609405517578,2306.0,74.89595031738281,491.6000061035156,0.10856498032808304
1787,-0.0012040359433740377,-0.004005267284810543,0.019854184240102768,-5.140489884070121e-05,0.0001387883530696854,0.0,0.0018985449569299817,0.0001462399523006752,0.0,0.00390625,0.0,0.99609375,45.47459030151367,0.006666666828095913,-0.012728611938655376,9.893501555779949e-05,0.9492725729942322,0.0,0.2453480362892151,0.0,0.0,0.0,0.0,31.08615493774414,0.14672398567199707,2360.0,74.8918228149414,500.0,0.1688021719455719
1788,-0.0011968848994001746,-0.0036623377818614244,0.019786076620221138,-4.959954821970314e-05,0.00014769840345252305,-0.0013888889225199819,0.001823148224502802,0.00020468207367230207,0.0,0.0040147569961845875,0.0,0.9959852695465088,45.47529983520508,0.004444444552063942,-0.0037407586351037025,0.0005101743736304343,0.9115740656852722,0.0069444444961845875,0.24881310760974884,0.0,0.0,0.0,0.0,30.523639678955078,0.14615130424499512,2403.0,74.93714141845703,498.94000244140625,0.1514858454465866
1789,-0.0011786861578002572,-0.00400028470903635,0.01919126883149147,-5.8538364100968465e-05,0.00013006512017454952,-0.002500000176951289,0.001786904875189066,0.00016545011021662503,0.0,0.005099826492369175,0.0,0.9949001669883728,45.48051452636719,9.999999747378752e-06,0.0010307919001206756,0.0007002324564382434,0.8934523463249207,0.012500000186264515,0.2503536641597748,0.003968254197388887,0.0,0.0,0.0,32.07309341430664,0.1469287872314453,2288.0,74.95659637451172,495.7699890136719,0.12184787541627884
1790,-0.0012006442993879318,-0.003295684000477195,0.0197160542011261,-5.340788993635215e-05,0.00015416550741065294,-0.0027777778450399637,0.0018474867101758718,0.00014332382124848664,0.0,0.00580512173473835,0.0,0.9941948652267456,45.48217010498047,0.0029192925430834293,-0.0027902296278625727,0.0008668382652103901,0.9237433671951294,0.013888888992369175,0.2472817599773407,0.0,0.0,0.0,0.0,34.02000427246094,0.1877882480621338,2155.0,74.99213409423828,490.989990234375,0.12951655685901642
1791,-0.0012256404152140021,-0.003659752430394292,0.01941203512251377,-4.706560866907239e-05,0.00015976822760421783,-0.0007936508627608418,0.00187294976785779,0.0002448377781547606,0.0,0.0067952475510537624,0.0,0.9932047724723816,45.49055862426758,0.004378939047455788,-0.008029473945498466,0.003451339667662978,0.9364749193191528,0.003968254197388887,0.25228792428970337,0.0,0.0,0.0,0.0,34.12649154663086,0.1476752758026123,2151.0,75.06611633300781,500.0,0.16453923285007477
1792,-0.0012105072382837534,-0.003592071123421192,0.019306719303131104,-4.571663521346636e-05,0.0001384445495205,-0.0022222225088626146,0.0017892859177663922,0.00013408716768026352,0.0,0.0072157117538154125,0.0,0.992784321308136,45.49542236328125,0.0065684085711836815,-0.005481749773025513,0.0081469202414155,0.8946429491043091,0.011111111380159855,0.24399657547473907,0.0,0.0,0.0,0.0,32.6688232421875,0.14685606956481934,2246.0,75.11259460449219,499.3999938964844,0.14905337989330292
1793,-0.0012223126832395792,-0.003382033435627818,0.01953335665166378,-4.652253119274974e-05,0.00014712610573042184,-0.0018518519354984164,0.001828703680075705,0.00011697747686412185,0.0,0.007351345382630825,0.0,0.9926486611366272,45.502342224121094,0.006666666828095913,-0.0071474844589829445,0.0005583242163993418,0.9143518805503845,0.009259259328246117,0.2509303689002991,0.0,0.0,0.0,0.0,33.48609161376953,0.14783883094787598,2192.0,75.1662368774414,498.2200012207031,0.1493968516588211
1794,-0.0012392629869282246,-0.0033563196193426847,0.019506461918354034,-3.80709461751394e-05,0.00014730263501405716,-0.001410934841260314,0.001856569666415453,0.00013227581803221256,0.0,0.00836859829723835,0.0,0.9916313886642456,45.506805419921875,9.999999747378752e-06,0.002628414425998926,0.0007881370838731527,0.9282848834991455,0.007054673973470926,0.25052282214164734,0.0,0.0,0.0,0.0,36.09244918823242,0.14548397064208984,2034.0,75.18621063232422,495.8599853515625,0.15343908965587616
1795,-0.0012139680329710245,-0.0034933285787701607,0.019862722605466843,-3.8011745346011594e-05,0.00014176024706102908,-0.002314814832061529,0.0018875000532716513,0.00014022696996107697,0.0,0.00835503451526165,0.0,0.9916449785232544,45.50846862792969,0.0029192925430834293,-0.002772150794044137,0.0009367552120238543,0.9437499642372131,0.011574074625968933,0.2490764707326889,0.0,0.0,0.0,0.0,36.46013259887695,0.1490793228149414,2013.0,75.2176513671875,491.510009765625,0.13193368911743164
1796,-0.0012068672804161906,-0.0035836133174598217,0.01949417032301426,-4.832352715311572e-05,0.00014970148913562298,-0.003240741090849042,0.0018655864987522364,0.00013568538997787982,0.0,0.009236653335392475,0.0,0.9907633662223816,45.51839065551758,0.0065684085711836815,-0.004321938846260309,0.0007800658349879086,0.9327932000160217,0.016203705221414566,0.25236859917640686,0.0,0.0,0.0,0.0,35.6948356628418,0.14552903175354004,2057.0,75.32644653320312,495.80999755859375,0.15153372287750244
1797,-0.0012082697357982397,-0.0035111617762595415,0.019933750852942467,-5.6464508816134185e-05,0.00016614305786788464,-0.0019047620007768273,0.001911904662847519,0.00021492248924914747,0.0,0.00995551235973835,0.0,0.9900444746017456,45.528358459472656,0.0065684085711836815,-0.004887991119176149,0.0006259255460463464,0.9559523463249207,0.009523809887468815,0.24745583534240723,0.0,0.0,0.0,0.0,33.41142272949219,0.14513850212097168,2197.0,75.4146499633789,495.55999755859375,0.15350675582885742
1798,-0.001235906733199954,-0.0033741851802915335,0.019586138427257538,-3.965727592003532e-05,0.00016120455984491855,-0.0006172839784994721,0.0018484567990526557,0.00014711052062921226,0.0,0.010592990554869175,0.0,0.9894070029258728,45.53657150268555,9.999999747378752e-06,0.0018697535851970315,0.00047391714178957045,0.9242284893989563,0.003086419776082039,0.25565946102142334,0.0,0.0,0.0,0.0,32.150630950927734,0.14952993392944336,2282.0,75.45762634277344,498.32000732421875,0.15162906050682068
1799,-0.0012136072618886828,-0.0032701522577553988,0.01944851502776146,-3.192875738022849e-05,0.00014593848027288914,-0.003240741090849042,0.001866997336037457,0.00015631469432264566,0.0,0.011379665695130825,0.0,0.9886203408241272,45.53837966918945,0.0019461950287222862,-0.0026665935292840004,0.0006760156247764826,0.9334986805915833,0.016203705221414566,0.24449273943901062,0.0,0.0,0.0,0.0,35.365150451660156,0.1456131935119629,2076.0,75.47956848144531,495.6199951171875,0.15326343476772308
1800,-0.0012366538867354393,-0.003181888721883297,0.019985821098089218,-4.580915629048832e-05,0.00017035646305885166,-0.0018518519354984164,0.0018925927579402924,9.469618817092851e-05,0.0,0.010281032882630825,0.0,0.9897189736366272,45.54136276245117,9.999999747378752e-06,0.001923730131238699,0.0005175009137019515,0.9462962746620178,0.009259259328246117,0.2561550736427307,0.0,0.0,0.0,0.0,32.29158401489258,0.14737176895141602,2272.0,75.4939956665039,495.8999938964844,0.15220659971237183
1801,-0.0011842477833852172,-0.0037094461731612682,0.01946554146707058,-5.3857344028074294e-05,0.00015418055409099907,-0.004074074327945709,0.001793915405869484,0.00013585139822680503,0.0,0.010579426772892475,0.0,0.9894205927848816,45.542911529541016,0.0029192925430834293,-0.0027625998482108116,0.0008666231296956539,0.8969576954841614,0.020370371639728546,0.2522030472755432,0.0,0.0,0.0,0.0,30.988082885742188,0.1466236114501953,2368.0,75.5264663696289,491.32000732421875,0.12750113010406494
1802,-0.0012221626238897443,-0.0031142374500632286,0.01981162466108799,-3.81193749490194e-05,0.0001522053498774767,-0.0027777778450399637,0.0018253307789564133,0.00011456574429757893,0.0,0.011149088852107525,0.0,0.9888508915901184,45.54786682128906,0.00038443360244855285,0.00021510559599846601,0.00048438506200909615,0.9126653671264648,0.013888888992369175,0.2481224238872528,0.0,0.0,0.0,0.0,32.03583526611328,0.16030526161193848,2289.0,75.55046081542969,495.75,0.1563258171081543
1803,-0.0012404521694406867,-0.003328003454953432,0.019800258800387383,-4.84458141727373e-05,0.00018235249444842339,0.0,0.0018435186939314008,0.0001479018828831613,0.0,0.010416666977107525,0.0,0.9895833134651184,45.547752380371094,0.004378939047455788,-0.012456213124096394,8.952045027399436e-05,0.921759307384491,0.0,0.2527790665626526,0.0,0.0,0.0,0.0,29.992887496948242,0.1482219696044922,2446.0,75.5213623046875,500.0,0.1701788753271103
1804,-0.0012080619344487786,-0.003237987169995904,0.019465478137135506,-4.073650416103192e-05,0.0001611839688848704,-0.003888888983055949,0.0017984786536544561,0.00013591113383881748,0.0,0.0106201171875,0.0,0.9893798828125,45.54380798339844,9.999999747378752e-06,-0.00016904337098821998,0.0011511013144627213,0.8992394208908081,0.01944444514811039,0.25273898243904114,0.0,0.0,0.0,0.0,36.23637771606445,0.1475977897644043,2026.0,75.51844024658203,496.19000244140625,0.15548326075077057
1805,-0.001224820502102375,-0.0034641993697732687,0.019786976277828217,-4.643042484531179e-05,0.00018044683383777738,0.0,0.0019320286810398102,0.00015650373825337738,0.0,0.01025390625,0.0,0.98974609375,45.54452896118164,0.0029192925430834293,-0.007607259787619114,0.00010422854393254966,0.9660143256187439,0.0,0.2465955764055252,0.0,0.0,0.0,0.0,31.840072631835938,0.14748072624206543,2304.0,75.53282165527344,500.0,0.17464995384216309
1806,-0.0012090295786038041,-0.0035576701629906893,0.01906319335103035,-4.3706619180738926e-05,0.00016494652663823217,-0.004828042350709438,0.0017503529088571668,0.00017323131032753736,0.0,0.0107557512819767,0.0,0.989244282245636,45.545711517333984,9.999999747378752e-06,-0.00045284043881110847,0.001346520846709609,0.8751764297485352,0.024140212684869766,0.2510501444339752,0.0,0.0,0.0,0.0,34.314796447753906,0.14979004859924316,2139.0,75.53877258300781,488.9700012207031,0.11004326492547989
1807,-0.0012081156019121408,-0.003628835082054138,0.019975751638412476,-5.0878636102424935e-05,0.00021076849952805787,-0.0027777778450399637,0.0018962962785735726,0.00010930119606200606,0.0,0.0118408203125,0.0,0.9881591796875,45.54674530029297,0.0029192925430834293,-0.0027958150021731853,0.0007682987488806248,0.9481480717658997,0.013888888992369175,0.2522098422050476,0.0,0.0,0.0,0.0,33.68467712402344,0.1504836082458496,2179.0,75.5677261352539,495.7799987792969,0.15166498720645905
1808,-0.0012206932296976447,-0.0032435499597340822,0.019393831491470337,-4.530889054876752e-05,0.000185575830982998,-0.0007936508627608418,0.001905908458866179,0.000157170434249565,0.0,0.0111083984375,0.0,0.9888916015625,45.55011749267578,9.999999747378752e-06,-0.0008117221295833588,0.0005235614953562617,0.9529541730880737,0.003968254197388887,0.2508200705051422,0.0,0.0,0.0,0.0,37.159000396728516,0.16971445083618164,1975.0,75.58422088623047,496.0400085449219,0.15398737788200378
1809,-0.0012201485224068165,-0.0035154770594090223,0.01992299221456051,-5.951469574938528e-05,0.0001945015392266214,-0.0019664906430989504,0.0019116622861474752,0.00020422376110218465,0.0,0.011583116836845875,0.0,0.9884169101715088,45.551456451416016,0.0029192925430834293,-0.0026975232176482677,0.0012317413929849863,0.9558311104774475,0.009832452051341534,0.24183613061904907,0.0,0.0,0.0,0.0,34.0235481262207,0.14797282218933105,2157.0,75.61406707763672,495.3900146484375,0.13167329132556915
1810,-0.0011953719658777118,-0.003690697718411684,0.0197531059384346,-4.868550968240015e-05,0.0001855698792496696,-0.0019047620007768273,0.001847200095653534,0.00024081786978058517,0.0,0.01152886264026165,0.0,0.9884711503982544,45.5557861328125,0.00038443360244855285,-0.00019200755923520774,0.0008980324491858482,0.9236000776290894,0.009523809887468815,0.24605052173137665,0.0,0.0,0.0,0.0,37.049686431884766,0.17952823638916016,1980.0,75.63880920410156,495.7900085449219,0.15053331851959229
1811,-0.0012176608433946967,-0.0034763189032673836,0.020075911656022072,-5.793226227979176e-05,0.00018607605306897312,0.0,0.0018751764437183738,0.00016671243065502495,0.0,0.010972765274345875,0.0,0.9890272617340088,45.55847930908203,0.004378939047455788,-0.013085516169667244,0.00012242938100825995,0.9375881552696228,0.0,0.2499254047870636,0.0,0.0,0.0,0.0,35.258934020996094,0.14765095710754395,2082.0,75.66789245605469,500.0,0.17623218894004822
1812,-0.0011849895818158984,-0.003553933696821332,0.0199896227568388,-4.769627776113339e-05,0.0001806312648113817,-0.0044973548501729965,0.001844709157012403,0.00018405956507194787,0.0,0.0107421875,0.0,0.9892578125,45.55957794189453,9.999999747378752e-06,0.006875835359096527,0.0009008278138935566,0.922354519367218,0.022486772388219833,0.24869386851787567,0.0,0.0,0.0,0.0,35.58180236816406,0.14542222023010254,2063.0,75.6676025390625,491.7699890136719,0.13390101492404938
1813,-0.0011728532845154405,-0.0036342735402286053,0.020129168406128883,-4.3300329707562923e-05,0.00018855057714972645,-0.0044973548501729965,0.0018869048217311502,0.00024320377269759774,0.0,0.011379665695130825,0.0,0.9886203408241272,45.560359954833984,0.0019461950287222862,-0.0025100475177168846,0.0014896646607667208,0.9434524178504944,0.022486772388219833,0.2509993612766266,0.0,0.0,0.0,0.0,37.640769958496094,0.1873023509979248,1949.0,75.68787384033203,486.7699890136719,0.11465036123991013
1814,-0.00116298021748662,-0.0037792655639350414,0.01969863660633564,-4.2418931116117164e-05,0.00017842900706455112,-0.0018518519354984164,0.0018953705439344049,0.00019353095558471978,0.0,0.01335991732776165,0.0,0.9866400957107544,45.56435775756836,9.999999747378752e-06,-0.0004012412391602993,0.0007416227017529309,0.9476851224899292,0.009259259328246117,0.25412097573280334,0.0,0.0,0.0,0.0,30.449804306030273,0.14844036102294922,2409.0,75.71463012695312,499.7900085449219,0.14561407268047333
1815,-0.0011985821183770895,-0.004120825789868832,0.01965695060789585,-5.392353341449052e-05,0.00019524073286447674,-0.00296296295709908,0.0018138890154659748,0.00036810297751799226,0.0,0.01299370639026165,0.0,0.9870063066482544,45.56564712524414,0.0019461950287222862,-0.0031985591631382704,0.0008795852772891521,0.9069445133209229,0.014814815483987331,0.24434739351272583,0.0,0.0,0.0,0.0,31.580810546875,0.15168333053588867,2323.0,75.7330093383789,492.69000244140625,0.12920472025871277
1816,-0.0012005727039650083,-0.003567480482161045,0.020690325647592545,-5.67616407352034e-05,0.00018722485401667655,-0.0055555556900799274,0.001850463100709021,0.00028709694743156433,0.0,0.012736002914607525,0.0,0.9872639775276184,45.57473373413086,0.0029192925430834293,-0.005791957024484873,0.08956615626811981,0.9252315163612366,0.02777777798473835,0.24653959274291992,0.0,0.0,0.0,0.0,32.89155197143555,0.1481611728668213,2231.0,75.8508071899414,498.739990234375,0.16047486662864685
1817,-0.0011927029117941856,-0.003622775198891759,0.02024482935667038,-5.686817894456908e-05,0.00018851917411666363,0.0,0.0019768518395721912,0.00017818433116190135,0.0,0.0126953125,0.0,0.9873046875,45.58235549926758,0.0019461950287222862,-0.012274011969566345,0.0046911281533539295,0.9884260296821594,0.0,0.24966546893119812,0.0,0.0,0.0,0.0,31.553855895996094,0.14600658416748047,2325.0,75.8616714477539,500.0,0.17577874660491943
1818,-0.0011877653887495399,-0.003967374563217163,0.01971414126455784,-4.4505333789857104e-05,0.00018482630548533052,-0.0006944444612599909,0.0018716690829023719,0.00015967934450600296,0.0,0.0120985247194767,0.0,0.987901508808136,45.58332443237305,0.004378939047455788,-0.011125034652650356,0.0005470486357808113,0.9358345866203308,0.0034722222480922937,0.25105369091033936,0.0,0.0,0.0,0.0,35.839298248291016,0.15050339698791504,2048.0,75.8774185180664,500.0,0.16839821636676788
1819,-0.001179284998215735,-0.0035012487787753344,0.019714565947651863,-4.9401609430788085e-05,0.00018687099509406835,-0.0050925929099321365,0.0018448414048179984,0.00014519834076054394,0.0,0.0119764544069767,0.0,0.988023579120636,45.58534622192383,0.0005766503745689988,-0.0008972403011284769,0.001074586994946003,0.9224207401275635,0.025462964549660683,0.24784670770168304,0.0,0.0,0.0,0.0,33.25196075439453,0.18300151824951172,2205.0,75.89144134521484,492.55999755859375,0.1325826346874237
1820,-0.0011935904622077942,-0.00399011978879571,0.020203309133648872,-5.122854781802744e-05,0.00016888226673472673,-0.0036111113149672747,0.0018537478754296899,0.00013967453560326248,0.0,0.0123291015625,0.0,0.9876708984375,45.59016799926758,0.004378939047455788,-0.004772925283759832,0.0013141297968104482,0.9268739819526672,0.01805555447936058,0.25062671303749084,0.0,0.0,0.0,0.0,34.40401077270508,0.14753484725952148,2133.0,75.9633560180664,499.17999267578125,0.15705031156539917
1821,-0.0011897921795025468,-0.003555871080607176,0.020603355020284653,-4.813146733795293e-05,0.00020345766097307205,-0.004074074327945709,0.0019282408757135272,0.0001861658092821017,0.0,0.01238335482776165,0.0,0.9876166582107544,45.596744537353516,9.999999747378752e-06,0.010757094249129295,0.0015955683775246143,0.9641204476356506,0.020370371639728546,0.25630056858062744,0.0,0.0,0.0,0.0,34.52562713623047,0.1523275375366211,2126.0,75.98125457763672,494.989990234375,0.1402621865272522
1822,-0.001185704255476594,-0.0035356853622943163,0.020365271717309952,-5.972399594611488e-05,0.0001769857481122017,-0.002414021175354719,0.0018730160081759095,0.00021211679268162698,0.0,0.01360405795276165,0.0,0.9863959550857544,45.59795379638672,0.0029192925430834293,-0.0029678456485271454,0.0013321870937943459,0.9365079998970032,0.012070106342434883,0.25144878029823303,0.0,0.0,0.0,0.0,35.8658561706543,0.14616131782531738,2047.0,76.00700378417969,491.7799987792969,0.13440731167793274
1823,-0.0011901059187948704,-0.0036847565788775682,0.01979834958910942,-4.6603079681517556e-05,0.00019232074555475265,-0.0013888889225199819,0.0018406086601316929,0.00013682905409950763,0.0,0.014119465835392475,0.0,0.9858805537223816,45.60384750366211,0.0065684085711836815,-0.00541821401566267,0.0005260472535155714,0.9203041791915894,0.0069444444961845875,0.24944157898426056,0.0,0.0,0.0,0.0,33.16858673095703,0.14669322967529297,2213.0,76.08636474609375,500.0,0.17257972061634064
1824,-0.001206174842081964,-0.0035391151905059814,0.020708197727799416,-4.590858588926494e-05,0.0002068458852590993,-0.0011111112544313073,0.0019200177630409598,0.00022106028336565942,0.0,0.013102213852107525,0.0,0.9868977665901184,45.609840393066406,9.999999747378752e-06,0.00012663009692914784,0.0005744514637626708,0.9600088596343994,0.0055555556900799274,0.24856239557266235,0.0,0.0,0.0,0.0,37.18312072753906,0.14898085594177246,1974.0,76.10416412353516,497.0899963378906,0.16538572311401367
1825,-0.0012135582510381937,-0.0037011264357715845,0.020275337621569633,-4.714606984634884e-05,0.00018527910287957639,-0.0013888889225199819,0.0019057318568229675,0.00015447796613443643,0.0,0.01361762173473835,0.0,0.9863823652267456,45.61080551147461,0.0029192925430834293,-0.004659230820834637,0.0003711152239702642,0.9528660178184509,0.0069444444961845875,0.2473977953195572,0.0,0.0,0.0,0.0,36.929107666015625,0.1469743251800537,1988.0,76.11991119384766,500.0,0.1749173402786255
1826,-0.0012074868427589536,-0.003631018567830324,0.019901219755411148,-4.6644760004710406e-05,0.00018946945783682168,-0.0015432100044563413,0.0018512345850467682,0.00016040906484704465,0.0,0.0135498046875,0.0,0.9864501953125,45.61463928222656,0.0012974634300917387,-0.0045090168714523315,0.0008735593874007463,0.9256173372268677,0.0077160499058663845,0.25130516290664673,0.0,0.0,0.0,0.0,32.85886001586914,0.14792919158935547,2233.0,76.15982055664062,499.7799987792969,0.1551089733839035
1827,-0.0012033128878101707,-0.004022011533379555,0.019712919369339943,-6.0323425714159384e-05,0.0001900945499073714,-0.0009259259677492082,0.0018638890469446778,0.0002118490810971707,0.0,0.0130750872194767,0.0,0.986924946308136,45.62140655517578,0.0065684085711836815,-0.00696046557277441,0.0005421517416834831,0.9319444298744202,0.004629629664123058,0.24373428523540497,0.0,0.0,0.0,0.0,31.495296478271484,0.14860844612121582,2329.0,76.2612075805664,499.30999755859375,0.14794881641864777
1828,-0.0011919898679479957,-0.0037814462557435036,0.020108511671423912,-4.790300954482518e-05,0.0001734922843752429,0.0,0.0017638889839872718,0.0001366989890811965,0.0,0.01123046875,0.0,0.98876953125,45.62922286987305,0.004378939047455788,-0.009961548261344433,0.0012896036496385932,0.881944477558136,0.0,0.24415747821331024,0.0,0.0,0.0,0.0,29.16170883178711,0.18003535270690918,2512.0,76.29569244384766,500.0,0.1673453003168106
1829,-0.0011808393755927682,-0.003563767531886697,0.01988072134554386,-5.986677933833562e-05,0.00019894444267265499,-0.0011111112544313073,0.0018833333160728216,0.00022365667973645031,0.0,0.010959201492369175,0.0,0.9890407919883728,45.62901306152344,9.999999747378752e-06,0.0007111813174560666,0.0004996205097995698,0.9416667222976685,0.0055555556900799274,0.25153425335884094,0.0,0.0,0.0,0.0,31.145423889160156,0.14691495895385742,2356.0,76.30093383789062,495.989990234375,0.15141119062900543
1830,-0.001192482770420611,-0.003701999317854643,0.020233549177646637,-4.139487646170892e-05,0.0001867724786279723,0.0,0.0018003968289121985,0.00014889930025674403,0.0,0.0105116106569767,0.0,0.989488422870636,45.629573822021484,0.0029192925430834293,-0.007217349484562874,9.386612509842962e-05,0.9001984000205994,0.0,0.25586163997650146,0.0,0.0,0.0,0.0,30.67165756225586,0.15106606483459473,2392.0,76.3117446899414,500.0,0.17542409896850586
1831,-0.0012045643525198102,-0.003716551698744297,0.02047809399664402,-4.5920114644104615e-05,0.00019251785124652088,0.0,0.0018027778714895248,0.000194682739675045,0.0,0.01019965298473835,0.0,0.9898003339767456,45.631290435791016,0.0065684085711836815,-0.01276851911097765,9.42536789807491e-05,0.901388943195343,0.0,0.2520584464073181,0.0,0.0,0.0,0.0,30.392030715942383,0.18064212799072266,2411.0,76.36170959472656,500.0,0.16941243410110474
1832,-0.0011699966853484511,-0.003898835042491555,0.02050796151161194,-5.382770177675411e-05,0.00019286750466562808,-0.0011111112544313073,0.00189391546882689,0.00010909999400610104,0.0,0.01019965298473835,0.0,0.9898003339767456,45.6356086730957,0.0005766503745689988,-0.0036330674774944782,0.0003287501458544284,0.9469577074050903,0.0055555556900799274,0.24984529614448547,0.0,0.0,0.0,0.0,34.266937255859375,0.14887380599975586,2142.0,76.39946746826172,500.0,0.17558415234088898
1833,-0.001172745251096785,-0.0036387539003044367,0.019579539075493813,-4.714253009296954e-05,0.00019358420104254037,-0.002654321026057005,0.0017901655519381166,0.00012509096995927393,0.0,0.01091851107776165,0.0,0.9890815019607544,45.636993408203125,9.999999747378752e-06,-0.0023219275753945112,0.000985725549980998,0.8950827717781067,0.013271604664623737,0.25002437829971313,0.0,0.0,0.0,0.0,33.278526306152344,0.15987896919250488,2204.0,76.40348052978516,493.7200012207031,0.13228057324886322
1834,-0.0011460325913503766,-0.00363339576870203,0.02017224207520485,-6.883501191623509e-05,0.00019803746545221657,-0.0034722222480922937,0.0018652778817340732,0.00014748959802091122,0.0,0.0099012590944767,0.0,0.990098774433136,45.63824462890625,0.0029192925430834293,-0.003068217309191823,0.0009123132331296802,0.932638943195343,0.0173611119389534,0.2492346465587616,0.0,0.0,0.0,0.0,34.09772872924805,0.16149306297302246,2152.0,76.43614959716797,491.7099914550781,0.1328645944595337
1835,-0.0011787668336182833,-0.003935797605663538,0.02011238783597946,-5.281025732983835e-05,0.000169235237990506,0.0,0.0018424383597448468,0.0001426546077709645,0.0,0.009060329757630825,0.0,0.9909396767616272,45.64153289794922,0.0029192925430834293,-0.011809740215539932,0.0009401101269759238,0.9212191104888916,0.0,0.24705055356025696,0.0,0.0,0.0,0.0,35.15700149536133,0.14646673202514648,2088.0,76.4516830444336,500.0,0.17182308435440063
1836,-0.00117510708514601,-0.0038890864234417677,0.019804075360298157,-8.043887646635994e-05,0.00017778167966753244,-0.0027777780778706074,0.0018199735786765814,0.00011445426935097203,0.0,0.008260090835392475,0.0,0.9917399287223816,45.63975143432617,0.004378939047455788,-0.0035868536215275526,0.0008120671263895929,0.9099867939949036,0.013888888992369175,0.251064658164978,0.0,0.0,0.0,0.0,36.59539794921875,0.15016388893127441,2006.0,76.47039794921875,500.0,0.16262876987457275
1837,-0.0011849103029817343,-0.0036048388574272394,0.02020803838968277,-4.469517807592638e-05,0.0001701500004855916,-0.0007936508627608418,0.0018030202481895685,0.00018432892102282494,0.0,0.0070393881760537624,0.0,0.9929606318473816,45.64448165893555,0.004378939047455788,-0.0038215245585888624,0.0012942036846652627,0.9015101194381714,0.003968254197388887,0.24748797714710236,0.0,0.0,0.0,0.0,34.79117965698242,0.15526652336120605,2109.0,76.52407836914062,495.8500061035156,0.1562708169221878
1838,-0.0011873054318130016,-0.0038561320398002863,0.019768543541431427,-4.4603617425309494e-05,0.0001935167529154569,0.0,0.0018011683132499456,0.0001428817631676793,0.0,0.007256402168422937,0.0,0.9927436113357544,45.648719787597656,0.004378939047455788,-0.011168750934302807,0.001748815644532442,0.90058434009552,0.0,0.2489452362060547,0.0,0.0,0.0,0.0,38.1977424621582,0.1520545482635498,1922.0,76.547119140625,500.0,0.1736053079366684
1839,-0.0011829263530671597,-0.0038724227342754602,0.020200565457344055,-4.501849252847023e-05,0.00019050725677516311,-0.0027777778450399637,0.001864087302237749,0.00012549302482511848,0.0,0.006808810867369175,0.0,0.9931911826133728,45.64811325073242,9.999999747378752e-06,0.0009777556406334043,0.0009083306067623198,0.932043731212616,0.013888888992369175,0.248054638504982,0.0,0.0,0.0,0.0,34.6815185546875,0.14932894706726074,2116.0,76.5478286743164,495.4800109863281,0.13343200087547302
1840,-0.0011752467835322022,-0.0038130548782646656,0.0201649758964777,-5.61132728762459e-05,0.00017098896205425262,-0.001620370545424521,0.0018156083533540368,0.00019582202367018908,0.0,0.0072835288010537624,0.0,0.9927164912223816,45.648963928222656,0.0019461950287222862,-0.0032548094168305397,0.0008682683110237122,0.9078043103218079,0.008101852610707283,0.24849578738212585,0.0,0.0,0.0,0.0,33.73602294921875,0.145704984664917,2176.0,76.56634521484375,495.2900085449219,0.15773598849773407
1841,-0.0011572414077818394,-0.003797885961830616,0.020250586792826653,-8.451934991171584e-05,0.00017191994993481785,0.0,0.0017923720879480243,0.00014746274973731488,0.0,0.007080078125,0.0,0.992919921875,45.65110397338867,0.004378939047455788,-0.012798165902495384,0.00012777475058101118,0.896186113357544,0.0,0.2560093104839325,0.0,0.0,0.0,0.0,33.177734375,0.14837026596069336,2212.0,76.58064270019531,500.0,0.17749084532260895
1842,-0.0011527803726494312,-0.004108502063900232,0.02014928124845028,-4.0451199311064556e-05,0.0001732916571199894,0.0,0.0018425927264615893,0.00022627809084951878,0.0,0.0068359375,0.0,0.9931640625,45.64931106567383,0.0029192925430834293,-0.010559573769569397,0.00011809990246547386,0.9212963581085205,0.0,0.2566775679588318,0.004629629664123058,0.0,0.0,0.0,30.286483764648438,0.1803417205810547,2419.0,76.5896987915039,500.0,0.17129799723625183
1843,-0.0011636813869699836,-0.0041684615425765514,0.020553404465317726,-6.994288560235873e-05,0.00019274998339824378,0.0,0.001910185208544135,0.00016526847321074456,0.0,0.006686740554869175,0.0,0.9933132529258728,45.6491584777832,0.0029192925430834293,-0.012189284898340702,0.01186048798263073,0.9550926685333252,0.0,0.25222069025039673,0.0,0.0,0.0,0.0,28.064903259277344,0.14780282974243164,2613.0,76.59236145019531,500.0,0.1787584125995636
1844,-0.001167988870292902,-0.003730564145371318,0.020820561796426773,-6.108165689511225e-05,0.00018610019469633698,0.0,0.0019133599707856774,0.00017244777700398117,0.0,0.00634765625,0.0,0.99365234375,45.64887619018555,0.0029192925430834293,-0.014156791381537914,0.0004715021059382707,0.9566798806190491,0.0,0.25395631790161133,0.0,0.0,0.0,0.0,29.93429183959961,0.14858698844909668,2450.0,76.60346984863281,500.0,0.1814804971218109
1845,-0.0011445579584687948,-0.004293946083635092,0.0201887059956789,-4.01496363338083e-05,0.00020282813056837767,0.0,0.0018250420689582825,0.00015039647405501455,0.0,0.00634765625,0.0,0.99365234375,45.652374267578125,0.0029192925430834293,-0.013383316807448864,0.0014438292710110545,0.9125210642814636,0.0,0.24975140392780304,0.0,0.0,0.0,0.0,29.873126983642578,0.16086864471435547,2454.0,76.6428451538086,500.0,0.17237593233585358
1846,-0.001167501206509769,-0.004025835543870926,0.02008705399930477,-5.1292547141201794e-05,0.00018874469969887286,-0.0011111112544313073,0.0018034391105175018,0.0002245255745947361,0.0,0.0060899523086845875,0.0,0.9939100742340088,45.65665054321289,0.0065684085711836815,-0.006315101869404316,0.0005934001528657973,0.9017196297645569,0.0055555556900799274,0.2450522929430008,0.0,0.0,0.0,0.0,32.82666778564453,0.15701651573181152,2235.0,76.70281219482422,495.1600036621094,0.15243801474571228
1847,-0.0011570778442546725,-0.003849772037938237,0.02056962251663208,-6.27137123956345e-05,0.00020582423894666135,0.0,0.0019175928318873048,0.00021054252283647656,0.0,0.0051133898086845875,0.0,0.9948866367340088,45.66172409057617,9.999999747378752e-06,-0.00905045960098505,0.00018456664110999554,0.9587963223457336,0.0,0.24470621347427368,0.0,0.0,0.0,0.0,32.421875,0.14429306983947754,2263.0,76.71902465820312,500.0,0.17985224723815918
1848,-0.0011884996201843023,-0.00419622752815485,0.020410265773534775,-5.1189697842346504e-05,0.00017225825286004692,0.0,0.0018736111233010888,0.00013845472130924463,0.0,0.0045572915114462376,0.0,0.9954426884651184,45.66278076171875,0.0029192925430834293,-0.007376466412097216,0.000285332091152668,0.9368055462837219,0.0,0.24813778698444366,0.0,0.0,0.0,0.0,33.14191818237305,0.1499030590057373,2214.0,76.73815155029297,500.0,0.17393748462200165
1849,-0.0011734741274267435,-0.004040599800646305,0.02027497999370098,-6.042288805474527e-05,0.00019439373863860965,0.0,0.001812742673791945,0.00020488930749706924,0.0,0.00390625,0.0,0.99609375,45.666229248046875,0.0019461950287222862,-0.01161469891667366,0.00042072031646966934,0.9063712358474731,0.0,0.2503165006637573,0.0,0.0,0.0,0.0,36.04436492919922,0.1486356258392334,2037.0,76.7715835571289,500.0,0.1678098440170288
1850,-0.0011508982861414552,-0.0038876638282090425,0.020304763689637184,-5.50497934455052e-05,0.00017264200141653419,0.0,0.001857559778727591,0.00016205864085350186,0.0,0.0031060113105922937,0.0,0.9968940019607544,45.668601989746094,0.0029192925430834293,-0.011951446533203125,0.00019352622621227056,0.9287799000740051,0.0,0.25018036365509033,0.0,0.0,0.0,0.0,34.74485778808594,0.14670109748840332,2113.0,76.79096221923828,500.0,0.17371630668640137
1851,-0.0011658362345770001,-0.0039484528824687,0.020751293748617172,-5.59689178771805e-05,0.00022029320825822651,0.0,0.0018956129206344485,0.0002340740174986422,0.0,0.0026719835586845875,0.0,0.9973280429840088,45.66765594482422,0.0029192925430834293,-0.011442703194916248,0.00014961436681915075,0.9478064775466919,0.0,0.2506941854953766,0.003968254197388887,0.0,0.0,0.0,34.4547233581543,0.1596975326538086,2129.0,76.75276184082031,500.0,0.1785445511341095
1852,-0.001166556030511856,-0.004128150176256895,0.020479148253798485,-6.429580389522016e-05,0.00018997618462890387,0.0,0.0019111993024125695,0.00022671242186333984,0.0,0.00244140625,0.0,0.99755859375,45.66337585449219,0.004378939047455788,-0.011234680190682411,0.0009577329619787633,0.9555996656417847,0.0,0.25372806191444397,0.0,0.0,0.0,0.0,36.79219436645508,0.16023802757263184,1995.0,76.72327423095703,500.0,0.17240595817565918
1853,-0.0011590361827984452,-0.004152130335569382,0.020847244188189507,-5.081077688373625e-05,0.00020823741215281188,0.0,0.0018568121595308185,0.0001794661657186225,0.0,0.0018717447528615594,0.0,0.9981282353401184,45.663604736328125,0.0029192925430834293,-0.01213083416223526,0.00029579480178654194,0.9284061789512634,0.0,0.2528098523616791,0.0,0.0,0.0,0.0,34.45093536376953,0.14789175987243652,2130.0,76.75840759277344,500.0,0.1750650405883789
1854,-0.0011494014179334044,-0.0037122401408851147,0.020342079922556877,-6.384678272297606e-05,0.00018646383250597864,-0.0018518519354984164,0.0018240080680698156,0.00018945150077342987,0.0,0.0011121962452307343,0.0,0.998887836933136,45.66633987426758,0.0065684085711836815,-0.004708166234195232,0.000528083648532629,0.9120040535926819,0.009259259328246117,0.25228726863861084,0.0,0.0,0.0,0.0,36.18571853637695,0.1859138011932373,2027.0,76.80326843261719,495.8299865722656,0.1588454246520996
1855,-0.0011541007552295923,-0.003955947235226631,0.020261621102690697,-7.23754710634239e-05,0.00018696470942813903,-0.0027777778450399637,0.0019166668644174933,0.00011710706166923046,0.0,0.0014105902519077063,0.0,0.9985893964767456,45.67076873779297,0.009852612391114235,-0.006784837692975998,0.0006654394092038274,0.9583333134651184,0.013888888992369175,0.2514030635356903,0.0,0.0,0.0,0.0,34.002010345458984,0.1556713581085205,2158.0,76.84989929199219,500.0,0.1732301563024521
1856,-0.0011462956899777055,-0.004276483319699764,0.020142989233136177,-5.8461122534936294e-05,0.00018149535753764212,0.0,0.001754629542119801,0.00012762771802954376,0.0,0.00146484375,0.0,0.99853515625,45.67319869995117,3.3749998692655936e-05,-0.011263495311141014,0.0007739064749330282,0.8773148655891418,0.0,0.24618060886859894,0.0,0.0,0.0,0.0,29.68782615661621,0.1453392505645752,2471.0,76.86564636230469,500.0,0.16934853792190552
1857,-0.0011370222782716155,-0.004212738014757633,0.019918929785490036,-4.8640722525306046e-05,0.00016803703329060227,0.0,0.0017388889100402594,0.00012798940588254482,0.0,0.00146484375,0.0,0.99853515625,45.67302322387695,0.0029192925430834293,-0.009444246999919415,0.00010348271462135017,0.8694444894790649,0.0,0.24542924761772156,0.0,0.0,0.0,0.0,30.824195861816406,0.14824128150939941,2380.0,76.861328125,500.0,0.1704196035861969
1858,-0.0011134534142911434,-0.004253140185028315,0.020429451018571854,-4.733946843771264e-05,0.00016002247866708785,-0.0011111112544313073,0.001806018641218543,0.00020196677360218018,0.0,0.0017361111240461469,0.0,0.9982638955116272,45.67291259765625,0.009852612391114235,-0.005532585084438324,0.0005975371459499002,0.9030092358589172,0.0055555556900799274,0.25034841895103455,0.0,0.0,0.0,0.0,30.625396728515625,0.1460435390472412,2395.0,76.90251922607422,495.7300109863281,0.15267442166805267
1859,-0.0011013624025508761,-0.004147868603467941,0.020203471183776855,-4.542207534541376e-05,0.00016025782679207623,-0.0036111113149672747,0.0018818122334778309,0.00015759676171001047,0.0,0.0029568143654614687,0.0,0.9970431923866272,45.67732238769531,9.999999747378752e-06,0.00030862950370647013,0.0018240035278722644,0.9409061074256897,0.01805555447936058,0.24510976672172546,0.0,0.0,0.0,0.0,32.395362854003906,0.17665410041809082,2263.0,76.92020416259766,494.3299865722656,0.12600305676460266
1860,-0.0011294924188405275,-0.0038150392938405275,0.020084351301193237,-6.249399302760139e-05,0.00015756116772536188,0.0,0.001889704610221088,0.0002482698764652014,0.0,0.0031195746269077063,0.0,0.9968804121017456,45.67831802368164,0.0029192925430834293,-0.007645351812243462,0.00012730849266517907,0.9448522925376892,0.0,0.2543781101703644,0.0,0.0,0.0,0.0,36.514896392822266,0.14682602882385254,2011.0,76.9321060180664,500.0,0.16839955747127533
1861,-0.0011554205557331443,-0.004325408022850752,0.020089397206902504,-4.4554792111739516e-05,0.0001570326421642676,-0.0011111112544313073,0.001812037080526352,0.00012871104991063476,0.0,0.0029975043144077063,0.0,0.9970024824142456,45.679107666015625,9.999999747378752e-06,-0.001064843381755054,0.0005278689786791801,0.9060185551643372,0.0055555556900799274,0.24803052842617035,0.0,0.0,0.0,0.0,35.595394134521484,0.14443683624267578,2062.0,76.93743133544922,498.4100036621094,0.1466670036315918
1862,-0.0011325503000989556,-0.0037388706114143133,0.02025899663567543,-6.816183304181322e-05,0.00017183001909870654,-0.0018518519354984164,0.0018891976214945316,0.00014314793224912137,0.0,0.0035536023788154125,0.0,0.996446430683136,45.68019485473633,0.0029192925430834293,-0.0036768836434930563,0.0005167867639102042,0.9445987343788147,0.009259259328246117,0.24953511357307434,0.0,0.0,0.0,0.0,34.21657943725586,0.15282678604125977,2145.0,76.96232604980469,495.8599853515625,0.15855427086353302
1863,-0.0011341372737661004,-0.0040834322571754456,0.019591951742768288,-5.544950545299798e-05,0.00016633629275020212,-0.0009259259677492082,0.0018618167378008366,0.0001298274873988703,0.0,0.0040690102614462376,0.0,0.9959309697151184,45.68519973754883,0.0065684085711836815,-0.0061232661828398705,0.000519012042786926,0.9309083223342896,0.004629629664123058,0.24812953174114227,0.0,0.0,0.0,0.0,36.41047668457031,0.14909934997558594,2016.0,77.02960968017578,499.7900085449219,0.14175598323345184
1864,-0.0011349692940711975,-0.004067809786647558,0.01996278204023838,-5.876708746654913e-05,0.00015573037671856582,-0.003240741090849042,0.0018050686921924353,0.00018848008767236024,0.0,0.0048421225510537624,0.0,0.9951578974723816,45.68981170654297,9.999999747378752e-06,0.0016173423500731587,0.0008754583541303873,0.9025343060493469,0.016203705221414566,0.2454669028520584,0.0,0.0,0.0,0.0,36.95767593383789,0.14571785926818848,1987.0,77.043701171875,495.45001220703125,0.15047581493854523
1865,-0.0011236093705520034,-0.004224236123263836,0.020106827840209007,-6.09552844252903e-05,0.00016168849833775312,-0.003194444580003619,0.0017826498951762915,0.00013417693844530731,0.0,0.0059000649489462376,0.0,0.9940999150276184,45.690826416015625,0.0019461950287222862,-0.003507365472614765,0.0013024637009948492,0.8913249969482422,0.01597222127020359,0.2536156475543976,0.0,0.0,0.0,0.0,35.17512893676758,0.14592909812927246,2087.0,77.06488800048828,493.1700134277344,0.10852622985839844
1866,-0.0010992855532094836,-0.004585683811455965,0.020242316648364067,-5.595366019406356e-05,0.0001665040763327852,-0.004828042350709438,0.0018478174461051822,0.00015726966375950724,0.0,0.008138020522892475,0.0,0.9918619990348816,45.69639205932617,0.004378939047455788,-0.004810928367078304,0.0018769220914691687,0.9239087700843811,0.024140212684869766,0.24914628267288208,0.0,0.0,0.0,0.0,35.70527648925781,0.14862513542175293,2056.0,77.13760375976562,487.0799865722656,0.10334216058254242
1867,-0.0011220118030905724,-0.004265123046934605,0.020606130361557007,-6.862975715193897e-05,0.00015961263852659613,-0.0006172839784994721,0.0018420637352392077,0.00013874216529075056,0.0,0.009738498367369175,0.0,0.9902614951133728,45.704593658447266,0.004378939047455788,-0.007722156122326851,0.0015861359424889088,0.9210317730903625,0.003086419776082039,0.24915017187595367,0.0,0.0,0.0,0.0,35.624176025390625,0.15129971504211426,2060.0,77.19873046875,500.0,0.16665787994861603
1868,-0.0011419100919738412,-0.004465335048735142,0.020487044006586075,-5.5839471315266564e-05,0.00015844906738493592,-0.003888888983055949,0.001899074180983007,0.0001667154865572229,0.0,0.009996202774345875,0.0,0.9900038242340088,45.7070198059082,9.999999747378752e-06,-0.0013768868520855904,0.0012588981771841645,0.9495370984077454,0.01944444514811039,0.2493578940629959,0.0,0.0,0.0,0.0,33.58079147338867,0.1479017734527588,2185.0,77.20899963378906,497.79998779296875,0.13439805805683136
1869,-0.001106704119592905,-0.004950395319610834,0.020528357475996017,-7.007262320257723e-05,0.00014904032286722213,-0.004444445017725229,0.001821296289563179,0.00018882619042415172,0.0,0.011013454757630825,0.0,0.9889865517616272,45.70817947387695,0.0019461950287222862,-0.0032262082677334547,0.0012273357715457678,0.9106481671333313,0.02222222276031971,0.24829602241516113,0.0,0.0,0.0,0.0,32.66511917114258,0.14602231979370117,2247.0,77.23271179199219,491.7799987792969,0.10316605865955353
1870,-0.0011319254990667105,-0.004271857440471649,0.020443430170416832,-6.450680666603148e-05,0.0001547083375044167,-0.0011111112544313073,0.0017379630589857697,0.00016813879483379424,0.0,0.01220703125,0.0,0.98779296875,45.711673736572266,0.0019461950287222862,-0.010387730784714222,0.00018855319649446756,0.8689814805984497,0.0055555556900799274,0.24798645079135895,0.0,0.0,0.0,0.0,30.97578239440918,0.1867661476135254,2365.0,77.23664855957031,500.0,0.16962701082229614
1871,-0.0010946025140583515,-0.004494673106819391,0.020499907433986664,-4.5230717660160735e-05,0.00015209258708637208,-0.009907407686114311,0.0018925927579402924,0.0002167460770579055,0.0,0.012681749649345875,0.0,0.9873182773590088,45.711124420166016,9.999999747378752e-06,-0.0023489920422434807,0.001662375871092081,0.9462962746620178,0.04953703656792641,0.24863900244235992,0.0,0.0,0.0,0.0,31.89560317993164,0.14785504341125488,2300.0,77.23745727539062,487.3800048828125,0.09049412608146667
1872,-0.0011309764813631773,-0.0044362107291817665,0.020608969032764435,-6.0630456573562697e-05,0.00014512632333207875,-0.004814815241843462,0.0017845899565145373,0.00012806968879885972,0.0,0.014119465835392475,0.0,0.9858805537223816,45.71223449707031,0.0019461950287222862,-0.00314148748293519,0.0008806203259155154,0.8922950029373169,0.024074073880910873,0.2512107193470001,0.0,0.0,0.0,0.0,31.736862182617188,0.1477339267730713,2312.0,77.26223754882812,495.32000732421875,0.12951993942260742
1873,-0.0011355318129062653,-0.004441446159034967,0.020575828850269318,-6.238665082491934e-05,0.00017700727039482445,-0.004166666883975267,0.001897703274153173,0.00022854046255815774,0.0,0.014200846664607525,0.0,0.9857991337776184,45.71540832519531,9.999999747378752e-06,0.0038416669704020023,0.0005362377851270139,0.9488517045974731,0.02083333395421505,0.24381722509860992,0.0,0.0,0.0,0.0,35.04179763793945,0.14887428283691406,2095.0,77.27472686767578,499.8299865722656,0.14611315727233887
1874,-0.001112070051021874,-0.004351726733148098,0.020376229658722878,-5.724330185330473e-05,0.00017209799261763692,-0.0006944444612599909,0.0018409834010526538,0.00010886320524150506,0.0,0.014621310867369175,0.0,0.9853786826133728,45.71638870239258,0.0029192925430834293,-0.0043690381571650505,0.00025289421319030225,0.920491635799408,0.0034722222480922937,0.24689412117004395,0.0,0.0,0.0,0.0,34.682273864746094,0.1487891674041748,2116.0,77.2955093383789,500.0,0.16693060100078583
1875,-0.001124293077737093,-0.004989096894860268,0.02078491821885109,-5.756859900429845e-05,0.00016468370449729264,-0.005617284215986729,0.0017843195237219334,0.00013037650205660611,0.0,0.0155029296875,0.0,0.9844970703125,45.717796325683594,9.999999747378752e-06,-0.003963817376643419,0.0020373393781483173,0.8921597003936768,0.02808642014861107,0.25238892436027527,0.0,0.0,0.0,0.0,32.376373291015625,0.14429640769958496,2267.0,77.29833221435547,496.4200134277344,0.07279668748378754
1876,-0.0011160094290971756,-0.00515054352581501,0.02029588259756565,-6.307515286607668e-05,0.00014154585369396955,-0.0028306879103183746,0.001851631561294198,9.689154103398323e-05,0.0,0.01714409701526165,0.0,0.9828559160232544,45.71845245361328,0.0012974634300917387,-0.003424211172387004,0.001020308816805482,0.9258157014846802,0.014153439551591873,0.2517395615577698,0.0,0.0,0.0,0.0,31.896284103393555,0.14551615715026855,2300.0,77.31281280517578,498.57000732421875,0.12501683831214905
1877,-0.0011066043516620994,-0.004373469389975071,0.020541241392493248,-5.477300874190405e-05,0.00016130885342136025,-0.002314814832061529,0.0017291005933657289,0.0001664001465542242,0.0,0.01765950582921505,0.0,0.9823405146598816,45.72501754760742,0.0065684085711836815,-0.005114661529660225,0.0009016483090817928,0.8645502924919128,0.011574074625968933,0.24749036133289337,0.0,0.0,0.0,0.0,33.827781677246094,0.14578509330749512,2170.0,77.41358947753906,498.1400146484375,0.14461614191532135
1878,-0.0011216907296329737,-0.004753685090690851,0.02033410407602787,-6.28398047410883e-05,0.0001633461652090773,-0.003240741090849042,0.0017854091711342335,0.0001721275330055505,0.0,0.01802571676671505,0.0,0.9819743037223816,45.73259353637695,9.999999747378752e-06,-0.0009499812149442732,0.0008936692611314356,0.8927045464515686,0.016203705221414566,0.25075680017471313,0.0,0.0,0.0,0.0,36.12739944458008,0.14525198936462402,2032.0,77.43084716796875,499.1499938964844,0.14094462990760803
1879,-0.0011016946518793702,-0.004797073546797037,0.020483698695898056,-5.5531636462546885e-05,0.00015752699982840568,-0.00296296295709908,0.0017910493770614266,0.00015516470011789352,0.0,0.01761881448328495,0.0,0.9823811650276184,45.73350143432617,0.0019461950287222862,-0.003175778081640601,0.0009412791696377099,0.8955246806144714,0.014814815483987331,0.2501627206802368,0.0,0.0,0.0,0.0,38.53279113769531,0.14713716506958008,1906.0,77.4478530883789,492.8900146484375,0.12557987868785858
1880,-0.0011152118677273393,-0.004168481566011906,0.020813141018152237,-5.86262576689478e-05,0.0001837602467276156,-0.004166666883975267,0.0018507937202230096,0.00025297648971900344,0.0,0.0166286900639534,0.0,0.9833713173866272,45.7363395690918,0.0005766503745689988,-0.003552401904016733,0.0011281052138656378,0.9253968000411987,0.0208333358168602,0.2494054138660431,0.0,0.0,0.0,0.0,36.838714599609375,0.14938688278198242,1993.0,77.47005462646484,498.19000244140625,0.1301002949476242
1881,-0.0011271039256826043,-0.004501713905483484,0.020846642553806305,-6.155911978567019e-05,0.00018594178254716098,0.0,0.001906878431327641,0.0003005921025760472,0.0,0.01611328125,0.0,0.98388671875,45.738834381103516,0.004378939047455788,-0.012174497358500957,0.00012915125989820808,0.9534391760826111,0.0,0.2491488754749298,0.0069444444961845875,0.0,0.0,0.0,36.308345794677734,0.14726924896240234,2022.0,77.48960876464844,500.0,0.17228111624717712
1882,-0.0010791101958602667,-0.004579867236316204,0.02099047228693962,-6.091350951464847e-05,0.000188729478395544,-0.003240741090849042,0.0019001764012500644,0.0001660110428929329,0.0,0.0162489153444767,0.0,0.983751118183136,45.7418212890625,0.004378939047455788,-0.004719579592347145,0.0005876783397980034,0.9500882029533386,0.016203705221414566,0.24774183332920074,0.0,0.0,0.0,0.0,34.06032180786133,0.14588570594787598,2155.0,77.52078247070312,496.7699890136719,0.15370714664459229
1883,-0.0010997822973877192,-0.004541277885437012,0.020412961021065712,-5.17668595421128e-05,0.00018981944594997913,-0.003888888983055949,0.0017500000540167093,0.0001593740307725966,0.0,0.014892578125,0.0,0.985107421875,45.744178771972656,9.999999747378752e-06,-0.0022238879464566708,0.0013548977440223098,0.875,0.01944444514811039,0.24800242483615875,0.0,0.0,0.0,0.0,33.3829345703125,0.14614439010620117,2198.0,77.52867889404297,494.6199951171875,0.1116923913359642
1884,-0.0011023411061614752,-0.004506001248955727,0.020942945033311844,-8.364561654161662e-05,0.00017136109818238765,-0.002500000176951289,0.0018092592945322394,0.00016091538418550044,0.0,0.01566568948328495,0.0,0.9843342900276184,45.745426177978516,0.0029192925430834293,-0.003297695191577077,0.00063003518152982,0.9046295881271362,0.012500000186264515,0.24892912805080414,0.0,0.0,0.0,0.0,30.247272491455078,0.1466991901397705,2425.0,77.55963897705078,499.739990234375,0.1496848165988922
1885,-0.0010715412208810449,-0.004751330707222223,0.020644910633563995,-4.8189813242061064e-05,0.00015605553926434368,-0.003703703870996833,0.0018231483409181237,0.0001731778320390731,0.0,0.0160047747194767,0.0,0.983995258808136,45.74909973144531,0.00011390625149942935,-0.0028604588005691767,0.0008143364684656262,0.9115740656852722,0.018518518656492233,0.2543676197528839,0.0,0.0,0.0,0.0,28.820903778076172,0.14689064025878906,2545.0,77.57597351074219,496.2300109863281,0.1312832087278366
1886,-0.001093806466087699,-0.004723439458757639,0.020589817315340042,-6.428163760574535e-05,0.0001624044234631583,0.0,0.001811838592402637,0.0002483408316038549,0.0,0.014689127914607525,0.0,0.9853108525276184,45.751548767089844,0.004378939047455788,-0.010927541181445122,9.391770436195657e-05,0.9059193730354309,0.0,0.24783393740653992,0.0,0.0,0.0,0.0,29.383026123046875,0.14586472511291504,2496.0,77.61686706542969,500.0,0.170998215675354
1887,-0.0011024166597053409,-0.004590269643813372,0.020151909440755844,-5.473356941365637e-05,0.0001657281827647239,-0.002599206520244479,0.001756481477059424,0.0001306324702454731,0.0,0.013834635727107525,0.0,0.9861653447151184,45.7536735534668,9.999999747378752e-06,-0.0012620047200471163,0.0012836511014029384,0.8782408237457275,0.012996031902730465,0.2518741190433502,0.0,0.0,0.0,0.0,34.85460662841797,0.14723420143127441,2106.0,77.62105560302734,499.79998779296875,0.11898630112409592
1888,-0.0011242390610277653,-0.0049825021997094154,0.020138021558523178,-7.079860370140523e-05,0.00014880257367622107,-0.0006944444612599909,0.0018287037964910269,0.00011254263517912477,0.0,0.0146484375,0.0,0.9853515625,45.75477600097656,0.0029192925430834293,-0.005805723834782839,0.00015983873163349926,0.9143518805503845,0.0034722222480922937,0.2525731921195984,0.0,0.0,0.0,0.0,35.45538330078125,0.14835882186889648,2070.0,77.64984893798828,500.0,0.16012266278266907
1889,-0.0011031395988538861,-0.0049056485295295715,0.020364245399832726,-6.168453546706587e-05,0.00017141235002782196,-0.004629630129784346,0.0017082011327147484,0.00011943565186811611,0.0,0.014431423507630825,0.0,0.9855685830116272,45.75694274902344,9.999999747378752e-06,-0.0003353252250235528,0.0014805177925154567,0.8541005253791809,0.023148149251937866,0.24775192141532898,0.0,0.0,0.0,0.0,33.560298919677734,0.14685893058776855,2187.0,77.66006469726562,496.739990234375,0.12530386447906494
1890,-0.0011013445910066366,-0.004430959466844797,0.020898813381791115,-5.4702137276763096e-05,0.00017916885553859174,-0.0028924166690558195,0.0018427690956741571,0.00014423986431211233,0.0,0.0140380859375,0.0,0.9859619140625,45.75780487060547,0.0019461950287222862,-0.002891425509005785,0.0014870824525132775,0.9213845133781433,0.014462081715464592,0.2525695264339447,0.0,0.0,0.0,0.0,32.86676788330078,0.14771223068237305,2233.0,77.68312072753906,491.510009765625,0.13433052599430084
1891,-0.001096990774385631,-0.004696658346801996,0.020112115889787674,-5.468902600114234e-05,0.0001565502752782777,-0.00296296295709908,0.001888931030407548,0.0001376907603116706,0.0,0.014444987289607525,0.0,0.9855549931526184,45.76105880737305,0.0005766503745689988,-0.0015305820852518082,0.0007121628732420504,0.9444655179977417,0.014814815483987331,0.2502480149269104,0.0,0.0,0.0,0.0,34.177005767822266,0.1461329460144043,2148.0,77.70347595214844,496.30999755859375,0.1457003802061081
1892,-0.00108840421307832,-0.00430378969758749,0.019850803539156914,-5.328335828380659e-05,0.00017808156553655863,-0.008392857387661934,0.0018193154828622937,0.00017760398623067886,0.0,0.015177409164607525,0.0,0.9848225712776184,45.76231002807617,9.999999747378752e-06,-0.003894720459356904,0.002593196928501129,0.9096577763557434,0.04196428507566452,0.24689510464668274,0.0,0.0,0.0,0.0,37.27754592895508,0.1513679027557373,1969.0,77.71294403076172,484.8299865722656,0.08625702559947968
1893,-0.0011190964141860604,-0.004646120592951775,0.02039456181228161,-5.492419222719036e-05,0.00017393020971212536,-0.003293650923296809,0.0019143519457429647,0.00016974016034509987,0.0,0.01704915426671505,0.0,0.9829508662223816,45.763343811035156,0.0012974634300917387,-0.0033807444851845503,0.001271117595024407,0.9571760296821594,0.01646825298666954,0.2520432472229004,0.0,0.0,0.0,0.0,34.360015869140625,0.14602994918823242,2136.0,77.73431396484375,496.5400085449219,0.12715566158294678
1894,-0.0010932117002084851,-0.004229212645441294,0.02044556848704815,-7.198857929324731e-05,0.00017162234871648252,-0.0023611111100763083,0.0018330687889829278,0.00013998337090015411,0.0,0.01727973110973835,0.0,0.9827202558517456,45.76601791381836,9.999999747378752e-06,-0.0017699517775326967,0.000999185722321272,0.916534423828125,0.011805555783212185,0.2529817223548889,0.0,0.0,0.0,0.0,34.2319450378418,0.1482088565826416,2144.0,77.7471694946289,495.5400085449219,0.14597845077514648
1895,-0.0011444718111306429,-0.004116362892091274,0.020918233320116997,-6.521615432575345e-05,0.00018535384151618928,0.0,0.00184986786916852,0.00022305973106995225,0.0,0.01704915426671505,0.0,0.9829508662223816,45.76649856567383,0.0029192925430834293,-0.007505808956921101,0.0001281093864236027,0.9249339699745178,0.0,0.2538968622684479,0.0,0.0,0.0,0.0,34.320247650146484,0.14686894416809082,2139.0,77.7471694946289,500.0,0.1781630516052246
1896,-0.0011145655298605561,-0.004271985497325659,0.020542867481708527,-5.3579893574351445e-05,0.00016885910008568317,-0.0028306879103183746,0.001832583686336875,0.0001688933843979612,0.0,0.0170762799680233,0.0,0.9829237461090088,45.76569747924805,9.999999747378752e-06,0.0026014165487140417,0.0009925424819812179,0.9162918925285339,0.014153439551591873,0.2493840903043747,0.0,0.0,0.0,0.0,31.450042724609375,0.14508533477783203,2333.0,77.74598693847656,493.7699890136719,0.13326428830623627
1897,-0.001104271737858653,-0.004166475031524897,0.019943146035075188,-6.376143574016169e-05,0.00016648609016556293,-0.0011111112544313073,0.0017574073281139135,0.00013969153224024922,0.0,0.01751030795276165,0.0,0.9824897050857544,45.766212463378906,0.0012974634300917387,-0.0034483373165130615,0.0005175008554942906,0.878703773021698,0.0055555556900799274,0.2583586871623993,0.0,0.0,0.0,0.0,32.399253845214844,0.1895451545715332,2262.0,77.76002502441406,499.7699890136719,0.1492241621017456
1898,-0.0011304420186206698,-0.004449604544788599,0.02029111422598362,-5.125191091792658e-05,0.00016771296213846654,-0.0018518519354984164,0.0018185187363997102,0.00022286521561909467,0.0,0.01688639260828495,0.0,0.9831135869026184,45.770755767822266,0.004378939047455788,-0.0052528390660882,0.0008643780020065606,0.9092592597007751,0.009259259328246117,0.25373613834381104,0.0,0.0,0.0,0.0,31.04169464111328,0.14745616912841797,2363.0,77.8275146484375,495.92999267578125,0.12479382008314133
1899,-0.0011034844210371375,-0.004645847715437412,0.02033018134534359,-5.0966900744242594e-05,0.00015845369489397854,0.0,0.0016870371764525771,0.0002091598726110533,0.0,0.01639811135828495,0.0,0.9836018681526184,45.7783317565918,0.004378939047455788,-0.01168123260140419,0.044903188943862915,0.8435185551643372,0.0,0.2454378306865692,0.0,0.0,0.0,0.0,28.541736602783203,0.14768671989440918,2569.0,77.8626708984375,500.0,0.16930672526359558
1900,-0.0011262461775913835,-0.004886517766863108,0.020327091217041016,-5.8855268434854224e-05,0.00018814053328242153,-0.0021825397852808237,0.0017975529190152884,0.00011992723739240319,0.0,0.0164794921875,0.0,0.9835205078125,45.779510498046875,0.0005766503745689988,-0.002678825519979,0.0011329770786687732,0.8987764716148376,0.010912698693573475,0.25725623965263367,0.0,0.0,0.0,0.0,31.829557418823242,0.16008543968200684,2304.0,77.8709945678711,495.4599914550781,0.12391133606433868
1901,-0.0011265482753515244,-0.004283064045011997,0.020225651562213898,-5.6754455727059394e-05,0.0001858300674939528,-0.0011111112544313073,0.0018377647502347827,0.0002094357623718679,0.0,0.01657443679869175,0.0,0.9834255576133728,45.78203201293945,0.0029192925430834293,-0.006818624213337898,0.0007353364489972591,0.9188822507858276,0.0055555556900799274,0.24994894862174988,0.0,0.0,0.0,0.0,35.43149948120117,0.16363120079040527,2071.0,77.90203857421875,499.92999267578125,0.14271648228168488
1902,-0.0011510626645758748,-0.004184192977845669,0.020537013188004494,-4.6040215238463134e-05,0.00018350427853874862,-0.0018055556574836373,0.0018625421216711402,0.00023313834390137345,0.0,0.01608615554869175,0.0,0.9839138388633728,45.78468704223633,0.0005766503745689988,-0.004134046845138073,0.0010113001335412264,0.9312710165977478,0.00902777723968029,0.25556111335754395,0.0,0.0,0.0,0.0,34.962974548339844,0.14746475219726562,2099.0,77.91742706298828,498.5899963378906,0.1337929517030716
1903,-0.001122890505939722,-0.004177267197519541,0.02022435888648033,-5.781149957329035e-05,0.00017396461043972522,0.0,0.001886508078314364,0.00020088031305931509,0.0,0.01531304232776165,0.0,0.9846869707107544,45.786231994628906,0.004378939047455788,-0.013172321952879429,0.0003756450896617025,0.9432540535926819,0.0,0.2489045411348343,0.0,0.0,0.0,0.0,32.0051155090332,0.1468336582183838,2293.0,77.9264907836914,500.0,0.16819751262664795
1904,-0.0011111922794952989,-0.0049074613489210606,0.02032311074435711,-5.388261342886835e-05,0.00016193803458008915,-0.0007936508627608418,0.0016399251762777567,9.751966717885807e-05,0.0,0.013536241836845875,0.0,0.9864637851715088,45.786399841308594,0.0005766503745689988,-0.005986550822854042,0.0005993603263050318,0.8199625015258789,0.003968254197388887,0.2508369982242584,0.0,0.0,0.0,0.0,36.0939826965332,0.1870403289794922,2032.0,77.94847106933594,495.6300048828125,0.14053282141685486
1905,-0.0010950305731967092,-0.004812454339116812,0.020181288942694664,-5.154589962330647e-05,0.00015940943558234721,-0.004074074327945709,0.0017341471975669265,0.00030180715839378536,0.0,0.0128309465944767,0.0,0.987169086933136,45.79032516479492,0.0019461950287222862,-0.0045469580218195915,0.0013110552681609988,0.8670735359191895,0.020370371639728546,0.24727334082126617,0.0,0.0,0.0,0.0,36.05391311645508,0.1505718231201172,2036.0,77.99269104003906,492.67999267578125,0.10536962747573853
1906,-0.0011380391661077738,-0.004504664801061153,0.020478766411542892,-5.7722314522834495e-05,0.00017274166748393327,-0.002314814832061529,0.0018479754216969013,0.00013979978393763304,0.0,0.011922200210392475,0.0,0.9880778193473816,45.79612350463867,0.0065684085711836815,-0.0058921161107718945,0.0009917526040226221,0.923987627029419,0.011574074625968933,0.25453123450279236,0.0,0.0,0.0,0.0,37.20009231567383,0.1457228660583496,1974.0,78.05953216552734,493.57000732421875,0.13317738473415375
1907,-0.001134752412326634,-0.0042397743090987206,0.019781742244958878,-4.654617077903822e-05,0.00013943473459221423,-0.0024228396359831095,0.001692592748440802,0.00023190896899905056,0.0,0.01081000454723835,0.0,0.9891899824142456,45.79983139038086,9.999999747378752e-06,-0.0014715635916218162,0.0016507153632119298,0.8462963104248047,0.012114197947084904,0.2458648681640625,0.0,0.0,0.0,0.0,39.29679489135742,0.14449119567871094,1869.0,78.07121276855469,488.739990234375,0.1073145717382431
1908,-0.0011340079363435507,-0.004274200182408094,0.020618299022316933,-6.135692092357203e-05,0.00019950659770984203,0.0,0.0018709658179432154,0.00016849374515004456,0.0,0.01007758267223835,0.0,0.9899224042892456,45.80030059814453,0.0029192925430834293,-0.007632168009877205,0.00017690274398773909,0.9354828596115112,0.0,0.2516686022281647,0.0,0.0,0.0,0.0,35.38716125488281,0.1474313735961914,2074.0,78.06806945800781,500.0,0.17575833201408386
1909,-0.0011324230581521988,-0.0043722824193537235,0.02047600783407688,-5.258039527689107e-05,0.00018116997671313584,-0.0019047620007768273,0.0018650793936103582,0.00021141779143363237,0.0,0.010294596664607525,0.0,0.9897053837776184,45.801734924316406,0.0065684085711836815,-0.004371462389826775,0.0008719040779396892,0.9325397610664368,0.009523809887468815,0.2552495300769806,0.0,0.0,0.0,0.0,35.926361083984375,0.15102577209472656,2043.0,78.11981964111328,492.7699890136719,0.1336246281862259
1910,-0.0010973794851452112,-0.0047851437702775,0.02034841664135456,-5.037056325818412e-05,0.00019009412790182978,-0.004728836473077536,0.0018025131430476904,0.00023775883892085403,0.0,0.010959201492369175,0.0,0.9890407919883728,45.807498931884766,9.999999747378752e-06,0.007644810248166323,0.0013884147629141808,0.9012566804885864,0.023644179105758667,0.2522943317890167,0.0,0.0,0.0,0.0,32.161643981933594,0.14410066604614258,2282.0,78.13530731201172,490.3900146484375,0.10722068697214127
1911,-0.001138125080615282,-0.004596250597387552,0.020687218755483627,-5.1514118240447715e-05,0.00017291665426455438,-0.0009259259677492082,0.0017342593055218458,0.00014247845683712512,0.0,0.01123046875,0.0,0.98876953125,45.80864334106445,0.0029192925430834293,-0.0035691228695213795,0.0004824974457733333,0.8671296834945679,0.004629629664123058,0.24582767486572266,0.0,0.0,0.0,0.0,30.3951473236084,0.15083789825439453,2413.0,78.1556167602539,495.8399963378906,0.1507014036178589
1912,-0.0010873606661334634,-0.005002716556191444,0.02026975527405739,-6.114552525104955e-05,0.00018407405877951533,-0.003703703870996833,0.001887963037006557,0.0002015422360273078,0.0,0.011393229477107525,0.0,0.9886067509651184,45.81053924560547,9.999999747378752e-06,0.0007968739955686033,0.0007518325583077967,0.9439814686775208,0.018518518656492233,0.25241702795028687,0.0,0.0,0.0,0.0,29.339908599853516,0.14725732803344727,2500.0,78.16070556640625,494.6600036621094,0.12335207313299179
1913,-0.001057810615748167,-0.004409668501466513,0.020473400130867958,-5.7300985645269975e-05,0.00015629033441655338,-0.011666667647659779,0.0017703705234453082,0.00019942487415391952,0.0,0.01312934048473835,0.0,0.9868706464767456,45.811439514160156,0.00038443360244855285,-0.004030964337289333,0.0024971228558570147,0.885185182094574,0.05833332985639572,0.25842615962028503,0.0,0.0,0.0,0.0,30.740890502929688,0.1564164161682129,2386.0,78.1785888671875,480.1199951171875,0.055786751210689545
1914,-0.001105917734093964,-0.004403986968100071,0.020281801000237465,-4.803495539817959e-05,0.00018465738685335964,-0.008333333767950535,0.001736045116558671,0.00021345903223846108,0.0,0.01459418423473835,0.0,0.9854058027267456,45.814666748046875,0.0029192925430834293,-0.00433712312951684,0.0007423869683407247,0.8680225014686584,0.0416666679084301,0.25143349170684814,0.0,0.0,0.0,0.0,28.932315826416016,0.14896082878112793,2535.0,78.2134780883789,492.1099853515625,0.12543943524360657
1915,-0.0010776319541037083,-0.004729480016976595,0.01992260292172432,-4.9839760322356597e-05,0.0001560929958941415,-0.006463845260441303,0.0017893037293106318,0.00013662272249348462,0.0,0.01616753451526165,0.0,0.9838324785232544,45.81767272949219,9.999999747378752e-06,-0.0008724754443392158,0.002331380732357502,0.8946518301963806,0.03231922537088394,0.25000545382499695,0.0,0.0,0.0,0.0,37.15767288208008,0.14610052108764648,1976.0,78.22608184814453,484.5,0.06255859136581421
1916,-0.0010953907622024417,-0.004326576832681894,0.020277289673686028,-5.127557597006671e-05,0.00019334709213580936,-0.006358025595545769,0.00180257938336581,0.00018367238226346672,0.0,0.01803928054869175,0.0,0.9819607138633728,45.818538665771484,0.0012974634300917387,-0.0031524179503321648,0.0013868840178474784,0.9012896418571472,0.031790126115083694,0.2477811723947525,0.0,0.0,0.0,0.0,36.91722106933594,0.14862394332885742,1989.0,78.24156188964844,493.4200134277344,0.1266314834356308
1917,-0.001106408191844821,-0.00442454544827342,0.02042587473988533,-5.4265598009806126e-05,0.00017736373411025852,-0.0022222225088626146,0.0018194445874541998,0.00018087404896505177,0.0,0.0189344622194767,0.0,0.981065571308136,45.82390594482422,0.0012974634300917387,-0.005035071168094873,0.000821851019281894,0.9097222089767456,0.011111111380159855,0.24935027956962585,0.0,0.0,0.0,0.0,36.238243103027344,0.14862823486328125,2026.0,78.3051528930664,495.6199951171875,0.1500430554151535
1918,-0.0010683245491236448,-0.004993033595383167,0.020220521837472916,-6.172619760036469e-05,0.00017066948930732906,-0.010690235532820225,0.0017786555690690875,0.00023145793238654733,0.0,0.0203857421875,0.0,0.9796142578125,45.826969146728516,9.999999747378752e-06,-0.0037170914001762867,0.0022999390494078398,0.8893278241157532,0.05345118045806885,0.2489193081855774,0.0,0.0,0.0,0.0,32.919403076171875,0.1744370460510254,2227.0,78.31505584716797,483.0299987792969,0.06302519142627716
1919,-0.0010612994665279984,-0.0048788925632834435,0.020208541303873062,-5.911088373977691e-05,0.0001788065565051511,-0.01037037093192339,0.0017280845204368234,0.00019141638767905533,0.0,0.02277289517223835,0.0,0.9772270917892456,45.82767105102539,9.999999747378752e-06,-0.004811075050383806,0.004340444691479206,0.8640422224998474,0.05185185372829437,0.2520562410354614,0.0,0.0,0.0,0.0,35.46286392211914,0.1772594451904297,2068.0,78.3236312866211,474.739990234375,0.02646450698375702
1920,-0.0011082073906436563,-0.004504828713834286,0.019942445680499077,-9.532101103104651e-05,0.0001604035496711731,-0.007336860988289118,0.0018172839190810919,0.00013035938900429755,0.0,0.02678765170276165,0.0,0.9732123613357544,45.82884979248047,0.0012974634300917387,-0.003767308546230197,0.0021931505762040615,0.908642053604126,0.0366843044757843,0.2530152499675751,0.0,0.0,0.0,0.0,37.64658737182617,0.14718270301818848,1950.0,78.34169006347656,491.3900146484375,0.0996883437037468
1921,-0.0010903902584686875,-0.004881221801042557,0.020161328837275505,-4.550065568764694e-05,0.0001544684637337923,-0.008148148655891418,0.0017647487111389637,0.00021832482889294624,0.0,0.02780490554869175,0.0,0.9721950888633728,45.83076858520508,9.999999747378752e-06,-0.003043930046260357,0.0028370441868901253,0.8823743462562561,0.04074074327945709,0.24928991496562958,0.0,0.0,0.0,0.0,35.38282775878906,0.14751219749450684,2075.0,78.34951782226562,484.95001220703125,0.06664568930864334
1922,-0.0011245455825701356,-0.004336530342698097,0.02048618718981743,-5.0734630349325016e-05,0.00015866468311287463,-0.0034259259700775146,0.0017651455709710717,0.00018971024837810546,0.0,0.0300157330930233,0.0,0.9699842929840088,45.83214569091797,0.0019461950287222862,-0.003397196065634489,0.0011723738862201571,0.8825727701187134,0.017129629850387573,0.25258246064186096,0.0,0.0,0.0,0.0,35.947914123535156,0.17773818969726562,2040.0,78.38081359863281,493.760009765625,0.13580948114395142
1923,-0.0011160662397742271,-0.0039046737365424633,0.02074149250984192,-6.051055606803857e-05,0.00013766535266768187,-0.00898148212581873,0.0018055556574836373,0.00022274594812188298,0.0,0.0323757603764534,0.0,0.9676242470741272,45.837066650390625,9.999999747378752e-06,-0.0027315192855894566,0.0025682090781629086,0.9027777910232544,0.044907405972480774,0.24579297006130219,0.0,0.0,0.0,0.0,31.862781524658203,0.14586281776428223,2303.0,78.40800476074219,487.6400146484375,0.09501136094331741
1924,-0.0011100646806880832,-0.00415197666734457,0.02041305974125862,-7.841428305255249e-05,0.00014551266212947667,-0.011481482535600662,0.001721406588330865,0.0002517153334338218,0.0,0.0344916470348835,0.0,0.9655083417892456,45.83839797973633,9.999999747378752e-06,-0.002923539374023676,0.0023353102151304483,0.8607032895088196,0.057407405227422714,0.246906116604805,0.0,0.0,0.0,0.0,35.207069396972656,0.14947152137756348,2085.0,78.42289733886719,483.9800109863281,0.0735696330666542
1925,-0.001137466635555029,-0.0045196283608675,0.020206544548273087,-6.365105218719691e-05,0.00016276849783025682,-0.008981481194496155,0.0017657408025115728,0.00016827465151436627,0.0,0.0366889126598835,0.0,0.9633110761642456,45.839805603027344,0.0012974634300917387,-0.0041284747421741486,0.0025107183028012514,0.8828704357147217,0.04490740969777107,0.2469807267189026,0.0,0.0,0.0,0.0,29.290966033935547,0.1465134620666504,2504.0,78.4392318725586,482.6400146484375,0.0514192059636116
1926,-0.0011043770937249064,-0.004014335572719574,0.01986435428261757,-6.851679063402116e-05,0.00014722420019097626,-0.013664021156728268,0.0016985450638458133,0.0002120964345522225,0.0,0.039306640625,0.0,0.960693359375,45.84233474731445,9.999999747378752e-06,-0.0037105053197592497,0.0026857545599341393,0.8492725491523743,0.06832011044025421,0.2473766803741455,0.0,0.0,0.0,0.0,29.51254653930664,0.14575886726379395,2485.0,78.45484924316406,474.94000244140625,0.027262186631560326
1927,-0.0011330348206683993,-0.004010787699371576,0.020487798377871513,-5.445379065349698e-05,0.0001534570037620142,-0.005740741267800331,0.0017318783793598413,0.00022205441200640053,0.0,0.0399441197514534,0.0,0.9600558876991272,45.843231201171875,0.0019461950287222862,-0.0029825742822140455,0.0012590334517881274,0.8659391403198242,0.028703702613711357,0.24732020497322083,0.0,0.0,0.0,0.0,32.12291717529297,0.14287400245666504,2285.0,78.4712142944336,492.8699951171875,0.13829879462718964
1928,-0.001105334609746933,-0.004000708926469088,0.02020951546728611,-5.14766106789466e-05,0.00014451189781539142,-0.007592592854052782,0.0018124338239431381,0.00019647623412311077,0.0,0.0398220494389534,0.0,0.9601779580116272,45.84564208984375,9.999999747378752e-06,-0.0027100162114948034,0.0016350013902410865,0.9062169194221497,0.037962961941957474,0.2512363791465759,0.0,0.0,0.0,0.0,31.263864517211914,0.1498255729675293,2347.0,78.48515319824219,485.239990234375,0.09743961691856384
1929,-0.0011625378392636776,-0.004064503591507673,0.02070333994925022,-5.8553738199407235e-05,0.00017721272888593376,-0.005978836212307215,0.0018307761056348681,0.0002408273721812293,0.0,0.0400119349360466,0.0,0.9599880576133728,45.84650421142578,9.999999747378752e-06,-0.003391001373529434,0.0023435899056494236,0.9153879880905151,0.029894180595874786,0.24877718091011047,0.0,0.0,0.0,0.0,32.84897232055664,0.14583539962768555,2234.0,78.49710845947266,488.6600036621094,0.11272808909416199
1930,-0.0011623386526480317,-0.004119677469134331,0.020377568900585175,-6.294817285379395e-05,0.00014281435869634151,-0.0027777780778706074,0.0017492284532636404,0.000186276767635718,0.0,0.0405680350959301,0.0,0.9594319462776184,45.848018646240234,0.0029192925430834293,-0.0032446703407913446,0.0005896615330129862,0.8746141791343689,0.013888888992369175,0.2467028796672821,0.0,0.0,0.0,0.0,33.28766632080078,0.1426997184753418,2205.0,78.52310943603516,496.8699951171875,0.1514299213886261
1931,-0.0011452796170488,-0.003898893017321825,0.02035876177251339,-5.5473705288022757e-05,0.00017081413534469903,-0.005509259644895792,0.0017818784108385444,0.00020535809744615108,0.0,0.0404324010014534,0.0,0.9595676064491272,45.8510627746582,9.999999747378752e-06,-0.0016832646215334535,0.0017188043566420674,0.8909391760826111,0.027546295896172523,0.24669963121414185,0.0,0.0,0.0,0.0,33.34134292602539,0.15164446830749512,2201.0,78.5389404296875,485.80999755859375,0.0918041467666626
1932,-0.0011426934506744146,-0.004118630662560463,0.02057233452796936,-5.2641455113189295e-05,0.00012613998842425644,-0.004583333618938923,0.001738756662234664,0.0001470723218517378,0.0,0.0408528633415699,0.0,0.9591471552848816,45.85222625732422,0.0019461950287222862,-0.0031113142613321543,0.0015248263953253627,0.869378387928009,0.02291666716337204,0.2524167597293854,0.0,0.0,0.0,0.0,35.39534378051758,0.14873433113098145,2074.0,78.5650405883789,492.2300109863281,0.10894519090652466
1933,-0.0011760997585952282,-0.00416672183200717,0.020466942340135574,-8.434805931756273e-05,0.00014867124264128506,-0.0020370371639728546,0.00176353903952986,0.00013502138608600944,0.0,0.0383707694709301,0.0,0.9616292119026184,45.85663986206055,9.999999747378752e-06,0.003842698410153389,0.0009458349086344242,0.8817694783210754,0.010185185819864273,0.25065913796424866,0.0,0.0,0.0,0.0,36.38725662231445,0.14790797233581543,2018.0,78.59072875976562,492.9800109863281,0.13284410536289215
1934,-0.0011828384594991803,-0.003899672767147422,0.02071535214781761,-5.753660298069008e-05,0.0001501737133366987,0.0,0.0018484347965568304,0.00013375103299040347,0.0,0.0335422083735466,0.0,0.9664577841758728,45.85813522338867,0.0029192925430834293,-0.007292340509593487,0.00012553270789794624,0.9242174625396729,0.0,0.24768668413162231,0.0,0.0,0.0,0.0,36.37019348144531,0.14751720428466797,2018.0,78.61236572265625,500.0,0.17954260110855103
1935,-0.0011577928671613336,-0.003971869591623545,0.02062452770769596,-5.522714491235092e-05,0.00015620049089193344,-0.0013888889225199819,0.001785824541002512,0.00019175287161488086,0.0,0.0313991978764534,0.0,0.9686008095741272,45.86032485961914,0.0002562890585977584,-0.003679843619465828,0.002070952672511339,0.8929122090339661,0.0069444444961845875,0.24891209602355957,0.0,0.0,0.0,0.0,33.99148178100586,0.14633846282958984,2159.0,78.62959289550781,497.3999938964844,0.15333466231822968
1936,-0.0011687272926792502,-0.0040335929952561855,0.0202336423099041,-7.592450856463984e-05,0.00014460481179412454,-0.0018518519354984164,0.0018513227114453912,0.00010240013216389343,0.0,0.0290391705930233,0.0,0.9709608554840088,45.86348342895508,0.004378939047455788,-0.005805494263768196,0.0005785051034763455,0.9256613850593567,0.009259259328246117,0.2521545886993408,0.0,0.0,0.0,0.0,37.596858978271484,0.1531660556793213,1953.0,78.67251586914062,497.57000732421875,0.1502148061990738
1937,-0.001178491278551519,-0.003664563875645399,0.020331313833594322,-4.371432078187354e-05,0.0001323921896982938,0.0,0.001750000286847353,0.00011119667033199221,0.0,0.02587890625,0.0,0.97412109375,45.868133544921875,0.0019461950287222862,-0.010585032403469086,0.002618328435346484,0.875,0.0,0.2525324821472168,0.0,0.0,0.0,0.0,33.673519134521484,0.1846151351928711,2177.0,78.69558715820312,500.0,0.1759326308965683
1938,-0.001189432106912136,-0.003948909696191549,0.020280933007597923,-5.265955041977577e-05,0.00014152545190881938,0.0,0.0018223325023427606,0.00014355379971675575,0.0,0.0218777135014534,0.0,0.9781222939491272,45.86918258666992,0.0012974634300917387,-0.01131751574575901,0.00016376534767914563,0.9111661911010742,0.0,0.2509804964065552,0.0,0.0,0.0,0.0,35.29257583618164,0.14675045013427734,2080.0,78.70449829101562,500.0,0.17200393974781036
1939,-0.0011441113892942667,-0.0038904801476746798,0.02060506120324135,-5.198747385293245e-05,0.00014423146785702556,0.0,0.001706878305412829,0.00010699900303734466,0.0,0.01877170242369175,0.0,0.9812282919883728,45.86735153198242,0.0029192925430834293,-0.00976472720503807,0.00012300191156100482,0.8534391522407532,0.0,0.24946025013923645,0.0,0.0,0.0,0.0,30.688297271728516,0.14378786087036133,2391.0,78.67582702636719,500.0,0.17521050572395325
1940,-0.0011618256103247404,-0.003634046297520399,0.020441066473722458,-4.33246859756764e-05,0.00014208332868292928,-0.0055555556900799274,0.0017787037650123239,0.0001898609334602952,0.0,0.0155029296875,0.0,0.9844970703125,45.86469650268555,0.0019461950287222862,-0.004483318887650967,0.0004166515136603266,0.8893519639968872,0.02777777798473835,0.25453418493270874,0.0,0.0,0.0,0.0,31.137039184570312,0.14916610717773438,2356.0,78.67858123779297,496.7699890136719,0.15770091116428375
1941,-0.0011614938266575336,-0.003945671021938324,0.02035844326019287,-4.5891167246736586e-05,0.00013460515765473247,-0.0011111112544313073,0.0017574073281139135,0.0003433470265008509,0.0,0.01318359375,0.0,0.98681640625,45.86836242675781,0.0065684085711836815,-0.006090943701565266,0.0005814841133542359,0.878703773021698,0.0055555556900799274,0.2460145503282547,0.0055555556900799274,0.0,0.0,0.0,32.19367599487305,0.14880084991455078,2279.0,78.75507354736328,500.0,0.17032335698604584
1942,-0.0011625507613644004,-0.0039767674170434475,0.02050049416720867,-0.00012595449516084045,0.00014433333126362413,-0.0038888894487172365,0.001799470861442387,0.0001670067576924339,0.0,0.01203070767223835,0.0,0.9879692792892456,45.87523651123047,0.0012974634300917387,-0.0020128756295889616,0.007134721148759127,0.8997354507446289,0.01944444514811039,0.2517958879470825,0.0,0.0,0.0,0.0,31.993667602539062,0.14605021476745605,2293.0,78.7945556640625,490.5299987792969,0.11471621692180634
1943,-0.0011402496602386236,-0.003925097640603781,0.020160874351859093,-5.3090367146069184e-05,0.00015682264347560704,-0.0027314817998558283,0.0017944446299225092,0.0001718220009934157,0.0,0.011447482742369175,0.0,0.9885525107383728,45.877532958984375,9.999999747378752e-06,-0.0010326578048989177,0.001101108966395259,0.8972223401069641,0.013657407835125923,0.24676598608493805,0.0,0.0,0.0,0.0,33.35877227783203,0.1472640037536621,2200.0,78.80317687988281,495.7699890136719,0.15336200594902039
1944,-0.0011374487075954676,-0.0040448736399412155,0.020666606724262238,-4.1172534110955894e-05,0.0001356259745080024,-0.0013888889225199819,0.0018195328302681446,0.00014779171033296734,0.0,0.010213215835392475,0.0,0.9897868037223816,45.878089904785156,0.0019461950287222862,-0.0034350163768976927,0.0005036001093685627,0.9097663164138794,0.0069444444961845875,0.24874554574489594,0.0,0.0,0.0,0.0,32.17255401611328,0.1824498176574707,2278.0,78.81571960449219,496.0,0.1496734917163849
1945,-0.0011577201075851917,-0.00400270102545619,0.020071208477020264,-4.925304529024288e-05,0.00013030819536652416,-0.002645503031089902,0.0018156085861846805,0.00013289767957758158,0.0,0.010281032882630825,0.0,0.9897189736366272,45.88320541381836,0.0065684085711836815,-0.00567415589466691,0.000914494157768786,0.9078043103218079,0.013227513991296291,0.24643158912658691,0.0,0.0,0.0,0.0,34.236656188964844,0.18215179443359375,2142.0,78.8996353149414,495.8299865722656,0.15119992196559906
1946,-0.001143114292062819,-0.003764721332117915,0.02009456604719162,-5.3507905249716714e-05,0.00014779530465602875,-0.0034259259700775146,0.0017888188594952226,0.00023157770920079201,0.0,0.00933159701526165,0.0,0.9906684160232544,45.89045715332031,9.999999747378752e-06,-0.0008077228558249772,0.001797242322936654,0.8944094181060791,0.017129629850387573,0.2455538958311081,0.0,0.0,0.0,0.0,36.53617858886719,0.14723587036132812,2009.0,78.9278335571289,493.7300109863281,0.12701815366744995
1947,-0.0011382531374692917,-0.003999742213636637,0.020463913679122925,-4.7783356421859935e-05,0.00015978720330167562,-0.003240741090849042,0.0018498272402212024,0.00017860569641925395,0.0,0.009629991836845875,0.0,0.9903700351715088,45.89164733886719,0.0019461950287222862,-0.0030229182448238134,0.0012654949678108096,0.9249135255813599,0.016203705221414566,0.24948054552078247,0.0,0.0,0.0,0.0,37.169700622558594,0.14788293838500977,1975.0,78.95008087158203,499.7699890136719,0.15555180609226227
1948,-0.0011622997699305415,-0.0035844380035996437,0.020254837349057198,-4.653375435736962e-05,0.00014860759256407619,0.0,0.0017793431179597974,0.00019315870304126292,0.0,0.009765625,0.0,0.990234375,45.895668029785156,0.00038443360244855285,-0.011940442025661469,0.00012990414688829333,0.8896715641021729,0.0,0.2456638067960739,0.0,0.0,0.0,0.0,34.237548828125,0.1469862461090088,2144.0,78.98408508300781,500.0,0.17693248391151428
1949,-0.0011478079250082374,-0.004004778806120157,0.020683376118540764,-5.18841297889594e-05,0.00015623742365278304,0.0,0.0018811949994415045,0.00016391447570640594,0.0,0.00946723110973835,0.0,0.9905327558517456,45.89653015136719,0.0005766503745689988,-0.012272989377379417,0.00014996371464803815,0.940597414970398,0.0,0.24905963242053986,0.0,0.0,0.0,0.0,37.98442459106445,0.1457834243774414,1933.0,78.98675537109375,500.0,0.17216019332408905
1950,-0.0011599707650020719,-0.003791679162532091,0.019687004387378693,-8.491965854773298e-05,0.00013890938134863973,-0.004087301902472973,0.0016847221413627267,0.00015301055100280792,0.0,0.009914821945130825,0.0,0.9900851845741272,45.89631652832031,9.999999747378752e-06,-0.003341343253850937,0.0015604321379214525,0.8423611521720886,0.02043650671839714,0.2511186897754669,0.0,0.0,0.0,0.0,36.553924560546875,0.15250372886657715,2008.0,78.9875717163086,489.92999267578125,0.11231167614459991
1951,-0.0011371953878551722,-0.0037155107129365206,0.020001322031021118,-4.983302278560586e-05,0.00015322638500947505,-0.006349206902086735,0.0018716491758823395,0.00021277039195410907,0.0,0.01165093295276165,0.0,0.9883490800857544,45.89676284790039,9.999999747378752e-06,-0.0004118788638152182,0.0016446043737232685,0.9358245134353638,0.0317460298538208,0.2500409781932831,0.0,0.0,0.0,0.0,34.73667907714844,0.1470181941986084,2113.0,78.9955062866211,483.260009765625,0.09424575418233871
1952,-0.001125053851865232,-0.0036575172562152147,0.020221104845404625,-6.0957332607358694e-05,0.00015931612870190293,-0.01020723208785057,0.0018182980129495263,0.00022022465418558568,0.0,0.01409233920276165,0.0,0.9859076738357544,45.89802932739258,0.0029192925430834293,-0.0028430139645934105,0.002402583369985223,0.9091490507125854,0.051036156713962555,0.25019413232803345,0.0,0.0,0.0,0.0,33.15581130981445,0.14780974388122559,2213.0,79.02395629882812,483.1199951171875,0.075959712266922
1953,-0.0011452105827629566,-0.004023115150630474,0.020258480682969093,-7.454486330971122e-05,0.0001512407325208187,-0.0022222225088626146,0.0018253967864438891,0.0002455604262650013,0.0,0.0169813372194767,0.0,0.983018696308136,45.900840759277344,9.999999747378752e-06,0.0009092622203752398,0.000544498790986836,0.9126984477043152,0.011111111380159855,0.2437317669391632,0.0,0.0,0.0,0.0,32.646453857421875,0.14706110954284668,2248.0,79.02949523925781,495.9599914550781,0.15028876066207886
1954,-0.0011532314820215106,-0.003579928306862712,0.020507285371422768,-7.578571239719167e-05,0.00017643053433857858,-0.0013888889225199819,0.0018981482135131955,0.00022173949400894344,0.0,0.01676432229578495,0.0,0.9832356572151184,45.90153884887695,0.0019461950287222862,-0.003435182385146618,0.0005209495429880917,0.9490740895271301,0.0069444444961845875,0.2473076730966568,0.0,0.0,0.0,0.0,33.71600341796875,0.22638440132141113,2172.0,79.0466079711914,496.3599853515625,0.15792371332645416
1955,-0.0011736348969861865,-0.0036403716076165438,0.02093624509871006,-6.620687054237351e-05,0.00018287166312802583,0.0,0.0019044975051656365,0.00017505892901681364,0.0,0.01664225198328495,0.0,0.9833577275276184,45.90326690673828,0.0029192925430834293,-0.010653267614543438,0.00010609850869514048,0.9522486925125122,0.0,0.2523379325866699,0.0,0.0,0.0,0.0,39.29047775268555,0.21762633323669434,1866.0,79.05279541015625,500.0,0.18003123998641968
1956,-0.0011858106590807438,-0.003987550735473633,0.02036791481077671,-5.137696280144155e-05,0.00020066535216756165,-0.0011111112544313073,0.001885053003206849,0.00028375955298542976,0.0,0.01641167514026165,0.0,0.9835883378982544,45.90271759033203,0.0029192925430834293,-0.004171046894043684,0.0003790158953052014,0.9425265192985535,0.0055555556900799274,0.2498944103717804,0.0,0.0,0.0,0.0,56.00693893432617,0.22135090827941895,1311.0,79.0661392211914,497.2900085449219,0.15396998822689056
1957,-0.0011664206394925714,-0.004156057257205248,0.020665738731622696,-4.815821739612147e-05,0.00017507803568150848,-0.0006944444612599909,0.0017833333695307374,0.00017762149218469858,0.0,0.01470269076526165,0.0,0.9852973222732544,45.905616760253906,0.0065684085711836815,-0.006319569889456034,0.0004698901902884245,0.8916666507720947,0.0034722222480922937,0.25144535303115845,0.0,0.0,0.0,0.0,42.88158416748047,0.15601754188537598,1713.0,79.1148681640625,499.9200134277344,0.15628311038017273
1958,-0.0011745995143428445,-0.004011853132396936,0.020598122850060463,-6.250307342270389e-05,0.0001920770446304232,-0.0007936508627608418,0.0018648148979991674,0.0002318893384654075,0.0,0.014322916977107525,0.0,0.9856770634651184,45.90813446044922,9.999999747378752e-06,0.0002516676322557032,0.0005299490294419229,0.9324073791503906,0.003968254197388887,0.24949105083942413,0.0,0.0,0.0,0.0,33.34708786010742,0.1724531650543213,2199.0,79.1192398071289,499.3999938964844,0.15384791791439056
1959,-0.001173978322185576,-0.00395487155765295,0.019989119842648506,-4.19803436670918e-05,0.00018750196613837034,0.0,0.00187294976785779,0.00022974507010076195,0.0,0.013671875,0.0,0.986328125,45.90889358520508,0.0019461950287222862,-0.007358343340456486,0.00011592938244575635,0.9364749193191528,0.0,0.24456606805324554,0.0,0.0,0.0,0.0,35.68091583251953,0.16431236267089844,2056.0,79.1303482055664,500.0,0.16985732316970825
